{
  "countryName" : "Латвия",
  "cities" : [
    {
      "moonDays" : [
        {
          "moonPhase" : null,
          "age" : 26,
          "sign" : "aries",
          "moonPhaseDate" : null,
          "signDate" : "2019-05-01T10:23+0000",
          "timeZone" : 3,
          "date" : "2019-05-01T02:17+0000"
        },
        {
          "moonPhase" : null,
          "age" : 27,
          "sign" : "aries",
          "moonPhaseDate" : null,
          "signDate" : "2019-05-01T10:23+0000",
          "timeZone" : 3,
          "date" : "2019-05-02T02:30+0000"
        },
        {
          "sign" : "taurus",
          "age" : 28,
          "moonPhase" : null,
          "moonPhaseDate" : null,
          "signDate" : "2019-05-03T20:21+0000",
          "timeZone" : 3,
          "date" : "2019-05-03T02:44+0000"
        },
        {
          "moonPhase" : null,
          "sign" : "taurus",
          "age" : 29,
          "moonPhaseDate" : null,
          "signDate" : "2019-05-03T20:21+0000",
          "timeZone" : 3,
          "date" : "2019-05-04T02:58+0000"
        },
        {
          "moonPhase" : "newMoon",
          "age" : 1,
          "sign" : "taurus",
          "moonPhaseDate" : "2019-05-04T22:45+0000",
          "signDate" : "2019-05-03T20:21+0000",
          "timeZone" : 3,
          "date" : "2019-05-04T22:45+0000"
        },
        {
          "moonPhase" : "newMoon",
          "sign" : "taurus",
          "age" : 2,
          "moonPhaseDate" : "2019-05-04T22:45+0000",
          "signDate" : "2019-05-03T20:21+0000",
          "timeZone" : 3,
          "date" : "2019-05-05T03:15+0000"
        },
        {
          "moonPhase" : "phase1",
          "age" : 3,
          "sign" : "gemini",
          "moonPhaseDate" : "2019-05-04T22:45+0000",
          "signDate" : "2019-05-06T03:42+0000",
          "timeZone" : 3,
          "date" : "2019-05-06T03:36+0000"
        },
        {
          "moonPhase" : "phase1",
          "sign" : "gemini",
          "age" : 4,
          "moonPhaseDate" : "2019-05-04T22:45+0000",
          "signDate" : "2019-05-06T03:42+0000",
          "timeZone" : 3,
          "date" : "2019-05-07T04:03+0000"
        },
        {
          "moonPhase" : "phase1",
          "sign" : "cancer",
          "age" : 5,
          "moonPhaseDate" : "2019-05-04T22:45+0000",
          "signDate" : "2019-05-08T09:05+0000",
          "timeZone" : 3,
          "date" : "2019-05-08T04:40+0000"
        },
        {
          "sign" : "cancer",
          "age" : 6,
          "moonPhase" : "phase1",
          "moonPhaseDate" : "2019-05-04T22:45+0000",
          "signDate" : "2019-05-08T09:05+0000",
          "timeZone" : 3,
          "date" : "2019-05-09T05:31+0000"
        },
        {
          "sign" : "leo",
          "age" : 7,
          "moonPhase" : "phase1",
          "moonPhaseDate" : "2019-05-04T22:45+0000",
          "signDate" : "2019-05-10T13:12+0000",
          "timeZone" : 3,
          "date" : "2019-05-10T06:36+0000"
        },
        {
          "moonPhase" : "phase1",
          "age" : 8,
          "sign" : "leo",
          "moonPhaseDate" : "2019-05-04T22:45+0000",
          "signDate" : "2019-05-10T13:12+0000",
          "timeZone" : 3,
          "date" : "2019-05-11T07:53+0000"
        },
        {
          "moonPhase" : "phase2",
          "age" : 9,
          "sign" : "virgo",
          "moonPhaseDate" : "2019-05-12T01:12+0000",
          "signDate" : "2019-05-12T16:23+0000",
          "timeZone" : 3,
          "date" : "2019-05-12T09:18+0000"
        },
        {
          "moonPhase" : "phase2",
          "age" : 10,
          "sign" : "virgo",
          "moonPhaseDate" : "2019-05-12T01:12+0000",
          "signDate" : "2019-05-12T16:23+0000",
          "timeZone" : 3,
          "date" : "2019-05-13T10:45+0000"
        },
        {
          "moonPhase" : "phase2",
          "age" : 11,
          "sign" : "libra",
          "moonPhaseDate" : "2019-05-12T01:12+0000",
          "signDate" : "2019-05-14T18:53+0000",
          "timeZone" : 3,
          "date" : "2019-05-14T12:12+0000"
        },
        {
          "moonPhase" : "phase2",
          "age" : 12,
          "sign" : "libra",
          "moonPhaseDate" : "2019-05-12T01:12+0000",
          "signDate" : "2019-05-14T18:53+0000",
          "timeZone" : 3,
          "date" : "2019-05-15T13:39+0000"
        },
        {
          "moonPhase" : "phase2",
          "sign" : "libra",
          "age" : 13,
          "moonPhaseDate" : "2019-05-12T01:12+0000",
          "signDate" : "2019-05-14T18:53+0000",
          "timeZone" : 3,
          "date" : "2019-05-16T15:06+0000"
        },
        {
          "moonPhase" : "phase2",
          "age" : 14,
          "sign" : "scorpio",
          "moonPhaseDate" : "2019-05-12T01:12+0000",
          "signDate" : "2019-05-16T21:25+0000",
          "timeZone" : 3,
          "date" : "2019-05-17T16:32+0000"
        },
        {
          "sign" : "scorpio",
          "age" : 15,
          "moonPhase" : "phase2",
          "moonPhaseDate" : "2019-05-12T01:12+0000",
          "signDate" : "2019-05-16T21:25+0000",
          "timeZone" : 3,
          "date" : "2019-05-18T17:56+0000"
        },
        {
          "moonPhase" : "fullMoon",
          "age" : 16,
          "sign" : "sagittarius",
          "moonPhaseDate" : "2019-05-18T21:11+0000",
          "signDate" : "2019-05-19T01:19+0000",
          "timeZone" : 3,
          "date" : "2019-05-19T19:17+0000"
        },
        {
          "moonPhase" : "phase3",
          "age" : 17,
          "sign" : "sagittarius",
          "moonPhaseDate" : "2019-05-18T21:11+0000",
          "signDate" : "2019-05-19T01:19+0000",
          "timeZone" : 3,
          "date" : "2019-05-20T20:30+0000"
        },
        {
          "moonPhase" : "phase3",
          "age" : 18,
          "sign" : "capricorn",
          "moonPhaseDate" : "2019-05-18T21:11+0000",
          "signDate" : "2019-05-19T01:19+0000",
          "timeZone" : 3,
          "date" : "2019-05-21T21:34+0000"
        },
        {
          "moonPhase" : "phase3",
          "age" : 19,
          "sign" : "aquarius",
          "moonPhaseDate" : "2019-05-18T21:11+0000",
          "signDate" : "2019-05-23T17:51+0000",
          "timeZone" : 3,
          "date" : "2019-05-22T22:24+0000"
        },
        {
          "moonPhase" : "phase3",
          "sign" : "aquarius",
          "age" : 20,
          "moonPhaseDate" : "2019-05-18T21:11+0000",
          "signDate" : "2019-05-23T17:51+0000",
          "timeZone" : 3,
          "date" : "2019-05-23T23:02+0000"
        },
        {
          "moonPhase" : "phase3",
          "age" : 21,
          "sign" : "aquarius",
          "moonPhaseDate" : "2019-05-18T21:11+0000",
          "signDate" : "2019-05-23T17:51+0000",
          "timeZone" : 3,
          "date" : "2019-05-24T23:31+0000"
        },
        {
          "moonPhase" : "phase4",
          "age" : 22,
          "sign" : "pisces",
          "moonPhaseDate" : "2019-05-26T16:33+0000",
          "signDate" : "2019-05-26T06:07+0000",
          "timeZone" : 3,
          "date" : "2019-05-25T23:53+0000"
        },
        {
          "moonPhase" : "phase4",
          "age" : 23,
          "sign" : "pisces",
          "moonPhaseDate" : "2019-05-26T16:33+0000",
          "signDate" : "2019-05-26T06:07+0000",
          "timeZone" : 3,
          "date" : "2019-05-27T00:11+0000"
        },
        {
          "moonPhase" : "phase4",
          "age" : 24,
          "sign" : "aries",
          "moonPhaseDate" : "2019-05-26T16:33+0000",
          "signDate" : "2019-05-28T18:29+0000",
          "timeZone" : 3,
          "date" : "2019-05-28T00:25+0000"
        },
        {
          "moonPhase" : "phase4",
          "sign" : "aries",
          "age" : 25,
          "moonPhaseDate" : "2019-05-26T16:33+0000",
          "signDate" : "2019-05-28T18:29+0000",
          "timeZone" : 3,
          "date" : "2019-05-29T00:38+0000"
        },
        {
          "moonPhase" : "phase4",
          "age" : 26,
          "sign" : "aries",
          "moonPhaseDate" : "2019-05-26T16:33+0000",
          "signDate" : "2019-05-28T18:29+0000",
          "timeZone" : 3,
          "date" : "2019-05-30T00:51+0000"
        },
        {
          "moonPhase" : "phase4",
          "age" : 27,
          "sign" : "taurus",
          "moonPhaseDate" : "2019-05-26T16:33+0000",
          "signDate" : "2019-05-31T04:44+0000",
          "timeZone" : 3,
          "date" : "2019-05-31T01:05+0000"
        },
        {
          "moonPhase" : "phase4",
          "age" : 28,
          "sign" : "taurus",
          "moonPhaseDate" : null,
          "signDate" : "2019-05-31T04:44+0000",
          "timeZone" : 3,
          "date" : "2019-06-01T01:20+0000"
        },
        {
          "sign" : "gemini",
          "age" : 29,
          "moonPhase" : "phase4",
          "moonPhaseDate" : null,
          "signDate" : "2019-06-02T11:51+0000",
          "timeZone" : 3,
          "date" : "2019-06-02T01:39+0000"
        },
        {
          "moonPhase" : "newMoon",
          "age" : 30,
          "sign" : "gemini",
          "moonPhaseDate" : "2019-06-03T10:02+0000",
          "signDate" : "2019-06-02T11:51+0000",
          "timeZone" : 3,
          "date" : "2019-06-03T02:03+0000"
        },
        {
          "moonPhase" : "newMoon",
          "sign" : "gemini",
          "age" : 1,
          "moonPhaseDate" : "2019-06-03T10:02+0000",
          "signDate" : "2019-06-02T11:51+0000",
          "timeZone" : 3,
          "date" : "2019-06-03T10:02+0000"
        },
        {
          "moonPhase" : "phase1",
          "age" : 2,
          "sign" : "cancer",
          "moonPhaseDate" : "2019-06-03T10:02+0000",
          "signDate" : "2019-06-04T16:18+0000",
          "timeZone" : 3,
          "date" : "2019-06-04T02:36+0000"
        },
        {
          "moonPhase" : "phase1",
          "age" : 3,
          "sign" : "cancer",
          "moonPhaseDate" : "2019-06-03T10:02+0000",
          "signDate" : "2019-06-04T16:18+0000",
          "timeZone" : 3,
          "date" : "2019-06-05T03:22+0000"
        },
        {
          "moonPhase" : "phase1",
          "age" : 4,
          "sign" : "leo",
          "moonPhaseDate" : "2019-06-03T10:02+0000",
          "signDate" : "2019-06-06T19:14+0000",
          "timeZone" : 3,
          "date" : "2019-06-06T04:24+0000"
        },
        {
          "moonPhase" : "phase1",
          "age" : 5,
          "sign" : "leo",
          "moonPhaseDate" : "2019-06-03T10:02+0000",
          "signDate" : "2019-06-06T19:14+0000",
          "timeZone" : 3,
          "date" : "2019-06-07T05:39+0000"
        },
        {
          "moonPhase" : "phase1",
          "sign" : "leo",
          "age" : 6,
          "moonPhaseDate" : "2019-06-03T10:02+0000",
          "signDate" : "2019-06-06T19:14+0000",
          "timeZone" : 3,
          "date" : "2019-06-08T07:03+0000"
        },
        {
          "moonPhase" : "phase1",
          "sign" : "virgo",
          "age" : 7,
          "moonPhaseDate" : "2019-06-03T10:02+0000",
          "signDate" : "2019-06-08T21:43+0000",
          "timeZone" : 3,
          "date" : "2019-06-09T08:31+0000"
        },
        {
          "moonPhase" : "phase2",
          "age" : 8,
          "sign" : "virgo",
          "moonPhaseDate" : "2019-06-10T05:59+0000",
          "signDate" : "2019-06-08T21:43+0000",
          "timeZone" : 3,
          "date" : "2019-06-10T09:58+0000"
        },
        {
          "sign" : "libra",
          "age" : 9,
          "moonPhase" : "phase2",
          "moonPhaseDate" : "2019-06-10T05:59+0000",
          "signDate" : "2019-06-11T00:30+0000",
          "timeZone" : 3,
          "date" : "2019-06-11T11:24+0000"
        },
        {
          "moonPhase" : "phase2",
          "age" : 10,
          "sign" : "libra",
          "moonPhaseDate" : "2019-06-10T05:59+0000",
          "signDate" : "2019-06-11T00:30+0000",
          "timeZone" : 3,
          "date" : "2019-06-12T12:49+0000"
        },
        {
          "moonPhase" : "phase2",
          "age" : 11,
          "sign" : "scorpio",
          "moonPhaseDate" : "2019-06-10T05:59+0000",
          "signDate" : "2019-06-13T04:03+0000",
          "timeZone" : 3,
          "date" : "2019-06-13T14:13+0000"
        },
        {
          "sign" : "scorpio",
          "age" : 12,
          "moonPhase" : "phase2",
          "moonPhaseDate" : "2019-06-10T05:59+0000",
          "signDate" : "2019-06-13T04:03+0000",
          "timeZone" : 3,
          "date" : "2019-06-14T15:36+0000"
        },
        {
          "moonPhase" : "phase2",
          "age" : 13,
          "sign" : "sagittarius",
          "moonPhaseDate" : "2019-06-10T05:59+0000",
          "signDate" : "2019-06-15T09:01+0000",
          "timeZone" : 3,
          "date" : "2019-06-15T16:57+0000"
        },
        {
          "moonPhase" : "phase2",
          "sign" : "sagittarius",
          "age" : 14,
          "moonPhaseDate" : "2019-06-10T05:59+0000",
          "signDate" : "2019-06-15T09:01+0000",
          "timeZone" : 3,
          "date" : "2019-06-16T18:14+0000"
        },
        {
          "sign" : "capricorn",
          "age" : 15,
          "moonPhase" : "fullMoon",
          "moonPhaseDate" : "2019-06-17T08:31+0000",
          "signDate" : "2019-06-17T16:11+0000",
          "timeZone" : 3,
          "date" : "2019-06-17T19:21+0000"
        },
        {
          "moonPhase" : "phase3",
          "age" : 16,
          "sign" : "capricorn",
          "moonPhaseDate" : "2019-06-17T08:31+0000",
          "signDate" : "2019-06-17T16:11+0000",
          "timeZone" : 3,
          "date" : "2019-06-18T20:18+0000"
        },
        {
          "moonPhase" : "phase3",
          "age" : 17,
          "sign" : "aquarius",
          "moonPhaseDate" : "2019-06-17T08:31+0000",
          "signDate" : "2019-06-20T02:01+0000",
          "timeZone" : 3,
          "date" : "2019-06-19T21:01+0000"
        },
        {
          "moonPhase" : "phase3",
          "age" : 18,
          "sign" : "aquarius",
          "moonPhaseDate" : "2019-06-17T08:31+0000",
          "signDate" : "2019-06-20T02:01+0000",
          "timeZone" : 3,
          "date" : "2019-06-20T21:34+0000"
        },
        {
          "moonPhase" : "phase3",
          "age" : 19,
          "sign" : "pisces",
          "moonPhaseDate" : "2019-06-17T08:31+0000",
          "signDate" : "2019-06-22T14:01+0000",
          "timeZone" : 3,
          "date" : "2019-06-21T21:58+0000"
        },
        {
          "moonPhase" : "phase3",
          "age" : 20,
          "sign" : "pisces",
          "moonPhaseDate" : "2019-06-17T08:31+0000",
          "signDate" : "2019-06-22T14:01+0000",
          "timeZone" : 3,
          "date" : "2019-06-22T22:17+0000"
        },
        {
          "moonPhase" : "phase3",
          "age" : 21,
          "sign" : "pisces",
          "moonPhaseDate" : "2019-06-17T08:31+0000",
          "signDate" : "2019-06-22T14:01+0000",
          "timeZone" : 3,
          "date" : "2019-06-23T22:33+0000"
        },
        {
          "sign" : "aries",
          "age" : 22,
          "moonPhase" : "phase4",
          "moonPhaseDate" : "2019-06-25T09:46+0000",
          "signDate" : "2019-06-25T02:34+0000",
          "timeZone" : 3,
          "date" : "2019-06-24T22:46+0000"
        },
        {
          "moonPhase" : "phase4",
          "age" : 23,
          "sign" : "aries",
          "moonPhaseDate" : "2019-06-25T09:46+0000",
          "signDate" : "2019-06-25T02:34+0000",
          "timeZone" : 3,
          "date" : "2019-06-25T22:59+0000"
        },
        {
          "moonPhase" : "phase4",
          "age" : 24,
          "sign" : "taurus",
          "moonPhaseDate" : "2019-06-25T09:46+0000",
          "signDate" : "2019-06-27T13:30+0000",
          "timeZone" : 3,
          "date" : "2019-06-26T23:12+0000"
        },
        {
          "moonPhase" : "phase4",
          "age" : 25,
          "sign" : "taurus",
          "moonPhaseDate" : "2019-06-25T09:46+0000",
          "signDate" : "2019-06-27T13:30+0000",
          "timeZone" : 3,
          "date" : "2019-06-27T23:26+0000"
        },
        {
          "moonPhase" : "phase4",
          "age" : 26,
          "sign" : "taurus",
          "moonPhaseDate" : "2019-06-25T09:46+0000",
          "signDate" : "2019-06-27T13:30+0000",
          "timeZone" : 3,
          "date" : "2019-06-28T23:42+0000"
        },
        {
          "sign" : "gemini",
          "age" : 27,
          "moonPhase" : "phase4",
          "moonPhaseDate" : "2019-06-25T09:46+0000",
          "signDate" : "2019-06-29T21:10+0000",
          "timeZone" : 3,
          "date" : "2019-06-30T00:03+0000"
        },
        {
          "moonPhase" : "phase4",
          "age" : 28,
          "sign" : "gemini",
          "moonPhaseDate" : null,
          "signDate" : "2019-06-29T21:10+0000",
          "timeZone" : 3,
          "date" : "2019-07-01T00:32+0000"
        },
        {
          "moonPhase" : "newMoon",
          "sign" : "cancer",
          "age" : 29,
          "moonPhaseDate" : "2019-07-02T19:16+0000",
          "signDate" : "2019-07-02T01:26+0000",
          "timeZone" : 3,
          "date" : "2019-07-02T01:12+0000"
        },
        {
          "moonPhase" : "newMoon",
          "age" : 1,
          "sign" : "cancer",
          "moonPhaseDate" : "2019-07-02T19:16+0000",
          "signDate" : "2019-07-02T01:26+0000",
          "timeZone" : 3,
          "date" : "2019-07-02T19:16+0000"
        },
        {
          "moonPhase" : "phase1",
          "age" : 2,
          "sign" : "cancer",
          "moonPhaseDate" : "2019-07-02T19:16+0000",
          "signDate" : "2019-07-02T01:26+0000",
          "timeZone" : 3,
          "date" : "2019-07-03T02:07+0000"
        },
        {
          "moonPhase" : "phase1",
          "age" : 3,
          "sign" : "leo",
          "moonPhaseDate" : "2019-07-02T19:16+0000",
          "signDate" : "2019-07-04T03:21+0000",
          "timeZone" : 3,
          "date" : "2019-07-04T03:19+0000"
        },
        {
          "moonPhase" : "phase1",
          "sign" : "leo",
          "age" : 4,
          "moonPhaseDate" : "2019-07-02T19:16+0000",
          "signDate" : "2019-07-04T03:21+0000",
          "timeZone" : 3,
          "date" : "2019-07-05T04:42+0000"
        },
        {
          "moonPhase" : "phase1",
          "age" : 5,
          "sign" : "virgo",
          "moonPhaseDate" : "2019-07-02T19:16+0000",
          "signDate" : "2019-07-06T04:25+0000",
          "timeZone" : 3,
          "date" : "2019-07-06T06:12+0000"
        },
        {
          "moonPhase" : "phase1",
          "age" : 6,
          "sign" : "virgo",
          "moonPhaseDate" : "2019-07-02T19:16+0000",
          "signDate" : "2019-07-06T04:25+0000",
          "timeZone" : 3,
          "date" : "2019-07-07T07:42+0000"
        },
        {
          "moonPhase" : "phase1",
          "age" : 7,
          "sign" : "libra",
          "moonPhaseDate" : "2019-07-02T19:16+0000",
          "signDate" : "2019-07-08T06:07+0000",
          "timeZone" : 3,
          "date" : "2019-07-08T09:10+0000"
        },
        {
          "moonPhase" : "phase2",
          "sign" : "libra",
          "age" : 8,
          "moonPhaseDate" : "2019-07-09T10:55+0000",
          "signDate" : "2019-07-08T06:07+0000",
          "timeZone" : 3,
          "date" : "2019-07-09T10:36+0000"
        },
        {
          "moonPhase" : "phase2",
          "sign" : "scorpio",
          "age" : 9,
          "moonPhaseDate" : "2019-07-09T10:55+0000",
          "signDate" : "2019-07-10T09:28+0000",
          "timeZone" : 3,
          "date" : "2019-07-10T12:00+0000"
        },
        {
          "sign" : "scorpio",
          "age" : 10,
          "moonPhase" : "phase2",
          "moonPhaseDate" : "2019-07-09T10:55+0000",
          "signDate" : "2019-07-10T09:28+0000",
          "timeZone" : 3,
          "date" : "2019-07-11T13:23+0000"
        },
        {
          "sign" : "sagittarius",
          "age" : 11,
          "moonPhase" : "phase2",
          "moonPhaseDate" : "2019-07-09T10:55+0000",
          "signDate" : "2019-07-12T15:04+0000",
          "timeZone" : 3,
          "date" : "2019-07-12T14:44+0000"
        },
        {
          "sign" : "sagittarius",
          "age" : 12,
          "moonPhase" : "phase2",
          "moonPhaseDate" : "2019-07-09T10:55+0000",
          "signDate" : "2019-07-12T15:04+0000",
          "timeZone" : 3,
          "date" : "2019-07-13T16:00+0000"
        },
        {
          "sign" : "sagittarius",
          "age" : 13,
          "moonPhase" : "phase2",
          "moonPhaseDate" : "2019-07-09T10:55+0000",
          "signDate" : "2019-07-12T15:04+0000",
          "timeZone" : 3,
          "date" : "2019-07-14T17:11+0000"
        },
        {
          "moonPhase" : "phase2",
          "age" : 14,
          "sign" : "capricorn",
          "moonPhaseDate" : "2019-07-09T10:55+0000",
          "signDate" : "2019-07-14T23:03+0000",
          "timeZone" : 3,
          "date" : "2019-07-15T18:11+0000"
        },
        {
          "moonPhase" : "phase2",
          "age" : 15,
          "sign" : "capricorn",
          "moonPhaseDate" : "2019-07-09T10:55+0000",
          "signDate" : "2019-07-14T23:03+0000",
          "timeZone" : 3,
          "date" : "2019-07-16T18:58+0000"
        },
        {
          "moonPhase" : "fullMoon",
          "age" : 16,
          "sign" : "aquarius",
          "moonPhaseDate" : "2019-07-16T21:38+0000",
          "signDate" : "2019-07-17T09:18+0000",
          "timeZone" : 3,
          "date" : "2019-07-17T19:35+0000"
        },
        {
          "moonPhase" : "phase3",
          "age" : 17,
          "sign" : "aquarius",
          "moonPhaseDate" : "2019-07-16T21:38+0000",
          "signDate" : "2019-07-17T09:18+0000",
          "timeZone" : 3,
          "date" : "2019-07-18T20:02+0000"
        },
        {
          "moonPhase" : "phase3",
          "age" : 18,
          "sign" : "aquarius",
          "moonPhaseDate" : "2019-07-16T21:38+0000",
          "signDate" : "2019-07-17T09:18+0000",
          "timeZone" : 3,
          "date" : "2019-07-19T20:23+0000"
        },
        {
          "moonPhase" : "phase3",
          "age" : 19,
          "sign" : "pisces",
          "moonPhaseDate" : "2019-07-16T21:38+0000",
          "signDate" : "2019-07-19T21:19+0000",
          "timeZone" : 3,
          "date" : "2019-07-20T20:40+0000"
        },
        {
          "moonPhase" : "phase3",
          "age" : 20,
          "sign" : "pisces",
          "moonPhaseDate" : "2019-07-16T21:38+0000",
          "signDate" : "2019-07-19T21:19+0000",
          "timeZone" : 3,
          "date" : "2019-07-21T20:54+0000"
        },
        {
          "moonPhase" : "phase3",
          "age" : 21,
          "sign" : "aries",
          "moonPhaseDate" : "2019-07-16T21:38+0000",
          "signDate" : "2019-07-19T21:19+0000",
          "timeZone" : 3,
          "date" : "2019-07-22T21:06+0000"
        },
        {
          "moonPhase" : "phase3",
          "age" : 22,
          "sign" : "aries",
          "moonPhaseDate" : "2019-07-16T21:38+0000",
          "signDate" : "2019-07-19T21:19+0000",
          "timeZone" : 3,
          "date" : "2019-07-23T21:19+0000"
        },
        {
          "moonPhase" : "phase4",
          "age" : 23,
          "sign" : "taurus",
          "moonPhaseDate" : "2019-07-25T01:18+0000",
          "signDate" : "2019-07-24T21:40+0000",
          "timeZone" : 3,
          "date" : "2019-07-24T21:32+0000"
        },
        {
          "moonPhase" : "phase4",
          "sign" : "taurus",
          "age" : 24,
          "moonPhaseDate" : "2019-07-25T01:18+0000",
          "signDate" : "2019-07-24T21:40+0000",
          "timeZone" : 3,
          "date" : "2019-07-25T21:47+0000"
        },
        {
          "moonPhase" : "phase4",
          "age" : 25,
          "sign" : "gemini",
          "moonPhaseDate" : "2019-07-25T01:18+0000",
          "signDate" : "2019-07-27T06:28+0000",
          "timeZone" : 3,
          "date" : "2019-07-26T22:05+0000"
        },
        {
          "moonPhase" : "phase4",
          "age" : 26,
          "sign" : "gemini",
          "moonPhaseDate" : "2019-07-25T01:18+0000",
          "signDate" : "2019-07-27T06:28+0000",
          "timeZone" : 3,
          "date" : "2019-07-27T22:29+0000"
        },
        {
          "sign" : "cancer",
          "age" : 27,
          "moonPhase" : "phase4",
          "moonPhaseDate" : "2019-07-25T01:18+0000",
          "signDate" : "2019-07-29T11:30+0000",
          "timeZone" : 3,
          "date" : "2019-07-28T23:02+0000"
        },
        {
          "moonPhase" : "phase4",
          "age" : 28,
          "sign" : "cancer",
          "moonPhaseDate" : "2019-07-25T01:18+0000",
          "signDate" : "2019-07-29T11:30+0000",
          "timeZone" : 3,
          "date" : "2019-07-29T23:49+0000"
        },
        {
          "sign" : "leo",
          "age" : 29,
          "moonPhase" : "phase4",
          "moonPhaseDate" : "2019-07-25T01:18+0000",
          "signDate" : "2019-07-31T13:18+0000",
          "timeZone" : 3,
          "date" : "2019-07-31T00:53+0000"
        },
        {
          "moonPhase" : "newMoon",
          "sign" : "leo",
          "age" : 30,
          "moonPhaseDate" : "2019-08-01T03:12+0000",
          "signDate" : "2019-07-31T13:18+0000",
          "timeZone" : 3,
          "date" : "2019-08-01T02:13+0000"
        },
        {
          "moonPhase" : "newMoon",
          "age" : 1,
          "sign" : "leo",
          "moonPhaseDate" : "2019-08-01T03:12+0000",
          "signDate" : "2019-07-31T13:18+0000",
          "timeZone" : 3,
          "date" : "2019-08-01T03:12+0000"
        },
        {
          "sign" : "virgo",
          "age" : 2,
          "moonPhase" : "phase1",
          "moonPhaseDate" : "2019-08-01T03:12+0000",
          "signDate" : "2019-08-02T13:23+0000",
          "timeZone" : 3,
          "date" : "2019-08-02T03:43+0000"
        },
        {
          "moonPhase" : "phase1",
          "age" : 3,
          "sign" : "virgo",
          "moonPhaseDate" : "2019-08-01T03:12+0000",
          "signDate" : "2019-08-02T13:23+0000",
          "timeZone" : 3,
          "date" : "2019-08-03T05:16+0000"
        },
        {
          "moonPhase" : "phase1",
          "age" : 4,
          "sign" : "libra",
          "moonPhaseDate" : "2019-08-01T03:12+0000",
          "signDate" : "2019-08-04T13:32+0000",
          "timeZone" : 3,
          "date" : "2019-08-04T06:48+0000"
        },
        {
          "moonPhase" : "phase1",
          "age" : 5,
          "sign" : "libra",
          "moonPhaseDate" : "2019-08-01T03:12+0000",
          "signDate" : "2019-08-04T13:32+0000",
          "timeZone" : 3,
          "date" : "2019-08-05T08:18+0000"
        },
        {
          "moonPhase" : "phase1",
          "age" : 6,
          "sign" : "scorpio",
          "moonPhaseDate" : "2019-08-01T03:12+0000",
          "signDate" : "2019-08-06T15:31+0000",
          "timeZone" : 3,
          "date" : "2019-08-06T09:45+0000"
        },
        {
          "moonPhase" : "phase2",
          "age" : 7,
          "sign" : "scorpio",
          "moonPhaseDate" : "2019-08-07T17:31+0000",
          "signDate" : "2019-08-06T15:31+0000",
          "timeZone" : 3,
          "date" : "2019-08-07T11:10+0000"
        },
        {
          "moonPhase" : "phase2",
          "sign" : "sagittarius",
          "age" : 8,
          "moonPhaseDate" : "2019-08-07T17:31+0000",
          "signDate" : "2019-08-08T20:32+0000",
          "timeZone" : 3,
          "date" : "2019-08-08T12:32+0000"
        },
        {
          "moonPhase" : "phase2",
          "age" : 9,
          "sign" : "sagittarius",
          "moonPhaseDate" : "2019-08-07T17:31+0000",
          "signDate" : "2019-08-08T20:32+0000",
          "timeZone" : 3,
          "date" : "2019-08-09T13:51+0000"
        },
        {
          "moonPhase" : "phase2",
          "age" : 10,
          "sign" : "sagittarius",
          "moonPhaseDate" : "2019-08-07T17:31+0000",
          "signDate" : "2019-08-08T20:32+0000",
          "timeZone" : 3,
          "date" : "2019-08-10T15:03+0000"
        },
        {
          "moonPhase" : "phase2",
          "age" : 11,
          "sign" : "capricorn",
          "moonPhaseDate" : "2019-08-07T17:31+0000",
          "signDate" : "2019-08-11T04:48+0000",
          "timeZone" : 3,
          "date" : "2019-08-11T16:06+0000"
        },
        {
          "sign" : "capricorn",
          "age" : 12,
          "moonPhase" : "phase2",
          "moonPhaseDate" : "2019-08-07T17:31+0000",
          "signDate" : "2019-08-11T04:48+0000",
          "timeZone" : 3,
          "date" : "2019-08-12T16:57+0000"
        },
        {
          "moonPhase" : "phase2",
          "sign" : "aquarius",
          "age" : 13,
          "moonPhaseDate" : "2019-08-07T17:31+0000",
          "signDate" : "2019-08-13T15:36+0000",
          "timeZone" : 3,
          "date" : "2019-08-13T17:36+0000"
        },
        {
          "moonPhase" : "phase2",
          "age" : 14,
          "sign" : "aquarius",
          "moonPhaseDate" : "2019-08-07T17:31+0000",
          "signDate" : "2019-08-13T15:36+0000",
          "timeZone" : 3,
          "date" : "2019-08-14T18:06+0000"
        },
        {
          "moonPhase" : "fullMoon",
          "age" : 15,
          "sign" : "aquarius",
          "moonPhaseDate" : "2019-08-15T12:29+0000",
          "signDate" : "2019-08-13T15:36+0000",
          "timeZone" : 3,
          "date" : "2019-08-15T18:28+0000"
        },
        {
          "moonPhase" : "phase3",
          "age" : 16,
          "sign" : "pisces",
          "moonPhaseDate" : "2019-08-15T12:29+0000",
          "signDate" : "2019-08-16T03:50+0000",
          "timeZone" : 3,
          "date" : "2019-08-16T18:46+0000"
        },
        {
          "moonPhase" : "phase3",
          "age" : 17,
          "sign" : "pisces",
          "moonPhaseDate" : "2019-08-15T12:29+0000",
          "signDate" : "2019-08-16T03:50+0000",
          "timeZone" : 3,
          "date" : "2019-08-17T19:01+0000"
        },
        {
          "moonPhase" : "phase3",
          "age" : 18,
          "sign" : "aries",
          "moonPhaseDate" : "2019-08-15T12:29+0000",
          "signDate" : "2019-08-18T16:32+0000",
          "timeZone" : 3,
          "date" : "2019-08-18T19:14+0000"
        },
        {
          "moonPhase" : "phase3",
          "age" : 19,
          "sign" : "aries",
          "moonPhaseDate" : "2019-08-15T12:29+0000",
          "signDate" : "2019-08-18T16:32+0000",
          "timeZone" : 3,
          "date" : "2019-08-19T19:26+0000"
        },
        {
          "moonPhase" : "phase3",
          "age" : 20,
          "sign" : "aries",
          "moonPhaseDate" : "2019-08-15T12:29+0000",
          "signDate" : "2019-08-18T16:32+0000",
          "timeZone" : 3,
          "date" : "2019-08-20T19:39+0000"
        },
        {
          "moonPhase" : "phase3",
          "age" : 21,
          "sign" : "taurus",
          "moonPhaseDate" : "2019-08-15T12:29+0000",
          "signDate" : "2019-08-21T04:36+0000",
          "timeZone" : 3,
          "date" : "2019-08-21T19:52+0000"
        },
        {
          "moonPhase" : "phase3",
          "age" : 22,
          "sign" : "taurus",
          "moonPhaseDate" : "2019-08-15T12:29+0000",
          "signDate" : "2019-08-21T04:36+0000",
          "timeZone" : 3,
          "date" : "2019-08-22T20:08+0000"
        },
        {
          "sign" : "gemini",
          "age" : 23,
          "moonPhase" : "phase4",
          "moonPhaseDate" : "2019-08-23T14:56+0000",
          "signDate" : "2019-08-23T14:34+0000",
          "timeZone" : 3,
          "date" : "2019-08-23T20:29+0000"
        },
        {
          "moonPhase" : "phase4",
          "sign" : "gemini",
          "age" : 24,
          "moonPhaseDate" : "2019-08-23T14:56+0000",
          "signDate" : "2019-08-23T14:34+0000",
          "timeZone" : 3,
          "date" : "2019-08-24T20:57+0000"
        },
        {
          "moonPhase" : "phase4",
          "age" : 25,
          "sign" : "cancer",
          "moonPhaseDate" : "2019-08-23T14:56+0000",
          "signDate" : "2019-08-25T21:05+0000",
          "timeZone" : 3,
          "date" : "2019-08-25T21:36+0000"
        },
        {
          "moonPhase" : "phase4",
          "age" : 26,
          "sign" : "cancer",
          "moonPhaseDate" : "2019-08-23T14:56+0000",
          "signDate" : "2019-08-25T21:05+0000",
          "timeZone" : 3,
          "date" : "2019-08-26T22:30+0000"
        },
        {
          "moonPhase" : "phase4",
          "age" : 27,
          "sign" : "leo",
          "moonPhaseDate" : "2019-08-23T14:56+0000",
          "signDate" : "2019-08-27T23:51+0000",
          "timeZone" : 3,
          "date" : "2019-08-27T23:41+0000"
        },
        {
          "moonPhase" : "phase4",
          "age" : 28,
          "sign" : "leo",
          "moonPhaseDate" : "2019-08-23T14:56+0000",
          "signDate" : "2019-08-27T23:51+0000",
          "timeZone" : 3,
          "date" : "2019-08-29T01:07+0000"
        },
        {
          "moonPhase" : "newMoon",
          "age" : 29,
          "sign" : "virgo",
          "moonPhaseDate" : "2019-08-30T10:37+0000",
          "signDate" : "2019-08-29T23:57+0000",
          "timeZone" : 3,
          "date" : "2019-08-30T02:40+0000"
        },
        {
          "moonPhase" : "newMoon",
          "age" : 1,
          "sign" : "virgo",
          "moonPhaseDate" : "2019-08-30T10:37+0000",
          "signDate" : "2019-08-29T23:57+0000",
          "timeZone" : 3,
          "date" : "2019-08-30T10:37+0000"
        },
        {
          "sign" : "virgo",
          "age" : 2,
          "moonPhase" : "phase1",
          "moonPhaseDate" : "2019-08-30T10:37+0000",
          "signDate" : "2019-08-29T23:57+0000",
          "timeZone" : 3,
          "date" : "2019-08-31T04:15+0000"
        },
        {
          "moonPhase" : "phase1",
          "sign" : "libra",
          "age" : 3,
          "moonPhaseDate" : null,
          "signDate" : "2019-08-31T23:12+0000",
          "timeZone" : 3,
          "date" : "2019-09-01T05:49+0000"
        },
        {
          "moonPhase" : "phase1",
          "age" : 4,
          "sign" : "libra",
          "moonPhaseDate" : null,
          "signDate" : "2019-08-31T23:12+0000",
          "timeZone" : 3,
          "date" : "2019-09-02T07:20+0000"
        },
        {
          "moonPhase" : "phase1",
          "age" : 5,
          "sign" : "scorpio",
          "moonPhaseDate" : null,
          "signDate" : "2019-09-02T23:38+0000",
          "timeZone" : 3,
          "date" : "2019-09-03T08:49+0000"
        },
        {
          "moonPhase" : "phase1",
          "age" : 6,
          "sign" : "scorpio",
          "moonPhaseDate" : null,
          "signDate" : "2019-09-02T23:38+0000",
          "timeZone" : 3,
          "date" : "2019-09-04T10:16+0000"
        },
        {
          "moonPhase" : "phase1",
          "sign" : "sagittarius",
          "age" : 7,
          "moonPhaseDate" : null,
          "signDate" : "2019-09-05T03:06+0000",
          "timeZone" : 3,
          "date" : "2019-09-05T11:38+0000"
        },
        {
          "moonPhase" : "phase2",
          "sign" : "sagittarius",
          "age" : 8,
          "moonPhaseDate" : "2019-09-06T03:10+0000",
          "signDate" : "2019-09-05T03:06+0000",
          "timeZone" : 3,
          "date" : "2019-09-06T12:54+0000"
        },
        {
          "moonPhase" : "phase2",
          "age" : 9,
          "sign" : "capricorn",
          "moonPhaseDate" : "2019-09-06T03:10+0000",
          "signDate" : "2019-09-07T10:35+0000",
          "timeZone" : 3,
          "date" : "2019-09-07T14:01+0000"
        },
        {
          "sign" : "capricorn",
          "age" : 10,
          "moonPhase" : "phase2",
          "moonPhaseDate" : "2019-09-06T03:10+0000",
          "signDate" : "2019-09-07T10:35+0000",
          "timeZone" : 3,
          "date" : "2019-09-08T14:56+0000"
        },
        {
          "sign" : "capricorn",
          "age" : 11,
          "moonPhase" : "phase2",
          "moonPhaseDate" : "2019-09-06T03:10+0000",
          "signDate" : "2019-09-07T10:35+0000",
          "timeZone" : 3,
          "date" : "2019-09-09T15:39+0000"
        },
        {
          "sign" : "aquarius",
          "age" : 12,
          "moonPhase" : "phase2",
          "moonPhaseDate" : "2019-09-06T03:10+0000",
          "signDate" : "2019-09-09T21:25+0000",
          "timeZone" : 3,
          "date" : "2019-09-10T16:11+0000"
        },
        {
          "moonPhase" : "phase2",
          "age" : 13,
          "sign" : "aquarius",
          "moonPhaseDate" : "2019-09-06T03:10+0000",
          "signDate" : "2019-09-09T21:25+0000",
          "timeZone" : 3,
          "date" : "2019-09-11T16:35+0000"
        },
        {
          "moonPhase" : "phase2",
          "sign" : "pisces",
          "age" : 14,
          "moonPhaseDate" : "2019-09-06T03:10+0000",
          "signDate" : "2019-09-12T09:53+0000",
          "timeZone" : 3,
          "date" : "2019-09-12T16:53+0000"
        },
        {
          "moonPhase" : "phase2",
          "sign" : "pisces",
          "age" : 15,
          "moonPhaseDate" : "2019-09-06T03:10+0000",
          "signDate" : "2019-09-12T09:53+0000",
          "timeZone" : 3,
          "date" : "2019-09-13T17:09+0000"
        },
        {
          "moonPhase" : "fullMoon",
          "age" : 16,
          "sign" : "pisces",
          "moonPhaseDate" : "2019-09-14T04:33+0000",
          "signDate" : "2019-09-12T09:53+0000",
          "timeZone" : 3,
          "date" : "2019-09-14T17:22+0000"
        },
        {
          "moonPhase" : "phase3",
          "sign" : "aries",
          "age" : 17,
          "moonPhaseDate" : "2019-09-14T04:33+0000",
          "signDate" : "2019-09-14T22:32+0000",
          "timeZone" : 3,
          "date" : "2019-09-15T17:34+0000"
        },
        {
          "moonPhase" : "phase3",
          "age" : 18,
          "sign" : "aries",
          "moonPhaseDate" : "2019-09-14T04:33+0000",
          "signDate" : "2019-09-14T22:32+0000",
          "timeZone" : 3,
          "date" : "2019-09-16T17:46+0000"
        },
        {
          "moonPhase" : "phase3",
          "age" : 19,
          "sign" : "taurus",
          "moonPhaseDate" : "2019-09-14T04:33+0000",
          "signDate" : "2019-09-17T10:30+0000",
          "timeZone" : 3,
          "date" : "2019-09-17T17:59+0000"
        },
        {
          "moonPhase" : "phase3",
          "age" : 20,
          "sign" : "taurus",
          "moonPhaseDate" : "2019-09-14T04:33+0000",
          "signDate" : "2019-09-17T10:30+0000",
          "timeZone" : 3,
          "date" : "2019-09-18T18:14+0000"
        },
        {
          "moonPhase" : "phase3",
          "age" : 21,
          "sign" : "gemini",
          "moonPhaseDate" : "2019-09-14T04:33+0000",
          "signDate" : "2019-09-19T20:58+0000",
          "timeZone" : 3,
          "date" : "2019-09-19T18:32+0000"
        },
        {
          "moonPhase" : "phase3",
          "age" : 22,
          "sign" : "gemini",
          "moonPhaseDate" : "2019-09-14T04:33+0000",
          "signDate" : "2019-09-19T20:58+0000",
          "timeZone" : 3,
          "date" : "2019-09-20T18:56+0000"
        },
        {
          "moonPhase" : "phase3",
          "age" : 23,
          "sign" : "gemini",
          "moonPhaseDate" : "2019-09-14T04:33+0000",
          "signDate" : "2019-09-19T20:58+0000",
          "timeZone" : 3,
          "date" : "2019-09-21T19:30+0000"
        },
        {
          "sign" : "cancer",
          "age" : 24,
          "moonPhase" : "phase4",
          "moonPhaseDate" : "2019-09-22T02:41+0000",
          "signDate" : "2019-09-22T04:52+0000",
          "timeZone" : 3,
          "date" : "2019-09-22T20:15+0000"
        },
        {
          "moonPhase" : "phase4",
          "age" : 25,
          "sign" : "leo",
          "moonPhaseDate" : "2019-09-22T02:41+0000",
          "signDate" : "2019-09-24T09:19+0000",
          "timeZone" : 3,
          "date" : "2019-09-23T21:17+0000"
        },
        {
          "moonPhase" : "phase4",
          "age" : 26,
          "sign" : "leo",
          "moonPhaseDate" : "2019-09-22T02:41+0000",
          "signDate" : "2019-09-24T09:19+0000",
          "timeZone" : 3,
          "date" : "2019-09-24T22:35+0000"
        },
        {
          "moonPhase" : "phase4",
          "age" : 27,
          "sign" : "virgo",
          "moonPhaseDate" : "2019-09-22T02:41+0000",
          "signDate" : "2019-09-26T10:35+0000",
          "timeZone" : 3,
          "date" : "2019-09-26T00:03+0000"
        },
        {
          "moonPhase" : "phase4",
          "age" : 28,
          "sign" : "virgo",
          "moonPhaseDate" : "2019-09-22T02:41+0000",
          "signDate" : "2019-09-26T10:35+0000",
          "timeZone" : 3,
          "date" : "2019-09-27T01:36+0000"
        },
        {
          "sign" : "libra",
          "age" : 29,
          "moonPhase" : "newMoon",
          "moonPhaseDate" : "2019-09-28T18:26+0000",
          "signDate" : "2019-09-28T10:04+0000",
          "timeZone" : 3,
          "date" : "2019-09-28T03:11+0000"
        },
        {
          "moonPhase" : "newMoon",
          "age" : 1,
          "sign" : "libra",
          "moonPhaseDate" : "2019-09-28T18:26+0000",
          "signDate" : "2019-09-28T10:04+0000",
          "timeZone" : 3,
          "date" : "2019-09-28T18:26+0000"
        },
        {
          "moonPhase" : "phase1",
          "age" : 2,
          "sign" : "libra",
          "moonPhaseDate" : "2019-09-28T18:26+0000",
          "signDate" : "2019-09-28T10:04+0000",
          "timeZone" : 3,
          "date" : "2019-09-29T04:45+0000"
        },
        {
          "moonPhase" : "phase1",
          "age" : 3,
          "sign" : "scorpio",
          "moonPhaseDate" : "2019-09-28T18:26+0000",
          "signDate" : "2019-09-30T09:45+0000",
          "timeZone" : 3,
          "date" : "2019-09-30T06:18+0000"
        },
        {
          "moonPhase" : "phase1",
          "age" : 4,
          "sign" : "scorpio",
          "moonPhaseDate" : null,
          "signDate" : "2019-09-30T09:45+0000",
          "timeZone" : 3,
          "date" : "2019-10-01T07:49+0000"
        },
        {
          "sign" : "sagittarius",
          "age" : 5,
          "moonPhase" : "phase1",
          "moonPhaseDate" : null,
          "signDate" : "2019-10-02T11:45+0000",
          "timeZone" : 3,
          "date" : "2019-10-02T09:17+0000"
        },
        {
          "moonPhase" : "phase1",
          "age" : 6,
          "sign" : "sagittarius",
          "moonPhaseDate" : null,
          "signDate" : "2019-10-02T11:45+0000",
          "timeZone" : 3,
          "date" : "2019-10-03T10:39+0000"
        },
        {
          "moonPhase" : "phase1",
          "age" : 7,
          "sign" : "capricorn",
          "moonPhaseDate" : null,
          "signDate" : "2019-10-04T17:41+0000",
          "timeZone" : 3,
          "date" : "2019-10-04T11:52+0000"
        },
        {
          "sign" : "capricorn",
          "age" : 8,
          "moonPhase" : "phase2",
          "moonPhaseDate" : "2019-10-05T16:47+0000",
          "signDate" : "2019-10-04T17:41+0000",
          "timeZone" : 3,
          "date" : "2019-10-05T12:53+0000"
        },
        {
          "moonPhase" : "phase2",
          "age" : 9,
          "sign" : "capricorn",
          "moonPhaseDate" : "2019-10-05T16:47+0000",
          "signDate" : "2019-10-04T17:41+0000",
          "timeZone" : 3,
          "date" : "2019-10-06T13:40+0000"
        },
        {
          "moonPhase" : "phase2",
          "sign" : "aquarius",
          "age" : 10,
          "moonPhaseDate" : "2019-10-05T16:47+0000",
          "signDate" : "2019-10-07T03:43+0000",
          "timeZone" : 3,
          "date" : "2019-10-07T14:16+0000"
        },
        {
          "moonPhase" : "phase2",
          "age" : 11,
          "sign" : "aquarius",
          "moonPhaseDate" : "2019-10-05T16:47+0000",
          "signDate" : "2019-10-07T03:43+0000",
          "timeZone" : 3,
          "date" : "2019-10-08T14:42+0000"
        },
        {
          "moonPhase" : "phase2",
          "age" : 12,
          "sign" : "pisces",
          "moonPhaseDate" : "2019-10-05T16:47+0000",
          "signDate" : "2019-10-09T16:08+0000",
          "timeZone" : 3,
          "date" : "2019-10-09T15:01+0000"
        },
        {
          "moonPhase" : "phase2",
          "age" : 13,
          "sign" : "pisces",
          "moonPhaseDate" : "2019-10-05T16:47+0000",
          "signDate" : "2019-10-09T16:08+0000",
          "timeZone" : 3,
          "date" : "2019-10-10T15:17+0000"
        },
        {
          "moonPhase" : "phase2",
          "age" : 14,
          "sign" : "pisces",
          "moonPhaseDate" : "2019-10-05T16:47+0000",
          "signDate" : "2019-10-09T16:08+0000",
          "timeZone" : 3,
          "date" : "2019-10-11T15:30+0000"
        },
        {
          "moonPhase" : "phase2",
          "age" : 15,
          "sign" : "aries",
          "moonPhaseDate" : "2019-10-05T16:47+0000",
          "signDate" : "2019-10-12T04:46+0000",
          "timeZone" : 3,
          "date" : "2019-10-12T15:42+0000"
        },
        {
          "moonPhase" : "phase2",
          "sign" : "aries",
          "age" : 16,
          "moonPhaseDate" : "2019-10-05T16:47+0000",
          "signDate" : "2019-10-12T04:46+0000",
          "timeZone" : 3,
          "date" : "2019-10-13T15:54+0000"
        },
        {
          "sign" : "taurus",
          "age" : 17,
          "moonPhase" : "fullMoon",
          "moonPhaseDate" : "2019-10-13T21:08+0000",
          "signDate" : "2019-10-14T16:23+0000",
          "timeZone" : 3,
          "date" : "2019-10-14T16:06+0000"
        },
        {
          "moonPhase" : "phase3",
          "age" : 18,
          "sign" : "taurus",
          "moonPhaseDate" : "2019-10-13T21:08+0000",
          "signDate" : "2019-10-14T16:23+0000",
          "timeZone" : 3,
          "date" : "2019-10-15T16:20+0000"
        },
        {
          "moonPhase" : "phase3",
          "age" : 19,
          "sign" : "taurus",
          "moonPhaseDate" : "2019-10-13T21:08+0000",
          "signDate" : "2019-10-14T16:23+0000",
          "timeZone" : 3,
          "date" : "2019-10-16T16:37+0000"
        },
        {
          "moonPhase" : "phase3",
          "age" : 20,
          "sign" : "gemini",
          "moonPhaseDate" : "2019-10-13T21:08+0000",
          "signDate" : "2019-10-17T02:29+0000",
          "timeZone" : 3,
          "date" : "2019-10-17T16:59+0000"
        },
        {
          "moonPhase" : "phase3",
          "age" : 21,
          "sign" : "gemini",
          "moonPhaseDate" : "2019-10-13T21:08+0000",
          "signDate" : "2019-10-17T02:29+0000",
          "timeZone" : 3,
          "date" : "2019-10-18T17:28+0000"
        },
        {
          "moonPhase" : "phase3",
          "sign" : "cancer",
          "age" : 22,
          "moonPhaseDate" : "2019-10-13T21:08+0000",
          "signDate" : "2019-10-19T10:42+0000",
          "timeZone" : 3,
          "date" : "2019-10-19T18:09+0000"
        },
        {
          "moonPhase" : "phase3",
          "age" : 23,
          "sign" : "cancer",
          "moonPhaseDate" : "2019-10-13T21:08+0000",
          "signDate" : "2019-10-19T10:42+0000",
          "timeZone" : 3,
          "date" : "2019-10-20T19:04+0000"
        },
        {
          "moonPhase" : "phase4",
          "age" : 24,
          "sign" : "leo",
          "moonPhaseDate" : "2019-10-21T12:39+0000",
          "signDate" : "2019-10-21T16:30+0000",
          "timeZone" : 3,
          "date" : "2019-10-21T20:14+0000"
        },
        {
          "moonPhase" : "phase4",
          "age" : 25,
          "sign" : "virgo",
          "moonPhaseDate" : "2019-10-21T12:39+0000",
          "signDate" : "2019-10-23T19:30+0000",
          "timeZone" : 3,
          "date" : "2019-10-22T21:36+0000"
        },
        {
          "moonPhase" : "phase4",
          "sign" : "virgo",
          "age" : 26,
          "moonPhaseDate" : "2019-10-21T12:39+0000",
          "signDate" : "2019-10-23T19:30+0000",
          "timeZone" : 3,
          "date" : "2019-10-23T23:05+0000"
        },
        {
          "moonPhase" : "phase4",
          "sign" : "libra",
          "age" : 27,
          "moonPhaseDate" : "2019-10-21T12:39+0000",
          "signDate" : "2019-10-25T20:20+0000",
          "timeZone" : 3,
          "date" : "2019-10-25T00:36+0000"
        },
        {
          "moonPhase" : "phase4",
          "age" : 28,
          "sign" : "libra",
          "moonPhaseDate" : "2019-10-21T12:39+0000",
          "signDate" : "2019-10-25T20:20+0000",
          "timeZone" : 3,
          "date" : "2019-10-26T02:09+0000"
        },
        {
          "moonPhase" : "phase4",
          "age" : 29,
          "sign" : "scorpio",
          "moonPhaseDate" : "2019-10-21T12:39+0000",
          "signDate" : "2019-10-27T19:31+0000",
          "timeZone" : 3,
          "date" : "2019-10-27T02:41+0000"
        },
        {
          "moonPhase" : "newMoon",
          "age" : 1,
          "sign" : "scorpio",
          "moonPhaseDate" : "2019-10-28T02:38+0000",
          "signDate" : "2019-10-27T19:31+0000",
          "timeZone" : 3,
          "date" : "2019-10-28T02:38+0000"
        },
        {
          "moonPhase" : "newMoon",
          "age" : 2,
          "sign" : "scorpio",
          "moonPhaseDate" : "2019-10-28T02:38+0000",
          "signDate" : "2019-10-27T19:31+0000",
          "timeZone" : 3,
          "date" : "2019-10-28T04:13+0000"
        },
        {
          "moonPhase" : "phase1",
          "age" : 3,
          "sign" : "sagittarius",
          "moonPhaseDate" : "2019-10-28T02:38+0000",
          "signDate" : "2019-10-28T21:00+0000",
          "timeZone" : 3,
          "date" : "2019-10-29T05:45+0000"
        },
        {
          "moonPhase" : "phase1",
          "age" : 4,
          "sign" : "sagittarius",
          "moonPhaseDate" : "2019-10-28T02:38+0000",
          "signDate" : "2019-10-28T21:00+0000",
          "timeZone" : 3,
          "date" : "2019-10-30T07:13+0000"
        },
        {
          "moonPhase" : "phase1",
          "age" : 5,
          "sign" : "sagittarius",
          "moonPhaseDate" : "2019-10-28T02:38+0000",
          "signDate" : "2019-10-28T21:00+0000",
          "timeZone" : 3,
          "date" : "2019-10-31T08:33+0000"
        },
        {
          "moonPhase" : "phase1",
          "age" : 6,
          "sign" : "capricorn",
          "moonPhaseDate" : null,
          "signDate" : "2019-11-01T01:38+0000",
          "timeZone" : 3,
          "date" : "2019-11-01T09:43+0000"
        },
        {
          "moonPhase" : "phase1",
          "age" : 7,
          "sign" : "capricorn",
          "moonPhaseDate" : null,
          "signDate" : "2019-11-01T01:38+0000",
          "timeZone" : 3,
          "date" : "2019-11-02T10:37+0000"
        },
        {
          "moonPhase" : "phase1",
          "age" : 8,
          "sign" : "aquarius",
          "moonPhaseDate" : null,
          "signDate" : "2019-11-03T10:21+0000",
          "timeZone" : 3,
          "date" : "2019-11-03T11:18+0000"
        },
        {
          "moonPhase" : "phase2",
          "age" : 9,
          "sign" : "aquarius",
          "moonPhaseDate" : "2019-11-04T09:23+0000",
          "signDate" : "2019-11-03T10:21+0000",
          "timeZone" : 3,
          "date" : "2019-11-04T11:47+0000"
        },
        {
          "sign" : "aquarius",
          "age" : 10,
          "moonPhase" : "phase2",
          "moonPhaseDate" : "2019-11-04T09:23+0000",
          "signDate" : "2019-11-03T10:21+0000",
          "timeZone" : 3,
          "date" : "2019-11-05T12:08+0000"
        },
        {
          "moonPhase" : "phase2",
          "age" : 11,
          "sign" : "pisces",
          "moonPhaseDate" : "2019-11-04T09:23+0000",
          "signDate" : "2019-11-05T22:11+0000",
          "timeZone" : 3,
          "date" : "2019-11-06T12:26+0000"
        },
        {
          "moonPhase" : "phase2",
          "age" : 12,
          "sign" : "pisces",
          "moonPhaseDate" : "2019-11-04T09:23+0000",
          "signDate" : "2019-11-05T22:11+0000",
          "timeZone" : 3,
          "date" : "2019-11-07T12:39+0000"
        },
        {
          "moonPhase" : "phase2",
          "age" : 13,
          "sign" : "aries",
          "moonPhaseDate" : "2019-11-04T09:23+0000",
          "signDate" : "2019-11-08T10:50+0000",
          "timeZone" : 3,
          "date" : "2019-11-08T12:51+0000"
        },
        {
          "moonPhase" : "phase2",
          "age" : 14,
          "sign" : "aries",
          "moonPhaseDate" : "2019-11-04T09:23+0000",
          "signDate" : "2019-11-08T10:50+0000",
          "timeZone" : 3,
          "date" : "2019-11-09T13:03+0000"
        },
        {
          "moonPhase" : "phase2",
          "age" : 15,
          "sign" : "aries",
          "moonPhaseDate" : "2019-11-04T09:23+0000",
          "signDate" : "2019-11-08T10:50+0000",
          "timeZone" : 3,
          "date" : "2019-11-10T13:15+0000"
        },
        {
          "moonPhase" : "phase2",
          "sign" : "taurus",
          "age" : 16,
          "moonPhaseDate" : "2019-11-04T09:23+0000",
          "signDate" : "2019-11-10T22:19+0000",
          "timeZone" : 3,
          "date" : "2019-11-11T13:27+0000"
        },
        {
          "sign" : "taurus",
          "age" : 17,
          "moonPhase" : "fullMoon",
          "moonPhaseDate" : "2019-11-12T12:35+0000",
          "signDate" : "2019-11-10T22:19+0000",
          "timeZone" : 3,
          "date" : "2019-11-12T13:43+0000"
        },
        {
          "moonPhase" : "phase3",
          "sign" : "gemini",
          "age" : 18,
          "moonPhaseDate" : "2019-11-12T12:35+0000",
          "signDate" : "2019-11-13T07:45+0000",
          "timeZone" : 3,
          "date" : "2019-11-13T14:03+0000"
        },
        {
          "moonPhase" : "phase3",
          "age" : 19,
          "sign" : "gemini",
          "moonPhaseDate" : "2019-11-12T12:35+0000",
          "signDate" : "2019-11-13T07:45+0000",
          "timeZone" : 3,
          "date" : "2019-11-14T14:29+0000"
        },
        {
          "moonPhase" : "phase3",
          "age" : 20,
          "sign" : "cancer",
          "moonPhaseDate" : "2019-11-12T12:35+0000",
          "signDate" : "2019-11-15T15:12+0000",
          "timeZone" : 3,
          "date" : "2019-11-15T15:06+0000"
        },
        {
          "moonPhase" : "phase3",
          "age" : 21,
          "sign" : "cancer",
          "moonPhaseDate" : "2019-11-12T12:35+0000",
          "signDate" : "2019-11-15T15:12+0000",
          "timeZone" : 3,
          "date" : "2019-11-16T15:57+0000"
        },
        {
          "moonPhase" : "phase3",
          "signDate" : "2019-11-17T20:54+0000",
          "sign" : "leo",
          "moonPhaseDate" : "2019-11-12T12:35+0000",
          "date" : "2019-11-17T17:03+0000",
          "age" : 22,
          "timeZone" : 3
        },
        {
          "moonPhase" : "phase3",
          "signDate" : "2019-11-17T20:54+0000",
          "sign" : "leo",
          "moonPhaseDate" : "2019-11-12T12:35+0000",
          "date" : "2019-11-18T18:21+0000",
          "age" : 23,
          "timeZone" : 3
        },
        {
          "moonPhase" : "phase4",
          "signDate" : "2019-11-17T20:54+0000",
          "sign" : "leo",
          "moonPhaseDate" : "2019-11-19T20:11+0000",
          "date" : "2019-11-19T19:46+0000",
          "age" : 24,
          "timeZone" : 3
        },
        {
          "moonPhase" : "phase4",
          "signDate" : "2019-11-17T20:54+0000",
          "sign" : "virgo",
          "moonPhaseDate" : "2019-11-19T20:11+0000",
          "date" : "2019-11-20T21:14+0000",
          "age" : 25,
          "timeZone" : 3
        },
        {
          "moonPhase" : "phase4",
          "signDate" : "2019-11-22T03:22+0000",
          "sign" : "libra",
          "moonPhaseDate" : "2019-11-19T20:11+0000",
          "date" : "2019-11-21T22:43+0000",
          "age" : 26,
          "timeZone" : 3
        },
        {
          "moonPhase" : "phase4",
          "signDate" : "2019-11-22T03:22+0000",
          "sign" : "libra",
          "moonPhaseDate" : "2019-11-19T20:11+0000",
          "date" : "2019-11-23T00:12+0000",
          "age" : 27,
          "timeZone" : 3
        },
        {
          "moonPhase" : "phase4",
          "signDate" : "2019-11-24T05:01+0000",
          "sign" : "scorpio",
          "moonPhaseDate" : "2019-11-19T20:11+0000",
          "date" : "2019-11-24T01:42+0000",
          "age" : 28,
          "timeZone" : 3
        },
        {
          "moonPhase" : "phase4",
          "signDate" : "2019-11-24T05:01+0000",
          "sign" : "scorpio",
          "moonPhaseDate" : "2019-11-19T20:11+0000",
          "date" : "2019-11-25T03:12+0000",
          "age" : 29,
          "timeZone" : 3
        },
        {
          "moonPhase" : "newMoon",
          "signDate" : "2019-11-26T07:12+0000",
          "sign" : "sagittarius",
          "moonPhaseDate" : "2019-11-26T14:06+0000",
          "date" : "2019-11-26T04:41+0000",
          "age" : 30,
          "timeZone" : 3
        },
        {
          "moonPhase" : "newMoon",
          "signDate" : "2019-11-26T07:12+0000",
          "sign" : "sagittarius",
          "moonPhaseDate" : "2019-11-26T14:06+0000",
          "date" : "2019-11-26T14:06+0000",
          "age" : 1,
          "timeZone" : 3
        },
        {
          "moonPhase" : "phase1",
          "signDate" : "2019-11-26T07:12+0000",
          "sign" : "sagittarius",
          "moonPhaseDate" : "2019-11-26T14:06+0000",
          "date" : "2019-11-27T06:07+0000",
          "age" : 2,
          "timeZone" : 3
        },
        {
          "moonPhase" : "phase1",
          "signDate" : "2019-11-28T11:32+0000",
          "moonPhaseDate" : "2019-11-26T14:06+0000",
          "sign" : "capricorn",
          "date" : "2019-11-28T07:23+0000",
          "age" : 3,
          "timeZone" : 3
        },
        {
          "moonPhase" : "phase1",
          "signDate" : "2019-11-28T11:32+0000",
          "sign" : "capricorn",
          "moonPhaseDate" : "2019-11-26T14:06+0000",
          "date" : "2019-11-29T08:27+0000",
          "age" : 4,
          "timeZone" : 3
        },
        {
          "moonPhase" : "phase1",
          "signDate" : "2019-11-30T19:15+0000",
          "sign" : "aquarius",
          "moonPhaseDate" : "2019-11-26T14:06+0000",
          "date" : "2019-11-30T09:15+0000",
          "age" : 5,
          "timeZone" : 3
        },
        {
          "moonPhase" : "phase1",
          "signDate" : "2019-11-30T19:15+0000",
          "sign" : "aquarius",
          "moonPhaseDate" : null,
          "date" : "2019-12-01T09:50+0000",
          "age" : 6,
          "timeZone" : 3
        },
        {
          "moonPhase" : "phase1",
          "signDate" : "2019-11-30T19:15+0000",
          "sign" : "aquarius",
          "moonPhaseDate" : null,
          "date" : "2019-12-02T10:15+0000",
          "age" : 7,
          "timeZone" : 3
        },
        {
          "moonPhase" : "phase1",
          "signDate" : "2019-12-03T06:14+0000",
          "sign" : "pisces",
          "moonPhaseDate" : null,
          "date" : "2019-12-03T10:33+0000",
          "age" : 8,
          "timeZone" : 3
        },
        {
          "moonPhase" : "phase2",
          "signDate" : "2019-12-03T06:14+0000",
          "moonPhaseDate" : "2019-12-04T05:58+0000",
          "sign" : "pisces",
          "date" : "2019-12-04T10:48+0000",
          "age" : 9,
          "timeZone" : 3
        },
        {
          "moonPhase" : "phase2",
          "signDate" : "2019-12-05T18:46+0000",
          "moonPhaseDate" : "2019-12-04T05:58+0000",
          "sign" : "aries",
          "date" : "2019-12-05T11:00+0000",
          "age" : 10,
          "timeZone" : 3
        },
        {
          "moonPhase" : "phase2",
          "signDate" : "2019-12-05T18:46+0000",
          "sign" : "aries",
          "moonPhaseDate" : "2019-12-04T05:58+0000",
          "date" : "2019-12-06T11:12+0000",
          "age" : 11,
          "timeZone" : 3
        },
        {
          "moonPhase" : "phase2",
          "signDate" : "2019-12-05T18:46+0000",
          "moonPhaseDate" : "2019-12-04T05:58+0000",
          "sign" : "aries",
          "date" : "2019-12-07T11:23+0000",
          "age" : 12,
          "timeZone" : 3
        },
        {
          "moonPhase" : "phase2",
          "signDate" : "2019-12-08T06:31+0000",
          "moonPhaseDate" : "2019-12-04T05:58+0000",
          "sign" : "taurus",
          "date" : "2019-12-08T11:35+0000",
          "age" : 13,
          "timeZone" : 3
        },
        {
          "moonPhase" : "phase2",
          "signDate" : "2019-12-08T06:31+0000",
          "sign" : "taurus",
          "moonPhaseDate" : "2019-12-04T05:58+0000",
          "date" : "2019-12-09T11:49+0000",
          "age" : 14,
          "timeZone" : 3
        },
        {
          "moonPhase" : "phase2",
          "signDate" : "2019-12-10T15:49+0000",
          "sign" : "gemini",
          "moonPhaseDate" : "2019-12-04T05:58+0000",
          "date" : "2019-12-10T12:06+0000",
          "age" : 15,
          "timeZone" : 3
        },
        {
          "moonPhase" : "phase2",
          "signDate" : "2019-12-10T15:49+0000",
          "sign" : "gemini",
          "moonPhaseDate" : "2019-12-04T05:58+0000",
          "date" : "2019-12-11T12:30+0000",
          "age" : 16,
          "timeZone" : 3
        },
        {
          "moonPhase" : "fullMoon",
          "signDate" : "2019-12-10T15:49+0000",
          "sign" : "gemini",
          "moonPhaseDate" : "2019-12-12T04:12+0000",
          "date" : "2019-12-12T13:03+0000",
          "age" : 17,
          "timeZone" : 3
        },
        {
          "moonPhase" : "phase3",
          "signDate" : "2019-12-12T22:24+0000",
          "sign" : "cancer",
          "moonPhaseDate" : "2019-12-12T04:12+0000",
          "date" : "2019-12-13T13:48+0000",
          "age" : 18,
          "timeZone" : 3
        },
        {
          "moonPhase" : "phase3",
          "signDate" : "2019-12-12T22:24+0000",
          "moonPhaseDate" : "2019-12-12T04:12+0000",
          "sign" : "cancer",
          "date" : "2019-12-14T14:51+0000",
          "age" : 19,
          "timeZone" : 3
        },
        {
          "moonPhase" : "phase3",
          "signDate" : "2019-12-15T02:53+0000",
          "sign" : "leo",
          "moonPhaseDate" : "2019-12-12T04:12+0000",
          "date" : "2019-12-15T16:07+0000",
          "age" : 20,
          "timeZone" : 3
        },
        {
          "moonPhase" : "phase3",
          "signDate" : "2019-12-15T02:53+0000",
          "sign" : "leo",
          "moonPhaseDate" : "2019-12-12T04:12+0000",
          "date" : "2019-12-16T17:32+0000",
          "age" : 21,
          "timeZone" : 3
        },
        {
          "moonPhase" : "phase3",
          "signDate" : "2019-12-17T06:13+0000",
          "sign" : "virgo",
          "moonPhaseDate" : "2019-12-12T04:12+0000",
          "date" : "2019-12-17T19:00+0000",
          "age" : 22,
          "timeZone" : 3
        },
        {
          "moonPhase" : "phase3",
          "signDate" : "2019-12-17T06:13+0000",
          "sign" : "virgo",
          "moonPhaseDate" : "2019-12-12T04:12+0000",
          "date" : "2019-12-18T20:28+0000",
          "age" : 23,
          "timeZone" : 3
        },
        {
          "moonPhase" : "phase4",
          "signDate" : "2019-12-17T06:13+0000",
          "sign" : "libra",
          "moonPhaseDate" : "2019-12-19T03:57+0000",
          "date" : "2019-12-19T21:55+0000",
          "age" : 24,
          "timeZone" : 3
        },
        {
          "moonPhase" : "phase4",
          "signDate" : "2019-12-21T12:01+0000",
          "moonPhaseDate" : "2019-12-19T03:57+0000",
          "sign" : "scorpio",
          "date" : "2019-12-20T23:23+0000",
          "age" : 25,
          "timeZone" : 3
        },
        {
          "moonPhase" : "phase4",
          "signDate" : "2019-12-21T12:01+0000",
          "moonPhaseDate" : "2019-12-19T03:57+0000",
          "sign" : "scorpio",
          "date" : "2019-12-22T00:50+0000",
          "age" : 26,
          "timeZone" : 3
        },
        {
          "moonPhase" : "phase4",
          "signDate" : "2019-12-23T15:37+0000",
          "sign" : "sagittarius",
          "moonPhaseDate" : "2019-12-19T03:57+0000",
          "date" : "2019-12-23T02:17+0000",
          "age" : 27,
          "timeZone" : 3
        },
        {
          "moonPhase" : "phase4",
          "signDate" : "2019-12-23T15:37+0000",
          "sign" : "sagittarius",
          "moonPhaseDate" : "2019-12-19T03:57+0000",
          "date" : "2019-12-24T03:42+0000",
          "age" : 28,
          "timeZone" : 3
        },
        {
          "moonPhase" : "phase4",
          "signDate" : "2019-12-25T20:46+0000",
          "moonPhaseDate" : "2019-12-19T03:57+0000",
          "sign" : "capricorn",
          "date" : "2019-12-25T05:02+0000",
          "age" : 29,
          "timeZone" : 3
        },
        {
          "moonPhase" : "newMoon",
          "signDate" : "2019-12-25T20:46+0000",
          "sign" : "capricorn",
          "moonPhaseDate" : "2019-12-26T04:13+0000",
          "date" : "2019-12-26T04:13+0000",
          "age" : 1,
          "timeZone" : 3
        },
        {
          "moonPhase" : "newMoon",
          "signDate" : "2019-12-25T20:46+0000",
          "sign" : "capricorn",
          "moonPhaseDate" : "2019-12-26T04:13+0000",
          "date" : "2019-12-26T06:12+0000",
          "age" : 2,
          "timeZone" : 3
        },
        {
          "moonPhase" : "phase1",
          "signDate" : "2019-12-25T20:46+0000",
          "sign" : "capricorn",
          "moonPhaseDate" : "2019-12-26T04:13+0000",
          "date" : "2019-12-27T07:06+0000",
          "age" : 3,
          "timeZone" : 3
        },
        {
          "moonPhase" : "phase1",
          "signDate" : "2019-12-28T04:21+0000",
          "sign" : "aquarius",
          "moonPhaseDate" : "2019-12-26T04:13+0000",
          "date" : "2019-12-28T07:48+0000",
          "age" : 4,
          "timeZone" : 3
        },
        {
          "moonPhase" : "phase1",
          "signDate" : "2019-12-28T04:21+0000",
          "moonPhaseDate" : "2019-12-26T04:13+0000",
          "sign" : "aquarius",
          "date" : "2019-12-29T08:17+0000",
          "age" : 5,
          "timeZone" : 3
        },
        {
          "moonPhase" : "phase1",
          "signDate" : "2019-12-30T14:43+0000",
          "sign" : "pisces",
          "moonPhaseDate" : "2019-12-26T04:13+0000",
          "date" : "2019-12-30T08:38+0000",
          "age" : 6,
          "timeZone" : 3
        },
        {
          "moonPhase" : "phase1",
          "signDate" : "2019-12-30T14:43+0000",
          "sign" : "pisces",
          "moonPhaseDate" : "2019-12-26T04:13+0000",
          "date" : "2019-12-31T08:55+0000",
          "age" : 7,
          "timeZone" : 3
        },
        {
          "moonPhase" : "phase1",
          "signDate" : "2019-12-30T14:43+0000",
          "sign" : "pisces",
          "moonPhaseDate" : null,
          "date" : "2020-01-01T09:08+0000",
          "age" : 8,
          "timeZone" : 3
        },
        {
          "moonPhase" : "phase1",
          "signDate" : "2020-01-02T03:01+0000",
          "sign" : "aries",
          "moonPhaseDate" : null,
          "date" : "2020-01-02T09:19+0000",
          "age" : 9,
          "timeZone" : 3
        },
        {
          "moonPhase" : "phase2",
          "signDate" : "2020-01-02T03:01+0000",
          "sign" : "aries",
          "moonPhaseDate" : "2020-01-03T03:45+0000",
          "date" : "2020-01-03T09:30+0000",
          "age" : 10,
          "timeZone" : 3
        },
        {
          "moonPhase" : "phase2",
          "signDate" : "2020-01-04T15:15+0000",
          "sign" : "taurus",
          "moonPhaseDate" : "2020-01-03T03:45+0000",
          "date" : "2020-01-04T09:42+0000",
          "age" : 11,
          "timeZone" : 3
        },
        {
          "moonPhase" : "phase2",
          "signDate" : "2020-01-04T15:15+0000",
          "sign" : "taurus",
          "moonPhaseDate" : "2020-01-03T03:45+0000",
          "date" : "2020-01-05T09:54+0000",
          "age" : 12,
          "timeZone" : 3
        },
        {
          "moonPhase" : "phase2",
          "signDate" : "2020-01-04T15:15+0000",
          "sign" : "taurus",
          "moonPhaseDate" : "2020-01-03T03:45+0000",
          "date" : "2020-01-06T10:10+0000",
          "age" : 13,
          "timeZone" : 3
        },
        {
          "moonPhase" : "phase2",
          "signDate" : "2020-01-07T01:13+0000",
          "sign" : "gemini",
          "moonPhaseDate" : "2020-01-03T03:45+0000",
          "date" : "2020-01-07T10:30+0000",
          "age" : 14,
          "timeZone" : 3
        },
        {
          "moonPhase" : "phase2",
          "signDate" : "2020-01-07T01:13+0000",
          "sign" : "gemini",
          "moonPhaseDate" : "2020-01-03T03:45+0000",
          "date" : "2020-01-08T10:58+0000",
          "age" : 15,
          "timeZone" : 3
        },
        {
          "moonPhase" : "phase2",
          "signDate" : "2020-01-09T07:45+0000",
          "moonPhaseDate" : "2020-01-03T03:45+0000",
          "sign" : "cancer",
          "date" : "2020-01-09T11:37+0000",
          "age" : 16,
          "timeZone" : 3
        },
        {
          "moonPhase" : "fullMoon",
          "signDate" : "2020-01-09T07:45+0000",
          "sign" : "cancer",
          "moonPhaseDate" : "2020-01-10T18:21+0000",
          "date" : "2020-01-10T12:33+0000",
          "age" : 17,
          "timeZone" : 3
        },
        {
          "moonPhase" : "phase3",
          "signDate" : "2020-01-11T11:16+0000",
          "moonPhaseDate" : "2020-01-10T18:21+0000",
          "sign" : "leo",
          "date" : "2020-01-11T13:46+0000",
          "age" : 18,
          "timeZone" : 3
        },
        {
          "moonPhase" : "phase3",
          "signDate" : "2020-01-11T11:16+0000",
          "sign" : "leo",
          "moonPhaseDate" : "2020-01-10T18:21+0000",
          "date" : "2020-01-12T15:10+0000",
          "age" : 19,
          "timeZone" : 3
        },
        {
          "moonPhase" : "phase3",
          "signDate" : "2020-01-13T13:05+0000",
          "sign" : "virgo",
          "moonPhaseDate" : "2020-01-10T18:21+0000",
          "date" : "2020-01-13T16:41+0000",
          "age" : 20,
          "timeZone" : 3
        },
        {
          "moonPhase" : "phase3",
          "signDate" : "2020-01-13T13:05+0000",
          "sign" : "virgo",
          "moonPhaseDate" : "2020-01-10T18:21+0000",
          "date" : "2020-01-14T18:12+0000",
          "age" : 21,
          "timeZone" : 3
        },
        {
          "moonPhase" : "phase3",
          "signDate" : "2020-01-15T14:42+0000",
          "sign" : "libra",
          "moonPhaseDate" : "2020-01-10T18:21+0000",
          "date" : "2020-01-15T19:41+0000",
          "age" : 22,
          "timeZone" : 3
        },
        {
          "moonPhase" : "phase4",
          "signDate" : "2020-01-17T17:21+0000",
          "sign" : "scorpio",
          "moonPhaseDate" : "2020-01-17T11:58+0000",
          "date" : "2020-01-16T21:09+0000",
          "age" : 23,
          "timeZone" : 3
        },
        {
          "moonPhase" : "phase4",
          "signDate" : "2020-01-17T17:21+0000",
          "sign" : "scorpio",
          "moonPhaseDate" : "2020-01-17T11:58+0000",
          "date" : "2020-01-17T22:36+0000",
          "age" : 24,
          "timeZone" : 3
        },
        {
          "moonPhase" : "phase4",
          "signDate" : "2020-01-17T17:21+0000",
          "sign" : "scorpio",
          "moonPhaseDate" : "2020-01-17T11:58+0000",
          "date" : "2020-01-19T00:02+0000",
          "age" : 25,
          "timeZone" : 3
        },
        {
          "moonPhase" : "phase4",
          "signDate" : "2020-01-19T21:43+0000",
          "moonPhaseDate" : "2020-01-17T11:58+0000",
          "sign" : "sagittarius",
          "date" : "2020-01-20T01:27+0000",
          "age" : 26,
          "timeZone" : 3
        },
        {
          "moonPhase" : "phase4",
          "signDate" : "2020-01-19T21:43+0000",
          "sign" : "sagittarius",
          "moonPhaseDate" : "2020-01-17T11:58+0000",
          "date" : "2020-01-21T02:47+0000",
          "age" : 27,
          "timeZone" : 3
        },
        {
          "moonPhase" : "phase4",
          "signDate" : "2020-01-22T04:02+0000",
          "sign" : "capricorn",
          "moonPhaseDate" : "2020-01-17T11:58+0000",
          "date" : "2020-01-22T03:59+0000",
          "age" : 28,
          "timeZone" : 3
        },
        {
          "moonPhase" : "phase4",
          "signDate" : "2020-01-22T04:02+0000",
          "sign" : "capricorn",
          "moonPhaseDate" : "2020-01-17T11:58+0000",
          "date" : "2020-01-23T04:59+0000",
          "age" : 29,
          "timeZone" : 3
        },
        {
          "moonPhase" : "newMoon",
          "signDate" : "2020-01-24T12:22+0000",
          "sign" : "aquarius",
          "moonPhaseDate" : "2020-01-24T20:42+0000",
          "date" : "2020-01-24T05:45+0000",
          "age" : 30,
          "timeZone" : 3
        },
        {
          "moonPhase" : "newMoon",
          "signDate" : "2020-01-24T12:22+0000",
          "sign" : "aquarius",
          "moonPhaseDate" : "2020-01-24T20:42+0000",
          "date" : "2020-01-24T20:42+0000",
          "age" : 1,
          "timeZone" : 3
        },
        {
          "moonPhase" : "phase1",
          "signDate" : "2020-01-24T12:22+0000",
          "moonPhaseDate" : "2020-01-24T20:42+0000",
          "sign" : "aquarius",
          "date" : "2020-01-25T06:18+0000",
          "age" : 2,
          "timeZone" : 3
        },
        {
          "moonPhase" : "phase1",
          "signDate" : "2020-01-24T12:22+0000",
          "sign" : "aquarius",
          "moonPhaseDate" : "2020-01-24T20:42+0000",
          "date" : "2020-01-26T06:42+0000",
          "age" : 3,
          "timeZone" : 3
        },
        {
          "moonPhase" : "phase1",
          "signDate" : "2020-01-26T22:45+0000",
          "sign" : "pisces",
          "moonPhaseDate" : "2020-01-24T20:42+0000",
          "date" : "2020-01-27T07:00+0000",
          "age" : 4,
          "timeZone" : 3
        },
        {
          "moonPhase" : "phase1",
          "signDate" : "2020-01-26T22:45+0000",
          "sign" : "pisces",
          "moonPhaseDate" : "2020-01-24T20:42+0000",
          "date" : "2020-01-28T07:15+0000",
          "age" : 5,
          "timeZone" : 3
        },
        {
          "moonPhase" : "phase1",
          "signDate" : "2020-01-29T10:51+0000",
          "sign" : "aries",
          "moonPhaseDate" : "2020-01-24T20:42+0000",
          "date" : "2020-01-29T07:27+0000",
          "age" : 6,
          "timeZone" : 3
        },
        {
          "moonPhase" : "phase1",
          "signDate" : "2020-01-29T10:51+0000",
          "sign" : "aries",
          "moonPhaseDate" : "2020-01-24T20:42+0000",
          "date" : "2020-01-30T07:38+0000",
          "age" : 7,
          "timeZone" : 3
        },
        {
          "moonPhase" : "phase1",
          "signDate" : "2020-01-29T10:51+0000",
          "moonPhaseDate" : "2020-01-24T20:42+0000",
          "sign" : "aries",
          "date" : "2020-01-31T07:49+0000",
          "age" : 8,
          "timeZone" : 3
        },
        {
          "moonPhase" : "phase1",
          "signDate" : "2020-01-29T10:51+0000",
          "sign" : "aries",
          "moonPhaseDate" : "2020-01-24T20:42+0000",
          "date" : "2020-01-31T07:49+0000",
          "age" : 8,
          "timeZone" : 3
        }
      ],
      "cityName" : "Рига",
      "timeZone" : 3
    }
  ]
}