{
  "cities" : [
    {
      "moonDays" : [
        {
          "moonPhaseDate" : null,
          "sign" : "aries",
          "signDate" : "2019-05-01T10:23+0000",
          "date" : "2019-04-30T23:39+0000",
          "moonPhase" : null,
          "timeZone" : 5,
          "age" : 26
        },
        {
          "moonPhaseDate" : null,
          "sign" : "aries",
          "signDate" : "2019-05-01T10:23+0000",
          "date" : "2019-05-02T00:07+0000",
          "moonPhase" : null,
          "timeZone" : 5,
          "age" : 27
        },
        {
          "moonPhaseDate" : null,
          "sign" : "aries",
          "signDate" : "2019-05-01T10:23+0000",
          "date" : "2019-05-03T00:35+0000",
          "moonPhase" : null,
          "timeZone" : 5,
          "age" : 28
        },
        {
          "moonPhaseDate" : null,
          "sign" : "taurus",
          "signDate" : "2019-05-03T20:21+0000",
          "date" : "2019-05-04T01:04+0000",
          "moonPhase" : null,
          "timeZone" : 5,
          "age" : 29
        },
        {
          "moonPhaseDate" : "2019-05-04T22:45+0000",
          "sign" : "taurus",
          "signDate" : "2019-05-03T20:21+0000",
          "date" : "2019-05-04T22:45+0000",
          "moonPhase" : "newMoon",
          "timeZone" : 5,
          "age" : 1
        },
        {
          "moonPhaseDate" : "2019-05-04T22:45+0000",
          "sign" : "taurus",
          "signDate" : "2019-05-03T20:21+0000",
          "date" : "2019-05-05T01:35+0000",
          "moonPhase" : "newMoon",
          "timeZone" : 5,
          "age" : 2
        },
        {
          "moonPhaseDate" : "2019-05-04T22:45+0000",
          "sign" : "gemini",
          "signDate" : "2019-05-06T03:42+0000",
          "date" : "2019-05-06T02:11+0000",
          "moonPhase" : "phase1",
          "timeZone" : 5,
          "age" : 3
        },
        {
          "moonPhaseDate" : "2019-05-04T22:45+0000",
          "sign" : "gemini",
          "signDate" : "2019-05-06T03:42+0000",
          "date" : "2019-05-07T02:52+0000",
          "moonPhase" : "phase1",
          "timeZone" : 5,
          "age" : 4
        },
        {
          "moonPhaseDate" : "2019-05-04T22:45+0000",
          "sign" : "cancer",
          "signDate" : "2019-05-08T09:05+0000",
          "date" : "2019-05-08T03:39+0000",
          "moonPhase" : "phase1",
          "timeZone" : 5,
          "age" : 5
        },
        {
          "moonPhaseDate" : "2019-05-04T22:45+0000",
          "sign" : "cancer",
          "signDate" : "2019-05-08T09:05+0000",
          "date" : "2019-05-09T04:33+0000",
          "moonPhase" : "phase1",
          "timeZone" : 5,
          "age" : 6
        },
        {
          "moonPhaseDate" : "2019-05-04T22:45+0000",
          "sign" : "leo",
          "signDate" : "2019-05-10T13:12+0000",
          "date" : "2019-05-10T05:34+0000",
          "moonPhase" : "phase1",
          "timeZone" : 5,
          "age" : 7
        },
        {
          "moonPhaseDate" : "2019-05-04T22:45+0000",
          "sign" : "leo",
          "signDate" : "2019-05-10T13:12+0000",
          "date" : "2019-05-11T06:40+0000",
          "moonPhase" : "phase1",
          "timeZone" : 5,
          "age" : 8
        },
        {
          "moonPhaseDate" : "2019-05-12T01:12+0000",
          "sign" : "virgo",
          "signDate" : "2019-05-12T16:23+0000",
          "date" : "2019-05-12T07:48+0000",
          "moonPhase" : "phase2",
          "timeZone" : 5,
          "age" : 9
        },
        {
          "moonPhaseDate" : "2019-05-12T01:12+0000",
          "sign" : "virgo",
          "signDate" : "2019-05-12T16:23+0000",
          "date" : "2019-05-13T08:58+0000",
          "moonPhase" : "phase2",
          "timeZone" : 5,
          "age" : 10
        },
        {
          "moonPhaseDate" : "2019-05-12T01:12+0000",
          "sign" : "libra",
          "signDate" : "2019-05-14T18:53+0000",
          "date" : "2019-05-14T10:07+0000",
          "moonPhase" : "phase2",
          "timeZone" : 5,
          "age" : 11
        },
        {
          "moonPhaseDate" : "2019-05-12T01:12+0000",
          "sign" : "libra",
          "signDate" : "2019-05-14T18:53+0000",
          "date" : "2019-05-15T11:16+0000",
          "moonPhase" : "phase2",
          "timeZone" : 5,
          "age" : 12
        },
        {
          "moonPhaseDate" : "2019-05-12T01:12+0000",
          "sign" : "libra",
          "signDate" : "2019-05-14T18:53+0000",
          "date" : "2019-05-16T12:25+0000",
          "moonPhase" : "phase2",
          "timeZone" : 5,
          "age" : 13
        },
        {
          "moonPhaseDate" : "2019-05-12T01:12+0000",
          "sign" : "scorpio",
          "signDate" : "2019-05-16T21:25+0000",
          "date" : "2019-05-17T13:33+0000",
          "moonPhase" : "phase2",
          "timeZone" : 5,
          "age" : 14
        },
        {
          "moonPhaseDate" : "2019-05-12T01:12+0000",
          "sign" : "scorpio",
          "signDate" : "2019-05-16T21:25+0000",
          "date" : "2019-05-18T14:40+0000",
          "moonPhase" : "phase2",
          "timeZone" : 5,
          "age" : 15
        },
        {
          "moonPhaseDate" : "2019-05-18T21:11+0000",
          "sign" : "sagittarius",
          "signDate" : "2019-05-19T01:19+0000",
          "date" : "2019-05-19T15:46+0000",
          "moonPhase" : "fullMoon",
          "timeZone" : 5,
          "age" : 16
        },
        {
          "moonPhaseDate" : "2019-05-18T21:11+0000",
          "sign" : "sagittarius",
          "signDate" : "2019-05-19T01:19+0000",
          "date" : "2019-05-20T16:49+0000",
          "moonPhase" : "phase3",
          "timeZone" : 5,
          "age" : 17
        },
        {
          "moonPhaseDate" : "2019-05-18T21:11+0000",
          "sign" : "capricorn",
          "signDate" : "2019-05-21T07:56+0000",
          "date" : "2019-05-21T17:47+0000",
          "moonPhase" : "phase3",
          "timeZone" : 5,
          "age" : 18
        },
        {
          "moonPhaseDate" : "2019-05-18T21:11+0000",
          "sign" : "capricorn",
          "signDate" : "2019-05-21T07:56+0000",
          "date" : "2019-05-22T18:39+0000",
          "moonPhase" : "phase3",
          "timeZone" : 5,
          "age" : 19
        },
        {
          "moonPhaseDate" : "2019-05-18T21:11+0000",
          "sign" : "aquarius",
          "signDate" : "2019-05-21T07:56+0000",
          "date" : "2019-05-23T19:25+0000",
          "moonPhase" : "phase3",
          "timeZone" : 5,
          "age" : 20
        },
        {
          "moonPhaseDate" : "2019-05-18T21:11+0000",
          "sign" : "aquarius",
          "signDate" : "2019-05-21T07:56+0000",
          "date" : "2019-05-24T20:05+0000",
          "moonPhase" : "phase3",
          "timeZone" : 5,
          "age" : 21
        },
        {
          "moonPhaseDate" : "2019-05-26T16:33+0000",
          "sign" : "pisces",
          "signDate" : "2019-05-26T06:07+0000",
          "date" : "2019-05-25T20:40+0000",
          "moonPhase" : "phase4",
          "timeZone" : 5,
          "age" : 22
        },
        {
          "moonPhaseDate" : "2019-05-26T16:33+0000",
          "sign" : "pisces",
          "signDate" : "2019-05-26T06:07+0000",
          "date" : "2019-05-26T21:12+0000",
          "moonPhase" : "phase4",
          "timeZone" : 5,
          "age" : 23
        },
        {
          "moonPhaseDate" : "2019-05-26T16:33+0000",
          "sign" : "aries",
          "signDate" : "2019-05-28T18:29+0000",
          "date" : "2019-05-27T21:41+0000",
          "moonPhase" : "phase4",
          "timeZone" : 5,
          "age" : 24
        },
        {
          "moonPhaseDate" : "2019-05-26T16:33+0000",
          "sign" : "aries",
          "signDate" : "2019-05-28T18:29+0000",
          "date" : "2019-05-28T22:08+0000",
          "moonPhase" : "phase4",
          "timeZone" : 5,
          "age" : 25
        },
        {
          "moonPhaseDate" : "2019-05-26T16:33+0000",
          "sign" : "aries",
          "signDate" : "2019-05-28T18:29+0000",
          "date" : "2019-05-29T22:36+0000",
          "moonPhase" : "phase4",
          "timeZone" : 5,
          "age" : 26
        },
        {
          "moonPhaseDate" : "2019-05-26T16:33+0000",
          "sign" : "taurus",
          "signDate" : "2019-05-31T04:44+0000",
          "date" : "2019-05-30T23:04+0000",
          "moonPhase" : "phase4",
          "timeZone" : 5,
          "age" : 27
        },
        {
          "moonPhaseDate" : null,
          "sign" : "taurus",
          "signDate" : "2019-05-31T04:44+0000",
          "date" : "2019-05-31T23:34+0000",
          "moonPhase" : "phase4",
          "timeZone" : 5,
          "age" : 28
        },
        {
          "moonPhaseDate" : null,
          "sign" : "gemini",
          "signDate" : "2019-06-02T11:51+0000",
          "date" : "2019-06-02T00:08+0000",
          "moonPhase" : "phase4",
          "timeZone" : 5,
          "age" : 29
        },
        {
          "moonPhaseDate" : "2019-06-03T10:02+0000",
          "sign" : "gemini",
          "signDate" : "2019-06-02T11:51+0000",
          "date" : "2019-06-03T00:46+0000",
          "moonPhase" : "newMoon",
          "timeZone" : 5,
          "age" : 30
        },
        {
          "moonPhaseDate" : "2019-06-03T10:02+0000",
          "sign" : "gemini",
          "signDate" : "2019-06-02T11:51+0000",
          "date" : "2019-06-03T10:02+0000",
          "moonPhase" : "newMoon",
          "timeZone" : 5,
          "age" : 1
        },
        {
          "moonPhaseDate" : "2019-06-03T10:02+0000",
          "sign" : "cancer",
          "signDate" : "2019-06-04T16:18+0000",
          "date" : "2019-06-04T01:32+0000",
          "moonPhase" : "phase1",
          "timeZone" : 5,
          "age" : 2
        },
        {
          "moonPhaseDate" : "2019-06-03T10:02+0000",
          "sign" : "cancer",
          "signDate" : "2019-06-04T16:18+0000",
          "date" : "2019-06-05T02:25+0000",
          "moonPhase" : "phase1",
          "timeZone" : 5,
          "age" : 3
        },
        {
          "moonPhaseDate" : "2019-06-03T10:02+0000",
          "sign" : "cancer",
          "signDate" : "2019-06-04T16:18+0000",
          "date" : "2019-06-06T03:25+0000",
          "moonPhase" : "phase1",
          "timeZone" : 5,
          "age" : 4
        },
        {
          "moonPhaseDate" : "2019-06-03T10:02+0000",
          "sign" : "leo",
          "signDate" : "2019-06-06T19:14+0000",
          "date" : "2019-06-07T04:31+0000",
          "moonPhase" : "phase1",
          "timeZone" : 5,
          "age" : 5
        },
        {
          "moonPhaseDate" : "2019-06-03T10:02+0000",
          "sign" : "leo",
          "signDate" : "2019-06-06T19:14+0000",
          "date" : "2019-06-08T05:40+0000",
          "moonPhase" : "phase1",
          "timeZone" : 5,
          "age" : 6
        },
        {
          "moonPhaseDate" : "2019-06-03T10:02+0000",
          "sign" : "virgo",
          "signDate" : "2019-06-08T21:43+0000",
          "date" : "2019-06-09T06:50+0000",
          "moonPhase" : "phase1",
          "timeZone" : 5,
          "age" : 7
        },
        {
          "moonPhaseDate" : "2019-06-10T05:59+0000",
          "sign" : "virgo",
          "signDate" : "2019-06-08T21:43+0000",
          "date" : "2019-06-10T07:59+0000",
          "moonPhase" : "phase2",
          "timeZone" : 5,
          "age" : 8
        },
        {
          "moonPhaseDate" : "2019-06-10T05:59+0000",
          "sign" : "libra",
          "signDate" : "2019-06-11T00:30+0000",
          "date" : "2019-06-11T09:07+0000",
          "moonPhase" : "phase2",
          "timeZone" : 5,
          "age" : 9
        },
        {
          "moonPhaseDate" : "2019-06-10T05:59+0000",
          "sign" : "libra",
          "signDate" : "2019-06-11T00:30+0000",
          "date" : "2019-06-12T10:14+0000",
          "moonPhase" : "phase2",
          "timeZone" : 5,
          "age" : 10
        },
        {
          "moonPhaseDate" : "2019-06-10T05:59+0000",
          "sign" : "scorpio",
          "signDate" : "2019-06-13T04:03+0000",
          "date" : "2019-06-13T11:21+0000",
          "moonPhase" : "phase2",
          "timeZone" : 5,
          "age" : 11
        },
        {
          "moonPhaseDate" : "2019-06-10T05:59+0000",
          "sign" : "scorpio",
          "signDate" : "2019-06-13T04:03+0000",
          "date" : "2019-06-14T12:27+0000",
          "moonPhase" : "phase2",
          "timeZone" : 5,
          "age" : 12
        },
        {
          "moonPhaseDate" : "2019-06-10T05:59+0000",
          "sign" : "sagittarius",
          "signDate" : "2019-06-15T09:01+0000",
          "date" : "2019-06-15T13:32+0000",
          "moonPhase" : "phase2",
          "timeZone" : 5,
          "age" : 13
        },
        {
          "moonPhaseDate" : "2019-06-10T05:59+0000",
          "sign" : "sagittarius",
          "signDate" : "2019-06-15T09:01+0000",
          "date" : "2019-06-16T14:36+0000",
          "moonPhase" : "phase2",
          "timeZone" : 5,
          "age" : 14
        },
        {
          "moonPhaseDate" : "2019-06-17T08:31+0000",
          "sign" : "capricorn",
          "signDate" : "2019-06-17T16:11+0000",
          "date" : "2019-06-17T15:35+0000",
          "moonPhase" : "fullMoon",
          "timeZone" : 5,
          "age" : 15
        },
        {
          "moonPhaseDate" : "2019-06-17T08:31+0000",
          "sign" : "capricorn",
          "signDate" : "2019-06-17T16:11+0000",
          "date" : "2019-06-18T16:30+0000",
          "moonPhase" : "phase3",
          "timeZone" : 5,
          "age" : 16
        },
        {
          "moonPhaseDate" : "2019-06-17T08:31+0000",
          "sign" : "capricorn",
          "signDate" : "2019-06-17T16:11+0000",
          "date" : "2019-06-19T17:19+0000",
          "moonPhase" : "phase3",
          "timeZone" : 5,
          "age" : 17
        },
        {
          "moonPhaseDate" : "2019-06-17T08:31+0000",
          "sign" : "aquarius",
          "signDate" : "2019-06-20T02:01+0000",
          "date" : "2019-06-20T18:02+0000",
          "moonPhase" : "phase3",
          "timeZone" : 5,
          "age" : 18
        },
        {
          "moonPhaseDate" : "2019-06-17T08:31+0000",
          "sign" : "aquarius",
          "signDate" : "2019-06-20T02:01+0000",
          "date" : "2019-06-21T18:39+0000",
          "moonPhase" : "phase3",
          "timeZone" : 5,
          "age" : 19
        },
        {
          "moonPhaseDate" : "2019-06-17T08:31+0000",
          "sign" : "pisces",
          "signDate" : "2019-06-20T02:01+0000",
          "date" : "2019-06-22T19:12+0000",
          "moonPhase" : "phase3",
          "timeZone" : 5,
          "age" : 20
        },
        {
          "moonPhaseDate" : "2019-06-17T08:31+0000",
          "sign" : "pisces",
          "signDate" : "2019-06-20T02:01+0000",
          "date" : "2019-06-23T19:42+0000",
          "moonPhase" : "phase3",
          "timeZone" : 5,
          "age" : 21
        },
        {
          "moonPhaseDate" : "2019-06-25T09:46+0000",
          "sign" : "aries",
          "signDate" : "2019-06-25T02:34+0000",
          "date" : "2019-06-24T20:10+0000",
          "moonPhase" : "phase4",
          "timeZone" : 5,
          "age" : 22
        },
        {
          "moonPhaseDate" : "2019-06-25T09:46+0000",
          "sign" : "aries",
          "signDate" : "2019-06-25T02:34+0000",
          "date" : "2019-06-25T20:37+0000",
          "moonPhase" : "phase4",
          "timeZone" : 5,
          "age" : 23
        },
        {
          "moonPhaseDate" : "2019-06-25T09:46+0000",
          "sign" : "taurus",
          "signDate" : "2019-06-27T13:30+0000",
          "date" : "2019-06-26T21:03+0000",
          "moonPhase" : "phase4",
          "timeZone" : 5,
          "age" : 24
        },
        {
          "moonPhaseDate" : "2019-06-25T09:46+0000",
          "sign" : "taurus",
          "signDate" : "2019-06-27T13:30+0000",
          "date" : "2019-06-27T21:33+0000",
          "moonPhase" : "phase4",
          "timeZone" : 5,
          "age" : 25
        },
        {
          "moonPhaseDate" : "2019-06-25T09:46+0000",
          "sign" : "taurus",
          "signDate" : "2019-06-27T13:30+0000",
          "date" : "2019-06-28T22:04+0000",
          "moonPhase" : "phase4",
          "timeZone" : 5,
          "age" : 26
        },
        {
          "moonPhaseDate" : "2019-06-25T09:46+0000",
          "sign" : "gemini",
          "signDate" : "2019-06-29T21:10+0000",
          "date" : "2019-06-29T22:40+0000",
          "moonPhase" : "phase4",
          "timeZone" : 5,
          "age" : 27
        },
        {
          "moonPhaseDate" : null,
          "sign" : "gemini",
          "signDate" : "2019-06-29T21:10+0000",
          "date" : "2019-06-30T23:21+0000",
          "moonPhase" : "phase4",
          "timeZone" : 5,
          "age" : 28
        },
        {
          "moonPhaseDate" : null,
          "sign" : "cancer",
          "signDate" : "2019-07-02T01:26+0000",
          "date" : "2019-07-02T00:12+0000",
          "moonPhase" : "phase4",
          "timeZone" : 5,
          "age" : 29
        },
        {
          "moonPhaseDate" : "2019-07-02T19:16+0000",
          "sign" : "cancer",
          "signDate" : "2019-07-02T01:26+0000",
          "date" : "2019-07-02T19:16+0000",
          "moonPhase" : "newMoon",
          "timeZone" : 5,
          "age" : 1
        },
        {
          "moonPhaseDate" : "2019-07-02T19:16+0000",
          "sign" : "cancer",
          "signDate" : "2019-07-02T01:26+0000",
          "date" : "2019-07-03T01:10+0000",
          "moonPhase" : "newMoon",
          "timeZone" : 5,
          "age" : 2
        },
        {
          "moonPhaseDate" : "2019-07-02T19:16+0000",
          "sign" : "leo",
          "signDate" : "2019-07-04T03:21+0000",
          "date" : "2019-07-04T02:15+0000",
          "moonPhase" : "phase1",
          "timeZone" : 5,
          "age" : 3
        },
        {
          "moonPhaseDate" : "2019-07-02T19:16+0000",
          "sign" : "leo",
          "signDate" : "2019-07-04T03:21+0000",
          "date" : "2019-07-05T03:25+0000",
          "moonPhase" : "phase1",
          "timeZone" : 5,
          "age" : 4
        },
        {
          "moonPhaseDate" : "2019-07-02T19:16+0000",
          "sign" : "virgo",
          "signDate" : "2019-07-06T04:25+0000",
          "date" : "2019-07-06T04:37+0000",
          "moonPhase" : "phase1",
          "timeZone" : 5,
          "age" : 5
        },
        {
          "moonPhaseDate" : "2019-07-02T19:16+0000",
          "sign" : "virgo",
          "signDate" : "2019-07-06T04:25+0000",
          "date" : "2019-07-07T05:49+0000",
          "moonPhase" : "phase1",
          "timeZone" : 5,
          "age" : 6
        },
        {
          "moonPhaseDate" : "2019-07-02T19:16+0000",
          "sign" : "libra",
          "signDate" : "2019-07-08T06:07+0000",
          "date" : "2019-07-08T06:59+0000",
          "moonPhase" : "phase1",
          "timeZone" : 5,
          "age" : 7
        },
        {
          "moonPhaseDate" : "2019-07-09T10:55+0000",
          "sign" : "libra",
          "signDate" : "2019-07-08T06:07+0000",
          "date" : "2019-07-09T08:07+0000",
          "moonPhase" : "phase2",
          "timeZone" : 5,
          "age" : 8
        },
        {
          "moonPhaseDate" : "2019-07-09T10:55+0000",
          "sign" : "scorpio",
          "signDate" : "2019-07-10T09:28+0000",
          "date" : "2019-07-10T09:13+0000",
          "moonPhase" : "phase2",
          "timeZone" : 5,
          "age" : 9
        },
        {
          "moonPhaseDate" : "2019-07-09T10:55+0000",
          "sign" : "scorpio",
          "signDate" : "2019-07-10T09:28+0000",
          "date" : "2019-07-11T10:19+0000",
          "moonPhase" : "phase2",
          "timeZone" : 5,
          "age" : 10
        },
        {
          "moonPhaseDate" : "2019-07-09T10:55+0000",
          "sign" : "sagittarius",
          "signDate" : "2019-07-12T15:04+0000",
          "date" : "2019-07-12T11:24+0000",
          "moonPhase" : "phase2",
          "timeZone" : 5,
          "age" : 11
        },
        {
          "moonPhaseDate" : "2019-07-09T10:55+0000",
          "sign" : "sagittarius",
          "signDate" : "2019-07-12T15:04+0000",
          "date" : "2019-07-13T12:27+0000",
          "moonPhase" : "phase2",
          "timeZone" : 5,
          "age" : 12
        },
        {
          "moonPhaseDate" : "2019-07-09T10:55+0000",
          "sign" : "sagittarius",
          "signDate" : "2019-07-12T15:04+0000",
          "date" : "2019-07-14T13:27+0000",
          "moonPhase" : "phase2",
          "timeZone" : 5,
          "age" : 13
        },
        {
          "moonPhaseDate" : "2019-07-09T10:55+0000",
          "sign" : "capricorn",
          "signDate" : "2019-07-14T23:03+0000",
          "date" : "2019-07-15T14:23+0000",
          "moonPhase" : "phase2",
          "timeZone" : 5,
          "age" : 14
        },
        {
          "moonPhaseDate" : "2019-07-09T10:55+0000",
          "sign" : "capricorn",
          "signDate" : "2019-07-14T23:03+0000",
          "date" : "2019-07-16T15:14+0000",
          "moonPhase" : "phase2",
          "timeZone" : 5,
          "age" : 15
        },
        {
          "moonPhaseDate" : "2019-07-16T21:38+0000",
          "sign" : "aquarius",
          "signDate" : "2019-07-17T09:18+0000",
          "date" : "2019-07-17T15:59+0000",
          "moonPhase" : "fullMoon",
          "timeZone" : 5,
          "age" : 16
        },
        {
          "moonPhaseDate" : "2019-07-16T21:38+0000",
          "sign" : "aquarius",
          "signDate" : "2019-07-17T09:18+0000",
          "date" : "2019-07-18T16:38+0000",
          "moonPhase" : "phase3",
          "timeZone" : 5,
          "age" : 17
        },
        {
          "moonPhaseDate" : "2019-07-16T21:38+0000",
          "signDate" : "2019-07-17T09:18+0000",
          "moonPhase" : "phase3",
          "date" : "2019-07-19T17:13+0000",
          "sign" : "aquarius",
          "age" : 18,
          "timeZone" : 5
        },
        {
          "moonPhaseDate" : "2019-07-16T21:38+0000",
          "timeZone" : 5,
          "sign" : "pisces",
          "age" : 19,
          "signDate" : "2019-07-19T21:19+0000",
          "moonPhase" : "phase3",
          "date" : "2019-07-20T17:44+0000"
        },
        {
          "signDate" : "2019-07-19T21:19+0000",
          "moonPhaseDate" : "2019-07-16T21:38+0000",
          "moonPhase" : "phase3",
          "timeZone" : 5,
          "sign" : "pisces",
          "age" : 20,
          "date" : "2019-07-21T18:12+0000"
        },
        {
          "signDate" : "2019-07-22T10:01+0000",
          "moonPhaseDate" : "2019-07-16T21:38+0000",
          "moonPhase" : "phase3",
          "sign" : "aries",
          "age" : 21,
          "timeZone" : 5,
          "date" : "2019-07-22T18:39+0000"
        },
        {
          "signDate" : "2019-07-22T10:01+0000",
          "moonPhaseDate" : "2019-07-16T21:38+0000",
          "moonPhase" : "phase3",
          "sign" : "aries",
          "age" : 22,
          "date" : "2019-07-23T19:05+0000",
          "timeZone" : 5
        },
        {
          "signDate" : "2019-07-24T21:40+0000",
          "moonPhaseDate" : "2019-07-25T01:18+0000",
          "moonPhase" : "phase4",
          "sign" : "taurus",
          "age" : 23,
          "timeZone" : 5,
          "date" : "2019-07-24T19:33+0000"
        },
        {
          "signDate" : "2019-07-24T21:40+0000",
          "moonPhaseDate" : "2019-07-25T01:18+0000",
          "moonPhase" : "phase4",
          "sign" : "taurus",
          "age" : 24,
          "date" : "2019-07-25T20:02+0000",
          "timeZone" : 5
        },
        {
          "signDate" : "2019-07-27T06:28+0000",
          "moonPhaseDate" : "2019-07-25T01:18+0000",
          "moonPhase" : "phase4",
          "timeZone" : 5,
          "age" : 25,
          "date" : "2019-07-26T20:35+0000",
          "sign" : "gemini"
        },
        {
          "signDate" : "2019-07-27T06:28+0000",
          "moonPhaseDate" : "2019-07-25T01:18+0000",
          "moonPhase" : "phase4",
          "sign" : "gemini",
          "age" : 26,
          "timeZone" : 5,
          "date" : "2019-07-27T21:13+0000"
        },
        {
          "signDate" : "2019-07-29T11:30+0000",
          "moonPhaseDate" : "2019-07-25T01:18+0000",
          "moonPhase" : "phase4",
          "sign" : "cancer",
          "age" : 27,
          "timeZone" : 5,
          "date" : "2019-07-28T21:58+0000"
        },
        {
          "signDate" : "2019-07-29T11:30+0000",
          "moonPhaseDate" : "2019-07-25T01:18+0000",
          "moonPhase" : "phase4",
          "sign" : "cancer",
          "age" : 28,
          "date" : "2019-07-29T22:52+0000",
          "timeZone" : 5
        },
        {
          "signDate" : "2019-07-31T13:18+0000",
          "moonPhaseDate" : "2019-07-25T01:18+0000",
          "moonPhase" : "phase4",
          "sign" : "leo",
          "timeZone" : 5,
          "date" : "2019-07-30T23:54+0000",
          "age" : 29
        },
        {
          "signDate" : "2019-07-31T13:18+0000",
          "moonPhaseDate" : "2019-08-01T03:12+0000",
          "moonPhase" : "newMoon",
          "sign" : "leo",
          "timeZone" : 5,
          "date" : "2019-08-01T01:03+0000",
          "age" : 30
        },
        {
          "signDate" : "2019-07-31T13:18+0000",
          "moonPhaseDate" : "2019-08-01T03:12+0000",
          "moonPhase" : "newMoon",
          "sign" : "leo",
          "age" : 1,
          "timeZone" : 5,
          "date" : "2019-08-01T03:12+0000"
        },
        {
          "signDate" : "2019-08-02T13:23+0000",
          "moonPhaseDate" : "2019-08-01T03:12+0000",
          "moonPhase" : "phase1",
          "sign" : "virgo",
          "timeZone" : 5,
          "age" : 2,
          "date" : "2019-08-02T02:16+0000"
        },
        {
          "signDate" : "2019-08-02T13:23+0000",
          "moonPhaseDate" : "2019-08-01T03:12+0000",
          "moonPhase" : "phase1",
          "timeZone" : 5,
          "age" : 3,
          "date" : "2019-08-03T03:31+0000",
          "sign" : "virgo"
        },
        {
          "signDate" : "2019-08-04T13:32+0000",
          "moonPhaseDate" : "2019-08-01T03:12+0000",
          "moonPhase" : "phase1",
          "sign" : "libra",
          "age" : 4,
          "date" : "2019-08-04T04:44+0000",
          "timeZone" : 5
        },
        {
          "signDate" : "2019-08-04T13:32+0000",
          "moonPhaseDate" : "2019-08-01T03:12+0000",
          "moonPhase" : "phase1",
          "sign" : "libra",
          "age" : 5,
          "timeZone" : 5,
          "date" : "2019-08-05T05:55+0000"
        },
        {
          "signDate" : "2019-08-06T15:31+0000",
          "moonPhaseDate" : "2019-08-01T03:12+0000",
          "moonPhase" : "phase1",
          "sign" : "scorpio",
          "age" : 6,
          "timeZone" : 5,
          "date" : "2019-08-06T07:04+0000"
        },
        {
          "signDate" : "2019-08-06T15:31+0000",
          "moonPhaseDate" : "2019-08-07T17:31+0000",
          "moonPhase" : "phase2",
          "sign" : "scorpio",
          "age" : 7,
          "date" : "2019-08-07T08:11+0000",
          "timeZone" : 5
        },
        {
          "signDate" : "2019-08-06T15:31+0000",
          "moonPhaseDate" : "2019-08-07T17:31+0000",
          "moonPhase" : "phase2",
          "sign" : "scorpio",
          "timeZone" : 5,
          "date" : "2019-08-08T09:16+0000",
          "age" : 8
        },
        {
          "signDate" : "2019-08-08T20:32+0000",
          "moonPhaseDate" : "2019-08-07T17:31+0000",
          "moonPhase" : "phase2",
          "sign" : "sagittarius",
          "age" : 9,
          "date" : "2019-08-09T10:21+0000",
          "timeZone" : 5
        },
        {
          "signDate" : "2019-08-08T20:32+0000",
          "moonPhaseDate" : "2019-08-07T17:31+0000",
          "moonPhase" : "phase2",
          "sign" : "sagittarius",
          "age" : 10,
          "timeZone" : 5,
          "date" : "2019-08-10T11:22+0000"
        },
        {
          "signDate" : "2019-08-11T04:48+0000",
          "moonPhaseDate" : "2019-08-07T17:31+0000",
          "moonPhase" : "phase2",
          "sign" : "capricorn",
          "age" : 11,
          "date" : "2019-08-11T12:19+0000",
          "timeZone" : 5
        },
        {
          "signDate" : "2019-08-11T04:48+0000",
          "moonPhaseDate" : "2019-08-07T17:31+0000",
          "moonPhase" : "phase2",
          "sign" : "capricorn",
          "age" : 12,
          "timeZone" : 5,
          "date" : "2019-08-12T13:11+0000"
        },
        {
          "signDate" : "2019-08-13T15:36+0000",
          "moonPhaseDate" : "2019-08-07T17:31+0000",
          "moonPhase" : "phase2",
          "sign" : "aquarius",
          "timeZone" : 5,
          "date" : "2019-08-13T13:57+0000",
          "age" : 13
        },
        {
          "signDate" : "2019-08-13T15:36+0000",
          "moonPhaseDate" : "2019-08-07T17:31+0000",
          "moonPhase" : "phase2",
          "sign" : "aquarius",
          "age" : 14,
          "timeZone" : 5,
          "date" : "2019-08-14T14:38+0000"
        },
        {
          "signDate" : "2019-08-13T15:36+0000",
          "moonPhaseDate" : "2019-08-15T12:29+0000",
          "moonPhase" : "fullMoon",
          "sign" : "aquarius",
          "age" : 15,
          "date" : "2019-08-15T15:14+0000",
          "timeZone" : 5
        },
        {
          "signDate" : "2019-08-16T03:50+0000",
          "moonPhaseDate" : "2019-08-15T12:29+0000",
          "moonPhase" : "phase3",
          "sign" : "pisces",
          "timeZone" : 5,
          "age" : 16,
          "date" : "2019-08-16T15:46+0000"
        },
        {
          "signDate" : "2019-08-16T03:50+0000",
          "moonPhaseDate" : "2019-08-15T12:29+0000",
          "moonPhase" : "phase3",
          "timeZone" : 5,
          "sign" : "pisces",
          "date" : "2019-08-17T16:15+0000",
          "age" : 17
        },
        {
          "signDate" : "2019-08-18T16:32+0000",
          "moonPhaseDate" : "2019-08-15T12:29+0000",
          "moonPhase" : "phase3",
          "sign" : "aries",
          "age" : 18,
          "timeZone" : 5,
          "date" : "2019-08-18T16:42+0000"
        },
        {
          "signDate" : "2019-08-18T16:32+0000",
          "moonPhaseDate" : "2019-08-15T12:29+0000",
          "moonPhase" : "phase3",
          "sign" : "aries",
          "age" : 19,
          "date" : "2019-08-19T17:08+0000",
          "timeZone" : 5
        },
        {
          "signDate" : "2019-08-18T16:32+0000",
          "moonPhaseDate" : "2019-08-15T12:29+0000",
          "moonPhase" : "phase3",
          "sign" : "aries",
          "age" : 20,
          "date" : "2019-08-20T17:35+0000",
          "timeZone" : 5
        },
        {
          "signDate" : "2019-08-21T04:36+0000",
          "moonPhaseDate" : "2019-08-15T12:29+0000",
          "moonPhase" : "phase3",
          "sign" : "taurus",
          "timeZone" : 5,
          "date" : "2019-08-21T18:03+0000",
          "age" : 21
        },
        {
          "signDate" : "2019-08-21T04:36+0000",
          "moonPhaseDate" : "2019-08-15T12:29+0000",
          "moonPhase" : "phase3",
          "sign" : "taurus",
          "timeZone" : 5,
          "age" : 22,
          "date" : "2019-08-22T18:33+0000"
        },
        {
          "signDate" : "2019-08-21T04:36+0000",
          "moonPhaseDate" : "2019-08-23T14:56+0000",
          "moonPhase" : "phase4",
          "timeZone" : 5,
          "age" : 23,
          "date" : "2019-08-23T19:08+0000",
          "sign" : "gemini"
        },
        {
          "signDate" : "2019-08-21T04:36+0000",
          "moonPhaseDate" : "2019-08-23T14:56+0000",
          "moonPhase" : "phase4",
          "sign" : "gemini",
          "age" : 24,
          "timeZone" : 5,
          "date" : "2019-08-24T19:49+0000"
        },
        {
          "signDate" : "2019-08-25T21:05+0000",
          "moonPhaseDate" : "2019-08-23T14:56+0000",
          "moonPhase" : "phase4",
          "timeZone" : 5,
          "age" : 25,
          "date" : "2019-08-25T20:37+0000",
          "sign" : "cancer"
        },
        {
          "signDate" : "2019-08-25T21:05+0000",
          "moonPhaseDate" : "2019-08-23T14:56+0000",
          "moonPhase" : "phase4",
          "sign" : "cancer",
          "age" : 26,
          "timeZone" : 5,
          "date" : "2019-08-26T21:33+0000"
        },
        {
          "signDate" : "2019-08-27T23:51+0000",
          "moonPhaseDate" : "2019-08-23T14:56+0000",
          "moonPhase" : "phase4",
          "sign" : "leo",
          "age" : 27,
          "timeZone" : 5,
          "date" : "2019-08-27T22:38+0000"
        },
        {
          "signDate" : "2019-08-27T23:51+0000",
          "moonPhaseDate" : "2019-08-23T14:56+0000",
          "moonPhase" : "phase4",
          "sign" : "leo",
          "age" : 28,
          "timeZone" : 5,
          "date" : "2019-08-28T23:49+0000"
        },
        {
          "signDate" : "2019-08-29T23:57+0000",
          "moonPhaseDate" : "2019-08-30T10:37+0000",
          "moonPhase" : "newMoon",
          "sign" : "virgo",
          "age" : 29,
          "timeZone" : 5,
          "date" : "2019-08-30T01:04+0000"
        },
        {
          "signDate" : "2019-08-29T23:57+0000",
          "moonPhaseDate" : "2019-08-30T10:37+0000",
          "moonPhase" : "newMoon",
          "sign" : "virgo",
          "age" : 1,
          "timeZone" : 5,
          "date" : "2019-08-30T10:37+0000"
        },
        {
          "signDate" : "2019-08-29T23:57+0000",
          "moonPhaseDate" : "2019-08-30T10:37+0000",
          "moonPhase" : "phase1",
          "sign" : "virgo",
          "timeZone" : 5,
          "date" : "2019-08-31T02:19+0000",
          "age" : 2
        },
        {
          "signDate" : "2019-08-31T23:12+0000",
          "moonPhaseDate" : null,
          "moonPhase" : "phase1",
          "sign" : "libra",
          "timeZone" : 5,
          "age" : 3,
          "date" : "2019-09-01T03:34+0000"
        },
        {
          "signDate" : "2019-08-31T23:12+0000",
          "moonPhaseDate" : null,
          "moonPhase" : "phase1",
          "sign" : "libra",
          "age" : 4,
          "timeZone" : 5,
          "date" : "2019-09-02T04:46+0000"
        },
        {
          "signDate" : "2019-09-02T23:38+0000",
          "moonPhaseDate" : null,
          "moonPhase" : "phase1",
          "sign" : "scorpio",
          "age" : 5,
          "date" : "2019-09-03T05:57+0000",
          "timeZone" : 5
        },
        {
          "signDate" : "2019-09-02T23:38+0000",
          "moonPhaseDate" : null,
          "moonPhase" : "phase1",
          "sign" : "scorpio",
          "age" : 6,
          "date" : "2019-09-04T07:06+0000",
          "timeZone" : 5
        },
        {
          "signDate" : "2019-09-05T03:06+0000",
          "moonPhaseDate" : null,
          "moonPhase" : "phase1",
          "sign" : "sagittarius",
          "age" : 7,
          "date" : "2019-09-05T08:12+0000",
          "timeZone" : 5
        },
        {
          "signDate" : "2019-09-05T03:06+0000",
          "moonPhaseDate" : "2019-09-06T03:10+0000",
          "moonPhase" : "phase2",
          "sign" : "sagittarius",
          "timeZone" : 5,
          "age" : 8,
          "date" : "2019-09-06T09:15+0000"
        },
        {
          "signDate" : "2019-09-07T10:35+0000",
          "moonPhaseDate" : "2019-09-06T03:10+0000",
          "moonPhase" : "phase2",
          "timeZone" : 5,
          "age" : 9,
          "date" : "2019-09-07T10:14+0000",
          "sign" : "capricorn"
        },
        {
          "signDate" : "2019-09-07T10:35+0000",
          "moonPhaseDate" : "2019-09-06T03:10+0000",
          "moonPhase" : "phase2",
          "sign" : "capricorn",
          "age" : 10,
          "timeZone" : 5,
          "date" : "2019-09-08T11:08+0000"
        },
        {
          "signDate" : "2019-09-07T10:35+0000",
          "moonPhaseDate" : "2019-09-06T03:10+0000",
          "moonPhase" : "phase2",
          "sign" : "capricorn",
          "age" : 11,
          "timeZone" : 5,
          "date" : "2019-09-09T11:56+0000"
        },
        {
          "signDate" : "2019-09-09T21:25+0000",
          "moonPhaseDate" : "2019-09-06T03:10+0000",
          "moonPhase" : "phase2",
          "sign" : "aquarius",
          "age" : 12,
          "timeZone" : 5,
          "date" : "2019-09-10T12:38+0000"
        },
        {
          "signDate" : "2019-09-09T21:25+0000",
          "moonPhaseDate" : "2019-09-06T03:10+0000",
          "moonPhase" : "phase2",
          "sign" : "aquarius",
          "age" : 13,
          "timeZone" : 5,
          "date" : "2019-09-11T13:15+0000"
        },
        {
          "signDate" : "2019-09-12T09:53+0000",
          "moonPhaseDate" : "2019-09-06T03:10+0000",
          "moonPhase" : "phase2",
          "sign" : "pisces",
          "age" : 14,
          "date" : "2019-09-12T13:48+0000",
          "timeZone" : 5
        },
        {
          "signDate" : "2019-09-12T09:53+0000",
          "moonPhaseDate" : "2019-09-06T03:10+0000",
          "moonPhase" : "phase2",
          "sign" : "pisces",
          "age" : 15,
          "timeZone" : 5,
          "date" : "2019-09-13T14:18+0000"
        },
        {
          "signDate" : "2019-09-12T09:53+0000",
          "moonPhaseDate" : "2019-09-14T04:33+0000",
          "moonPhase" : "fullMoon",
          "sign" : "pisces",
          "age" : 16,
          "date" : "2019-09-14T14:45+0000",
          "timeZone" : 5
        },
        {
          "signDate" : "2019-09-14T22:32+0000",
          "moonPhaseDate" : "2019-09-14T04:33+0000",
          "moonPhase" : "phase3",
          "sign" : "aries",
          "timeZone" : 5,
          "age" : 17,
          "date" : "2019-09-15T15:12+0000"
        },
        {
          "signDate" : "2019-09-14T22:32+0000",
          "moonPhaseDate" : "2019-09-14T04:33+0000",
          "moonPhase" : "phase3",
          "sign" : "aries",
          "timeZone" : 5,
          "age" : 18,
          "date" : "2019-09-16T15:37+0000"
        },
        {
          "signDate" : "2019-09-17T10:30+0000",
          "moonPhaseDate" : "2019-09-14T04:33+0000",
          "moonPhase" : "phase3",
          "timeZone" : 5,
          "age" : 19,
          "date" : "2019-09-17T16:05+0000",
          "sign" : "taurus"
        },
        {
          "signDate" : "2019-09-17T10:30+0000",
          "moonPhaseDate" : "2019-09-14T04:33+0000",
          "moonPhase" : "phase3",
          "sign" : "taurus",
          "age" : 20,
          "date" : "2019-09-18T16:35+0000",
          "timeZone" : 5
        },
        {
          "signDate" : "2019-09-17T10:30+0000",
          "moonPhaseDate" : "2019-09-14T04:33+0000",
          "moonPhase" : "phase3",
          "timeZone" : 5,
          "age" : 21,
          "date" : "2019-09-19T17:07+0000",
          "sign" : "taurus"
        },
        {
          "signDate" : "2019-09-19T20:58+0000",
          "moonPhaseDate" : "2019-09-14T04:33+0000",
          "moonPhase" : "phase3",
          "timeZone" : 5,
          "age" : 22,
          "date" : "2019-09-20T17:45+0000",
          "sign" : "gemini"
        },
        {
          "signDate" : "2019-09-19T20:58+0000",
          "moonPhaseDate" : "2019-09-14T04:33+0000",
          "moonPhase" : "phase3",
          "sign" : "gemini",
          "age" : 23,
          "timeZone" : 5,
          "date" : "2019-09-21T18:29+0000"
        },
        {
          "signDate" : "2019-09-19T20:58+0000",
          "moonPhaseDate" : "2019-09-22T02:41+0000",
          "moonPhase" : "phase4",
          "sign" : "cancer",
          "age" : 24,
          "timeZone" : 5,
          "date" : "2019-09-22T19:20+0000"
        },
        {
          "signDate" : "2019-09-24T09:19+0000",
          "moonPhaseDate" : "2019-09-22T02:41+0000",
          "moonPhase" : "phase4",
          "sign" : "leo",
          "age" : 25,
          "date" : "2019-09-23T20:19+0000",
          "timeZone" : 5
        },
        {
          "signDate" : "2019-09-24T09:19+0000",
          "moonPhaseDate" : "2019-09-22T02:41+0000",
          "moonPhase" : "phase4",
          "sign" : "leo",
          "timeZone" : 5,
          "age" : 26,
          "date" : "2019-09-24T21:26+0000"
        },
        {
          "signDate" : "2019-09-26T10:35+0000",
          "moonPhaseDate" : "2019-09-22T02:41+0000",
          "moonPhase" : "phase4",
          "sign" : "virgo",
          "age" : 27,
          "timeZone" : 5,
          "date" : "2019-09-25T22:37+0000"
        },
        {
          "signDate" : "2019-09-26T10:35+0000",
          "moonPhaseDate" : "2019-09-22T02:41+0000",
          "moonPhase" : "phase4",
          "sign" : "virgo",
          "timeZone" : 5,
          "age" : 28,
          "date" : "2019-09-26T23:51+0000"
        },
        {
          "signDate" : "2019-09-28T10:04+0000",
          "moonPhaseDate" : "2019-09-28T18:26+0000",
          "moonPhase" : "newMoon",
          "sign" : "libra",
          "age" : 29,
          "timeZone" : 5,
          "date" : "2019-09-28T01:06+0000"
        },
        {
          "signDate" : "2019-09-28T10:04+0000",
          "moonPhaseDate" : "2019-09-28T18:26+0000",
          "moonPhase" : "newMoon",
          "timeZone" : 5,
          "age" : 1,
          "date" : "2019-09-28T18:26+0000",
          "sign" : "libra"
        },
        {
          "signDate" : "2019-09-28T10:04+0000",
          "moonPhaseDate" : "2019-09-28T18:26+0000",
          "moonPhase" : "phase1",
          "sign" : "libra",
          "age" : 2,
          "date" : "2019-09-29T02:20+0000",
          "timeZone" : 5
        },
        {
          "signDate" : "2019-09-30T09:45+0000",
          "moonPhaseDate" : "2019-09-28T18:26+0000",
          "moonPhase" : "phase1",
          "sign" : "scorpio",
          "age" : 3,
          "timeZone" : 5,
          "date" : "2019-09-30T03:34+0000"
        },
        {
          "signDate" : "2019-09-30T09:45+0000",
          "moonPhaseDate" : null,
          "moonPhase" : "phase1",
          "sign" : "scorpio",
          "age" : 4,
          "timeZone" : 5,
          "date" : "2019-10-01T04:46+0000"
        },
        {
          "signDate" : "2019-10-02T11:45+0000",
          "moonPhaseDate" : null,
          "moonPhase" : "phase1",
          "sign" : "sagittarius",
          "age" : 5,
          "date" : "2019-10-02T05:56+0000",
          "timeZone" : 5
        },
        {
          "signDate" : "2019-10-02T11:45+0000",
          "moonPhaseDate" : null,
          "moonPhase" : "phase1",
          "sign" : "sagittarius",
          "age" : 6,
          "date" : "2019-10-03T07:03+0000",
          "timeZone" : 5
        },
        {
          "signDate" : "2019-10-04T17:41+0000",
          "moonPhaseDate" : null,
          "moonPhase" : "phase1",
          "sign" : "capricorn",
          "timeZone" : 5,
          "date" : "2019-10-04T08:06+0000",
          "age" : 7
        },
        {
          "signDate" : "2019-10-04T17:41+0000",
          "moonPhaseDate" : "2019-10-05T16:47+0000",
          "moonPhase" : "phase2",
          "sign" : "capricorn",
          "age" : 8,
          "timeZone" : 5,
          "date" : "2019-10-05T09:03+0000"
        },
        {
          "signDate" : "2019-10-04T17:41+0000",
          "moonPhaseDate" : "2019-10-05T16:47+0000",
          "moonPhase" : "phase2",
          "sign" : "capricorn",
          "age" : 9,
          "timeZone" : 5,
          "date" : "2019-10-06T09:54+0000"
        },
        {
          "signDate" : "2019-10-07T03:43+0000",
          "moonPhaseDate" : "2019-10-05T16:47+0000",
          "moonPhase" : "phase2",
          "sign" : "aquarius",
          "age" : 10,
          "timeZone" : 5,
          "date" : "2019-10-07T10:38+0000"
        },
        {
          "signDate" : "2019-10-07T03:43+0000",
          "moonPhaseDate" : "2019-10-05T16:47+0000",
          "moonPhase" : "phase2",
          "sign" : "aquarius",
          "age" : 11,
          "date" : "2019-10-08T11:17+0000",
          "timeZone" : 5
        },
        {
          "signDate" : "2019-10-09T16:08+0000",
          "moonPhaseDate" : "2019-10-05T16:47+0000",
          "moonPhase" : "phase2",
          "sign" : "pisces",
          "age" : 12,
          "date" : "2019-10-09T11:51+0000",
          "timeZone" : 5
        },
        {
          "signDate" : "2019-10-09T16:08+0000",
          "moonPhaseDate" : "2019-10-05T16:47+0000",
          "moonPhase" : "phase2",
          "sign" : "pisces",
          "age" : 13,
          "date" : "2019-10-10T12:21+0000",
          "timeZone" : 5
        },
        {
          "signDate" : "2019-10-09T16:08+0000",
          "moonPhaseDate" : "2019-10-05T16:47+0000",
          "moonPhase" : "phase2",
          "sign" : "pisces",
          "age" : 14,
          "date" : "2019-10-11T12:49+0000",
          "timeZone" : 5
        },
        {
          "signDate" : "2019-10-12T04:46+0000",
          "moonPhaseDate" : "2019-10-05T16:47+0000",
          "moonPhase" : "phase2",
          "sign" : "aries",
          "age" : 15,
          "timeZone" : 5,
          "date" : "2019-10-12T13:15+0000"
        },
        {
          "signDate" : "2019-10-12T04:46+0000",
          "moonPhaseDate" : "2019-10-05T16:47+0000",
          "moonPhase" : "phase2",
          "sign" : "aries",
          "age" : 16,
          "timeZone" : 5,
          "date" : "2019-10-13T13:42+0000"
        },
        {
          "signDate" : "2019-10-14T16:23+0000",
          "moonPhaseDate" : "2019-10-13T21:08+0000",
          "moonPhase" : "fullMoon",
          "sign" : "taurus",
          "age" : 17,
          "timeZone" : 5,
          "date" : "2019-10-14T14:08+0000"
        },
        {
          "signDate" : "2019-10-14T16:23+0000",
          "moonPhaseDate" : "2019-10-13T21:08+0000",
          "moonPhase" : "phase3",
          "sign" : "taurus",
          "age" : 18,
          "timeZone" : 5,
          "date" : "2019-10-15T14:37+0000"
        },
        {
          "signDate" : "2019-10-14T16:23+0000",
          "moonPhaseDate" : "2019-10-13T21:08+0000",
          "moonPhase" : "phase3",
          "timeZone" : 5,
          "sign" : "taurus",
          "age" : 19,
          "date" : "2019-10-16T15:09+0000"
        },
        {
          "signDate" : "2019-10-17T02:29+0000",
          "moonPhaseDate" : "2019-10-13T21:08+0000",
          "moonPhase" : "phase3",
          "sign" : "gemini",
          "timeZone" : 5,
          "age" : 20,
          "date" : "2019-10-17T15:44+0000"
        },
        {
          "signDate" : "2019-10-17T02:29+0000",
          "moonPhaseDate" : "2019-10-13T21:08+0000",
          "moonPhase" : "phase3",
          "sign" : "gemini",
          "age" : 21,
          "date" : "2019-10-18T16:26+0000",
          "timeZone" : 5
        },
        {
          "signDate" : "2019-10-19T10:42+0000",
          "moonPhaseDate" : "2019-10-13T21:08+0000",
          "moonPhase" : "phase3",
          "sign" : "cancer",
          "age" : 22,
          "timeZone" : 5,
          "date" : "2019-10-19T17:14+0000"
        },
        {
          "signDate" : "2019-10-19T10:42+0000",
          "moonPhaseDate" : "2019-10-13T21:08+0000",
          "moonPhase" : "phase3",
          "sign" : "cancer",
          "age" : 23,
          "timeZone" : 5,
          "date" : "2019-10-20T18:10+0000"
        },
        {
          "signDate" : "2019-10-19T10:42+0000",
          "moonPhaseDate" : "2019-10-21T12:39+0000",
          "moonPhase" : "phase4",
          "sign" : "leo",
          "age" : 24,
          "timeZone" : 5,
          "date" : "2019-10-21T19:12+0000"
        },
        {
          "signDate" : "2019-10-19T10:42+0000",
          "moonPhaseDate" : "2019-10-21T12:39+0000",
          "moonPhase" : "phase4",
          "sign" : "leo",
          "age" : 25,
          "timeZone" : 5,
          "date" : "2019-10-22T20:19+0000"
        },
        {
          "signDate" : "2019-10-23T19:30+0000",
          "moonPhaseDate" : "2019-10-21T12:39+0000",
          "moonPhase" : "phase4",
          "sign" : "virgo",
          "age" : 26,
          "date" : "2019-10-23T21:29+0000",
          "timeZone" : 5
        },
        {
          "signDate" : "2019-10-23T19:30+0000",
          "moonPhaseDate" : "2019-10-21T12:39+0000",
          "moonPhase" : "phase4",
          "timeZone" : 5,
          "age" : 27,
          "date" : "2019-10-24T22:42+0000",
          "sign" : "virgo"
        },
        {
          "signDate" : "2019-10-25T20:20+0000",
          "moonPhaseDate" : "2019-10-21T12:39+0000",
          "moonPhase" : "phase4",
          "timeZone" : 5,
          "age" : 28,
          "date" : "2019-10-25T23:55+0000",
          "sign" : "libra"
        },
        {
          "signDate" : "2019-10-25T20:20+0000",
          "moonPhaseDate" : "2019-10-21T12:39+0000",
          "moonPhase" : "phase4",
          "sign" : "libra",
          "timeZone" : 5,
          "date" : "2019-10-27T01:07+0000",
          "age" : 29
        },
        {
          "signDate" : "2019-10-27T20:31+0000",
          "moonPhaseDate" : "2019-10-28T03:38+0000",
          "moonPhase" : "newMoon",
          "sign" : "scorpio",
          "age" : 30,
          "timeZone" : 5,
          "date" : "2019-10-28T02:20+0000"
        },
        {
          "signDate" : "2019-10-27T20:31+0000",
          "moonPhaseDate" : "2019-10-28T03:38+0000",
          "moonPhase" : "newMoon",
          "sign" : "scorpio",
          "age" : 1,
          "date" : "2019-10-28T03:38+0000",
          "timeZone" : 5
        },
        {
          "signDate" : "2019-10-27T20:31+0000",
          "moonPhaseDate" : "2019-10-28T03:38+0000",
          "moonPhase" : "phase1",
          "sign" : "scorpio",
          "age" : 2,
          "timeZone" : 5,
          "date" : "2019-10-29T03:32+0000"
        },
        {
          "signDate" : "2019-10-29T22:00+0000",
          "moonPhaseDate" : "2019-10-28T03:38+0000",
          "moonPhase" : "phase1",
          "sign" : "sagittarius",
          "timeZone" : 5,
          "age" : 3,
          "date" : "2019-10-30T04:43+0000"
        },
        {
          "signDate" : "2019-10-29T22:00+0000",
          "moonPhaseDate" : "2019-10-28T03:38+0000",
          "moonPhase" : "phase1",
          "sign" : "sagittarius",
          "age" : 4,
          "timeZone" : 5,
          "date" : "2019-10-31T05:50+0000"
        },
        {
          "signDate" : "2019-11-01T02:38+0000",
          "moonPhaseDate" : null,
          "moonPhase" : "phase1",
          "sign" : "capricorn",
          "age" : 5,
          "timeZone" : 5,
          "date" : "2019-11-01T06:52+0000"
        },
        {
          "signDate" : "2019-11-01T02:38+0000",
          "moonPhaseDate" : null,
          "moonPhase" : "phase1",
          "sign" : "capricorn",
          "age" : 6,
          "timeZone" : 5,
          "date" : "2019-11-02T07:46+0000"
        },
        {
          "signDate" : "2019-11-03T11:21+0000",
          "moonPhaseDate" : null,
          "moonPhase" : "phase1",
          "sign" : "aquarius",
          "age" : 7,
          "date" : "2019-11-03T08:35+0000",
          "timeZone" : 5
        },
        {
          "signDate" : "2019-11-03T11:21+0000",
          "moonPhaseDate" : "2019-11-04T10:23+0000",
          "moonPhase" : "phase2",
          "sign" : "aquarius",
          "timeZone" : 5,
          "age" : 8,
          "date" : "2019-11-04T09:16+0000"
        },
        {
          "signDate" : "2019-11-03T11:21+0000",
          "moonPhaseDate" : "2019-11-04T10:23+0000",
          "moonPhase" : "phase2",
          "timeZone" : 5,
          "age" : 9,
          "date" : "2019-11-05T09:52+0000",
          "sign" : "aquarius"
        },
        {
          "signDate" : "2019-11-05T23:11+0000",
          "moonPhaseDate" : "2019-11-04T10:23+0000",
          "moonPhase" : "phase2",
          "sign" : "pisces",
          "age" : 10,
          "timeZone" : 5,
          "date" : "2019-11-06T10:24+0000"
        },
        {
          "signDate" : "2019-11-05T23:11+0000",
          "moonPhaseDate" : "2019-11-04T10:23+0000",
          "moonPhase" : "phase2",
          "sign" : "pisces",
          "timeZone" : 5,
          "date" : "2019-11-07T10:52+0000",
          "age" : 11
        },
        {
          "signDate" : "2019-11-08T11:50+0000",
          "moonPhaseDate" : "2019-11-04T10:23+0000",
          "moonPhase" : "phase2",
          "sign" : "aries",
          "age" : 12,
          "timeZone" : 5,
          "date" : "2019-11-08T11:19+0000"
        },
        {
          "signDate" : "2019-11-08T11:50+0000",
          "moonPhaseDate" : "2019-11-04T10:23+0000",
          "moonPhase" : "phase2",
          "sign" : "aries",
          "timeZone" : 5,
          "date" : "2019-11-09T11:45+0000",
          "age" : 13
        },
        {
          "signDate" : "2019-11-08T11:50+0000",
          "moonPhaseDate" : "2019-11-04T10:23+0000",
          "moonPhase" : "phase2",
          "sign" : "aries",
          "age" : 14,
          "timeZone" : 5,
          "date" : "2019-11-10T12:11+0000"
        },
        {
          "signDate" : "2019-11-10T23:19+0000",
          "moonPhaseDate" : "2019-11-04T10:23+0000",
          "moonPhase" : "phase2",
          "sign" : "taurus",
          "age" : 15,
          "date" : "2019-11-11T12:39+0000",
          "timeZone" : 5
        },
        {
          "signDate" : "2019-11-10T23:19+0000",
          "moonPhaseDate" : "2019-11-12T13:35+0000",
          "moonPhase" : "fullMoon",
          "sign" : "taurus",
          "age" : 16,
          "timeZone" : 5,
          "date" : "2019-11-12T13:10+0000"
        },
        {
          "signDate" : "2019-11-13T08:45+0000",
          "moonPhaseDate" : "2019-11-12T13:35+0000",
          "moonPhase" : "phase3",
          "sign" : "gemini",
          "age" : 17,
          "timeZone" : 5,
          "date" : "2019-11-13T13:44+0000"
        },
        {
          "signDate" : "2019-11-13T08:45+0000",
          "moonPhaseDate" : "2019-11-12T13:35+0000",
          "moonPhase" : "phase3",
          "sign" : "gemini",
          "age" : 18,
          "date" : "2019-11-14T14:24+0000",
          "timeZone" : 5
        },
        {
          "signDate" : "2019-11-15T16:12+0000",
          "moonPhaseDate" : "2019-11-12T13:35+0000",
          "moonPhase" : "phase3",
          "sign" : "cancer",
          "age" : 19,
          "timeZone" : 5,
          "date" : "2019-11-15T15:10+0000"
        },
        {
          "signDate" : "2019-11-15T16:12+0000",
          "moonPhaseDate" : "2019-11-12T13:35+0000",
          "moonPhase" : "phase3",
          "sign" : "cancer",
          "age" : 20,
          "timeZone" : 5,
          "date" : "2019-11-16T16:04+0000"
        },
        {
          "signDate" : "2019-11-15T16:12+0000",
          "moonPhaseDate" : "2019-11-12T13:35+0000",
          "moonPhase" : "phase3",
          "sign" : "cancer",
          "age" : 21,
          "timeZone" : 5,
          "date" : "2019-11-17T17:04+0000"
        },
        {
          "signDate" : "2019-11-17T21:54+0000",
          "moonPhaseDate" : "2019-11-12T13:35+0000",
          "moonPhase" : "phase3",
          "sign" : "leo",
          "age" : 22,
          "date" : "2019-11-18T18:10+0000",
          "timeZone" : 5
        },
        {
          "signDate" : "2019-11-20T01:54+0000",
          "moonPhaseDate" : "2019-11-19T21:11+0000",
          "moonPhase" : "phase4",
          "sign" : "virgo",
          "age" : 23,
          "date" : "2019-11-19T19:18+0000",
          "timeZone" : 5
        },
        {
          "signDate" : "2019-11-20T01:54+0000",
          "moonPhaseDate" : "2019-11-19T21:11+0000",
          "moonPhase" : "phase4",
          "sign" : "virgo",
          "timeZone" : 5,
          "age" : 24,
          "date" : "2019-11-20T20:28+0000"
        },
        {
          "signDate" : "2019-11-22T04:22+0000",
          "moonPhaseDate" : "2019-11-19T21:11+0000",
          "moonPhase" : "phase4",
          "sign" : "libra",
          "age" : 25,
          "timeZone" : 5,
          "date" : "2019-11-21T21:38+0000"
        },
        {
          "signDate" : "2019-11-22T04:22+0000",
          "moonPhaseDate" : "2019-11-19T21:11+0000",
          "moonPhase" : "phase4",
          "sign" : "libra",
          "age" : 26,
          "date" : "2019-11-22T22:48+0000",
          "timeZone" : 5
        },
        {
          "signDate" : "2019-11-24T06:01+0000",
          "moonPhaseDate" : "2019-11-19T21:11+0000",
          "moonPhase" : "phase4",
          "sign" : "scorpio",
          "age" : 27,
          "timeZone" : 5,
          "date" : "2019-11-23T23:58+0000"
        },
        {
          "signDate" : "2019-11-24T06:01+0000",
          "moonPhaseDate" : "2019-11-19T21:11+0000",
          "moonPhase" : "phase4",
          "sign" : "scorpio",
          "age" : 28,
          "timeZone" : 5,
          "date" : "2019-11-25T01:09+0000"
        },
        {
          "signDate" : "2019-11-26T08:12+0000",
          "moonPhaseDate" : "2019-11-26T15:06+0000",
          "moonPhase" : "newMoon",
          "sign" : "sagittarius",
          "age" : 29,
          "date" : "2019-11-26T02:20+0000",
          "timeZone" : 5
        },
        {
          "signDate" : "2019-11-26T08:12+0000",
          "moonPhaseDate" : "2019-11-26T15:06+0000",
          "moonPhase" : "newMoon",
          "sign" : "sagittarius",
          "age" : 1,
          "timeZone" : 5,
          "date" : "2019-11-26T15:06+0000"
        },
        {
          "signDate" : "2019-11-26T08:12+0000",
          "moonPhaseDate" : "2019-11-26T15:06+0000",
          "moonPhase" : "phase1",
          "sign" : "sagittarius",
          "age" : 2,
          "timeZone" : 5,
          "date" : "2019-11-27T03:29+0000"
        },
        {
          "signDate" : "2019-11-28T12:32+0000",
          "moonPhaseDate" : "2019-11-26T15:06+0000",
          "moonPhase" : "phase1",
          "sign" : "capricorn",
          "age" : 3,
          "timeZone" : 5,
          "date" : "2019-11-28T04:34+0000"
        },
        {
          "signDate" : "2019-11-28T12:32+0000",
          "moonPhaseDate" : "2019-11-26T15:06+0000",
          "moonPhase" : "phase1",
          "sign" : "capricorn",
          "age" : 4,
          "timeZone" : 5,
          "date" : "2019-11-29T05:34+0000"
        },
        {
          "signDate" : "2019-11-28T12:32+0000",
          "moonPhaseDate" : "2019-11-26T15:06+0000",
          "moonPhase" : "phase1",
          "sign" : "capricorn",
          "age" : 5,
          "timeZone" : 5,
          "date" : "2019-11-30T06:27+0000"
        },
        {
          "signDate" : "2019-11-30T20:15+0000",
          "moonPhaseDate" : null,
          "moonPhase" : "phase1",
          "timeZone" : 5,
          "age" : 6,
          "date" : "2019-12-01T07:12+0000",
          "sign" : "aquarius"
        },
        {
          "signDate" : "2019-11-30T20:15+0000",
          "moonPhaseDate" : null,
          "moonPhase" : "phase1",
          "sign" : "aquarius",
          "age" : 7,
          "date" : "2019-12-02T07:51+0000",
          "timeZone" : 5
        },
        {
          "signDate" : "2019-12-03T07:14+0000",
          "moonPhaseDate" : null,
          "moonPhase" : "phase1",
          "sign" : "pisces",
          "age" : 8,
          "timeZone" : 5,
          "date" : "2019-12-03T08:24+0000"
        },
        {
          "signDate" : "2019-12-03T07:14+0000",
          "moonPhaseDate" : "2019-12-04T06:58+0000",
          "moonPhase" : "phase2",
          "sign" : "pisces",
          "timeZone" : 5,
          "date" : "2019-12-04T08:53+0000",
          "age" : 9
        },
        {
          "signDate" : "2019-12-03T07:14+0000",
          "moonPhaseDate" : "2019-12-04T06:58+0000",
          "moonPhase" : "phase2",
          "sign" : "pisces",
          "age" : 10,
          "date" : "2019-12-05T09:21+0000",
          "timeZone" : 5
        },
        {
          "signDate" : "2019-12-05T19:46+0000",
          "moonPhaseDate" : "2019-12-04T06:58+0000",
          "moonPhase" : "phase2",
          "timeZone" : 5,
          "age" : 11,
          "date" : "2019-12-06T09:47+0000",
          "sign" : "aries"
        },
        {
          "signDate" : "2019-12-05T19:46+0000",
          "moonPhaseDate" : "2019-12-04T06:58+0000",
          "moonPhase" : "phase2",
          "sign" : "aries",
          "age" : 12,
          "timeZone" : 5,
          "date" : "2019-12-07T10:13+0000"
        },
        {
          "signDate" : "2019-12-08T07:31+0000",
          "moonPhaseDate" : "2019-12-04T06:58+0000",
          "moonPhase" : "phase2",
          "sign" : "taurus",
          "age" : 13,
          "timeZone" : 5,
          "date" : "2019-12-08T10:40+0000"
        },
        {
          "signDate" : "2019-12-08T07:31+0000",
          "moonPhaseDate" : "2019-12-04T06:58+0000",
          "moonPhase" : "phase2",
          "sign" : "taurus",
          "age" : 14,
          "timeZone" : 5,
          "date" : "2019-12-09T11:09+0000"
        },
        {
          "signDate" : "2019-12-10T16:49+0000",
          "moonPhaseDate" : "2019-12-04T06:58+0000",
          "moonPhase" : "phase2",
          "sign" : "gemini",
          "age" : 15,
          "date" : "2019-12-10T11:42+0000",
          "timeZone" : 5
        },
        {
          "signDate" : "2019-12-10T16:49+0000",
          "moonPhaseDate" : "2019-12-04T06:58+0000",
          "moonPhase" : "phase2",
          "sign" : "gemini",
          "age" : 16,
          "timeZone" : 5,
          "date" : "2019-12-11T12:20+0000"
        },
        {
          "signDate" : "2019-12-10T16:49+0000",
          "moonPhaseDate" : "2019-12-12T05:12+0000",
          "moonPhase" : "fullMoon",
          "sign" : "gemini",
          "age" : 17,
          "timeZone" : 5,
          "date" : "2019-12-12T13:04+0000"
        },
        {
          "signDate" : "2019-12-12T23:24+0000",
          "moonPhaseDate" : "2019-12-12T05:12+0000",
          "moonPhase" : "phase3",
          "sign" : "cancer",
          "timeZone" : 5,
          "age" : 18,
          "date" : "2019-12-13T13:56+0000"
        },
        {
          "signDate" : "2019-12-12T23:24+0000",
          "moonPhaseDate" : "2019-12-12T05:12+0000",
          "moonPhase" : "phase3",
          "sign" : "cancer",
          "age" : 19,
          "date" : "2019-12-14T14:56+0000",
          "timeZone" : 5
        },
        {
          "signDate" : "2019-12-15T03:53+0000",
          "moonPhaseDate" : "2019-12-12T05:12+0000",
          "moonPhase" : "phase3",
          "sign" : "leo",
          "age" : 20,
          "timeZone" : 5,
          "date" : "2019-12-15T16:01+0000"
        },
        {
          "signDate" : "2019-12-15T03:53+0000",
          "moonPhaseDate" : "2019-12-12T05:12+0000",
          "moonPhase" : "phase3",
          "sign" : "leo",
          "age" : 21,
          "timeZone" : 5,
          "date" : "2019-12-16T17:10+0000"
        },
        {
          "signDate" : "2019-12-17T07:13+0000",
          "moonPhaseDate" : "2019-12-12T05:12+0000",
          "moonPhase" : "phase3",
          "sign" : "virgo",
          "timeZone" : 5,
          "date" : "2019-12-17T18:19+0000",
          "age" : 22
        },
        {
          "signDate" : "2019-12-19T10:05+0000",
          "moonPhaseDate" : "2019-12-19T04:57+0000",
          "moonPhase" : "phase4",
          "sign" : "libra",
          "age" : 23,
          "date" : "2019-12-18T19:29+0000",
          "timeZone" : 5
        },
        {
          "signDate" : "2019-12-19T10:05+0000",
          "moonPhaseDate" : "2019-12-19T04:57+0000",
          "moonPhase" : "phase4",
          "sign" : "libra",
          "age" : 24,
          "date" : "2019-12-19T20:38+0000",
          "timeZone" : 5
        },
        {
          "signDate" : "2019-12-21T13:01+0000",
          "moonPhaseDate" : "2019-12-19T04:57+0000",
          "moonPhase" : "phase4",
          "sign" : "scorpio",
          "timeZone" : 5,
          "date" : "2019-12-20T21:46+0000",
          "age" : 25
        },
        {
          "signDate" : "2019-12-21T13:01+0000",
          "moonPhaseDate" : "2019-12-19T04:57+0000",
          "moonPhase" : "phase4",
          "sign" : "scorpio",
          "age" : 26,
          "timeZone" : 5,
          "date" : "2019-12-21T22:54+0000"
        },
        {
          "signDate" : "2019-12-23T16:37+0000",
          "moonPhaseDate" : "2019-12-19T04:57+0000",
          "moonPhase" : "phase4",
          "sign" : "sagittarius",
          "age" : 27,
          "timeZone" : 5,
          "date" : "2019-12-23T00:03+0000"
        },
        {
          "signDate" : "2019-12-23T16:37+0000",
          "moonPhaseDate" : "2019-12-19T04:57+0000",
          "moonPhase" : "phase4",
          "sign" : "sagittarius",
          "age" : 28,
          "timeZone" : 5,
          "date" : "2019-12-24T01:11+0000"
        },
        {
          "signDate" : "2019-12-23T16:37+0000",
          "moonPhaseDate" : "2019-12-19T04:57+0000",
          "moonPhase" : "phase4",
          "sign" : "sagittarius",
          "age" : 29,
          "date" : "2019-12-25T02:17+0000",
          "timeZone" : 5
        },
        {
          "signDate" : "2019-12-25T21:46+0000",
          "moonPhaseDate" : "2019-12-26T05:13+0000",
          "moonPhase" : "newMoon",
          "sign" : "capricorn",
          "timeZone" : 5,
          "date" : "2019-12-26T03:20+0000",
          "age" : 30
        },
        {
          "signDate" : "2019-12-25T21:46+0000",
          "moonPhaseDate" : "2019-12-26T05:13+0000",
          "moonPhase" : "newMoon",
          "sign" : "capricorn",
          "age" : 1,
          "timeZone" : 5,
          "date" : "2019-12-26T05:13+0000"
        },
        {
          "signDate" : "2019-12-25T21:46+0000",
          "moonPhaseDate" : "2019-12-26T05:13+0000",
          "moonPhase" : "phase1",
          "sign" : "capricorn",
          "age" : 2,
          "timeZone" : 5,
          "date" : "2019-12-27T04:16+0000"
        },
        {
          "signDate" : "2019-12-28T05:21+0000",
          "moonPhaseDate" : "2019-12-26T05:13+0000",
          "moonPhase" : "phase1",
          "sign" : "aquarius",
          "age" : 3,
          "timeZone" : 5,
          "date" : "2019-12-28T05:05+0000"
        },
        {
          "signDate" : "2019-12-28T05:21+0000",
          "moonPhaseDate" : "2019-12-26T05:13+0000",
          "moonPhase" : "phase1",
          "sign" : "aquarius",
          "timeZone" : 5,
          "age" : 4,
          "date" : "2019-12-29T05:47+0000"
        },
        {
          "signDate" : "2019-12-30T15:43+0000",
          "moonPhaseDate" : "2019-12-26T05:13+0000",
          "moonPhase" : "phase1",
          "sign" : "pisces",
          "age" : 5,
          "date" : "2019-12-30T06:23+0000",
          "timeZone" : 5
        },
        {
          "signDate" : "2019-12-30T15:43+0000",
          "moonPhaseDate" : "2019-12-26T05:13+0000",
          "moonPhase" : "phase1",
          "sign" : "pisces",
          "timeZone" : 5,
          "date" : "2019-12-31T06:54+0000",
          "age" : 6
        },
        {
          "signDate" : "2019-12-30T15:43+0000",
          "moonPhaseDate" : null,
          "moonPhase" : "phase1",
          "sign" : "pisces",
          "timeZone" : 5,
          "date" : "2020-01-01T07:22+0000",
          "age" : 7
        },
        {
          "signDate" : "2020-01-02T04:01+0000",
          "moonPhaseDate" : null,
          "moonPhase" : "phase1",
          "sign" : "aries",
          "timeZone" : 5,
          "date" : "2020-01-02T07:49+0000",
          "age" : 8
        },
        {
          "signDate" : "2020-01-02T04:01+0000",
          "moonPhaseDate" : "2020-01-03T04:45+0000",
          "moonPhase" : "phase2",
          "sign" : "aries",
          "timeZone" : 5,
          "age" : 9,
          "date" : "2020-01-03T08:14+0000"
        },
        {
          "signDate" : "2020-01-04T16:15+0000",
          "moonPhaseDate" : "2020-01-03T04:45+0000",
          "moonPhase" : "phase2",
          "sign" : "taurus",
          "timeZone" : 5,
          "age" : 10,
          "date" : "2020-01-04T08:40+0000"
        },
        {
          "signDate" : "2020-01-04T16:15+0000",
          "moonPhaseDate" : "2020-01-03T04:45+0000",
          "moonPhase" : "phase2",
          "sign" : "taurus",
          "timeZone" : 5,
          "date" : "2020-01-05T09:08+0000",
          "age" : 11
        },
        {
          "signDate" : "2020-01-04T16:15+0000",
          "moonPhaseDate" : "2020-01-03T04:45+0000",
          "moonPhase" : "phase2",
          "sign" : "taurus",
          "age" : 12,
          "timeZone" : 5,
          "date" : "2020-01-06T09:38+0000"
        },
        {
          "signDate" : "2020-01-07T02:13+0000",
          "moonPhaseDate" : "2020-01-03T04:45+0000",
          "moonPhase" : "phase2",
          "sign" : "gemini",
          "timeZone" : 5,
          "date" : "2020-01-07T10:13+0000",
          "age" : 13
        },
        {
          "signDate" : "2020-01-07T02:13+0000",
          "moonPhaseDate" : "2020-01-03T04:45+0000",
          "moonPhase" : "phase2",
          "sign" : "gemini",
          "age" : 14,
          "timeZone" : 5,
          "date" : "2020-01-08T10:54+0000"
        },
        {
          "signDate" : "2020-01-09T08:45+0000",
          "moonPhaseDate" : "2020-01-03T04:45+0000",
          "moonPhase" : "phase2",
          "sign" : "cancer",
          "timeZone" : 5,
          "age" : 15,
          "date" : "2020-01-09T11:43+0000"
        },
        {
          "signDate" : "2020-01-09T08:45+0000",
          "moonPhaseDate" : "2020-01-03T04:45+0000",
          "moonPhase" : "phase2",
          "sign" : "cancer",
          "age" : 16,
          "date" : "2020-01-10T12:40+0000",
          "timeZone" : 5
        },
        {
          "signDate" : "2020-01-11T12:16+0000",
          "moonPhaseDate" : "2020-01-10T19:21+0000",
          "moonPhase" : "fullMoon",
          "sign" : "leo",
          "age" : 17,
          "timeZone" : 5,
          "date" : "2020-01-11T13:45+0000"
        },
        {
          "signDate" : "2020-01-11T12:16+0000",
          "moonPhaseDate" : "2020-01-10T19:21+0000",
          "moonPhase" : "phase3",
          "sign" : "leo",
          "age" : 18,
          "timeZone" : 5,
          "date" : "2020-01-12T14:55+0000"
        },
        {
          "signDate" : "2020-01-13T14:05+0000",
          "moonPhaseDate" : "2020-01-10T19:21+0000",
          "moonPhase" : "phase3",
          "sign" : "virgo",
          "age" : 19,
          "date" : "2020-01-13T16:07+0000",
          "timeZone" : 5
        },
        {
          "signDate" : "2020-01-13T14:05+0000",
          "moonPhaseDate" : "2020-01-10T19:21+0000",
          "moonPhase" : "phase3",
          "sign" : "virgo",
          "timeZone" : 5,
          "age" : 20,
          "date" : "2020-01-14T17:19+0000"
        },
        {
          "signDate" : "2020-01-15T15:42+0000",
          "moonPhaseDate" : "2020-01-10T19:21+0000",
          "moonPhase" : "phase3",
          "sign" : "libra",
          "timeZone" : 5,
          "date" : "2020-01-15T18:29+0000",
          "age" : 21
        },
        {
          "signDate" : "2020-01-17T18:21+0000",
          "moonPhaseDate" : "2020-01-17T12:58+0000",
          "moonPhase" : "phase4",
          "sign" : "scorpio",
          "age" : 22,
          "timeZone" : 5,
          "date" : "2020-01-16T19:38+0000"
        },
        {
          "signDate" : "2020-01-17T18:21+0000",
          "moonPhaseDate" : "2020-01-17T12:58+0000",
          "moonPhase" : "phase4",
          "sign" : "scorpio",
          "age" : 23,
          "date" : "2020-01-17T20:47+0000",
          "timeZone" : 5
        },
        {
          "signDate" : "2020-01-17T18:21+0000",
          "moonPhaseDate" : "2020-01-17T12:58+0000",
          "moonPhase" : "phase4",
          "sign" : "scorpio",
          "age" : 24,
          "date" : "2020-01-18T21:54+0000",
          "timeZone" : 5
        },
        {
          "signDate" : "2020-01-19T22:43+0000",
          "moonPhaseDate" : "2020-01-17T12:58+0000",
          "moonPhase" : "phase4",
          "sign" : "sagittarius",
          "age" : 25,
          "date" : "2020-01-19T23:01+0000",
          "timeZone" : 5
        },
        {
          "signDate" : "2020-01-19T22:43+0000",
          "moonPhaseDate" : "2020-01-17T12:58+0000",
          "moonPhase" : "phase4",
          "sign" : "sagittarius",
          "age" : 26,
          "timeZone" : 5,
          "date" : "2020-01-21T00:07+0000"
        },
        {
          "signDate" : "2020-01-22T05:02+0000",
          "moonPhaseDate" : "2020-01-17T12:58+0000",
          "moonPhase" : "phase4",
          "sign" : "capricorn",
          "age" : 27,
          "timeZone" : 5,
          "date" : "2020-01-22T01:09+0000"
        },
        {
          "signDate" : "2020-01-22T05:02+0000",
          "moonPhaseDate" : "2020-01-17T12:58+0000",
          "moonPhase" : "phase4",
          "sign" : "capricorn",
          "age" : 28,
          "date" : "2020-01-23T02:07+0000",
          "timeZone" : 5
        },
        {
          "signDate" : "2020-01-24T13:22+0000",
          "moonPhaseDate" : "2020-01-17T12:58+0000",
          "moonPhase" : "phase4",
          "sign" : "aquarius",
          "age" : 29,
          "timeZone" : 5,
          "date" : "2020-01-24T02:58+0000"
        },
        {
          "signDate" : "2020-01-24T13:22+0000",
          "moonPhaseDate" : "2020-01-24T21:42+0000",
          "moonPhase" : "newMoon",
          "sign" : "aquarius",
          "age" : 1,
          "date" : "2020-01-24T21:42+0000",
          "timeZone" : 5
        },
        {
          "signDate" : "2020-01-24T13:22+0000",
          "moonPhaseDate" : "2020-01-24T21:42+0000",
          "moonPhase" : "newMoon",
          "sign" : "aquarius",
          "age" : 2,
          "date" : "2020-01-25T03:42+0000",
          "timeZone" : 5
        },
        {
          "signDate" : "2020-01-24T13:22+0000",
          "moonPhaseDate" : "2020-01-24T21:42+0000",
          "moonPhase" : "phase1",
          "sign" : "aquarius",
          "age" : 3,
          "timeZone" : 5,
          "date" : "2020-01-26T04:21+0000"
        },
        {
          "signDate" : "2020-01-26T23:45+0000",
          "moonPhaseDate" : "2020-01-24T21:42+0000",
          "moonPhase" : "phase1",
          "sign" : "pisces",
          "age" : 4,
          "date" : "2020-01-27T04:54+0000",
          "timeZone" : 5
        },
        {
          "signDate" : "2020-01-26T23:45+0000",
          "moonPhaseDate" : "2020-01-24T21:42+0000",
          "moonPhase" : "phase1",
          "sign" : "pisces",
          "age" : 5,
          "date" : "2020-01-28T05:23+0000",
          "timeZone" : 5
        },
        {
          "signDate" : "2020-01-29T11:51+0000",
          "moonPhaseDate" : "2020-01-24T21:42+0000",
          "moonPhase" : "phase1",
          "sign" : "aries",
          "timeZone" : 5,
          "date" : "2020-01-29T05:50+0000",
          "age" : 6
        },
        {
          "signDate" : "2020-01-29T11:51+0000",
          "moonPhaseDate" : "2020-01-24T21:42+0000",
          "moonPhase" : "phase1",
          "sign" : "aries",
          "age" : 7,
          "timeZone" : 5,
          "date" : "2020-01-30T06:16+0000"
        },
        {
          "signDate" : "2020-01-29T11:51+0000",
          "moonPhaseDate" : "2020-01-24T21:42+0000",
          "moonPhase" : "phase1",
          "timeZone" : 5,
          "age" : 8,
          "date" : "2020-01-31T06:41+0000",
          "sign" : "aries"
        },
        {
          "signDate" : "2020-01-29T11:51+0000",
          "moonPhaseDate" : "2020-01-24T21:42+0000",
          "moonPhase" : "phase1",
          "sign" : "aries",
          "age" : 8,
          "timeZone" : 5,
          "date" : "2020-01-31T06:41+0000"
        }
      ],
      "timeZone" : 5,
      "cityName" : "Ашхабад"
    }
  ],
  "countryName" : "Туркмения"
}