{
  "countryName" : "Эстония",
  "cities" : [
    {
      "moonDays" : [
        {
          "sign" : "aries",
          "date" : "2019-05-01T02:18+0000",
          "moonPhase" : null,
          "signDate" : "2019-05-01T10:23+0000",
          "moonPhaseDate" : null,
          "age" : 26,
          "timeZone" : 3
        },
        {
          "sign" : "aries",
          "date" : "2019-05-02T02:29+0000",
          "moonPhase" : null,
          "signDate" : "2019-05-01T10:23+0000",
          "moonPhaseDate" : null,
          "age" : 27,
          "timeZone" : 3
        },
        {
          "date" : "2019-05-03T02:39+0000",
          "sign" : "taurus",
          "moonPhase" : null,
          "signDate" : "2019-05-03T20:21+0000",
          "moonPhaseDate" : null,
          "age" : 28,
          "timeZone" : 3
        },
        {
          "date" : "2019-05-04T02:50+0000",
          "sign" : "taurus",
          "moonPhase" : null,
          "signDate" : "2019-05-03T20:21+0000",
          "moonPhaseDate" : null,
          "age" : 29,
          "timeZone" : 3
        },
        {
          "sign" : "taurus",
          "date" : "2019-05-04T22:45+0000",
          "moonPhase" : "newMoon",
          "signDate" : "2019-05-03T20:21+0000",
          "moonPhaseDate" : "2019-05-04T22:45+0000",
          "age" : 1,
          "timeZone" : 3
        },
        {
          "sign" : "taurus",
          "date" : "2019-05-05T03:04+0000",
          "moonPhase" : "newMoon",
          "signDate" : "2019-05-03T20:21+0000",
          "moonPhaseDate" : "2019-05-04T22:45+0000",
          "age" : 2,
          "timeZone" : 3
        },
        {
          "date" : "2019-05-06T03:20+0000",
          "sign" : "gemini",
          "moonPhase" : "phase1",
          "signDate" : "2019-05-06T03:42+0000",
          "moonPhaseDate" : "2019-05-04T22:45+0000",
          "age" : 3,
          "timeZone" : 3
        },
        {
          "sign" : "gemini",
          "date" : "2019-05-07T03:45+0000",
          "moonPhase" : "phase1",
          "signDate" : "2019-05-06T03:42+0000",
          "moonPhaseDate" : "2019-05-04T22:45+0000",
          "age" : 4,
          "timeZone" : 3
        },
        {
          "sign" : "cancer",
          "date" : "2019-05-08T04:19+0000",
          "moonPhase" : "phase1",
          "signDate" : "2019-05-08T09:05+0000",
          "moonPhaseDate" : "2019-05-04T22:45+0000",
          "age" : 5,
          "timeZone" : 3
        },
        {
          "sign" : "cancer",
          "date" : "2019-05-09T05:08+0000",
          "moonPhase" : "phase1",
          "signDate" : "2019-05-08T09:05+0000",
          "moonPhaseDate" : "2019-05-04T22:45+0000",
          "age" : 6,
          "timeZone" : 3
        },
        {
          "sign" : "leo",
          "date" : "2019-05-10T06:14+0000",
          "moonPhase" : "phase1",
          "signDate" : "2019-05-10T13:12+0000",
          "moonPhaseDate" : "2019-05-04T22:45+0000",
          "age" : 7,
          "timeZone" : 3
        },
        {
          "sign" : "leo",
          "date" : "2019-05-11T07:35+0000",
          "moonPhase" : "phase1",
          "signDate" : "2019-05-10T13:12+0000",
          "moonPhaseDate" : "2019-05-04T22:45+0000",
          "age" : 8,
          "timeZone" : 3
        },
        {
          "sign" : "virgo",
          "date" : "2019-05-12T09:03+0000",
          "moonPhase" : "phase2",
          "signDate" : "2019-05-12T16:23+0000",
          "moonPhaseDate" : "2019-05-12T01:12+0000",
          "age" : 9,
          "timeZone" : 3
        },
        {
          "sign" : "virgo",
          "date" : "2019-05-13T10:34+0000",
          "moonPhase" : "phase2",
          "signDate" : "2019-05-12T16:23+0000",
          "moonPhaseDate" : "2019-05-12T01:12+0000",
          "age" : 10,
          "timeZone" : 3
        },
        {
          "sign" : "libra",
          "date" : "2019-05-14T12:06+0000",
          "moonPhase" : "phase2",
          "signDate" : "2019-05-14T18:53+0000",
          "moonPhaseDate" : "2019-05-12T01:12+0000",
          "age" : 11,
          "timeZone" : 3
        },
        {
          "sign" : "libra",
          "date" : "2019-05-15T13:36+0000",
          "moonPhase" : "phase2",
          "signDate" : "2019-05-14T18:53+0000",
          "moonPhaseDate" : "2019-05-12T01:12+0000",
          "age" : 12,
          "timeZone" : 3
        },
        {
          "sign" : "libra",
          "date" : "2019-05-16T15:07+0000",
          "moonPhase" : "phase2",
          "signDate" : "2019-05-14T18:53+0000",
          "moonPhaseDate" : "2019-05-12T01:12+0000",
          "age" : 13,
          "timeZone" : 3
        },
        {
          "sign" : "scorpio",
          "date" : "2019-05-17T16:36+0000",
          "moonPhase" : "phase2",
          "signDate" : "2019-05-16T21:25+0000",
          "moonPhaseDate" : "2019-05-12T01:12+0000",
          "age" : 14,
          "timeZone" : 3
        },
        {
          "sign" : "scorpio",
          "date" : "2019-05-18T18:05+0000",
          "moonPhase" : "phase2",
          "signDate" : "2019-05-16T21:25+0000",
          "moonPhaseDate" : "2019-05-12T01:12+0000",
          "age" : 15,
          "timeZone" : 3
        },
        {
          "sign" : "sagittarius",
          "date" : "2019-05-19T19:29+0000",
          "moonPhase" : "fullMoon",
          "signDate" : "2019-05-19T01:19+0000",
          "moonPhaseDate" : "2019-05-18T21:11+0000",
          "age" : 16,
          "timeZone" : 3
        },
        {
          "sign" : "sagittarius",
          "date" : "2019-05-20T20:47+0000",
          "moonPhase" : "phase3",
          "signDate" : "2019-05-19T01:19+0000",
          "moonPhaseDate" : "2019-05-18T21:11+0000",
          "age" : 17,
          "timeZone" : 3
        },
        {
          "date" : "2019-05-21T21:51+0000",
          "sign" : "capricorn",
          "moonPhase" : "phase3",
          "signDate" : "2019-05-19T01:19+0000",
          "moonPhaseDate" : "2019-05-18T21:11+0000",
          "age" : 18,
          "timeZone" : 3
        },
        {
          "sign" : "aquarius",
          "date" : "2019-05-22T22:41+0000",
          "moonPhase" : "phase3",
          "signDate" : "2019-05-23T17:51+0000",
          "moonPhaseDate" : "2019-05-18T21:11+0000",
          "age" : 19,
          "timeZone" : 3
        },
        {
          "sign" : "aquarius",
          "date" : "2019-05-23T23:17+0000",
          "moonPhase" : "phase3",
          "signDate" : "2019-05-23T17:51+0000",
          "moonPhaseDate" : "2019-05-18T21:11+0000",
          "age" : 20,
          "timeZone" : 3
        },
        {
          "sign" : "aquarius",
          "date" : "2019-05-24T23:43+0000",
          "moonPhase" : "phase3",
          "signDate" : "2019-05-23T17:51+0000",
          "moonPhaseDate" : "2019-05-18T21:11+0000",
          "age" : 21,
          "timeZone" : 3
        },
        {
          "sign" : "pisces",
          "date" : "2019-05-26T00:02+0000",
          "moonPhase" : "phase4",
          "signDate" : "2019-05-26T06:07+0000",
          "moonPhaseDate" : "2019-05-26T16:33+0000",
          "age" : 22,
          "timeZone" : 3
        },
        {
          "sign" : "pisces",
          "date" : "2019-05-27T00:16+0000",
          "moonPhase" : "phase4",
          "signDate" : "2019-05-26T06:07+0000",
          "moonPhaseDate" : "2019-05-26T16:33+0000",
          "age" : 23,
          "timeZone" : 3
        },
        {
          "sign" : "aries",
          "date" : "2019-05-28T00:28+0000",
          "moonPhase" : "phase4",
          "signDate" : "2019-05-28T18:29+0000",
          "moonPhaseDate" : "2019-05-26T16:33+0000",
          "age" : 24,
          "timeZone" : 3
        },
        {
          "sign" : "aries",
          "date" : "2019-05-29T00:38+0000",
          "moonPhase" : "phase4",
          "signDate" : "2019-05-28T18:29+0000",
          "moonPhaseDate" : "2019-05-26T16:33+0000",
          "age" : 25,
          "timeZone" : 3
        },
        {
          "sign" : "aries",
          "date" : "2019-05-30T00:48+0000",
          "moonPhase" : "phase4",
          "signDate" : "2019-05-28T18:29+0000",
          "moonPhaseDate" : "2019-05-26T16:33+0000",
          "age" : 26,
          "timeZone" : 3
        },
        {
          "sign" : "taurus",
          "date" : "2019-05-31T00:58+0000",
          "moonPhase" : "phase4",
          "signDate" : "2019-05-31T04:44+0000",
          "moonPhaseDate" : "2019-05-26T16:33+0000",
          "age" : 27,
          "timeZone" : 3
        },
        {
          "sign" : "taurus",
          "date" : "2019-06-01T01:10+0000",
          "moonPhase" : "phase4",
          "signDate" : "2019-05-31T04:44+0000",
          "moonPhaseDate" : null,
          "age" : 28,
          "timeZone" : 3
        },
        {
          "sign" : "gemini",
          "date" : "2019-06-02T01:26+0000",
          "moonPhase" : "phase4",
          "signDate" : "2019-06-02T11:51+0000",
          "moonPhaseDate" : null,
          "age" : 29,
          "timeZone" : 3
        },
        {
          "sign" : "gemini",
          "date" : "2019-06-03T01:46+0000",
          "moonPhase" : "newMoon",
          "signDate" : "2019-06-02T11:51+0000",
          "moonPhaseDate" : "2019-06-03T10:02+0000",
          "age" : 30,
          "timeZone" : 3
        },
        {
          "date" : "2019-06-03T10:02+0000",
          "sign" : "gemini",
          "moonPhase" : "newMoon",
          "signDate" : "2019-06-02T11:51+0000",
          "moonPhaseDate" : "2019-06-03T10:02+0000",
          "age" : 1,
          "timeZone" : 3
        },
        {
          "sign" : "cancer",
          "date" : "2019-06-04T02:16+0000",
          "moonPhase" : "phase1",
          "signDate" : "2019-06-04T16:18+0000",
          "moonPhaseDate" : "2019-06-03T10:02+0000",
          "age" : 2,
          "timeZone" : 3
        },
        {
          "sign" : "cancer",
          "date" : "2019-06-05T03:00+0000",
          "moonPhase" : "phase1",
          "signDate" : "2019-06-04T16:18+0000",
          "moonPhaseDate" : "2019-06-03T10:02+0000",
          "age" : 3,
          "timeZone" : 3
        },
        {
          "sign" : "leo",
          "date" : "2019-06-06T04:01+0000",
          "moonPhase" : "phase1",
          "signDate" : "2019-06-06T19:14+0000",
          "moonPhaseDate" : "2019-06-03T10:02+0000",
          "age" : 4,
          "timeZone" : 3
        },
        {
          "sign" : "leo",
          "date" : "2019-06-07T05:19+0000",
          "moonPhase" : "phase1",
          "signDate" : "2019-06-06T19:14+0000",
          "moonPhaseDate" : "2019-06-03T10:02+0000",
          "age" : 5,
          "timeZone" : 3
        },
        {
          "sign" : "leo",
          "date" : "2019-06-08T06:47+0000",
          "moonPhase" : "phase1",
          "signDate" : "2019-06-06T19:14+0000",
          "moonPhaseDate" : "2019-06-03T10:02+0000",
          "age" : 6,
          "timeZone" : 3
        },
        {
          "sign" : "virgo",
          "date" : "2019-06-09T08:18+0000",
          "moonPhase" : "phase1",
          "signDate" : "2019-06-08T21:43+0000",
          "moonPhaseDate" : "2019-06-03T10:02+0000",
          "age" : 7,
          "timeZone" : 3
        },
        {
          "date" : "2019-06-10T09:50+0000",
          "sign" : "virgo",
          "moonPhase" : "phase2",
          "signDate" : "2019-06-08T21:43+0000",
          "moonPhaseDate" : "2019-06-10T05:59+0000",
          "age" : 8,
          "timeZone" : 3
        },
        {
          "date" : "2019-06-11T11:20+0000",
          "sign" : "libra",
          "moonPhase" : "phase2",
          "signDate" : "2019-06-11T00:30+0000",
          "moonPhaseDate" : "2019-06-10T05:59+0000",
          "age" : 9,
          "timeZone" : 3
        },
        {
          "sign" : "libra",
          "date" : "2019-06-12T12:48+0000",
          "moonPhase" : "phase2",
          "signDate" : "2019-06-11T00:30+0000",
          "moonPhaseDate" : "2019-06-10T05:59+0000",
          "age" : 10,
          "timeZone" : 3
        },
        {
          "date" : "2019-06-13T14:16+0000",
          "sign" : "scorpio",
          "moonPhase" : "phase2",
          "signDate" : "2019-06-13T04:03+0000",
          "moonPhaseDate" : "2019-06-10T05:59+0000",
          "age" : 11,
          "timeZone" : 3
        },
        {
          "sign" : "scorpio",
          "date" : "2019-06-14T15:43+0000",
          "moonPhase" : "phase2",
          "signDate" : "2019-06-13T04:03+0000",
          "moonPhaseDate" : "2019-06-10T05:59+0000",
          "age" : 12,
          "timeZone" : 3
        },
        {
          "date" : "2019-06-15T17:08+0000",
          "sign" : "sagittarius",
          "moonPhase" : "phase2",
          "signDate" : "2019-06-15T09:01+0000",
          "moonPhaseDate" : "2019-06-10T05:59+0000",
          "age" : 13,
          "timeZone" : 3
        },
        {
          "date" : "2019-06-16T18:28+0000",
          "sign" : "sagittarius",
          "moonPhase" : "phase2",
          "signDate" : "2019-06-15T09:01+0000",
          "moonPhaseDate" : "2019-06-10T05:59+0000",
          "age" : 14,
          "timeZone" : 3
        },
        {
          "sign" : "capricorn",
          "date" : "2019-06-17T19:39+0000",
          "moonPhase" : "fullMoon",
          "signDate" : "2019-06-17T16:11+0000",
          "moonPhaseDate" : "2019-06-17T08:31+0000",
          "age" : 15,
          "timeZone" : 3
        },
        {
          "sign" : "capricorn",
          "date" : "2019-06-18T20:35+0000",
          "moonPhase" : "phase3",
          "signDate" : "2019-06-17T16:11+0000",
          "moonPhaseDate" : "2019-06-17T08:31+0000",
          "age" : 16,
          "timeZone" : 3
        },
        {
          "sign" : "aquarius",
          "date" : "2019-06-19T21:17+0000",
          "moonPhase" : "phase3",
          "signDate" : "2019-06-20T02:01+0000",
          "moonPhaseDate" : "2019-06-17T08:31+0000",
          "age" : 17,
          "timeZone" : 3
        },
        {
          "date" : "2019-06-20T21:46+0000",
          "sign" : "aquarius",
          "moonPhase" : "phase3",
          "signDate" : "2019-06-20T02:01+0000",
          "moonPhaseDate" : "2019-06-17T08:31+0000",
          "age" : 18,
          "timeZone" : 3
        },
        {
          "sign" : "pisces",
          "date" : "2019-06-21T22:08+0000",
          "moonPhase" : "phase3",
          "signDate" : "2019-06-22T14:01+0000",
          "moonPhaseDate" : "2019-06-17T08:31+0000",
          "age" : 19,
          "timeZone" : 3
        },
        {
          "sign" : "pisces",
          "date" : "2019-06-22T22:24+0000",
          "moonPhase" : "phase3",
          "signDate" : "2019-06-22T14:01+0000",
          "moonPhaseDate" : "2019-06-17T08:31+0000",
          "age" : 20,
          "timeZone" : 3
        },
        {
          "sign" : "pisces",
          "date" : "2019-06-23T22:36+0000",
          "moonPhase" : "phase3",
          "signDate" : "2019-06-22T14:01+0000",
          "moonPhaseDate" : "2019-06-17T08:31+0000",
          "age" : 21,
          "timeZone" : 3
        },
        {
          "sign" : "aries",
          "date" : "2019-06-24T22:47+0000",
          "moonPhase" : "phase4",
          "signDate" : "2019-06-25T02:34+0000",
          "moonPhaseDate" : "2019-06-25T09:46+0000",
          "age" : 22,
          "timeZone" : 3
        },
        {
          "sign" : "aries",
          "date" : "2019-06-25T22:57+0000",
          "moonPhase" : "phase4",
          "signDate" : "2019-06-25T02:34+0000",
          "moonPhaseDate" : "2019-06-25T09:46+0000",
          "age" : 23,
          "timeZone" : 3
        },
        {
          "sign" : "taurus",
          "date" : "2019-06-26T23:07+0000",
          "moonPhase" : "phase4",
          "signDate" : "2019-06-27T13:30+0000",
          "moonPhaseDate" : "2019-06-25T09:46+0000",
          "age" : 24,
          "timeZone" : 3
        },
        {
          "sign" : "taurus",
          "date" : "2019-06-27T23:17+0000",
          "moonPhase" : "phase4",
          "signDate" : "2019-06-27T13:30+0000",
          "moonPhaseDate" : "2019-06-25T09:46+0000",
          "age" : 25,
          "timeZone" : 3
        },
        {
          "sign" : "taurus",
          "date" : "2019-06-28T23:31+0000",
          "moonPhase" : "phase4",
          "signDate" : "2019-06-27T13:30+0000",
          "moonPhaseDate" : "2019-06-25T09:46+0000",
          "age" : 26,
          "timeZone" : 3
        },
        {
          "sign" : "gemini",
          "date" : "2019-06-29T23:48+0000",
          "moonPhase" : "phase4",
          "signDate" : "2019-06-29T21:10+0000",
          "moonPhaseDate" : "2019-06-25T09:46+0000",
          "age" : 27,
          "timeZone" : 3
        },
        {
          "sign" : "gemini",
          "date" : "2019-07-01T00:13+0000",
          "moonPhase" : "phase4",
          "signDate" : "2019-06-29T21:10+0000",
          "moonPhaseDate" : null,
          "age" : 28,
          "timeZone" : 3
        },
        {
          "date" : "2019-07-02T00:50+0000",
          "sign" : "cancer",
          "moonPhase" : "newMoon",
          "signDate" : "2019-07-02T01:26+0000",
          "moonPhaseDate" : "2019-07-02T19:16+0000",
          "age" : 29,
          "timeZone" : 3
        },
        {
          "sign" : "cancer",
          "date" : "2019-07-02T19:16+0000",
          "moonPhase" : "newMoon",
          "signDate" : "2019-07-02T01:26+0000",
          "moonPhaseDate" : "2019-07-02T19:16+0000",
          "age" : 1,
          "timeZone" : 3
        },
        {
          "sign" : "cancer",
          "date" : "2019-07-03T01:44+0000",
          "moonPhase" : "phase1",
          "signDate" : "2019-07-02T01:26+0000",
          "moonPhaseDate" : "2019-07-02T19:16+0000",
          "age" : 2,
          "timeZone" : 3
        },
        {
          "sign" : "leo",
          "date" : "2019-07-04T02:57+0000",
          "moonPhase" : "phase1",
          "signDate" : "2019-07-04T03:21+0000",
          "moonPhaseDate" : "2019-07-02T19:16+0000",
          "age" : 3,
          "timeZone" : 3
        },
        {
          "sign" : "leo",
          "date" : "2019-07-05T04:25+0000",
          "moonPhase" : "phase1",
          "signDate" : "2019-07-04T03:21+0000",
          "moonPhaseDate" : "2019-07-02T19:16+0000",
          "age" : 4,
          "timeZone" : 3
        },
        {
          "sign" : "virgo",
          "date" : "2019-07-06T05:58+0000",
          "moonPhase" : "phase1",
          "signDate" : "2019-07-06T04:25+0000",
          "moonPhaseDate" : "2019-07-02T19:16+0000",
          "age" : 5,
          "timeZone" : 3
        },
        {
          "sign" : "virgo",
          "date" : "2019-07-07T07:32+0000",
          "moonPhase" : "phase1",
          "signDate" : "2019-07-06T04:25+0000",
          "moonPhaseDate" : "2019-07-02T19:16+0000",
          "age" : 6,
          "timeZone" : 3
        },
        {
          "sign" : "libra",
          "date" : "2019-07-08T09:04+0000",
          "moonPhase" : "phase1",
          "signDate" : "2019-07-08T06:07+0000",
          "moonPhaseDate" : "2019-07-02T19:16+0000",
          "age" : 7,
          "timeZone" : 3
        },
        {
          "sign" : "libra",
          "date" : "2019-07-09T10:34+0000",
          "moonPhase" : "phase2",
          "signDate" : "2019-07-08T06:07+0000",
          "moonPhaseDate" : "2019-07-09T10:55+0000",
          "age" : 8,
          "timeZone" : 3
        },
        {
          "sign" : "scorpio",
          "date" : "2019-07-10T12:02+0000",
          "moonPhase" : "phase2",
          "signDate" : "2019-07-10T09:28+0000",
          "moonPhaseDate" : "2019-07-09T10:55+0000",
          "age" : 9,
          "timeZone" : 3
        },
        {
          "sign" : "scorpio",
          "date" : "2019-07-11T13:28+0000",
          "moonPhase" : "phase2",
          "signDate" : "2019-07-10T09:28+0000",
          "moonPhaseDate" : "2019-07-09T10:55+0000",
          "age" : 10,
          "timeZone" : 3
        },
        {
          "sign" : "sagittarius",
          "date" : "2019-07-12T14:53+0000",
          "moonPhase" : "phase2",
          "signDate" : "2019-07-12T15:04+0000",
          "moonPhaseDate" : "2019-07-09T10:55+0000",
          "age" : 11,
          "timeZone" : 3
        },
        {
          "sign" : "sagittarius",
          "date" : "2019-07-13T16:13+0000",
          "moonPhase" : "phase2",
          "signDate" : "2019-07-12T15:04+0000",
          "moonPhaseDate" : "2019-07-09T10:55+0000",
          "age" : 12,
          "timeZone" : 3
        },
        {
          "sign" : "sagittarius",
          "date" : "2019-07-14T17:27+0000",
          "moonPhase" : "phase2",
          "signDate" : "2019-07-12T15:04+0000",
          "moonPhaseDate" : "2019-07-09T10:55+0000",
          "age" : 13,
          "timeZone" : 3
        },
        {
          "sign" : "capricorn",
          "date" : "2019-07-15T18:28+0000",
          "moonPhase" : "phase2",
          "signDate" : "2019-07-14T23:03+0000",
          "moonPhaseDate" : "2019-07-09T10:55+0000",
          "age" : 14,
          "timeZone" : 3
        },
        {
          "sign" : "capricorn",
          "date" : "2019-07-16T19:15+0000",
          "moonPhase" : "phase2",
          "signDate" : "2019-07-14T23:03+0000",
          "moonPhaseDate" : "2019-07-09T10:55+0000",
          "age" : 15,
          "timeZone" : 3
        },
        {
          "sign" : "aquarius",
          "date" : "2019-07-17T19:49+0000",
          "moonPhase" : "fullMoon",
          "signDate" : "2019-07-17T09:18+0000",
          "moonPhaseDate" : "2019-07-16T21:38+0000",
          "age" : 16,
          "timeZone" : 3
        },
        {
          "sign" : "aquarius",
          "date" : "2019-07-18T20:13+0000",
          "moonPhase" : "phase3",
          "signDate" : "2019-07-17T09:18+0000",
          "moonPhaseDate" : "2019-07-16T21:38+0000",
          "age" : 17,
          "timeZone" : 3
        },
        {
          "sign" : "aquarius",
          "date" : "2019-07-19T20:31+0000",
          "moonPhase" : "phase3",
          "signDate" : "2019-07-17T09:18+0000",
          "moonPhaseDate" : "2019-07-16T21:38+0000",
          "age" : 18,
          "timeZone" : 3
        },
        {
          "sign" : "pisces",
          "date" : "2019-07-20T20:44+0000",
          "moonPhase" : "phase3",
          "signDate" : "2019-07-19T21:19+0000",
          "moonPhaseDate" : "2019-07-16T21:38+0000",
          "age" : 19,
          "timeZone" : 3
        },
        {
          "sign" : "pisces",
          "date" : "2019-07-21T20:55+0000",
          "moonPhase" : "phase3",
          "signDate" : "2019-07-19T21:19+0000",
          "moonPhaseDate" : "2019-07-16T21:38+0000",
          "age" : 20,
          "timeZone" : 3
        },
        {
          "sign" : "aries",
          "date" : "2019-07-22T21:05+0000",
          "moonPhase" : "phase3",
          "signDate" : "2019-07-19T21:19+0000",
          "moonPhaseDate" : "2019-07-16T21:38+0000",
          "age" : 21,
          "timeZone" : 3
        },
        {
          "sign" : "aries",
          "date" : "2019-07-23T21:15+0000",
          "moonPhase" : "phase3",
          "signDate" : "2019-07-19T21:19+0000",
          "moonPhaseDate" : "2019-07-16T21:38+0000",
          "age" : 22,
          "timeZone" : 3
        },
        {
          "date" : "2019-07-24T21:25+0000",
          "sign" : "taurus",
          "moonPhase" : "phase4",
          "signDate" : "2019-07-24T21:40+0000",
          "moonPhaseDate" : "2019-07-25T01:18+0000",
          "age" : 23,
          "timeZone" : 3
        },
        {
          "sign" : "taurus",
          "date" : "2019-07-25T21:37+0000",
          "moonPhase" : "phase4",
          "signDate" : "2019-07-24T21:40+0000",
          "moonPhaseDate" : "2019-07-25T01:18+0000",
          "age" : 24,
          "timeZone" : 3
        },
        {
          "sign" : "gemini",
          "date" : "2019-07-26T21:51+0000",
          "moonPhase" : "phase4",
          "signDate" : "2019-07-27T06:28+0000",
          "moonPhaseDate" : "2019-07-25T01:18+0000",
          "age" : 25,
          "timeZone" : 3
        },
        {
          "sign" : "gemini",
          "date" : "2019-07-27T22:12+0000",
          "moonPhase" : "phase4",
          "signDate" : "2019-07-27T06:28+0000",
          "moonPhaseDate" : "2019-07-25T01:18+0000",
          "age" : 26,
          "timeZone" : 3
        },
        {
          "sign" : "cancer",
          "date" : "2019-07-28T22:41+0000",
          "moonPhase" : "phase4",
          "signDate" : "2019-07-29T11:30+0000",
          "moonPhaseDate" : "2019-07-25T01:18+0000",
          "age" : 27,
          "timeZone" : 3
        },
        {
          "sign" : "cancer",
          "date" : "2019-07-29T23:26+0000",
          "moonPhase" : "phase4",
          "signDate" : "2019-07-29T11:30+0000",
          "moonPhaseDate" : "2019-07-25T01:18+0000",
          "age" : 28,
          "timeZone" : 3
        },
        {
          "sign" : "leo",
          "date" : "2019-07-31T00:31+0000",
          "moonPhase" : "phase4",
          "signDate" : "2019-07-31T13:18+0000",
          "moonPhaseDate" : "2019-07-25T01:18+0000",
          "age" : 29,
          "timeZone" : 3
        },
        {
          "sign" : "leo",
          "date" : "2019-08-01T01:53+0000",
          "moonPhase" : "newMoon",
          "signDate" : "2019-07-31T13:18+0000",
          "moonPhaseDate" : "2019-08-01T03:12+0000",
          "age" : 30,
          "timeZone" : 3
        },
        {
          "date" : "2019-08-01T03:12+0000",
          "sign" : "leo",
          "moonPhase" : "newMoon",
          "signDate" : "2019-07-31T13:18+0000",
          "moonPhaseDate" : "2019-08-01T03:12+0000",
          "age" : 1,
          "timeZone" : 3
        },
        {
          "sign" : "virgo",
          "date" : "2019-08-02T03:27+0000",
          "moonPhase" : "phase1",
          "signDate" : "2019-08-02T13:23+0000",
          "moonPhaseDate" : "2019-08-01T03:12+0000",
          "age" : 2,
          "timeZone" : 3
        },
        {
          "sign" : "virgo",
          "date" : "2019-08-03T05:05+0000",
          "moonPhase" : "phase1",
          "signDate" : "2019-08-02T13:23+0000",
          "moonPhaseDate" : "2019-08-01T03:12+0000",
          "age" : 3,
          "timeZone" : 3
        },
        {
          "sign" : "libra",
          "date" : "2019-08-04T06:41+0000",
          "moonPhase" : "phase1",
          "signDate" : "2019-08-04T13:32+0000",
          "moonPhaseDate" : "2019-08-01T03:12+0000",
          "age" : 4,
          "timeZone" : 3
        },
        {
          "sign" : "libra",
          "date" : "2019-08-05T08:15+0000",
          "moonPhase" : "phase1",
          "signDate" : "2019-08-04T13:32+0000",
          "moonPhaseDate" : "2019-08-01T03:12+0000",
          "age" : 5,
          "timeZone" : 3
        },
        {
          "sign" : "scorpio",
          "date" : "2019-08-06T09:46+0000",
          "moonPhase" : "phase1",
          "signDate" : "2019-08-06T15:31+0000",
          "moonPhaseDate" : "2019-08-01T03:12+0000",
          "age" : 6,
          "timeZone" : 3
        },
        {
          "sign" : "scorpio",
          "date" : "2019-08-07T11:15+0000",
          "moonPhase" : "phase2",
          "signDate" : "2019-08-06T15:31+0000",
          "moonPhaseDate" : "2019-08-07T17:31+0000",
          "age" : 7,
          "timeZone" : 3
        },
        {
          "sign" : "sagittarius",
          "date" : "2019-08-08T12:41+0000",
          "moonPhase" : "phase2",
          "signDate" : "2019-08-08T20:32+0000",
          "moonPhaseDate" : "2019-08-07T17:31+0000",
          "age" : 8,
          "timeZone" : 3
        },
        {
          "sign" : "sagittarius",
          "date" : "2019-08-09T14:03+0000",
          "moonPhase" : "phase2",
          "signDate" : "2019-08-08T20:32+0000",
          "moonPhaseDate" : "2019-08-07T17:31+0000",
          "age" : 9,
          "timeZone" : 3
        },
        {
          "sign" : "sagittarius",
          "date" : "2019-08-10T15:19+0000",
          "moonPhase" : "phase2",
          "signDate" : "2019-08-08T20:32+0000",
          "moonPhaseDate" : "2019-08-07T17:31+0000",
          "age" : 10,
          "timeZone" : 3
        },
        {
          "sign" : "capricorn",
          "date" : "2019-08-11T16:23+0000",
          "moonPhase" : "phase2",
          "signDate" : "2019-08-11T04:48+0000",
          "moonPhaseDate" : "2019-08-07T17:31+0000",
          "age" : 11,
          "timeZone" : 3
        },
        {
          "sign" : "capricorn",
          "date" : "2019-08-12T17:14+0000",
          "moonPhase" : "phase2",
          "signDate" : "2019-08-11T04:48+0000",
          "moonPhaseDate" : "2019-08-07T17:31+0000",
          "age" : 12,
          "timeZone" : 3
        },
        {
          "date" : "2019-08-13T17:52+0000",
          "sign" : "aquarius",
          "moonPhase" : "phase2",
          "signDate" : "2019-08-13T15:36+0000",
          "moonPhaseDate" : "2019-08-07T17:31+0000",
          "age" : 13,
          "timeZone" : 3
        },
        {
          "sign" : "aquarius",
          "date" : "2019-08-14T18:18+0000",
          "moonPhase" : "phase2",
          "signDate" : "2019-08-13T15:36+0000",
          "moonPhaseDate" : "2019-08-07T17:31+0000",
          "age" : 14,
          "timeZone" : 3
        },
        {
          "sign" : "aquarius",
          "date" : "2019-08-15T18:38+0000",
          "moonPhase" : "fullMoon",
          "signDate" : "2019-08-13T15:36+0000",
          "moonPhaseDate" : "2019-08-15T12:29+0000",
          "age" : 15,
          "timeZone" : 3
        },
        {
          "sign" : "pisces",
          "date" : "2019-08-16T18:52+0000",
          "moonPhase" : "phase3",
          "signDate" : "2019-08-16T03:50+0000",
          "moonPhaseDate" : "2019-08-15T12:29+0000",
          "age" : 16,
          "timeZone" : 3
        },
        {
          "sign" : "pisces",
          "date" : "2019-08-17T19:04+0000",
          "moonPhase" : "phase3",
          "signDate" : "2019-08-16T03:50+0000",
          "moonPhaseDate" : "2019-08-15T12:29+0000",
          "age" : 17,
          "timeZone" : 3
        },
        {
          "sign" : "aries",
          "date" : "2019-08-18T19:14+0000",
          "moonPhase" : "phase3",
          "signDate" : "2019-08-18T16:32+0000",
          "moonPhaseDate" : "2019-08-15T12:29+0000",
          "age" : 18,
          "timeZone" : 3
        },
        {
          "sign" : "aries",
          "date" : "2019-08-19T19:23+0000",
          "moonPhase" : "phase3",
          "signDate" : "2019-08-18T16:32+0000",
          "moonPhaseDate" : "2019-08-15T12:29+0000",
          "age" : 19,
          "timeZone" : 3
        },
        {
          "sign" : "aries",
          "date" : "2019-08-20T19:33+0000",
          "moonPhase" : "phase3",
          "signDate" : "2019-08-18T16:32+0000",
          "moonPhaseDate" : "2019-08-15T12:29+0000",
          "age" : 20,
          "timeZone" : 3
        },
        {
          "sign" : "taurus",
          "date" : "2019-08-21T19:43+0000",
          "moonPhase" : "phase3",
          "signDate" : "2019-08-21T04:36+0000",
          "moonPhaseDate" : "2019-08-15T12:29+0000",
          "age" : 21,
          "timeZone" : 3
        },
        {
          "sign" : "taurus",
          "date" : "2019-08-22T19:56+0000",
          "moonPhase" : "phase3",
          "signDate" : "2019-08-21T04:36+0000",
          "moonPhaseDate" : "2019-08-15T12:29+0000",
          "age" : 22,
          "timeZone" : 3
        },
        {
          "sign" : "gemini",
          "date" : "2019-08-23T20:13+0000",
          "moonPhase" : "phase4",
          "signDate" : "2019-08-23T14:34+0000",
          "moonPhaseDate" : "2019-08-23T14:56+0000",
          "age" : 23,
          "timeZone" : 3
        },
        {
          "sign" : "gemini",
          "date" : "2019-08-24T20:38+0000",
          "moonPhase" : "phase4",
          "signDate" : "2019-08-23T14:34+0000",
          "moonPhaseDate" : "2019-08-23T14:56+0000",
          "age" : 24,
          "timeZone" : 3
        },
        {
          "sign" : "cancer",
          "date" : "2019-08-25T21:13+0000",
          "moonPhase" : "phase4",
          "signDate" : "2019-08-25T21:05+0000",
          "moonPhaseDate" : "2019-08-23T14:56+0000",
          "age" : 25,
          "timeZone" : 3
        },
        {
          "date" : "2019-08-26T22:07+0000",
          "sign" : "cancer",
          "moonPhase" : "phase4",
          "signDate" : "2019-08-25T21:05+0000",
          "moonPhaseDate" : "2019-08-23T14:56+0000",
          "age" : 26,
          "timeZone" : 3
        },
        {
          "sign" : "leo",
          "date" : "2019-08-27T23:20+0000",
          "moonPhase" : "phase4",
          "signDate" : "2019-08-27T23:51+0000",
          "moonPhaseDate" : "2019-08-23T14:56+0000",
          "age" : 27,
          "timeZone" : 3
        },
        {
          "sign" : "leo",
          "date" : "2019-08-29T00:49+0000",
          "moonPhase" : "phase4",
          "signDate" : "2019-08-27T23:51+0000",
          "moonPhaseDate" : "2019-08-23T14:56+0000",
          "age" : 28,
          "timeZone" : 3
        },
        {
          "sign" : "virgo",
          "date" : "2019-08-30T02:26+0000",
          "moonPhase" : "newMoon",
          "signDate" : "2019-08-29T23:57+0000",
          "moonPhaseDate" : "2019-08-30T10:37+0000",
          "age" : 29,
          "timeZone" : 3
        },
        {
          "sign" : "virgo",
          "date" : "2019-08-30T10:37+0000",
          "moonPhase" : "newMoon",
          "signDate" : "2019-08-29T23:57+0000",
          "moonPhaseDate" : "2019-08-30T10:37+0000",
          "age" : 1,
          "timeZone" : 3
        },
        {
          "sign" : "virgo",
          "date" : "2019-08-31T04:06+0000",
          "moonPhase" : "phase1",
          "signDate" : "2019-08-29T23:57+0000",
          "moonPhaseDate" : "2019-08-30T10:37+0000",
          "age" : 2,
          "timeZone" : 3
        },
        {
          "date" : "2019-09-01T05:44+0000",
          "sign" : "libra",
          "moonPhase" : "phase1",
          "signDate" : "2019-08-31T23:12+0000",
          "moonPhaseDate" : null,
          "age" : 3,
          "timeZone" : 3
        },
        {
          "sign" : "libra",
          "date" : "2019-09-02T07:20+0000",
          "moonPhase" : "phase1",
          "signDate" : "2019-08-31T23:12+0000",
          "moonPhaseDate" : null,
          "age" : 4,
          "timeZone" : 3
        },
        {
          "date" : "2019-09-03T08:53+0000",
          "sign" : "scorpio",
          "moonPhase" : "phase1",
          "signDate" : "2019-09-02T23:38+0000",
          "moonPhaseDate" : null,
          "age" : 5,
          "timeZone" : 3
        },
        {
          "sign" : "scorpio",
          "date" : "2019-09-04T10:23+0000",
          "moonPhase" : "phase1",
          "signDate" : "2019-09-02T23:38+0000",
          "moonPhaseDate" : null,
          "age" : 6,
          "timeZone" : 3
        },
        {
          "sign" : "sagittarius",
          "date" : "2019-09-05T11:50+0000",
          "moonPhase" : "phase1",
          "signDate" : "2019-09-05T03:06+0000",
          "moonPhaseDate" : null,
          "age" : 7,
          "timeZone" : 3
        },
        {
          "date" : "2019-09-06T13:09+0000",
          "sign" : "sagittarius",
          "moonPhase" : "phase2",
          "signDate" : "2019-09-05T03:06+0000",
          "moonPhaseDate" : "2019-09-06T03:10+0000",
          "age" : 8,
          "timeZone" : 3
        },
        {
          "sign" : "capricorn",
          "date" : "2019-09-07T14:19+0000",
          "moonPhase" : "phase2",
          "signDate" : "2019-09-07T10:35+0000",
          "moonPhaseDate" : "2019-09-06T03:10+0000",
          "age" : 9,
          "timeZone" : 3
        },
        {
          "sign" : "capricorn",
          "date" : "2019-09-08T15:14+0000",
          "moonPhase" : "phase2",
          "signDate" : "2019-09-07T10:35+0000",
          "moonPhaseDate" : "2019-09-06T03:10+0000",
          "age" : 10,
          "timeZone" : 3
        },
        {
          "sign" : "capricorn",
          "date" : "2019-09-09T15:55+0000",
          "moonPhase" : "phase2",
          "signDate" : "2019-09-07T10:35+0000",
          "moonPhaseDate" : "2019-09-06T03:10+0000",
          "age" : 11,
          "timeZone" : 3
        },
        {
          "sign" : "aquarius",
          "date" : "2019-09-10T16:24+0000",
          "moonPhase" : "phase2",
          "signDate" : "2019-09-09T21:25+0000",
          "moonPhaseDate" : "2019-09-06T03:10+0000",
          "age" : 12,
          "timeZone" : 3
        },
        {
          "date" : "2019-09-11T16:45+0000",
          "sign" : "aquarius",
          "moonPhase" : "phase2",
          "signDate" : "2019-09-09T21:25+0000",
          "moonPhaseDate" : "2019-09-06T03:10+0000",
          "age" : 13,
          "timeZone" : 3
        },
        {
          "sign" : "pisces",
          "date" : "2019-09-12T17:00+0000",
          "moonPhase" : "phase2",
          "signDate" : "2019-09-12T09:53+0000",
          "moonPhaseDate" : "2019-09-06T03:10+0000",
          "age" : 14,
          "timeZone" : 3
        },
        {
          "sign" : "pisces",
          "date" : "2019-09-13T17:12+0000",
          "moonPhase" : "phase2",
          "signDate" : "2019-09-12T09:53+0000",
          "moonPhaseDate" : "2019-09-06T03:10+0000",
          "age" : 15,
          "timeZone" : 3
        },
        {
          "sign" : "pisces",
          "date" : "2019-09-14T17:23+0000",
          "moonPhase" : "fullMoon",
          "signDate" : "2019-09-12T09:53+0000",
          "moonPhaseDate" : "2019-09-14T04:33+0000",
          "age" : 16,
          "timeZone" : 3
        },
        {
          "sign" : "aries",
          "date" : "2019-09-15T17:32+0000",
          "moonPhase" : "phase3",
          "signDate" : "2019-09-14T22:32+0000",
          "moonPhaseDate" : "2019-09-14T04:33+0000",
          "age" : 17,
          "timeZone" : 3
        },
        {
          "sign" : "aries",
          "date" : "2019-09-16T17:41+0000",
          "moonPhase" : "phase3",
          "signDate" : "2019-09-14T22:32+0000",
          "moonPhaseDate" : "2019-09-14T04:33+0000",
          "age" : 18,
          "timeZone" : 3
        },
        {
          "sign" : "taurus",
          "date" : "2019-09-17T17:51+0000",
          "moonPhase" : "phase3",
          "signDate" : "2019-09-17T10:30+0000",
          "moonPhaseDate" : "2019-09-14T04:33+0000",
          "age" : 19,
          "timeZone" : 3
        },
        {
          "sign" : "taurus",
          "date" : "2019-09-18T18:03+0000",
          "moonPhase" : "phase3",
          "signDate" : "2019-09-17T10:30+0000",
          "moonPhaseDate" : "2019-09-14T04:33+0000",
          "age" : 20,
          "timeZone" : 3
        },
        {
          "sign" : "gemini",
          "date" : "2019-09-19T18:17+0000",
          "moonPhase" : "phase3",
          "signDate" : "2019-09-19T20:58+0000",
          "moonPhaseDate" : "2019-09-14T04:33+0000",
          "age" : 21,
          "timeZone" : 3
        },
        {
          "date" : "2019-09-20T18:38+0000",
          "sign" : "gemini",
          "moonPhase" : "phase3",
          "signDate" : "2019-09-19T20:58+0000",
          "moonPhaseDate" : "2019-09-14T04:33+0000",
          "age" : 22,
          "timeZone" : 3
        },
        {
          "date" : "2019-09-21T19:08+0000",
          "sign" : "gemini",
          "moonPhase" : "phase3",
          "signDate" : "2019-09-19T20:58+0000",
          "moonPhaseDate" : "2019-09-14T04:33+0000",
          "age" : 23,
          "timeZone" : 3
        },
        {
          "sign" : "cancer",
          "date" : "2019-09-22T19:52+0000",
          "moonPhase" : "phase4",
          "signDate" : "2019-09-22T04:52+0000",
          "moonPhaseDate" : "2019-09-22T02:41+0000",
          "age" : 24,
          "timeZone" : 3
        },
        {
          "sign" : "cancer",
          "date" : "2019-09-23T20:54+0000",
          "moonPhase" : "phase4",
          "signDate" : "2019-09-22T04:52+0000",
          "moonPhaseDate" : "2019-09-22T02:41+0000",
          "age" : 25,
          "timeZone" : 3
        },
        {
          "sign" : "leo",
          "date" : "2019-09-24T22:15+0000",
          "moonPhase" : "phase4",
          "signDate" : "2019-09-22T04:52+0000",
          "moonPhaseDate" : "2019-09-22T02:41+0000",
          "age" : 26,
          "timeZone" : 3
        },
        {
          "sign" : "virgo",
          "date" : "2019-09-25T23:47+0000",
          "moonPhase" : "phase4",
          "signDate" : "2019-09-26T10:35+0000",
          "moonPhaseDate" : "2019-09-22T02:41+0000",
          "age" : 27,
          "timeZone" : 3
        },
        {
          "sign" : "virgo",
          "date" : "2019-09-27T01:25+0000",
          "moonPhase" : "phase4",
          "signDate" : "2019-09-26T10:35+0000",
          "moonPhaseDate" : "2019-09-22T02:41+0000",
          "age" : 28,
          "timeZone" : 3
        },
        {
          "sign" : "libra",
          "date" : "2019-09-28T03:04+0000",
          "moonPhase" : "newMoon",
          "signDate" : "2019-09-28T10:04+0000",
          "moonPhaseDate" : "2019-09-28T18:26+0000",
          "age" : 29,
          "timeZone" : 3
        },
        {
          "sign" : "libra",
          "date" : "2019-09-28T18:26+0000",
          "moonPhase" : "newMoon",
          "signDate" : "2019-09-28T10:04+0000",
          "moonPhaseDate" : "2019-09-28T18:26+0000",
          "age" : 1,
          "timeZone" : 3
        },
        {
          "sign" : "libra",
          "date" : "2019-09-29T04:42+0000",
          "moonPhase" : "phase1",
          "signDate" : "2019-09-28T10:04+0000",
          "moonPhaseDate" : "2019-09-28T18:26+0000",
          "age" : 2,
          "timeZone" : 3
        },
        {
          "sign" : "scorpio",
          "date" : "2019-09-30T06:19+0000",
          "moonPhase" : "phase1",
          "signDate" : "2019-09-30T09:45+0000",
          "moonPhaseDate" : "2019-09-28T18:26+0000",
          "age" : 3,
          "timeZone" : 3
        },
        {
          "sign" : "scorpio",
          "date" : "2019-10-01T07:54+0000",
          "moonPhase" : "phase1",
          "signDate" : "2019-09-30T09:45+0000",
          "moonPhaseDate" : null,
          "age" : 4,
          "timeZone" : 3
        },
        {
          "sign" : "sagittarius",
          "date" : "2019-10-02T09:26+0000",
          "moonPhase" : "phase1",
          "signDate" : "2019-10-02T11:45+0000",
          "moonPhaseDate" : null,
          "age" : 5,
          "timeZone" : 3
        },
        {
          "sign" : "sagittarius",
          "date" : "2019-10-03T10:53+0000",
          "moonPhase" : "phase1",
          "signDate" : "2019-10-02T11:45+0000",
          "moonPhaseDate" : null,
          "age" : 6,
          "timeZone" : 3
        },
        {
          "date" : "2019-10-04T12:09+0000",
          "sign" : "capricorn",
          "moonPhase" : "phase1",
          "signDate" : "2019-10-04T17:41+0000",
          "moonPhaseDate" : null,
          "age" : 7,
          "timeZone" : 3
        },
        {
          "sign" : "capricorn",
          "date" : "2019-10-05T13:12+0000",
          "moonPhase" : "phase2",
          "signDate" : "2019-10-04T17:41+0000",
          "moonPhaseDate" : "2019-10-05T16:47+0000",
          "age" : 8,
          "timeZone" : 3
        },
        {
          "date" : "2019-10-06T13:57+0000",
          "sign" : "capricorn",
          "moonPhase" : "phase2",
          "signDate" : "2019-10-04T17:41+0000",
          "moonPhaseDate" : "2019-10-05T16:47+0000",
          "age" : 9,
          "timeZone" : 3
        },
        {
          "sign" : "aquarius",
          "date" : "2019-10-07T14:30+0000",
          "moonPhase" : "phase2",
          "signDate" : "2019-10-07T03:43+0000",
          "moonPhaseDate" : "2019-10-05T16:47+0000",
          "age" : 10,
          "timeZone" : 3
        },
        {
          "sign" : "aquarius",
          "date" : "2019-10-08T14:53+0000",
          "moonPhase" : "phase2",
          "signDate" : "2019-10-07T03:43+0000",
          "moonPhaseDate" : "2019-10-05T16:47+0000",
          "age" : 11,
          "timeZone" : 3
        },
        {
          "sign" : "pisces",
          "date" : "2019-10-09T15:09+0000",
          "moonPhase" : "phase2",
          "signDate" : "2019-10-09T16:08+0000",
          "moonPhaseDate" : "2019-10-05T16:47+0000",
          "age" : 12,
          "timeZone" : 3
        },
        {
          "sign" : "pisces",
          "date" : "2019-10-10T15:21+0000",
          "moonPhase" : "phase2",
          "signDate" : "2019-10-09T16:08+0000",
          "moonPhaseDate" : "2019-10-05T16:47+0000",
          "age" : 13,
          "timeZone" : 3
        },
        {
          "sign" : "pisces",
          "date" : "2019-10-11T15:32+0000",
          "moonPhase" : "phase2",
          "signDate" : "2019-10-09T16:08+0000",
          "moonPhaseDate" : "2019-10-05T16:47+0000",
          "age" : 14,
          "timeZone" : 3
        },
        {
          "sign" : "aries",
          "date" : "2019-10-12T15:41+0000",
          "moonPhase" : "phase2",
          "signDate" : "2019-10-12T04:46+0000",
          "moonPhaseDate" : "2019-10-05T16:47+0000",
          "age" : 15,
          "timeZone" : 3
        },
        {
          "sign" : "aries",
          "date" : "2019-10-13T15:50+0000",
          "moonPhase" : "phase2",
          "signDate" : "2019-10-12T04:46+0000",
          "moonPhaseDate" : "2019-10-05T16:47+0000",
          "age" : 16,
          "timeZone" : 3
        },
        {
          "sign" : "taurus",
          "date" : "2019-10-14T15:59+0000",
          "moonPhase" : "fullMoon",
          "signDate" : "2019-10-14T16:23+0000",
          "moonPhaseDate" : "2019-10-13T21:08+0000",
          "age" : 17,
          "timeZone" : 3
        },
        {
          "date" : "2019-10-15T16:10+0000",
          "sign" : "taurus",
          "moonPhase" : "phase3",
          "signDate" : "2019-10-14T16:23+0000",
          "moonPhaseDate" : "2019-10-13T21:08+0000",
          "age" : 18,
          "timeZone" : 3
        },
        {
          "sign" : "taurus",
          "date" : "2019-10-16T16:23+0000",
          "moonPhase" : "phase3",
          "signDate" : "2019-10-14T16:23+0000",
          "moonPhaseDate" : "2019-10-13T21:08+0000",
          "age" : 19,
          "timeZone" : 3
        },
        {
          "sign" : "gemini",
          "date" : "2019-10-17T16:41+0000",
          "moonPhase" : "phase3",
          "signDate" : "2019-10-17T02:29+0000",
          "moonPhaseDate" : "2019-10-13T21:08+0000",
          "age" : 20,
          "timeZone" : 3
        },
        {
          "sign" : "gemini",
          "date" : "2019-10-18T17:07+0000",
          "moonPhase" : "phase3",
          "signDate" : "2019-10-17T02:29+0000",
          "moonPhaseDate" : "2019-10-13T21:08+0000",
          "age" : 21,
          "timeZone" : 3
        },
        {
          "date" : "2019-10-19T17:45+0000",
          "sign" : "cancer",
          "moonPhase" : "phase3",
          "signDate" : "2019-10-19T10:42+0000",
          "moonPhaseDate" : "2019-10-13T21:08+0000",
          "age" : 22,
          "timeZone" : 3
        },
        {
          "sign" : "cancer",
          "date" : "2019-10-20T18:40+0000",
          "moonPhase" : "phase3",
          "signDate" : "2019-10-19T10:42+0000",
          "moonPhaseDate" : "2019-10-13T21:08+0000",
          "age" : 23,
          "timeZone" : 3
        },
        {
          "sign" : "leo",
          "date" : "2019-10-21T19:53+0000",
          "moonPhase" : "phase4",
          "signDate" : "2019-10-21T16:30+0000",
          "moonPhaseDate" : "2019-10-21T12:39+0000",
          "age" : 24,
          "timeZone" : 3
        },
        {
          "sign" : "virgo",
          "date" : "2019-10-22T21:18+0000",
          "moonPhase" : "phase4",
          "signDate" : "2019-10-23T19:30+0000",
          "moonPhaseDate" : "2019-10-21T12:39+0000",
          "age" : 25,
          "timeZone" : 3
        },
        {
          "sign" : "virgo",
          "date" : "2019-10-23T22:51+0000",
          "moonPhase" : "phase4",
          "signDate" : "2019-10-23T19:30+0000",
          "moonPhaseDate" : "2019-10-21T12:39+0000",
          "age" : 26,
          "timeZone" : 3
        },
        {
          "sign" : "libra",
          "date" : "2019-10-25T00:27+0000",
          "moonPhase" : "phase4",
          "signDate" : "2019-10-25T20:20+0000",
          "moonPhaseDate" : "2019-10-21T12:39+0000",
          "age" : 27,
          "timeZone" : 3
        },
        {
          "sign" : "libra",
          "date" : "2019-10-26T02:04+0000",
          "moonPhase" : "phase4",
          "signDate" : "2019-10-25T20:20+0000",
          "moonPhaseDate" : "2019-10-21T12:39+0000",
          "age" : 28,
          "timeZone" : 3
        },
        {
          "date" : "2019-10-27T02:40+0000",
          "sign" : "scorpio",
          "moonPhase" : "phase4",
          "signDate" : "2019-10-27T19:31+0000",
          "moonPhaseDate" : "2019-10-21T12:39+0000",
          "age" : 29,
          "timeZone" : 3
        },
        {
          "sign" : "scorpio",
          "date" : "2019-10-28T02:38+0000",
          "moonPhase" : "newMoon",
          "signDate" : "2019-10-27T19:31+0000",
          "moonPhaseDate" : "2019-10-28T02:38+0000",
          "age" : 1,
          "timeZone" : 3
        },
        {
          "sign" : "scorpio",
          "date" : "2019-10-28T04:17+0000",
          "moonPhase" : "newMoon",
          "signDate" : "2019-10-27T19:31+0000",
          "moonPhaseDate" : "2019-10-28T02:38+0000",
          "age" : 2,
          "timeZone" : 3
        },
        {
          "sign" : "sagittarius",
          "date" : "2019-10-29T05:52+0000",
          "moonPhase" : "phase1",
          "signDate" : "2019-10-28T21:00+0000",
          "moonPhaseDate" : "2019-10-28T02:38+0000",
          "age" : 3,
          "timeZone" : 3
        },
        {
          "sign" : "sagittarius",
          "date" : "2019-10-30T07:25+0000",
          "moonPhase" : "phase1",
          "signDate" : "2019-10-28T21:00+0000",
          "moonPhaseDate" : "2019-10-28T02:38+0000",
          "age" : 4,
          "timeZone" : 3
        },
        {
          "sign" : "sagittarius",
          "date" : "2019-10-31T08:50+0000",
          "moonPhase" : "phase1",
          "signDate" : "2019-10-28T21:00+0000",
          "moonPhaseDate" : "2019-10-28T02:38+0000",
          "age" : 5,
          "timeZone" : 3
        },
        {
          "sign" : "capricorn",
          "date" : "2019-11-01T10:01+0000",
          "moonPhase" : "phase1",
          "signDate" : "2019-11-01T01:38+0000",
          "moonPhaseDate" : null,
          "age" : 6,
          "timeZone" : 3
        },
        {
          "sign" : "capricorn",
          "date" : "2019-11-02T10:56+0000",
          "moonPhase" : "phase1",
          "signDate" : "2019-11-01T01:38+0000",
          "moonPhaseDate" : null,
          "age" : 7,
          "timeZone" : 3
        },
        {
          "sign" : "aquarius",
          "date" : "2019-11-03T11:34+0000",
          "moonPhase" : "phase1",
          "signDate" : "2019-11-03T10:21+0000",
          "moonPhaseDate" : null,
          "age" : 8,
          "timeZone" : 3
        },
        {
          "sign" : "aquarius",
          "date" : "2019-11-04T12:00+0000",
          "moonPhase" : "phase2",
          "signDate" : "2019-11-03T10:21+0000",
          "moonPhaseDate" : "2019-11-04T09:23+0000",
          "age" : 9,
          "timeZone" : 3
        },
        {
          "date" : "2019-11-05T12:19+0000",
          "sign" : "aquarius",
          "moonPhase" : "phase2",
          "signDate" : "2019-11-03T10:21+0000",
          "moonPhaseDate" : "2019-11-04T09:23+0000",
          "age" : 10,
          "timeZone" : 3
        },
        {
          "sign" : "pisces",
          "date" : "2019-11-06T12:32+0000",
          "moonPhase" : "phase2",
          "signDate" : "2019-11-05T22:11+0000",
          "moonPhaseDate" : "2019-11-04T09:23+0000",
          "age" : 11,
          "timeZone" : 3
        },
        {
          "sign" : "pisces",
          "date" : "2019-11-07T12:43+0000",
          "moonPhase" : "phase2",
          "signDate" : "2019-11-05T22:11+0000",
          "moonPhaseDate" : "2019-11-04T09:23+0000",
          "age" : 12,
          "timeZone" : 3
        },
        {
          "sign" : "aries",
          "date" : "2019-11-08T12:52+0000",
          "moonPhase" : "phase2",
          "signDate" : "2019-11-08T10:50+0000",
          "moonPhaseDate" : "2019-11-04T09:23+0000",
          "age" : 13,
          "timeZone" : 3
        },
        {
          "sign" : "aries",
          "date" : "2019-11-09T13:00+0000",
          "moonPhase" : "phase2",
          "signDate" : "2019-11-08T10:50+0000",
          "moonPhaseDate" : "2019-11-04T09:23+0000",
          "age" : 14,
          "timeZone" : 3
        },
        {
          "sign" : "aries",
          "date" : "2019-11-10T13:09+0000",
          "moonPhase" : "phase2",
          "signDate" : "2019-11-08T10:50+0000",
          "moonPhaseDate" : "2019-11-04T09:23+0000",
          "age" : 15,
          "timeZone" : 3
        },
        {
          "sign" : "taurus",
          "date" : "2019-11-11T13:18+0000",
          "moonPhase" : "phase2",
          "signDate" : "2019-11-10T22:19+0000",
          "moonPhaseDate" : "2019-11-04T09:23+0000",
          "age" : 16,
          "timeZone" : 3
        },
        {
          "date" : "2019-11-12T13:30+0000",
          "sign" : "taurus",
          "moonPhase" : "fullMoon",
          "signDate" : "2019-11-10T22:19+0000",
          "moonPhaseDate" : "2019-11-12T12:35+0000",
          "age" : 17,
          "timeZone" : 3
        },
        {
          "sign" : "gemini",
          "date" : "2019-11-13T13:46+0000",
          "moonPhase" : "phase3",
          "signDate" : "2019-11-13T07:45+0000",
          "moonPhaseDate" : "2019-11-12T12:35+0000",
          "age" : 18,
          "timeZone" : 3
        },
        {
          "sign" : "gemini",
          "date" : "2019-11-14T14:09+0000",
          "moonPhase" : "phase3",
          "signDate" : "2019-11-13T07:45+0000",
          "moonPhaseDate" : "2019-11-12T12:35+0000",
          "age" : 19,
          "timeZone" : 3
        },
        {
          "sign" : "cancer",
          "date" : "2019-11-15T14:42+0000",
          "moonPhase" : "phase3",
          "signDate" : "2019-11-15T15:12+0000",
          "moonPhaseDate" : "2019-11-12T12:35+0000",
          "age" : 20,
          "timeZone" : 3
        },
        {
          "sign" : "cancer",
          "date" : "2019-11-16T15:32+0000",
          "moonPhase" : "phase3",
          "signDate" : "2019-11-15T15:12+0000",
          "moonPhaseDate" : "2019-11-12T12:35+0000",
          "age" : 21,
          "timeZone" : 3
        },
        {
          "sign" : "leo",
          "date" : "2019-11-17T16:39+0000",
          "moonPhase" : "phase3",
          "signDate" : "2019-11-17T20:54+0000",
          "moonPhaseDate" : "2019-11-12T12:35+0000",
          "age" : 22,
          "timeZone" : 3
        },
        {
          "sign" : "leo",
          "date" : "2019-11-18T18:01+0000",
          "moonPhase" : "phase3",
          "signDate" : "2019-11-17T20:54+0000",
          "moonPhaseDate" : "2019-11-12T12:35+0000",
          "age" : 23,
          "timeZone" : 3
        },
        {
          "sign" : "leo",
          "date" : "2019-11-19T19:31+0000",
          "moonPhase" : "phase4",
          "signDate" : "2019-11-17T20:54+0000",
          "moonPhaseDate" : "2019-11-19T20:11+0000",
          "age" : 24,
          "timeZone" : 3
        },
        {
          "sign" : "virgo",
          "date" : "2019-11-20T21:03+0000",
          "moonPhase" : "phase4",
          "signDate" : "2019-11-17T20:54+0000",
          "moonPhaseDate" : "2019-11-19T20:11+0000",
          "age" : 25,
          "timeZone" : 3
        },
        {
          "sign" : "libra",
          "date" : "2019-11-21T22:36+0000",
          "moonPhase" : "phase4",
          "signDate" : "2019-11-22T03:22+0000",
          "moonPhaseDate" : "2019-11-19T20:11+0000",
          "age" : 26,
          "timeZone" : 3
        },
        {
          "sign" : "libra",
          "date" : "2019-11-23T00:10+0000",
          "moonPhase" : "phase4",
          "signDate" : "2019-11-22T03:22+0000",
          "moonPhaseDate" : "2019-11-19T20:11+0000",
          "age" : 27,
          "timeZone" : 3
        },
        {
          "sign" : "scorpio",
          "date" : "2019-11-24T01:44+0000",
          "moonPhase" : "phase4",
          "signDate" : "2019-11-24T05:01+0000",
          "moonPhaseDate" : "2019-11-19T20:11+0000",
          "age" : 28,
          "timeZone" : 3
        },
        {
          "sign" : "scorpio",
          "date" : "2019-11-25T03:18+0000",
          "moonPhase" : "phase4",
          "signDate" : "2019-11-24T05:01+0000",
          "moonPhaseDate" : "2019-11-19T20:11+0000",
          "age" : 29,
          "timeZone" : 3
        },
        {
          "sign" : "sagittarius",
          "date" : "2019-11-26T04:51+0000",
          "moonPhase" : "newMoon",
          "signDate" : "2019-11-26T07:12+0000",
          "moonPhaseDate" : "2019-11-26T14:06+0000",
          "age" : 30,
          "timeZone" : 3
        },
        {
          "sign" : "sagittarius",
          "date" : "2019-11-26T14:06+0000",
          "moonPhase" : "newMoon",
          "signDate" : "2019-11-26T07:12+0000",
          "moonPhaseDate" : "2019-11-26T14:06+0000",
          "age" : 1,
          "timeZone" : 3
        },
        {
          "sign" : "sagittarius",
          "date" : "2019-11-27T06:21+0000",
          "moonPhase" : "phase1",
          "signDate" : "2019-11-26T07:12+0000",
          "moonPhaseDate" : "2019-11-26T14:06+0000",
          "age" : 2,
          "timeZone" : 3
        },
        {
          "sign" : "capricorn",
          "date" : "2019-11-28T07:42+0000",
          "moonPhase" : "phase1",
          "signDate" : "2019-11-28T11:32+0000",
          "moonPhaseDate" : "2019-11-26T14:06+0000",
          "age" : 3,
          "timeZone" : 3
        },
        {
          "sign" : "capricorn",
          "date" : "2019-11-29T08:46+0000",
          "moonPhase" : "phase1",
          "signDate" : "2019-11-28T11:32+0000",
          "moonPhaseDate" : "2019-11-26T14:06+0000",
          "age" : 4,
          "timeZone" : 3
        },
        {
          "sign" : "aquarius",
          "date" : "2019-11-30T09:33+0000",
          "moonPhase" : "phase1",
          "signDate" : "2019-11-30T19:15+0000",
          "moonPhaseDate" : "2019-11-26T14:06+0000",
          "age" : 5,
          "timeZone" : 3
        },
        {
          "sign" : "aquarius",
          "date" : "2019-12-01T10:04+0000",
          "moonPhase" : "phase1",
          "signDate" : "2019-11-30T19:15+0000",
          "moonPhaseDate" : null,
          "age" : 6,
          "timeZone" : 3
        },
        {
          "sign" : "aquarius",
          "date" : "2019-12-02T10:26+0000",
          "moonPhase" : "phase1",
          "signDate" : "2019-11-30T19:15+0000",
          "moonPhaseDate" : null,
          "age" : 7,
          "timeZone" : 3
        },
        {
          "sign" : "pisces",
          "date" : "2019-12-03T10:41+0000",
          "moonPhase" : "phase1",
          "signDate" : "2019-12-03T06:14+0000",
          "moonPhaseDate" : null,
          "age" : 8,
          "timeZone" : 3
        },
        {
          "sign" : "pisces",
          "date" : "2019-12-04T10:52+0000",
          "moonPhase" : "phase2",
          "signDate" : "2019-12-03T06:14+0000",
          "moonPhaseDate" : "2019-12-04T05:58+0000",
          "age" : 9,
          "timeZone" : 3
        },
        {
          "sign" : "aries",
          "date" : "2019-12-05T11:02+0000",
          "moonPhase" : "phase2",
          "signDate" : "2019-12-05T18:46+0000",
          "moonPhaseDate" : "2019-12-04T05:58+0000",
          "age" : 10,
          "timeZone" : 3
        },
        {
          "sign" : "aries",
          "date" : "2019-12-06T11:10+0000",
          "moonPhase" : "phase2",
          "signDate" : "2019-12-05T18:46+0000",
          "moonPhaseDate" : "2019-12-04T05:58+0000",
          "age" : 11,
          "timeZone" : 3
        },
        {
          "sign" : "aries",
          "date" : "2019-12-07T11:18+0000",
          "moonPhase" : "phase2",
          "signDate" : "2019-12-05T18:46+0000",
          "moonPhaseDate" : "2019-12-04T05:58+0000",
          "age" : 12,
          "timeZone" : 3
        },
        {
          "sign" : "taurus",
          "date" : "2019-12-08T11:27+0000",
          "moonPhase" : "phase2",
          "signDate" : "2019-12-08T06:31+0000",
          "moonPhaseDate" : "2019-12-04T05:58+0000",
          "age" : 13,
          "timeZone" : 3
        },
        {
          "sign" : "taurus",
          "date" : "2019-12-09T11:38+0000",
          "moonPhase" : "phase2",
          "signDate" : "2019-12-08T06:31+0000",
          "moonPhaseDate" : "2019-12-04T05:58+0000",
          "age" : 14,
          "timeZone" : 3
        },
        {
          "sign" : "gemini",
          "date" : "2019-12-10T11:52+0000",
          "moonPhase" : "phase2",
          "signDate" : "2019-12-10T15:49+0000",
          "moonPhaseDate" : "2019-12-04T05:58+0000",
          "age" : 15,
          "timeZone" : 3
        },
        {
          "sign" : "gemini",
          "date" : "2019-12-11T12:10+0000",
          "moonPhase" : "phase2",
          "signDate" : "2019-12-10T15:49+0000",
          "moonPhaseDate" : "2019-12-04T05:58+0000",
          "age" : 16,
          "timeZone" : 3
        },
        {
          "sign" : "gemini",
          "date" : "2019-12-12T12:40+0000",
          "moonPhase" : "fullMoon",
          "signDate" : "2019-12-10T15:49+0000",
          "moonPhaseDate" : "2019-12-12T04:12+0000",
          "age" : 17,
          "timeZone" : 3
        },
        {
          "sign" : "cancer",
          "date" : "2019-12-13T13:24+0000",
          "moonPhase" : "phase3",
          "signDate" : "2019-12-12T22:24+0000",
          "moonPhaseDate" : "2019-12-12T04:12+0000",
          "age" : 18,
          "timeZone" : 3
        },
        {
          "sign" : "cancer",
          "date" : "2019-12-14T14:27+0000",
          "moonPhase" : "phase3",
          "signDate" : "2019-12-12T22:24+0000",
          "moonPhaseDate" : "2019-12-12T04:12+0000",
          "age" : 19,
          "timeZone" : 3
        },
        {
          "sign" : "leo",
          "date" : "2019-12-15T15:46+0000",
          "moonPhase" : "phase3",
          "signDate" : "2019-12-15T02:53+0000",
          "moonPhaseDate" : "2019-12-12T04:12+0000",
          "age" : 20,
          "timeZone" : 3
        },
        {
          "sign" : "leo",
          "date" : "2019-12-16T17:15+0000",
          "moonPhase" : "phase3",
          "signDate" : "2019-12-15T02:53+0000",
          "moonPhaseDate" : "2019-12-12T04:12+0000",
          "age" : 21,
          "timeZone" : 3
        },
        {
          "sign" : "virgo",
          "date" : "2019-12-17T18:47+0000",
          "moonPhase" : "phase3",
          "signDate" : "2019-12-17T06:13+0000",
          "moonPhaseDate" : "2019-12-12T04:12+0000",
          "age" : 22,
          "timeZone" : 3
        },
        {
          "sign" : "virgo",
          "date" : "2019-12-18T20:20+0000",
          "moonPhase" : "phase3",
          "signDate" : "2019-12-17T06:13+0000",
          "moonPhaseDate" : "2019-12-12T04:12+0000",
          "age" : 23,
          "timeZone" : 3
        },
        {
          "sign" : "libra",
          "date" : "2019-12-19T21:51+0000",
          "moonPhase" : "phase4",
          "signDate" : "2019-12-17T06:13+0000",
          "moonPhaseDate" : "2019-12-19T03:57+0000",
          "age" : 24,
          "timeZone" : 3
        },
        {
          "sign" : "scorpio",
          "date" : "2019-12-20T23:23+0000",
          "moonPhase" : "phase4",
          "signDate" : "2019-12-21T12:01+0000",
          "moonPhaseDate" : "2019-12-19T03:57+0000",
          "age" : 25,
          "timeZone" : 3
        },
        {
          "sign" : "scorpio",
          "date" : "2019-12-22T00:54+0000",
          "moonPhase" : "phase4",
          "signDate" : "2019-12-21T12:01+0000",
          "moonPhaseDate" : "2019-12-19T03:57+0000",
          "age" : 26,
          "timeZone" : 3
        },
        {
          "sign" : "sagittarius",
          "date" : "2019-12-23T02:25+0000",
          "moonPhase" : "phase4",
          "signDate" : "2019-12-23T15:37+0000",
          "moonPhaseDate" : "2019-12-19T03:57+0000",
          "age" : 27,
          "timeZone" : 3
        },
        {
          "sign" : "sagittarius",
          "date" : "2019-12-24T03:55+0000",
          "moonPhase" : "phase4",
          "signDate" : "2019-12-23T15:37+0000",
          "moonPhaseDate" : "2019-12-19T03:57+0000",
          "age" : 28,
          "timeZone" : 3
        },
        {
          "sign" : "capricorn",
          "date" : "2019-12-25T05:19+0000",
          "moonPhase" : "phase4",
          "signDate" : "2019-12-25T20:46+0000",
          "moonPhaseDate" : "2019-12-19T03:57+0000",
          "age" : 29,
          "timeZone" : 3
        },
        {
          "sign" : "capricorn",
          "date" : "2019-12-26T04:13+0000",
          "moonPhase" : "newMoon",
          "signDate" : "2019-12-25T20:46+0000",
          "moonPhaseDate" : "2019-12-26T04:13+0000",
          "age" : 1,
          "timeZone" : 3
        },
        {
          "sign" : "capricorn",
          "date" : "2019-12-26T06:31+0000",
          "moonPhase" : "newMoon",
          "signDate" : "2019-12-25T20:46+0000",
          "moonPhaseDate" : "2019-12-26T04:13+0000",
          "age" : 2,
          "timeZone" : 3
        },
        {
          "sign" : "capricorn",
          "date" : "2019-12-27T07:26+0000",
          "moonPhase" : "phase1",
          "signDate" : "2019-12-25T20:46+0000",
          "moonPhaseDate" : "2019-12-26T04:13+0000",
          "age" : 3,
          "timeZone" : 3
        },
        {
          "sign" : "aquarius",
          "date" : "2019-12-28T08:04+0000",
          "moonPhase" : "phase1",
          "signDate" : "2019-12-28T04:21+0000",
          "moonPhaseDate" : "2019-12-26T04:13+0000",
          "age" : 4,
          "timeZone" : 3
        },
        {
          "date" : "2019-12-29T08:30+0000",
          "sign" : "aquarius",
          "moonPhase" : "phase1",
          "signDate" : "2019-12-28T04:21+0000",
          "moonPhaseDate" : "2019-12-26T04:13+0000",
          "age" : 5,
          "timeZone" : 3
        },
        {
          "sign" : "pisces",
          "date" : "2019-12-30T08:48+0000",
          "moonPhase" : "phase1",
          "signDate" : "2019-12-30T14:43+0000",
          "moonPhaseDate" : "2019-12-26T04:13+0000",
          "age" : 6,
          "timeZone" : 3
        },
        {
          "sign" : "pisces",
          "date" : "2019-12-31T09:00+0000",
          "moonPhase" : "phase1",
          "signDate" : "2019-12-30T14:43+0000",
          "moonPhaseDate" : "2019-12-26T04:13+0000",
          "age" : 7,
          "timeZone" : 3
        },
        {
          "sign" : "pisces",
          "date" : "2020-01-01T09:11+0000",
          "moonPhase" : "phase1",
          "signDate" : "2019-12-30T14:43+0000",
          "moonPhaseDate" : null,
          "age" : 8,
          "timeZone" : 3
        },
        {
          "date" : "2020-01-02T09:19+0000",
          "sign" : "aries",
          "moonPhase" : "phase1",
          "signDate" : "2020-01-02T03:01+0000",
          "moonPhaseDate" : null,
          "age" : 9,
          "timeZone" : 3
        },
        {
          "sign" : "aries",
          "date" : "2020-01-03T09:27+0000",
          "moonPhase" : "phase2",
          "signDate" : "2020-01-02T03:01+0000",
          "moonPhaseDate" : "2020-01-03T03:45+0000",
          "age" : 10,
          "timeZone" : 3
        },
        {
          "sign" : "taurus",
          "date" : "2020-01-04T09:35+0000",
          "moonPhase" : "phase2",
          "signDate" : "2020-01-04T15:15+0000",
          "moonPhaseDate" : "2020-01-03T03:45+0000",
          "age" : 11,
          "timeZone" : 3
        },
        {
          "sign" : "taurus",
          "date" : "2020-01-05T09:45+0000",
          "moonPhase" : "phase2",
          "signDate" : "2020-01-04T15:15+0000",
          "moonPhaseDate" : "2020-01-03T03:45+0000",
          "age" : 12,
          "timeZone" : 3
        },
        {
          "sign" : "taurus",
          "date" : "2020-01-06T09:57+0000",
          "moonPhase" : "phase2",
          "signDate" : "2020-01-04T15:15+0000",
          "moonPhaseDate" : "2020-01-03T03:45+0000",
          "age" : 13,
          "timeZone" : 3
        },
        {
          "sign" : "gemini",
          "date" : "2020-01-07T10:13+0000",
          "moonPhase" : "phase2",
          "signDate" : "2020-01-07T01:13+0000",
          "moonPhaseDate" : "2020-01-03T03:45+0000",
          "age" : 14,
          "timeZone" : 3
        },
        {
          "sign" : "gemini",
          "date" : "2020-01-08T10:37+0000",
          "moonPhase" : "phase2",
          "signDate" : "2020-01-07T01:13+0000",
          "moonPhaseDate" : "2020-01-03T03:45+0000",
          "age" : 15,
          "timeZone" : 3
        },
        {
          "sign" : "cancer",
          "date" : "2020-01-09T11:13+0000",
          "moonPhase" : "phase2",
          "signDate" : "2020-01-09T07:45+0000",
          "moonPhaseDate" : "2020-01-03T03:45+0000",
          "age" : 16,
          "timeZone" : 3
        },
        {
          "sign" : "cancer",
          "date" : "2020-01-10T12:08+0000",
          "moonPhase" : "fullMoon",
          "signDate" : "2020-01-09T07:45+0000",
          "moonPhaseDate" : "2020-01-10T18:21+0000",
          "age" : 17,
          "timeZone" : 3
        },
        {
          "sign" : "leo",
          "date" : "2020-01-11T13:23+0000",
          "moonPhase" : "phase3",
          "signDate" : "2020-01-11T11:16+0000",
          "moonPhaseDate" : "2020-01-10T18:21+0000",
          "age" : 18,
          "timeZone" : 3
        },
        {
          "sign" : "leo",
          "date" : "2020-01-12T14:51+0000",
          "moonPhase" : "phase3",
          "signDate" : "2020-01-11T11:16+0000",
          "moonPhaseDate" : "2020-01-10T18:21+0000",
          "age" : 19,
          "timeZone" : 3
        },
        {
          "sign" : "virgo",
          "date" : "2020-01-13T16:27+0000",
          "moonPhase" : "phase3",
          "signDate" : "2020-01-13T13:05+0000",
          "moonPhaseDate" : "2020-01-10T18:21+0000",
          "age" : 20,
          "timeZone" : 3
        },
        {
          "sign" : "virgo",
          "date" : "2020-01-14T18:02+0000",
          "moonPhase" : "phase3",
          "signDate" : "2020-01-13T13:05+0000",
          "moonPhaseDate" : "2020-01-10T18:21+0000",
          "age" : 21,
          "timeZone" : 3
        },
        {
          "sign" : "libra",
          "date" : "2020-01-15T19:36+0000",
          "moonPhase" : "phase3",
          "signDate" : "2020-01-15T14:42+0000",
          "moonPhaseDate" : "2020-01-10T18:21+0000",
          "age" : 22,
          "timeZone" : 3
        },
        {
          "sign" : "scorpio",
          "date" : "2020-01-16T21:08+0000",
          "moonPhase" : "phase4",
          "signDate" : "2020-01-17T17:21+0000",
          "moonPhaseDate" : "2020-01-17T11:58+0000",
          "age" : 23,
          "timeZone" : 3
        },
        {
          "sign" : "scorpio",
          "date" : "2020-01-17T22:39+0000",
          "moonPhase" : "phase4",
          "signDate" : "2020-01-17T17:21+0000",
          "moonPhaseDate" : "2020-01-17T11:58+0000",
          "age" : 24,
          "timeZone" : 3
        },
        {
          "sign" : "scorpio",
          "date" : "2020-01-19T00:09+0000",
          "moonPhase" : "phase4",
          "signDate" : "2020-01-17T17:21+0000",
          "moonPhaseDate" : "2020-01-17T11:58+0000",
          "age" : 25,
          "timeZone" : 3
        },
        {
          "sign" : "sagittarius",
          "date" : "2020-01-20T01:38+0000",
          "moonPhase" : "phase4",
          "signDate" : "2020-01-19T21:43+0000",
          "moonPhaseDate" : "2020-01-17T11:58+0000",
          "age" : 26,
          "timeZone" : 3
        },
        {
          "sign" : "sagittarius",
          "date" : "2020-01-21T03:02+0000",
          "moonPhase" : "phase4",
          "signDate" : "2020-01-19T21:43+0000",
          "moonPhaseDate" : "2020-01-17T11:58+0000",
          "age" : 27,
          "timeZone" : 3
        },
        {
          "date" : "2020-01-22T04:18+0000",
          "sign" : "capricorn",
          "moonPhase" : "phase4",
          "signDate" : "2020-01-22T04:02+0000",
          "moonPhaseDate" : "2020-01-17T11:58+0000",
          "age" : 28,
          "timeZone" : 3
        },
        {
          "sign" : "capricorn",
          "date" : "2020-01-23T05:19+0000",
          "moonPhase" : "phase4",
          "signDate" : "2020-01-22T04:02+0000",
          "moonPhaseDate" : "2020-01-17T11:58+0000",
          "age" : 29,
          "timeZone" : 3
        },
        {
          "sign" : "aquarius",
          "date" : "2020-01-24T06:02+0000",
          "moonPhase" : "newMoon",
          "signDate" : "2020-01-24T12:22+0000",
          "moonPhaseDate" : "2020-01-24T20:42+0000",
          "age" : 30,
          "timeZone" : 3
        },
        {
          "sign" : "aquarius",
          "date" : "2020-01-24T20:42+0000",
          "moonPhase" : "newMoon",
          "signDate" : "2020-01-24T12:22+0000",
          "moonPhaseDate" : "2020-01-24T20:42+0000",
          "age" : 1,
          "timeZone" : 3
        },
        {
          "sign" : "aquarius",
          "date" : "2020-01-25T06:32+0000",
          "moonPhase" : "phase1",
          "signDate" : "2020-01-24T12:22+0000",
          "moonPhaseDate" : "2020-01-24T20:42+0000",
          "age" : 2,
          "timeZone" : 3
        },
        {
          "sign" : "aquarius",
          "date" : "2020-01-26T06:53+0000",
          "moonPhase" : "phase1",
          "signDate" : "2020-01-24T12:22+0000",
          "moonPhaseDate" : "2020-01-24T20:42+0000",
          "age" : 3,
          "timeZone" : 3
        },
        {
          "sign" : "pisces",
          "date" : "2020-01-27T07:07+0000",
          "moonPhase" : "phase1",
          "signDate" : "2020-01-26T22:45+0000",
          "moonPhaseDate" : "2020-01-24T20:42+0000",
          "age" : 4,
          "timeZone" : 3
        },
        {
          "sign" : "pisces",
          "date" : "2020-01-28T07:18+0000",
          "moonPhase" : "phase1",
          "signDate" : "2020-01-26T22:45+0000",
          "moonPhaseDate" : "2020-01-24T20:42+0000",
          "age" : 5,
          "timeZone" : 3
        },
        {
          "sign" : "aries",
          "date" : "2020-01-29T07:27+0000",
          "moonPhase" : "phase1",
          "signDate" : "2020-01-29T10:51+0000",
          "moonPhaseDate" : "2020-01-24T20:42+0000",
          "age" : 6,
          "timeZone" : 3
        },
        {
          "sign" : "aries",
          "date" : "2020-01-30T07:35+0000",
          "moonPhase" : "phase1",
          "signDate" : "2020-01-29T10:51+0000",
          "moonPhaseDate" : "2020-01-24T20:42+0000",
          "age" : 7,
          "timeZone" : 3
        },
        {
          "sign" : "aries",
          "date" : "2020-01-31T07:43+0000",
          "moonPhase" : "phase1",
          "signDate" : "2020-01-29T10:51+0000",
          "moonPhaseDate" : "2020-01-24T20:42+0000",
          "age" : 8,
          "timeZone" : 3
        },
        {
          "sign" : "aries",
          "date" : "2020-01-31T07:43+0000",
          "moonPhase" : "phase1",
          "signDate" : "2020-01-29T10:51+0000",
          "moonPhaseDate" : "2020-01-24T20:42+0000",
          "age" : 8,
          "timeZone" : 3
        }
      ],
      "cityName" : "Таллин",
      "timeZone" : 3
    }
  ]
}