{
  "countryName" : "Узбекистан",
  "cities" : [
    {
      "timeZone" : 5,
      "moonDays" : [
        {
          "date" : "2019-04-30T22:57+0000",
          "moonPhase" : null,
          "signDate" : "2019-05-01T10:23+0000",
          "age" : 26,
          "sign" : "aries",
          "moonPhaseDate" : null,
          "timeZone" : 5
        },
        {
          "moonPhase" : null,
          "date" : "2019-05-01T23:23+0000",
          "signDate" : "2019-05-01T10:23+0000",
          "sign" : "aries",
          "age" : 27,
          "moonPhaseDate" : null,
          "timeZone" : 5
        },
        {
          "date" : "2019-05-02T23:49+0000",
          "moonPhase" : null,
          "signDate" : "2019-05-01T10:23+0000",
          "sign" : "aries",
          "age" : 28,
          "timeZone" : 5,
          "moonPhaseDate" : null
        },
        {
          "date" : "2019-05-04T00:16+0000",
          "moonPhase" : null,
          "signDate" : "2019-05-03T20:21+0000",
          "sign" : "taurus",
          "age" : 29,
          "moonPhaseDate" : null,
          "timeZone" : 5
        },
        {
          "date" : "2019-05-04T22:45+0000",
          "moonPhase" : "newMoon",
          "signDate" : "2019-05-03T20:21+0000",
          "sign" : "taurus",
          "age" : 1,
          "timeZone" : 5,
          "moonPhaseDate" : "2019-05-04T22:45+0000"
        },
        {
          "moonPhase" : "newMoon",
          "date" : "2019-05-05T00:46+0000",
          "signDate" : "2019-05-03T20:21+0000",
          "sign" : "taurus",
          "age" : 2,
          "moonPhaseDate" : "2019-05-04T22:45+0000",
          "timeZone" : 5
        },
        {
          "moonPhase" : "phase1",
          "date" : "2019-05-06T01:19+0000",
          "signDate" : "2019-05-06T03:42+0000",
          "sign" : "gemini",
          "age" : 3,
          "timeZone" : 5,
          "moonPhaseDate" : "2019-05-04T22:45+0000"
        },
        {
          "moonPhase" : "phase1",
          "date" : "2019-05-07T01:58+0000",
          "signDate" : "2019-05-06T03:42+0000",
          "sign" : "gemini",
          "age" : 4,
          "moonPhaseDate" : "2019-05-04T22:45+0000",
          "timeZone" : 5
        },
        {
          "moonPhase" : "phase1",
          "date" : "2019-05-08T02:44+0000",
          "signDate" : "2019-05-08T09:05+0000",
          "sign" : "cancer",
          "age" : 5,
          "moonPhaseDate" : "2019-05-04T22:45+0000",
          "timeZone" : 5
        },
        {
          "moonPhase" : "phase1",
          "date" : "2019-05-09T03:37+0000",
          "signDate" : "2019-05-08T09:05+0000",
          "sign" : "cancer",
          "age" : 6,
          "moonPhaseDate" : "2019-05-04T22:45+0000",
          "timeZone" : 5
        },
        {
          "moonPhase" : "phase1",
          "date" : "2019-05-10T04:38+0000",
          "signDate" : "2019-05-10T13:12+0000",
          "sign" : "leo",
          "age" : 7,
          "timeZone" : 5,
          "moonPhaseDate" : "2019-05-04T22:45+0000"
        },
        {
          "moonPhase" : "phase1",
          "date" : "2019-05-11T05:45+0000",
          "signDate" : "2019-05-10T13:12+0000",
          "age" : 8,
          "sign" : "leo",
          "moonPhaseDate" : "2019-05-04T22:45+0000",
          "timeZone" : 5
        },
        {
          "moonPhase" : "phase2",
          "date" : "2019-05-12T06:56+0000",
          "signDate" : "2019-05-12T16:23+0000",
          "sign" : "virgo",
          "age" : 9,
          "moonPhaseDate" : "2019-05-12T01:12+0000",
          "timeZone" : 5
        },
        {
          "moonPhase" : "phase2",
          "date" : "2019-05-13T08:07+0000",
          "signDate" : "2019-05-12T16:23+0000",
          "sign" : "virgo",
          "age" : 10,
          "moonPhaseDate" : "2019-05-12T01:12+0000",
          "timeZone" : 5
        },
        {
          "moonPhase" : "phase2",
          "date" : "2019-05-14T09:19+0000",
          "signDate" : "2019-05-14T18:53+0000",
          "age" : 11,
          "sign" : "libra",
          "moonPhaseDate" : "2019-05-12T01:12+0000",
          "timeZone" : 5
        },
        {
          "moonPhase" : "phase2",
          "date" : "2019-05-15T10:30+0000",
          "signDate" : "2019-05-14T18:53+0000",
          "age" : 12,
          "sign" : "libra",
          "moonPhaseDate" : "2019-05-12T01:12+0000",
          "timeZone" : 5
        },
        {
          "date" : "2019-05-16T11:41+0000",
          "moonPhase" : "phase2",
          "signDate" : "2019-05-14T18:53+0000",
          "age" : 13,
          "sign" : "libra",
          "timeZone" : 5,
          "moonPhaseDate" : "2019-05-12T01:12+0000"
        },
        {
          "moonPhase" : "phase2",
          "date" : "2019-05-17T12:51+0000",
          "signDate" : "2019-05-16T21:25+0000",
          "sign" : "scorpio",
          "age" : 14,
          "timeZone" : 5,
          "moonPhaseDate" : "2019-05-12T01:12+0000"
        },
        {
          "date" : "2019-05-18T14:01+0000",
          "moonPhase" : "phase2",
          "signDate" : "2019-05-16T21:25+0000",
          "age" : 15,
          "sign" : "scorpio",
          "timeZone" : 5,
          "moonPhaseDate" : "2019-05-12T01:12+0000"
        },
        {
          "moonPhase" : "fullMoon",
          "date" : "2019-05-19T15:09+0000",
          "signDate" : "2019-05-19T01:19+0000",
          "age" : 16,
          "sign" : "sagittarius",
          "moonPhaseDate" : "2019-05-18T21:11+0000",
          "timeZone" : 5
        },
        {
          "moonPhase" : "phase3",
          "date" : "2019-05-20T16:13+0000",
          "signDate" : "2019-05-19T01:19+0000",
          "sign" : "sagittarius",
          "age" : 17,
          "moonPhaseDate" : "2019-05-18T21:11+0000",
          "timeZone" : 5
        },
        {
          "moonPhase" : "phase3",
          "date" : "2019-05-21T17:12+0000",
          "signDate" : "2019-05-21T07:56+0000",
          "age" : 18,
          "sign" : "capricorn",
          "moonPhaseDate" : "2019-05-18T21:11+0000",
          "timeZone" : 5
        },
        {
          "date" : "2019-05-22T18:04+0000",
          "moonPhase" : "phase3",
          "signDate" : "2019-05-21T07:56+0000",
          "age" : 19,
          "sign" : "capricorn",
          "moonPhaseDate" : "2019-05-18T21:11+0000",
          "timeZone" : 5
        },
        {
          "moonPhase" : "phase3",
          "date" : "2019-05-23T18:50+0000",
          "signDate" : "2019-05-23T17:51+0000",
          "sign" : "aquarius",
          "age" : 20,
          "moonPhaseDate" : "2019-05-18T21:11+0000",
          "timeZone" : 5
        },
        {
          "moonPhase" : "phase3",
          "date" : "2019-05-24T19:29+0000",
          "signDate" : "2019-05-23T17:51+0000",
          "age" : 21,
          "sign" : "aquarius",
          "timeZone" : 5,
          "moonPhaseDate" : "2019-05-18T21:11+0000"
        },
        {
          "moonPhase" : "phase4",
          "date" : "2019-05-25T20:03+0000",
          "signDate" : "2019-05-26T06:07+0000",
          "sign" : "pisces",
          "age" : 22,
          "moonPhaseDate" : "2019-05-26T16:33+0000",
          "timeZone" : 5
        },
        {
          "date" : "2019-05-26T20:33+0000",
          "moonPhase" : "phase4",
          "signDate" : "2019-05-26T06:07+0000",
          "sign" : "pisces",
          "age" : 23,
          "timeZone" : 5,
          "moonPhaseDate" : "2019-05-26T16:33+0000"
        },
        {
          "moonPhase" : "phase4",
          "date" : "2019-05-27T21:00+0000",
          "signDate" : "2019-05-28T18:29+0000",
          "age" : 24,
          "sign" : "aries",
          "moonPhaseDate" : "2019-05-26T16:33+0000",
          "timeZone" : 5
        },
        {
          "moonPhase" : "phase4",
          "date" : "2019-05-28T21:25+0000",
          "signDate" : "2019-05-28T18:29+0000",
          "age" : 25,
          "sign" : "aries",
          "moonPhaseDate" : "2019-05-26T16:33+0000",
          "timeZone" : 5
        },
        {
          "date" : "2019-05-29T21:51+0000",
          "moonPhase" : "phase4",
          "signDate" : "2019-05-28T18:29+0000",
          "age" : 26,
          "sign" : "aries",
          "moonPhaseDate" : "2019-05-26T16:33+0000",
          "timeZone" : 5
        },
        {
          "date" : "2019-05-30T22:17+0000",
          "moonPhase" : "phase4",
          "signDate" : "2019-05-31T04:44+0000",
          "sign" : "taurus",
          "age" : 27,
          "moonPhaseDate" : "2019-05-26T16:33+0000",
          "timeZone" : 5
        },
        {
          "moonPhase" : "phase4",
          "date" : "2019-05-31T22:45+0000",
          "signDate" : "2019-05-31T04:44+0000",
          "sign" : "taurus",
          "age" : 28,
          "timeZone" : 5,
          "moonPhaseDate" : null
        },
        {
          "date" : "2019-06-01T23:17+0000",
          "moonPhase" : "phase4",
          "signDate" : "2019-06-02T11:51+0000",
          "age" : 29,
          "sign" : "gemini",
          "timeZone" : 5,
          "moonPhaseDate" : null
        },
        {
          "moonPhase" : "newMoon",
          "date" : "2019-06-02T23:54+0000",
          "signDate" : "2019-06-02T11:51+0000",
          "age" : 30,
          "sign" : "gemini",
          "moonPhaseDate" : "2019-06-03T10:02+0000",
          "timeZone" : 5
        },
        {
          "moonPhase" : "newMoon",
          "date" : "2019-06-03T10:02+0000",
          "signDate" : "2019-06-02T11:51+0000",
          "sign" : "gemini",
          "age" : 1,
          "timeZone" : 5,
          "moonPhaseDate" : "2019-06-03T10:02+0000"
        },
        {
          "moonPhase" : "phase1",
          "date" : "2019-06-04T00:37+0000",
          "signDate" : "2019-06-04T16:18+0000",
          "sign" : "cancer",
          "age" : 2,
          "moonPhaseDate" : "2019-06-03T10:02+0000",
          "timeZone" : 5
        },
        {
          "date" : "2019-06-05T01:29+0000",
          "moonPhase" : "phase1",
          "signDate" : "2019-06-04T16:18+0000",
          "sign" : "cancer",
          "age" : 3,
          "timeZone" : 5,
          "moonPhaseDate" : "2019-06-03T10:02+0000"
        },
        {
          "date" : "2019-06-06T02:29+0000",
          "moonPhase" : "phase1",
          "signDate" : "2019-06-04T16:18+0000",
          "sign" : "cancer",
          "age" : 4,
          "moonPhaseDate" : "2019-06-03T10:02+0000",
          "timeZone" : 5
        },
        {
          "moonPhase" : "phase1",
          "date" : "2019-06-07T03:36+0000",
          "signDate" : "2019-06-06T19:14+0000",
          "age" : 5,
          "sign" : "leo",
          "moonPhaseDate" : "2019-06-03T10:02+0000",
          "timeZone" : 5
        },
        {
          "moonPhase" : "phase1",
          "date" : "2019-06-08T04:46+0000",
          "signDate" : "2019-06-06T19:14+0000",
          "age" : 6,
          "sign" : "leo",
          "moonPhaseDate" : "2019-06-03T10:02+0000",
          "timeZone" : 5
        },
        {
          "moonPhase" : "phase1",
          "date" : "2019-06-09T05:58+0000",
          "signDate" : "2019-06-08T21:43+0000",
          "age" : 7,
          "sign" : "virgo",
          "timeZone" : 5,
          "moonPhaseDate" : "2019-06-03T10:02+0000"
        },
        {
          "moonPhase" : "phase2",
          "date" : "2019-06-10T07:10+0000",
          "signDate" : "2019-06-08T21:43+0000",
          "sign" : "virgo",
          "age" : 8,
          "timeZone" : 5,
          "moonPhaseDate" : "2019-06-10T05:59+0000"
        },
        {
          "date" : "2019-06-11T08:20+0000",
          "moonPhase" : "phase2",
          "signDate" : "2019-06-11T00:30+0000",
          "age" : 9,
          "sign" : "libra",
          "moonPhaseDate" : "2019-06-10T05:59+0000",
          "timeZone" : 5
        },
        {
          "moonPhase" : "phase2",
          "date" : "2019-06-12T09:30+0000",
          "signDate" : "2019-06-11T00:30+0000",
          "sign" : "libra",
          "age" : 10,
          "moonPhaseDate" : "2019-06-10T05:59+0000",
          "timeZone" : 5
        },
        {
          "moonPhase" : "phase2",
          "date" : "2019-06-13T10:39+0000",
          "signDate" : "2019-06-13T04:03+0000",
          "sign" : "scorpio",
          "age" : 11,
          "moonPhaseDate" : "2019-06-10T05:59+0000",
          "timeZone" : 5
        },
        {
          "moonPhase" : "phase2",
          "date" : "2019-06-14T11:47+0000",
          "signDate" : "2019-06-13T04:03+0000",
          "sign" : "scorpio",
          "age" : 12,
          "moonPhaseDate" : "2019-06-10T05:59+0000",
          "timeZone" : 5
        },
        {
          "date" : "2019-06-15T12:54+0000",
          "moonPhase" : "phase2",
          "signDate" : "2019-06-15T09:01+0000",
          "sign" : "sagittarius",
          "age" : 13,
          "moonPhaseDate" : "2019-06-10T05:59+0000",
          "timeZone" : 5
        },
        {
          "date" : "2019-06-16T13:59+0000",
          "moonPhase" : "phase2",
          "signDate" : "2019-06-15T09:01+0000",
          "sign" : "sagittarius",
          "age" : 14,
          "timeZone" : 5,
          "moonPhaseDate" : "2019-06-10T05:59+0000"
        },
        {
          "date" : "2019-06-17T14:59+0000",
          "moonPhase" : "fullMoon",
          "signDate" : "2019-06-17T16:11+0000",
          "sign" : "capricorn",
          "age" : 15,
          "moonPhaseDate" : "2019-06-17T08:31+0000",
          "timeZone" : 5
        },
        {
          "moonPhase" : "phase3",
          "date" : "2019-06-18T15:55+0000",
          "signDate" : "2019-06-17T16:11+0000",
          "sign" : "capricorn",
          "age" : 16,
          "timeZone" : 5,
          "moonPhaseDate" : "2019-06-17T08:31+0000"
        },
        {
          "date" : "2019-06-19T16:44+0000",
          "moonPhase" : "phase3",
          "signDate" : "2019-06-17T16:11+0000",
          "age" : 17,
          "sign" : "capricorn",
          "moonPhaseDate" : "2019-06-17T08:31+0000",
          "timeZone" : 5
        },
        {
          "moonPhase" : "phase3",
          "date" : "2019-06-20T17:26+0000",
          "signDate" : "2019-06-20T02:01+0000",
          "age" : 18,
          "sign" : "aquarius",
          "timeZone" : 5,
          "moonPhaseDate" : "2019-06-17T08:31+0000"
        },
        {
          "date" : "2019-06-21T18:02+0000",
          "moonPhase" : "phase3",
          "signDate" : "2019-06-20T02:01+0000",
          "sign" : "aquarius",
          "age" : 19,
          "timeZone" : 5,
          "moonPhaseDate" : "2019-06-17T08:31+0000"
        },
        {
          "moonPhase" : "phase3",
          "date" : "2019-06-22T18:34+0000",
          "signDate" : "2019-06-22T14:01+0000",
          "age" : 20,
          "sign" : "pisces",
          "timeZone" : 5,
          "moonPhaseDate" : "2019-06-17T08:31+0000"
        },
        {
          "date" : "2019-06-23T19:02+0000",
          "moonPhase" : "phase3",
          "signDate" : "2019-06-22T14:01+0000",
          "sign" : "pisces",
          "age" : 21,
          "timeZone" : 5,
          "moonPhaseDate" : "2019-06-17T08:31+0000"
        },
        {
          "date" : "2019-06-24T19:28+0000",
          "moonPhase" : "phase4",
          "signDate" : "2019-06-25T02:34+0000",
          "sign" : "aries",
          "age" : 22,
          "moonPhaseDate" : "2019-06-25T09:46+0000",
          "timeZone" : 5
        },
        {
          "date" : "2019-06-25T19:53+0000",
          "moonPhase" : "phase4",
          "signDate" : "2019-06-25T02:34+0000",
          "sign" : "aries",
          "age" : 23,
          "moonPhaseDate" : "2019-06-25T09:46+0000",
          "timeZone" : 5
        },
        {
          "moonPhase" : "phase4",
          "date" : "2019-06-26T20:18+0000",
          "signDate" : "2019-06-27T13:30+0000",
          "sign" : "taurus",
          "age" : 24,
          "timeZone" : 5,
          "moonPhaseDate" : "2019-06-25T09:46+0000"
        },
        {
          "moonPhase" : "phase4",
          "date" : "2019-06-27T20:45+0000",
          "signDate" : "2019-06-27T13:30+0000",
          "sign" : "taurus",
          "age" : 25,
          "moonPhaseDate" : "2019-06-25T09:46+0000",
          "timeZone" : 5
        },
        {
          "moonPhase" : "phase4",
          "date" : "2019-06-28T21:14+0000",
          "signDate" : "2019-06-27T13:30+0000",
          "sign" : "taurus",
          "age" : 26,
          "moonPhaseDate" : "2019-06-25T09:46+0000",
          "timeZone" : 5
        },
        {
          "date" : "2019-06-29T21:48+0000",
          "moonPhase" : "phase4",
          "signDate" : "2019-06-29T21:10+0000",
          "age" : 27,
          "sign" : "gemini",
          "moonPhaseDate" : "2019-06-25T09:46+0000",
          "timeZone" : 5
        },
        {
          "date" : "2019-06-30T22:28+0000",
          "moonPhase" : "phase4",
          "signDate" : "2019-06-29T21:10+0000",
          "sign" : "gemini",
          "age" : 28,
          "timeZone" : 5,
          "moonPhaseDate" : null
        },
        {
          "moonPhase" : "phase4",
          "date" : "2019-07-01T23:16+0000",
          "signDate" : "2019-07-02T01:26+0000",
          "sign" : "cancer",
          "age" : 29,
          "moonPhaseDate" : null,
          "timeZone" : 5
        },
        {
          "date" : "2019-07-02T19:16+0000",
          "moonPhase" : "newMoon",
          "signDate" : "2019-07-02T01:26+0000",
          "sign" : "cancer",
          "age" : 1,
          "timeZone" : 5,
          "moonPhaseDate" : "2019-07-02T19:16+0000"
        },
        {
          "date" : "2019-07-03T00:14+0000",
          "moonPhase" : "newMoon",
          "signDate" : "2019-07-02T01:26+0000",
          "age" : 2,
          "sign" : "cancer",
          "timeZone" : 5,
          "moonPhaseDate" : "2019-07-02T19:16+0000"
        },
        {
          "date" : "2019-07-04T01:19+0000",
          "moonPhase" : "phase1",
          "signDate" : "2019-07-04T03:21+0000",
          "sign" : "leo",
          "age" : 3,
          "moonPhaseDate" : "2019-07-02T19:16+0000",
          "timeZone" : 5
        },
        {
          "moonPhase" : "phase1",
          "date" : "2019-07-05T02:31+0000",
          "signDate" : "2019-07-04T03:21+0000",
          "age" : 4,
          "sign" : "leo",
          "moonPhaseDate" : "2019-07-02T19:16+0000",
          "timeZone" : 5
        },
        {
          "date" : "2019-07-06T03:45+0000",
          "moonPhase" : "phase1",
          "signDate" : "2019-07-06T04:25+0000",
          "age" : 5,
          "sign" : "virgo",
          "timeZone" : 5,
          "moonPhaseDate" : "2019-07-02T19:16+0000"
        },
        {
          "moonPhase" : "phase1",
          "date" : "2019-07-07T04:59+0000",
          "signDate" : "2019-07-06T04:25+0000",
          "sign" : "virgo",
          "age" : 6,
          "timeZone" : 5,
          "moonPhaseDate" : "2019-07-02T19:16+0000"
        },
        {
          "moonPhaseDate" : "2019-07-02T19:16+0000",
          "moonPhase" : "phase1",
          "timeZone" : 5,
          "date" : "2019-07-08T06:10+0000",
          "age" : 7,
          "signDate" : "2019-07-08T06:07+0000",
          "sign" : "libra"
        },
        {
          "moonPhaseDate" : "2019-07-09T10:55+0000",
          "timeZone" : 5,
          "moonPhase" : "phase2",
          "date" : "2019-07-09T07:21+0000",
          "age" : 8,
          "signDate" : "2019-07-08T06:07+0000",
          "sign" : "libra"
        },
        {
          "moonPhaseDate" : "2019-07-09T10:55+0000",
          "moonPhase" : "phase2",
          "timeZone" : 5,
          "date" : "2019-07-10T08:30+0000",
          "age" : 9,
          "signDate" : "2019-07-10T09:28+0000",
          "sign" : "scorpio"
        },
        {
          "moonPhaseDate" : "2019-07-09T10:55+0000",
          "timeZone" : 5,
          "moonPhase" : "phase2",
          "date" : "2019-07-11T09:38+0000",
          "age" : 10,
          "signDate" : "2019-07-10T09:28+0000",
          "sign" : "scorpio"
        },
        {
          "moonPhaseDate" : "2019-07-09T10:55+0000",
          "timeZone" : 5,
          "moonPhase" : "phase2",
          "date" : "2019-07-12T10:45+0000",
          "age" : 11,
          "signDate" : "2019-07-12T15:04+0000",
          "sign" : "sagittarius"
        },
        {
          "moonPhaseDate" : "2019-07-09T10:55+0000",
          "timeZone" : 5,
          "moonPhase" : "phase2",
          "date" : "2019-07-13T11:50+0000",
          "age" : 12,
          "signDate" : "2019-07-12T15:04+0000",
          "sign" : "sagittarius"
        },
        {
          "moonPhaseDate" : "2019-07-09T10:55+0000",
          "timeZone" : 5,
          "moonPhase" : "phase2",
          "date" : "2019-07-14T12:51+0000",
          "age" : 13,
          "signDate" : "2019-07-12T15:04+0000",
          "sign" : "sagittarius"
        },
        {
          "sign" : "capricorn",
          "timeZone" : 5,
          "moonPhase" : "phase2",
          "date" : "2019-07-15T13:48+0000",
          "age" : 14,
          "signDate" : "2019-07-14T23:03+0000",
          "moonPhaseDate" : "2019-07-09T10:55+0000"
        },
        {
          "moonPhaseDate" : "2019-07-09T10:55+0000",
          "timeZone" : 5,
          "moonPhase" : "phase2",
          "date" : "2019-07-16T14:39+0000",
          "age" : 15,
          "signDate" : "2019-07-14T23:03+0000",
          "sign" : "capricorn"
        },
        {
          "sign" : "aquarius",
          "timeZone" : 5,
          "moonPhase" : "fullMoon",
          "date" : "2019-07-17T15:23+0000",
          "age" : 16,
          "signDate" : "2019-07-17T09:18+0000",
          "moonPhaseDate" : "2019-07-16T21:38+0000"
        },
        {
          "moonPhaseDate" : "2019-07-16T21:38+0000",
          "moonPhase" : "phase3",
          "timeZone" : 5,
          "date" : "2019-07-18T16:02+0000",
          "age" : 17,
          "signDate" : "2019-07-17T09:18+0000",
          "sign" : "aquarius"
        },
        {
          "moonPhaseDate" : "2019-07-16T21:38+0000",
          "timeZone" : 5,
          "moonPhase" : "phase3",
          "date" : "2019-07-19T16:35+0000",
          "age" : 18,
          "signDate" : "2019-07-17T09:18+0000",
          "sign" : "aquarius"
        },
        {
          "moonPhaseDate" : "2019-07-16T21:38+0000",
          "timeZone" : 5,
          "moonPhase" : "phase3",
          "date" : "2019-07-20T17:04+0000",
          "age" : 19,
          "signDate" : "2019-07-19T21:19+0000",
          "sign" : "pisces"
        },
        {
          "moonPhaseDate" : "2019-07-16T21:38+0000",
          "moonPhase" : "phase3",
          "timeZone" : 5,
          "date" : "2019-07-21T17:31+0000",
          "age" : 20,
          "signDate" : "2019-07-19T21:19+0000",
          "sign" : "pisces"
        },
        {
          "moonPhaseDate" : "2019-07-16T21:38+0000",
          "timeZone" : 5,
          "moonPhase" : "phase3",
          "date" : "2019-07-22T17:56+0000",
          "age" : 21,
          "signDate" : "2019-07-22T10:01+0000",
          "sign" : "aries"
        },
        {
          "moonPhaseDate" : "2019-07-16T21:38+0000",
          "timeZone" : 5,
          "moonPhase" : "phase3",
          "date" : "2019-07-23T18:20+0000",
          "age" : 22,
          "signDate" : "2019-07-22T10:01+0000",
          "sign" : "aries"
        },
        {
          "moonPhaseDate" : "2019-07-16T21:38+0000",
          "timeZone" : 5,
          "moonPhase" : "phase3",
          "date" : "2019-07-24T18:46+0000",
          "age" : 23,
          "signDate" : "2019-07-22T10:01+0000",
          "sign" : "aries"
        },
        {
          "moonPhaseDate" : "2019-07-25T01:18+0000",
          "timeZone" : 5,
          "moonPhase" : "phase4",
          "date" : "2019-07-25T19:13+0000",
          "age" : 24,
          "signDate" : "2019-07-22T10:01+0000",
          "sign" : "taurus"
        },
        {
          "moonPhaseDate" : "2019-07-25T01:18+0000",
          "timeZone" : 5,
          "moonPhase" : "phase4",
          "date" : "2019-07-26T19:44+0000",
          "age" : 25,
          "signDate" : "2019-07-27T06:28+0000",
          "sign" : "gemini"
        },
        {
          "moonPhaseDate" : "2019-07-25T01:18+0000",
          "timeZone" : 5,
          "moonPhase" : "phase4",
          "date" : "2019-07-27T20:20+0000",
          "age" : 26,
          "signDate" : "2019-07-27T06:28+0000",
          "sign" : "gemini"
        },
        {
          "sign" : "cancer",
          "timeZone" : 5,
          "moonPhase" : "phase4",
          "date" : "2019-07-28T21:04+0000",
          "age" : 27,
          "signDate" : "2019-07-29T11:30+0000",
          "moonPhaseDate" : "2019-07-25T01:18+0000"
        },
        {
          "moonPhaseDate" : "2019-07-25T01:18+0000",
          "timeZone" : 5,
          "moonPhase" : "phase4",
          "date" : "2019-07-29T21:56+0000",
          "age" : 28,
          "signDate" : "2019-07-29T11:30+0000",
          "sign" : "cancer"
        },
        {
          "moonPhaseDate" : "2019-07-25T01:18+0000",
          "timeZone" : 5,
          "moonPhase" : "phase4",
          "date" : "2019-07-30T22:58+0000",
          "age" : 29,
          "signDate" : "2019-07-31T13:18+0000",
          "sign" : "leo"
        },
        {
          "moonPhaseDate" : "2019-08-01T03:12+0000",
          "timeZone" : 5,
          "moonPhase" : "newMoon",
          "date" : "2019-08-01T00:08+0000",
          "age" : 30,
          "signDate" : "2019-07-31T13:18+0000",
          "sign" : "leo"
        },
        {
          "moonPhase" : "newMoon",
          "date" : "2019-08-01T03:12+0000",
          "signDate" : "2019-07-31T13:18+0000",
          "sign" : "leo",
          "age" : 1,
          "moonPhaseDate" : "2019-08-01T03:12+0000",
          "timeZone" : 5
        },
        {
          "date" : "2019-08-02T01:23+0000",
          "moonPhase" : "phase1",
          "signDate" : "2019-08-02T13:23+0000",
          "age" : 2,
          "sign" : "virgo",
          "moonPhaseDate" : "2019-08-01T03:12+0000",
          "timeZone" : 5
        },
        {
          "moonPhase" : "phase1",
          "date" : "2019-08-03T02:39+0000",
          "signDate" : "2019-08-02T13:23+0000",
          "sign" : "virgo",
          "age" : 3,
          "moonPhaseDate" : "2019-08-01T03:12+0000",
          "timeZone" : 5
        },
        {
          "date" : "2019-08-04T03:55+0000",
          "moonPhase" : "phase1",
          "signDate" : "2019-08-04T13:32+0000",
          "sign" : "libra",
          "age" : 4,
          "moonPhaseDate" : "2019-08-01T03:12+0000",
          "timeZone" : 5
        },
        {
          "moonPhase" : "phase1",
          "date" : "2019-08-05T05:09+0000",
          "signDate" : "2019-08-04T13:32+0000",
          "sign" : "libra",
          "age" : 5,
          "timeZone" : 5,
          "moonPhaseDate" : "2019-08-01T03:12+0000"
        },
        {
          "moonPhase" : "phase1",
          "date" : "2019-08-06T06:20+0000",
          "signDate" : "2019-08-06T15:31+0000",
          "age" : 6,
          "sign" : "scorpio",
          "timeZone" : 5,
          "moonPhaseDate" : "2019-08-01T03:12+0000"
        },
        {
          "date" : "2019-08-07T07:30+0000",
          "moonPhase" : "phase2",
          "signDate" : "2019-08-06T15:31+0000",
          "sign" : "scorpio",
          "age" : 7,
          "timeZone" : 5,
          "moonPhaseDate" : "2019-08-07T17:31+0000"
        },
        {
          "date" : "2019-08-08T08:38+0000",
          "moonPhase" : "phase2",
          "signDate" : "2019-08-06T15:31+0000",
          "sign" : "scorpio",
          "age" : 8,
          "timeZone" : 5,
          "moonPhaseDate" : "2019-08-07T17:31+0000"
        },
        {
          "moonPhase" : "phase2",
          "date" : "2019-08-09T09:43+0000",
          "signDate" : "2019-08-08T20:32+0000",
          "sign" : "sagittarius",
          "age" : 9,
          "moonPhaseDate" : "2019-08-07T17:31+0000",
          "timeZone" : 5
        },
        {
          "date" : "2019-08-10T10:46+0000",
          "moonPhase" : "phase2",
          "signDate" : "2019-08-08T20:32+0000",
          "age" : 10,
          "sign" : "sagittarius",
          "moonPhaseDate" : "2019-08-07T17:31+0000",
          "timeZone" : 5
        },
        {
          "moonPhase" : "phase2",
          "date" : "2019-08-11T11:44+0000",
          "signDate" : "2019-08-11T04:48+0000",
          "sign" : "capricorn",
          "age" : 11,
          "moonPhaseDate" : "2019-08-07T17:31+0000",
          "timeZone" : 5
        },
        {
          "moonPhase" : "phase2",
          "date" : "2019-08-12T12:36+0000",
          "signDate" : "2019-08-11T04:48+0000",
          "sign" : "capricorn",
          "age" : 12,
          "timeZone" : 5,
          "moonPhaseDate" : "2019-08-07T17:31+0000"
        },
        {
          "date" : "2019-08-13T13:22+0000",
          "moonPhase" : "phase2",
          "signDate" : "2019-08-13T15:36+0000",
          "sign" : "aquarius",
          "age" : 13,
          "timeZone" : 5,
          "moonPhaseDate" : "2019-08-07T17:31+0000"
        },
        {
          "moonPhase" : "phase2",
          "date" : "2019-08-14T14:01+0000",
          "signDate" : "2019-08-13T15:36+0000",
          "sign" : "aquarius",
          "age" : 14,
          "timeZone" : 5,
          "moonPhaseDate" : "2019-08-07T17:31+0000"
        },
        {
          "moonPhase" : "fullMoon",
          "date" : "2019-08-15T14:36+0000",
          "signDate" : "2019-08-13T15:36+0000",
          "age" : 15,
          "sign" : "aquarius",
          "moonPhaseDate" : "2019-08-15T12:29+0000",
          "timeZone" : 5
        },
        {
          "moonPhase" : "phase3",
          "date" : "2019-08-16T15:06+0000",
          "signDate" : "2019-08-16T03:50+0000",
          "age" : 16,
          "sign" : "pisces",
          "timeZone" : 5,
          "moonPhaseDate" : "2019-08-15T12:29+0000"
        },
        {
          "date" : "2019-08-17T15:34+0000",
          "moonPhase" : "phase3",
          "signDate" : "2019-08-16T03:50+0000",
          "sign" : "pisces",
          "age" : 17,
          "timeZone" : 5,
          "moonPhaseDate" : "2019-08-15T12:29+0000"
        },
        {
          "moonPhase" : "phase3",
          "date" : "2019-08-18T15:59+0000",
          "signDate" : "2019-08-18T16:32+0000",
          "age" : 18,
          "sign" : "aries",
          "moonPhaseDate" : "2019-08-15T12:29+0000",
          "timeZone" : 5
        },
        {
          "date" : "2019-08-19T16:24+0000",
          "moonPhase" : "phase3",
          "signDate" : "2019-08-18T16:32+0000",
          "sign" : "aries",
          "age" : 19,
          "moonPhaseDate" : "2019-08-15T12:29+0000",
          "timeZone" : 5
        },
        {
          "moonPhase" : "phase3",
          "date" : "2019-08-20T16:48+0000",
          "signDate" : "2019-08-18T16:32+0000",
          "sign" : "aries",
          "age" : 20,
          "moonPhaseDate" : "2019-08-15T12:29+0000",
          "timeZone" : 5
        },
        {
          "date" : "2019-08-21T17:14+0000",
          "moonPhase" : "phase3",
          "signDate" : "2019-08-21T04:36+0000",
          "sign" : "taurus",
          "age" : 21,
          "timeZone" : 5,
          "moonPhaseDate" : "2019-08-15T12:29+0000"
        },
        {
          "date" : "2019-08-22T17:43+0000",
          "moonPhase" : "phase3",
          "signDate" : "2019-08-21T04:36+0000",
          "age" : 22,
          "sign" : "taurus",
          "timeZone" : 5,
          "moonPhaseDate" : "2019-08-15T12:29+0000"
        },
        {
          "moonPhase" : "phase4",
          "date" : "2019-08-23T18:16+0000",
          "signDate" : "2019-08-23T14:34+0000",
          "sign" : "gemini",
          "age" : 23,
          "timeZone" : 5,
          "moonPhaseDate" : "2019-08-23T14:56+0000"
        },
        {
          "date" : "2019-08-24T18:55+0000",
          "moonPhase" : "phase4",
          "signDate" : "2019-08-23T14:34+0000",
          "sign" : "gemini",
          "age" : 24,
          "timeZone" : 5,
          "moonPhaseDate" : "2019-08-23T14:56+0000"
        },
        {
          "moonPhase" : "phase4",
          "date" : "2019-08-25T19:41+0000",
          "signDate" : "2019-08-25T21:05+0000",
          "age" : 25,
          "sign" : "cancer",
          "moonPhaseDate" : "2019-08-23T14:56+0000",
          "timeZone" : 5
        },
        {
          "date" : "2019-08-26T20:37+0000",
          "moonPhase" : "phase4",
          "signDate" : "2019-08-25T21:05+0000",
          "age" : 26,
          "sign" : "cancer",
          "timeZone" : 5,
          "moonPhaseDate" : "2019-08-23T14:56+0000"
        },
        {
          "moonPhase" : "phase4",
          "date" : "2019-08-27T21:42+0000",
          "signDate" : "2019-08-27T23:51+0000",
          "sign" : "leo",
          "age" : 27,
          "timeZone" : 5,
          "moonPhaseDate" : "2019-08-23T14:56+0000"
        },
        {
          "date" : "2019-08-28T22:55+0000",
          "moonPhase" : "phase4",
          "signDate" : "2019-08-27T23:51+0000",
          "sign" : "leo",
          "age" : 28,
          "moonPhaseDate" : "2019-08-23T14:56+0000",
          "timeZone" : 5
        },
        {
          "moonPhase" : "newMoon",
          "date" : "2019-08-30T00:12+0000",
          "signDate" : "2019-08-29T23:57+0000",
          "age" : 29,
          "sign" : "virgo",
          "timeZone" : 5,
          "moonPhaseDate" : "2019-08-30T10:37+0000"
        },
        {
          "date" : "2019-08-30T10:37+0000",
          "moonPhase" : "newMoon",
          "signDate" : "2019-08-29T23:57+0000",
          "sign" : "virgo",
          "age" : 1,
          "timeZone" : 5,
          "moonPhaseDate" : "2019-08-30T10:37+0000"
        },
        {
          "moonPhase" : "phase1",
          "date" : "2019-08-31T01:29+0000",
          "signDate" : "2019-08-29T23:57+0000",
          "age" : 2,
          "sign" : "virgo",
          "moonPhaseDate" : "2019-08-30T10:37+0000",
          "timeZone" : 5
        },
        {
          "moonPhase" : "phase1",
          "date" : "2019-09-01T02:46+0000",
          "signDate" : "2019-08-31T23:12+0000",
          "sign" : "libra",
          "age" : 3,
          "moonPhaseDate" : null,
          "timeZone" : 5
        },
        {
          "moonPhase" : "phase1",
          "date" : "2019-09-02T04:01+0000",
          "signDate" : "2019-08-31T23:12+0000",
          "sign" : "libra",
          "age" : 4,
          "moonPhaseDate" : null,
          "timeZone" : 5
        },
        {
          "moonPhase" : "phase1",
          "date" : "2019-09-03T05:15+0000",
          "signDate" : "2019-09-02T23:38+0000",
          "sign" : "scorpio",
          "age" : 5,
          "timeZone" : 5,
          "moonPhaseDate" : null
        },
        {
          "moonPhase" : "phase1",
          "date" : "2019-09-04T06:26+0000",
          "signDate" : "2019-09-02T23:38+0000",
          "sign" : "scorpio",
          "age" : 6,
          "moonPhaseDate" : null,
          "timeZone" : 5
        },
        {
          "moonPhase" : "phase1",
          "date" : "2019-09-05T07:34+0000",
          "signDate" : "2019-09-05T03:06+0000",
          "sign" : "sagittarius",
          "age" : 7,
          "moonPhaseDate" : null,
          "timeZone" : 5
        },
        {
          "date" : "2019-09-06T08:39+0000",
          "moonPhase" : "phase2",
          "signDate" : "2019-09-05T03:06+0000",
          "sign" : "sagittarius",
          "age" : 8,
          "moonPhaseDate" : "2019-09-06T03:10+0000",
          "timeZone" : 5
        },
        {
          "moonPhase" : "phase2",
          "date" : "2019-09-07T09:39+0000",
          "signDate" : "2019-09-07T10:35+0000",
          "sign" : "capricorn",
          "age" : 9,
          "moonPhaseDate" : "2019-09-06T03:10+0000",
          "timeZone" : 5
        },
        {
          "date" : "2019-09-08T10:33+0000",
          "moonPhase" : "phase2",
          "signDate" : "2019-09-07T10:35+0000",
          "sign" : "capricorn",
          "age" : 10,
          "moonPhaseDate" : "2019-09-06T03:10+0000",
          "timeZone" : 5
        },
        {
          "moonPhase" : "phase2",
          "date" : "2019-09-09T11:21+0000",
          "signDate" : "2019-09-07T10:35+0000",
          "sign" : "capricorn",
          "age" : 11,
          "moonPhaseDate" : "2019-09-06T03:10+0000",
          "timeZone" : 5
        },
        {
          "moonPhase" : "phase2",
          "date" : "2019-09-10T12:02+0000",
          "signDate" : "2019-09-09T21:25+0000",
          "sign" : "aquarius",
          "age" : 12,
          "timeZone" : 5,
          "moonPhaseDate" : "2019-09-06T03:10+0000"
        },
        {
          "moonPhase" : "phase2",
          "date" : "2019-09-11T12:38+0000",
          "signDate" : "2019-09-09T21:25+0000",
          "sign" : "aquarius",
          "age" : 13,
          "moonPhaseDate" : "2019-09-06T03:10+0000",
          "timeZone" : 5
        },
        {
          "moonPhase" : "phase2",
          "date" : "2019-09-12T13:10+0000",
          "signDate" : "2019-09-12T09:53+0000",
          "age" : 14,
          "sign" : "pisces",
          "moonPhaseDate" : "2019-09-06T03:10+0000",
          "timeZone" : 5
        },
        {
          "moonPhase" : "phase2",
          "date" : "2019-09-13T13:37+0000",
          "signDate" : "2019-09-12T09:53+0000",
          "sign" : "pisces",
          "age" : 15,
          "timeZone" : 5,
          "moonPhaseDate" : "2019-09-06T03:10+0000"
        },
        {
          "moonPhase" : "fullMoon",
          "date" : "2019-09-14T14:03+0000",
          "signDate" : "2019-09-12T09:53+0000",
          "sign" : "pisces",
          "age" : 16,
          "moonPhaseDate" : "2019-09-14T04:33+0000",
          "timeZone" : 5
        },
        {
          "date" : "2019-09-15T14:28+0000",
          "moonPhase" : "phase3",
          "signDate" : "2019-09-14T22:32+0000",
          "sign" : "aries",
          "age" : 17,
          "moonPhaseDate" : "2019-09-14T04:33+0000",
          "timeZone" : 5
        },
        {
          "moonPhase" : "phase3",
          "date" : "2019-09-16T14:52+0000",
          "signDate" : "2019-09-14T22:32+0000",
          "sign" : "aries",
          "age" : 18,
          "timeZone" : 5,
          "moonPhaseDate" : "2019-09-14T04:33+0000"
        },
        {
          "moonPhase" : "phase3",
          "date" : "2019-09-17T15:18+0000",
          "signDate" : "2019-09-17T10:30+0000",
          "age" : 19,
          "sign" : "taurus",
          "timeZone" : 5,
          "moonPhaseDate" : "2019-09-14T04:33+0000"
        },
        {
          "date" : "2019-09-18T15:45+0000",
          "moonPhase" : "phase3",
          "signDate" : "2019-09-17T10:30+0000",
          "sign" : "taurus",
          "age" : 20,
          "moonPhaseDate" : "2019-09-14T04:33+0000",
          "timeZone" : 5
        },
        {
          "moonPhase" : "phase3",
          "date" : "2019-09-19T16:16+0000",
          "signDate" : "2019-09-17T10:30+0000",
          "sign" : "taurus",
          "age" : 21,
          "moonPhaseDate" : "2019-09-14T04:33+0000",
          "timeZone" : 5
        },
        {
          "moonPhase" : "phase3",
          "date" : "2019-09-20T16:51+0000",
          "signDate" : "2019-09-19T20:58+0000",
          "age" : 22,
          "sign" : "gemini",
          "moonPhaseDate" : "2019-09-14T04:33+0000",
          "timeZone" : 5
        },
        {
          "moonPhase" : "phase3",
          "date" : "2019-09-21T17:34+0000",
          "signDate" : "2019-09-19T20:58+0000",
          "sign" : "gemini",
          "age" : 23,
          "moonPhaseDate" : "2019-09-14T04:33+0000",
          "timeZone" : 5
        },
        {
          "moonPhase" : "phase4",
          "date" : "2019-09-22T18:24+0000",
          "signDate" : "2019-09-22T04:52+0000",
          "age" : 24,
          "sign" : "cancer",
          "timeZone" : 5,
          "moonPhaseDate" : "2019-09-22T02:41+0000"
        },
        {
          "moonPhase" : "phase4",
          "date" : "2019-09-23T19:23+0000",
          "signDate" : "2019-09-24T09:19+0000",
          "sign" : "leo",
          "age" : 25,
          "moonPhaseDate" : "2019-09-22T02:41+0000",
          "timeZone" : 5
        },
        {
          "moonPhase" : "phase4",
          "date" : "2019-09-24T20:31+0000",
          "signDate" : "2019-09-24T09:19+0000",
          "age" : 26,
          "sign" : "leo",
          "moonPhaseDate" : "2019-09-22T02:41+0000",
          "timeZone" : 5
        },
        {
          "moonPhase" : "phase4",
          "date" : "2019-09-25T21:44+0000",
          "signDate" : "2019-09-26T10:35+0000",
          "age" : 27,
          "sign" : "virgo",
          "moonPhaseDate" : "2019-09-22T02:41+0000",
          "timeZone" : 5
        },
        {
          "date" : "2019-09-26T23:00+0000",
          "moonPhase" : "phase4",
          "signDate" : "2019-09-26T10:35+0000",
          "sign" : "virgo",
          "age" : 28,
          "moonPhaseDate" : "2019-09-22T02:41+0000",
          "timeZone" : 5
        },
        {
          "date" : "2019-09-28T00:17+0000",
          "moonPhase" : "newMoon",
          "signDate" : "2019-09-28T10:04+0000",
          "sign" : "libra",
          "age" : 29,
          "timeZone" : 5,
          "moonPhaseDate" : "2019-09-28T18:26+0000"
        },
        {
          "moonPhase" : "newMoon",
          "date" : "2019-09-28T18:26+0000",
          "signDate" : "2019-09-28T10:04+0000",
          "age" : 1,
          "sign" : "libra",
          "timeZone" : 5,
          "moonPhaseDate" : "2019-09-28T18:26+0000"
        },
        {
          "moonPhase" : "phase1",
          "date" : "2019-09-29T01:34+0000",
          "signDate" : "2019-09-28T10:04+0000",
          "age" : 2,
          "sign" : "libra",
          "moonPhaseDate" : "2019-09-28T18:26+0000",
          "timeZone" : 5
        },
        {
          "date" : "2019-09-30T02:50+0000",
          "moonPhase" : "phase1",
          "signDate" : "2019-09-30T09:45+0000",
          "age" : 3,
          "sign" : "scorpio",
          "timeZone" : 5,
          "moonPhaseDate" : "2019-09-28T18:26+0000"
        },
        {
          "date" : "2019-10-01T04:05+0000",
          "moonPhase" : "phase1",
          "signDate" : "2019-09-30T09:45+0000",
          "age" : 4,
          "sign" : "scorpio",
          "moonPhaseDate" : null,
          "timeZone" : 5
        },
        {
          "moonPhase" : "phase1",
          "date" : "2019-10-02T05:16+0000",
          "signDate" : "2019-10-02T11:45+0000",
          "sign" : "sagittarius",
          "age" : 5,
          "timeZone" : 5,
          "moonPhaseDate" : null
        },
        {
          "date" : "2019-10-03T06:26+0000",
          "moonPhase" : "phase1",
          "signDate" : "2019-10-02T11:45+0000",
          "age" : 6,
          "sign" : "sagittarius",
          "moonPhaseDate" : null,
          "timeZone" : 5
        },
        {
          "moonPhase" : "phase1",
          "date" : "2019-10-04T07:30+0000",
          "signDate" : "2019-10-04T17:41+0000",
          "sign" : "capricorn",
          "age" : 7,
          "moonPhaseDate" : null,
          "timeZone" : 5
        },
        {
          "moonPhase" : "phase2",
          "date" : "2019-10-05T08:28+0000",
          "signDate" : "2019-10-04T17:41+0000",
          "age" : 8,
          "sign" : "capricorn",
          "timeZone" : 5,
          "moonPhaseDate" : "2019-10-05T16:47+0000"
        },
        {
          "moonPhase" : "phase2",
          "date" : "2019-10-06T09:19+0000",
          "signDate" : "2019-10-04T17:41+0000",
          "sign" : "capricorn",
          "age" : 9,
          "timeZone" : 5,
          "moonPhaseDate" : "2019-10-05T16:47+0000"
        },
        {
          "moonPhase" : "phase2",
          "date" : "2019-10-07T10:03+0000",
          "signDate" : "2019-10-07T03:43+0000",
          "age" : 10,
          "sign" : "aquarius",
          "timeZone" : 5,
          "moonPhaseDate" : "2019-10-05T16:47+0000"
        },
        {
          "date" : "2019-10-08T10:40+0000",
          "moonPhase" : "phase2",
          "signDate" : "2019-10-07T03:43+0000",
          "age" : 11,
          "sign" : "aquarius",
          "moonPhaseDate" : "2019-10-05T16:47+0000",
          "timeZone" : 5
        },
        {
          "date" : "2019-10-09T11:13+0000",
          "moonPhase" : "phase2",
          "signDate" : "2019-10-09T16:08+0000",
          "age" : 12,
          "sign" : "pisces",
          "timeZone" : 5,
          "moonPhaseDate" : "2019-10-05T16:47+0000"
        },
        {
          "moonPhase" : "phase2",
          "date" : "2019-10-10T11:41+0000",
          "signDate" : "2019-10-09T16:08+0000",
          "sign" : "pisces",
          "age" : 13,
          "moonPhaseDate" : "2019-10-05T16:47+0000",
          "timeZone" : 5
        },
        {
          "moonPhase" : "phase2",
          "date" : "2019-10-11T12:08+0000",
          "signDate" : "2019-10-09T16:08+0000",
          "sign" : "pisces",
          "age" : 14,
          "moonPhaseDate" : "2019-10-05T16:47+0000",
          "timeZone" : 5
        },
        {
          "date" : "2019-10-12T12:32+0000",
          "moonPhase" : "phase2",
          "signDate" : "2019-10-12T04:46+0000",
          "sign" : "aries",
          "age" : 15,
          "moonPhaseDate" : "2019-10-05T16:47+0000",
          "timeZone" : 5
        },
        {
          "date" : "2019-10-13T12:56+0000",
          "moonPhase" : "phase2",
          "signDate" : "2019-10-12T04:46+0000",
          "sign" : "aries",
          "age" : 16,
          "timeZone" : 5,
          "moonPhaseDate" : "2019-10-05T16:47+0000"
        },
        {
          "date" : "2019-10-14T13:21+0000",
          "moonPhase" : "fullMoon",
          "signDate" : "2019-10-14T16:23+0000",
          "sign" : "taurus",
          "age" : 17,
          "moonPhaseDate" : "2019-10-13T21:08+0000",
          "timeZone" : 5
        },
        {
          "moonPhase" : "phase3",
          "date" : "2019-10-15T13:48+0000",
          "signDate" : "2019-10-14T16:23+0000",
          "age" : 18,
          "sign" : "taurus",
          "moonPhaseDate" : "2019-10-13T21:08+0000",
          "timeZone" : 5
        },
        {
          "moonPhase" : "phase3",
          "date" : "2019-10-16T14:17+0000",
          "signDate" : "2019-10-14T16:23+0000",
          "age" : 19,
          "sign" : "taurus",
          "moonPhaseDate" : "2019-10-13T21:08+0000",
          "timeZone" : 5
        },
        {
          "date" : "2019-10-17T14:51+0000",
          "moonPhase" : "phase3",
          "signDate" : "2019-10-17T02:29+0000",
          "age" : 20,
          "sign" : "gemini",
          "moonPhaseDate" : "2019-10-13T21:08+0000",
          "timeZone" : 5
        },
        {
          "moonPhase" : "phase3",
          "date" : "2019-10-18T15:31+0000",
          "signDate" : "2019-10-17T02:29+0000",
          "sign" : "gemini",
          "age" : 21,
          "timeZone" : 5,
          "moonPhaseDate" : "2019-10-13T21:08+0000"
        },
        {
          "moonPhase" : "phase3",
          "date" : "2019-10-19T16:18+0000",
          "signDate" : "2019-10-19T10:42+0000",
          "age" : 22,
          "sign" : "cancer",
          "moonPhaseDate" : "2019-10-13T21:08+0000",
          "timeZone" : 5
        },
        {
          "moonPhase" : "phase3",
          "date" : "2019-10-20T17:13+0000",
          "signDate" : "2019-10-19T10:42+0000",
          "age" : 23,
          "sign" : "cancer",
          "moonPhaseDate" : "2019-10-13T21:08+0000",
          "timeZone" : 5
        },
        {
          "moonPhase" : "phase4",
          "date" : "2019-10-21T18:16+0000",
          "signDate" : "2019-10-21T16:30+0000",
          "sign" : "leo",
          "age" : 24,
          "moonPhaseDate" : "2019-10-21T12:39+0000",
          "timeZone" : 5
        },
        {
          "date" : "2019-10-22T19:25+0000",
          "moonPhase" : "phase4",
          "signDate" : "2019-10-21T16:30+0000",
          "age" : 25,
          "sign" : "leo",
          "timeZone" : 5,
          "moonPhaseDate" : "2019-10-21T12:39+0000"
        },
        {
          "moonPhase" : "phase4",
          "date" : "2019-10-23T20:38+0000",
          "signDate" : "2019-10-23T19:30+0000",
          "age" : 26,
          "sign" : "virgo",
          "moonPhaseDate" : "2019-10-21T12:39+0000",
          "timeZone" : 5
        },
        {
          "moonPhase" : "phase4",
          "date" : "2019-10-24T21:52+0000",
          "signDate" : "2019-10-23T19:30+0000",
          "sign" : "virgo",
          "age" : 27,
          "moonPhaseDate" : "2019-10-21T12:39+0000",
          "timeZone" : 5
        },
        {
          "date" : "2019-10-25T23:07+0000",
          "moonPhase" : "phase4",
          "signDate" : "2019-10-25T20:20+0000",
          "sign" : "libra",
          "age" : 28,
          "moonPhaseDate" : "2019-10-21T12:39+0000",
          "timeZone" : 5
        },
        {
          "moonPhase" : "phase4",
          "date" : "2019-10-27T00:22+0000",
          "signDate" : "2019-10-25T20:20+0000",
          "sign" : "libra",
          "age" : 29,
          "timeZone" : 5,
          "moonPhaseDate" : "2019-10-21T12:39+0000"
        },
        {
          "date" : "2019-10-28T01:38+0000",
          "moonPhase" : "newMoon",
          "signDate" : "2019-10-27T20:31+0000",
          "age" : 30,
          "sign" : "scorpio",
          "moonPhaseDate" : "2019-10-28T03:38+0000",
          "timeZone" : 5
        },
        {
          "moonPhase" : "newMoon",
          "date" : "2019-10-28T03:38+0000",
          "signDate" : "2019-10-27T20:31+0000",
          "sign" : "scorpio",
          "age" : 1,
          "timeZone" : 5,
          "moonPhaseDate" : "2019-10-28T03:38+0000"
        },
        {
          "moonPhase" : "phase1",
          "date" : "2019-10-29T02:52+0000",
          "signDate" : "2019-10-27T20:31+0000",
          "sign" : "scorpio",
          "age" : 2,
          "moonPhaseDate" : "2019-10-28T03:38+0000",
          "timeZone" : 5
        },
        {
          "moonPhase" : "phase1",
          "date" : "2019-10-30T04:05+0000",
          "signDate" : "2019-10-29T22:00+0000",
          "age" : 3,
          "sign" : "sagittarius",
          "moonPhaseDate" : "2019-10-28T03:38+0000",
          "timeZone" : 5
        },
        {
          "moonPhase" : "phase1",
          "date" : "2019-10-31T05:14+0000",
          "signDate" : "2019-10-29T22:00+0000",
          "sign" : "sagittarius",
          "age" : 4,
          "moonPhaseDate" : "2019-10-28T03:38+0000",
          "timeZone" : 5
        },
        {
          "moonPhase" : "phase1",
          "date" : "2019-11-01T06:17+0000",
          "signDate" : "2019-11-01T02:38+0000",
          "sign" : "capricorn",
          "age" : 5,
          "timeZone" : 5,
          "moonPhaseDate" : null
        },
        {
          "moonPhase" : "phase1",
          "date" : "2019-11-02T07:13+0000",
          "signDate" : "2019-11-01T02:38+0000",
          "sign" : "capricorn",
          "age" : 6,
          "moonPhaseDate" : null,
          "timeZone" : 5
        },
        {
          "moonPhase" : "phase1",
          "date" : "2019-11-03T08:00+0000",
          "signDate" : "2019-11-03T11:21+0000",
          "age" : 7,
          "sign" : "aquarius",
          "timeZone" : 5,
          "moonPhaseDate" : null
        },
        {
          "moonPhase" : "phase2",
          "date" : "2019-11-04T08:41+0000",
          "signDate" : "2019-11-03T11:21+0000",
          "sign" : "aquarius",
          "age" : 8,
          "timeZone" : 5,
          "moonPhaseDate" : "2019-11-04T10:23+0000"
        },
        {
          "moonPhase" : "phase2",
          "date" : "2019-11-05T09:15+0000",
          "signDate" : "2019-11-03T11:21+0000",
          "sign" : "aquarius",
          "age" : 9,
          "timeZone" : 5,
          "moonPhaseDate" : "2019-11-04T10:23+0000"
        },
        {
          "date" : "2019-11-06T09:45+0000",
          "moonPhase" : "phase2",
          "signDate" : "2019-11-05T23:11+0000",
          "age" : 10,
          "sign" : "pisces",
          "timeZone" : 5,
          "moonPhaseDate" : "2019-11-04T10:23+0000"
        },
        {
          "moonPhase" : "phase2",
          "date" : "2019-11-07T10:12+0000",
          "signDate" : "2019-11-05T23:11+0000",
          "age" : 11,
          "sign" : "pisces",
          "timeZone" : 5,
          "moonPhaseDate" : "2019-11-04T10:23+0000"
        },
        {
          "moonPhase" : "phase2",
          "date" : "2019-11-08T10:36+0000",
          "signDate" : "2019-11-08T11:50+0000",
          "sign" : "aries",
          "age" : 12,
          "moonPhaseDate" : "2019-11-04T10:23+0000",
          "timeZone" : 5
        },
        {
          "date" : "2019-11-09T11:00+0000",
          "moonPhase" : "phase2",
          "signDate" : "2019-11-08T11:50+0000",
          "sign" : "aries",
          "age" : 13,
          "moonPhaseDate" : "2019-11-04T10:23+0000",
          "timeZone" : 5
        },
        {
          "date" : "2019-11-10T11:25+0000",
          "moonPhase" : "phase2",
          "signDate" : "2019-11-08T11:50+0000",
          "sign" : "aries",
          "age" : 14,
          "moonPhaseDate" : "2019-11-04T10:23+0000",
          "timeZone" : 5
        },
        {
          "moonPhase" : "phase2",
          "date" : "2019-11-11T11:51+0000",
          "signDate" : "2019-11-10T23:19+0000",
          "sign" : "taurus",
          "age" : 15,
          "moonPhaseDate" : "2019-11-04T10:23+0000",
          "timeZone" : 5
        },
        {
          "date" : "2019-11-12T12:19+0000",
          "moonPhase" : "fullMoon",
          "signDate" : "2019-11-10T23:19+0000",
          "sign" : "taurus",
          "age" : 16,
          "moonPhaseDate" : "2019-11-12T13:35+0000",
          "timeZone" : 5
        },
        {
          "moonPhase" : "phase3",
          "date" : "2019-11-13T12:52+0000",
          "signDate" : "2019-11-13T08:45+0000",
          "age" : 17,
          "sign" : "gemini",
          "moonPhaseDate" : "2019-11-12T13:35+0000",
          "timeZone" : 5
        },
        {
          "moonPhase" : "phase3",
          "date" : "2019-11-14T13:30+0000",
          "signDate" : "2019-11-13T08:45+0000",
          "sign" : "gemini",
          "age" : 18,
          "moonPhaseDate" : "2019-11-12T13:35+0000",
          "timeZone" : 5
        },
        {
          "date" : "2019-11-15T14:15+0000",
          "moonPhase" : "phase3",
          "signDate" : "2019-11-15T16:12+0000",
          "sign" : "cancer",
          "age" : 19,
          "timeZone" : 5,
          "moonPhaseDate" : "2019-11-12T13:35+0000"
        },
        {
          "moonPhase" : "phase3",
          "date" : "2019-11-16T15:08+0000",
          "signDate" : "2019-11-15T16:12+0000",
          "sign" : "cancer",
          "age" : 20,
          "moonPhaseDate" : "2019-11-12T13:35+0000",
          "timeZone" : 5
        },
        {
          "moonPhase" : "phase3",
          "date" : "2019-11-17T16:08+0000",
          "signDate" : "2019-11-15T16:12+0000",
          "age" : 21,
          "sign" : "cancer",
          "timeZone" : 5,
          "moonPhaseDate" : "2019-11-12T13:35+0000"
        },
        {
          "date" : "2019-11-18T17:15+0000",
          "moonPhase" : "phase3",
          "signDate" : "2019-11-17T21:54+0000",
          "age" : 22,
          "sign" : "leo",
          "moonPhaseDate" : "2019-11-12T13:35+0000",
          "timeZone" : 5
        },
        {
          "moonPhase" : "phase3",
          "date" : "2019-11-19T18:25+0000",
          "signDate" : "2019-11-17T21:54+0000",
          "sign" : "leo",
          "age" : 23,
          "moonPhaseDate" : "2019-11-12T13:35+0000",
          "timeZone" : 5
        },
        {
          "date" : "2019-11-20T19:37+0000",
          "moonPhase" : "phase4",
          "signDate" : "2019-11-17T21:54+0000",
          "age" : 24,
          "sign" : "virgo",
          "moonPhaseDate" : "2019-11-19T21:11+0000",
          "timeZone" : 5
        },
        {
          "moonPhase" : "phase4",
          "date" : "2019-11-21T20:49+0000",
          "signDate" : "2019-11-22T04:22+0000",
          "age" : 25,
          "sign" : "libra",
          "moonPhaseDate" : "2019-11-19T21:11+0000",
          "timeZone" : 5
        },
        {
          "moonPhase" : "phase4",
          "date" : "2019-11-22T22:02+0000",
          "signDate" : "2019-11-22T04:22+0000",
          "sign" : "libra",
          "age" : 26,
          "moonPhaseDate" : "2019-11-19T21:11+0000",
          "timeZone" : 5
        },
        {
          "date" : "2019-11-23T23:15+0000",
          "moonPhase" : "phase4",
          "signDate" : "2019-11-24T06:01+0000",
          "sign" : "scorpio",
          "age" : 27,
          "moonPhaseDate" : "2019-11-19T21:11+0000",
          "timeZone" : 5
        },
        {
          "date" : "2019-11-25T00:28+0000",
          "moonPhase" : "phase4",
          "signDate" : "2019-11-24T06:01+0000",
          "sign" : "scorpio",
          "age" : 28,
          "moonPhaseDate" : "2019-11-19T21:11+0000",
          "timeZone" : 5
        },
        {
          "moonPhase" : "newMoon",
          "date" : "2019-11-26T01:41+0000",
          "signDate" : "2019-11-26T08:12+0000",
          "sign" : "sagittarius",
          "age" : 29,
          "timeZone" : 5,
          "moonPhaseDate" : "2019-11-26T15:06+0000"
        },
        {
          "moonPhase" : "newMoon",
          "date" : "2019-11-26T15:06+0000",
          "signDate" : "2019-11-26T08:12+0000",
          "sign" : "sagittarius",
          "age" : 1,
          "moonPhaseDate" : "2019-11-26T15:06+0000",
          "timeZone" : 5
        },
        {
          "moonPhase" : "phase1",
          "date" : "2019-11-27T02:52+0000",
          "signDate" : "2019-11-26T08:12+0000",
          "age" : 2,
          "sign" : "sagittarius",
          "timeZone" : 5,
          "moonPhaseDate" : "2019-11-26T15:06+0000"
        },
        {
          "date" : "2019-11-28T03:59+0000",
          "moonPhase" : "phase1",
          "signDate" : "2019-11-28T12:32+0000",
          "sign" : "capricorn",
          "age" : 3,
          "moonPhaseDate" : "2019-11-26T15:06+0000",
          "timeZone" : 5
        },
        {
          "moonPhase" : "phase1",
          "date" : "2019-11-29T05:00+0000",
          "signDate" : "2019-11-28T12:32+0000",
          "sign" : "capricorn",
          "age" : 4,
          "moonPhaseDate" : "2019-11-26T15:06+0000",
          "timeZone" : 5
        },
        {
          "date" : "2019-11-30T05:52+0000",
          "moonPhase" : "phase1",
          "signDate" : "2019-11-28T12:32+0000",
          "sign" : "capricorn",
          "age" : 5,
          "moonPhaseDate" : "2019-11-26T15:06+0000",
          "timeZone" : 5
        },
        {
          "date" : "2019-12-01T06:37+0000",
          "moonPhase" : "phase1",
          "signDate" : "2019-11-30T20:15+0000",
          "sign" : "aquarius",
          "age" : 6,
          "moonPhaseDate" : null,
          "timeZone" : 5
        },
        {
          "moonPhase" : "phase1",
          "date" : "2019-12-02T07:14+0000",
          "signDate" : "2019-11-30T20:15+0000",
          "age" : 7,
          "sign" : "aquarius",
          "moonPhaseDate" : null,
          "timeZone" : 5
        },
        {
          "date" : "2019-12-03T07:46+0000",
          "moonPhase" : "phase1",
          "signDate" : "2019-12-03T07:14+0000",
          "age" : 8,
          "sign" : "pisces",
          "moonPhaseDate" : null,
          "timeZone" : 5
        },
        {
          "date" : "2019-12-04T08:14+0000",
          "moonPhase" : "phase2",
          "signDate" : "2019-12-03T07:14+0000",
          "sign" : "pisces",
          "age" : 9,
          "timeZone" : 5,
          "moonPhaseDate" : "2019-12-04T06:58+0000"
        },
        {
          "moonPhase" : "phase2",
          "date" : "2019-12-05T08:40+0000",
          "signDate" : "2019-12-03T07:14+0000",
          "sign" : "pisces",
          "age" : 10,
          "moonPhaseDate" : "2019-12-04T06:58+0000",
          "timeZone" : 5
        },
        {
          "moonPhase" : "phase2",
          "date" : "2019-12-06T09:04+0000",
          "signDate" : "2019-12-05T19:46+0000",
          "sign" : "aries",
          "age" : 11,
          "moonPhaseDate" : "2019-12-04T06:58+0000",
          "timeZone" : 5
        },
        {
          "moonPhase" : "phase2",
          "date" : "2019-12-07T09:27+0000",
          "signDate" : "2019-12-05T19:46+0000",
          "age" : 12,
          "sign" : "aries",
          "moonPhaseDate" : "2019-12-04T06:58+0000",
          "timeZone" : 5
        },
        {
          "signDate" : "2019-12-08T07:31+0000",
          "timeZone" : 5,
          "date" : "2019-12-08T09:52+0000",
          "moonPhaseDate" : "2019-12-04T06:58+0000",
          "sign" : "taurus",
          "moonPhase" : "phase2",
          "age" : 13
        },
        {
          "signDate" : "2019-12-08T07:31+0000",
          "timeZone" : 5,
          "date" : "2019-12-09T10:19+0000",
          "moonPhaseDate" : "2019-12-04T06:58+0000",
          "sign" : "taurus",
          "moonPhase" : "phase2",
          "age" : 14
        },
        {
          "signDate" : "2019-12-10T16:49+0000",
          "timeZone" : 5,
          "date" : "2019-12-10T10:50+0000",
          "moonPhaseDate" : "2019-12-04T06:58+0000",
          "sign" : "gemini",
          "moonPhase" : "phase2",
          "age" : 15
        },
        {
          "signDate" : "2019-12-10T16:49+0000",
          "timeZone" : 5,
          "date" : "2019-12-11T11:26+0000",
          "moonPhaseDate" : "2019-12-04T06:58+0000",
          "sign" : "gemini",
          "moonPhase" : "phase2",
          "age" : 16
        },
        {
          "signDate" : "2019-12-10T16:49+0000",
          "timeZone" : 5,
          "date" : "2019-12-12T12:09+0000",
          "moonPhaseDate" : "2019-12-12T05:12+0000",
          "sign" : "gemini",
          "moonPhase" : "fullMoon",
          "age" : 17
        },
        {
          "signDate" : "2019-12-12T23:24+0000",
          "timeZone" : 5,
          "date" : "2019-12-13T13:00+0000",
          "moonPhaseDate" : "2019-12-12T05:12+0000",
          "sign" : "cancer",
          "moonPhase" : "phase3",
          "age" : 18
        },
        {
          "signDate" : "2019-12-12T23:24+0000",
          "timeZone" : 5,
          "date" : "2019-12-14T14:00+0000",
          "moonPhaseDate" : "2019-12-12T05:12+0000",
          "sign" : "cancer",
          "moonPhase" : "phase3",
          "age" : 19
        },
        {
          "signDate" : "2019-12-15T03:53+0000",
          "timeZone" : 5,
          "date" : "2019-12-15T15:06+0000",
          "moonPhaseDate" : "2019-12-12T05:12+0000",
          "sign" : "leo",
          "moonPhase" : "phase3",
          "age" : 20
        },
        {
          "signDate" : "2019-12-15T03:53+0000",
          "timeZone" : 5,
          "date" : "2019-12-16T16:16+0000",
          "moonPhaseDate" : "2019-12-12T05:12+0000",
          "sign" : "leo",
          "moonPhase" : "phase3",
          "age" : 21
        },
        {
          "signDate" : "2019-12-17T07:13+0000",
          "timeZone" : 5,
          "date" : "2019-12-17T17:28+0000",
          "moonPhaseDate" : "2019-12-12T05:12+0000",
          "sign" : "virgo",
          "moonPhase" : "phase3",
          "age" : 22
        },
        {
          "signDate" : "2019-12-17T07:13+0000",
          "timeZone" : 5,
          "date" : "2019-12-18T18:40+0000",
          "moonPhaseDate" : "2019-12-12T05:12+0000",
          "sign" : "virgo",
          "moonPhase" : "phase3",
          "age" : 23
        },
        {
          "signDate" : "2019-12-17T07:13+0000",
          "timeZone" : 5,
          "date" : "2019-12-19T19:51+0000",
          "moonPhaseDate" : "2019-12-19T04:57+0000",
          "sign" : "libra",
          "moonPhase" : "phase4",
          "age" : 24
        },
        {
          "signDate" : "2019-12-21T13:01+0000",
          "timeZone" : 5,
          "date" : "2019-12-20T21:02+0000",
          "moonPhaseDate" : "2019-12-19T04:57+0000",
          "sign" : "scorpio",
          "moonPhase" : "phase4",
          "age" : 25
        },
        {
          "signDate" : "2019-12-21T13:01+0000",
          "timeZone" : 5,
          "date" : "2019-12-21T22:13+0000",
          "moonPhaseDate" : "2019-12-19T04:57+0000",
          "sign" : "scorpio",
          "moonPhase" : "phase4",
          "age" : 26
        },
        {
          "signDate" : "2019-12-23T16:37+0000",
          "timeZone" : 5,
          "date" : "2019-12-22T23:23+0000",
          "moonPhaseDate" : "2019-12-19T04:57+0000",
          "sign" : "sagittarius",
          "moonPhase" : "phase4",
          "age" : 27
        },
        {
          "signDate" : "2019-12-23T16:37+0000",
          "timeZone" : 5,
          "date" : "2019-12-24T00:34+0000",
          "moonPhaseDate" : "2019-12-19T04:57+0000",
          "sign" : "sagittarius",
          "moonPhase" : "phase4",
          "age" : 28
        },
        {
          "signDate" : "2019-12-23T16:37+0000",
          "timeZone" : 5,
          "date" : "2019-12-25T01:42+0000",
          "moonPhaseDate" : "2019-12-19T04:57+0000",
          "sign" : "sagittarius",
          "moonPhase" : "phase4",
          "age" : 29
        },
        {
          "signDate" : "2019-12-25T21:46+0000",
          "timeZone" : 5,
          "date" : "2019-12-26T02:45+0000",
          "moonPhaseDate" : "2019-12-26T05:13+0000",
          "sign" : "capricorn",
          "moonPhase" : "newMoon",
          "age" : 30
        },
        {
          "signDate" : "2019-12-25T21:46+0000",
          "timeZone" : 5,
          "date" : "2019-12-26T05:13+0000",
          "moonPhaseDate" : "2019-12-26T05:13+0000",
          "sign" : "capricorn",
          "moonPhase" : "newMoon",
          "age" : 1
        },
        {
          "signDate" : "2019-12-25T21:46+0000",
          "timeZone" : 5,
          "date" : "2019-12-27T03:41+0000",
          "moonPhaseDate" : "2019-12-26T05:13+0000",
          "sign" : "capricorn",
          "moonPhase" : "phase1",
          "age" : 2
        },
        {
          "signDate" : "2019-12-28T05:21+0000",
          "timeZone" : 5,
          "date" : "2019-12-28T04:30+0000",
          "moonPhaseDate" : "2019-12-26T05:13+0000",
          "sign" : "aquarius",
          "moonPhase" : "phase1",
          "age" : 3
        },
        {
          "signDate" : "2019-12-28T05:21+0000",
          "timeZone" : 5,
          "date" : "2019-12-29T05:11+0000",
          "moonPhaseDate" : "2019-12-26T05:13+0000",
          "sign" : "aquarius",
          "moonPhase" : "phase1",
          "age" : 4
        },
        {
          "signDate" : "2019-12-30T15:43+0000",
          "timeZone" : 5,
          "date" : "2019-12-30T05:45+0000",
          "moonPhaseDate" : "2019-12-26T05:13+0000",
          "sign" : "pisces",
          "moonPhase" : "phase1",
          "age" : 5
        },
        {
          "signDate" : "2019-12-30T15:43+0000",
          "timeZone" : 5,
          "date" : "2019-12-31T06:15+0000",
          "moonPhaseDate" : "2019-12-26T05:13+0000",
          "sign" : "pisces",
          "moonPhase" : "phase1",
          "age" : 6
        },
        {
          "signDate" : "2019-12-30T15:43+0000",
          "timeZone" : 5,
          "date" : "2020-01-01T06:42+0000",
          "moonPhaseDate" : null,
          "sign" : "pisces",
          "moonPhase" : "phase1",
          "age" : 7
        },
        {
          "signDate" : "2020-01-02T04:01+0000",
          "timeZone" : 5,
          "date" : "2020-01-02T07:06+0000",
          "moonPhaseDate" : null,
          "sign" : "aries",
          "moonPhase" : "phase1",
          "age" : 8
        },
        {
          "signDate" : "2020-01-02T04:01+0000",
          "timeZone" : 5,
          "date" : "2020-01-03T07:30+0000",
          "moonPhaseDate" : "2020-01-03T04:45+0000",
          "sign" : "aries",
          "moonPhase" : "phase2",
          "age" : 9
        },
        {
          "signDate" : "2020-01-04T16:15+0000",
          "timeZone" : 5,
          "date" : "2020-01-04T07:54+0000",
          "moonPhaseDate" : "2020-01-03T04:45+0000",
          "sign" : "taurus",
          "moonPhase" : "phase2",
          "age" : 10
        },
        {
          "signDate" : "2020-01-04T16:15+0000",
          "timeZone" : 5,
          "date" : "2020-01-05T08:19+0000",
          "moonPhaseDate" : "2020-01-03T04:45+0000",
          "sign" : "taurus",
          "moonPhase" : "phase2",
          "age" : 11
        },
        {
          "signDate" : "2020-01-04T16:15+0000",
          "timeZone" : 5,
          "date" : "2020-01-06T08:47+0000",
          "moonPhaseDate" : "2020-01-03T04:45+0000",
          "sign" : "taurus",
          "moonPhase" : "phase2",
          "age" : 12
        },
        {
          "signDate" : "2020-01-07T02:13+0000",
          "timeZone" : 5,
          "date" : "2020-01-07T09:20+0000",
          "moonPhaseDate" : "2020-01-03T04:45+0000",
          "sign" : "gemini",
          "moonPhase" : "phase2",
          "age" : 13
        },
        {
          "signDate" : "2020-01-07T02:13+0000",
          "timeZone" : 5,
          "date" : "2020-01-08T10:00+0000",
          "moonPhaseDate" : "2020-01-03T04:45+0000",
          "sign" : "gemini",
          "moonPhase" : "phase2",
          "age" : 14
        },
        {
          "signDate" : "2020-01-09T08:45+0000",
          "timeZone" : 5,
          "date" : "2020-01-09T10:47+0000",
          "moonPhaseDate" : "2020-01-03T04:45+0000",
          "sign" : "cancer",
          "moonPhase" : "phase2",
          "age" : 15
        },
        {
          "signDate" : "2020-01-09T08:45+0000",
          "timeZone" : 5,
          "date" : "2020-01-10T11:44+0000",
          "moonPhaseDate" : "2020-01-03T04:45+0000",
          "sign" : "cancer",
          "moonPhase" : "phase2",
          "age" : 16
        },
        {
          "signDate" : "2020-01-11T12:16+0000",
          "timeZone" : 5,
          "date" : "2020-01-11T12:49+0000",
          "moonPhaseDate" : "2020-01-10T19:21+0000",
          "sign" : "leo",
          "moonPhase" : "fullMoon",
          "age" : 17
        },
        {
          "signDate" : "2020-01-11T12:16+0000",
          "timeZone" : 5,
          "date" : "2020-01-12T14:01+0000",
          "moonPhaseDate" : "2020-01-10T19:21+0000",
          "sign" : "leo",
          "moonPhase" : "phase3",
          "age" : 18
        },
        {
          "signDate" : "2020-01-13T14:05+0000",
          "timeZone" : 5,
          "date" : "2020-01-13T15:14+0000",
          "moonPhaseDate" : "2020-01-10T19:21+0000",
          "sign" : "virgo",
          "moonPhase" : "phase3",
          "age" : 19
        },
        {
          "signDate" : "2020-01-13T14:05+0000",
          "timeZone" : 5,
          "date" : "2020-01-14T16:29+0000",
          "moonPhaseDate" : "2020-01-10T19:21+0000",
          "sign" : "virgo",
          "moonPhase" : "phase3",
          "age" : 20
        },
        {
          "signDate" : "2020-01-15T15:42+0000",
          "timeZone" : 5,
          "date" : "2020-01-15T17:42+0000",
          "moonPhaseDate" : "2020-01-10T19:21+0000",
          "sign" : "libra",
          "moonPhase" : "phase3",
          "age" : 21
        },
        {
          "signDate" : "2020-01-15T15:42+0000",
          "timeZone" : 5,
          "date" : "2020-01-16T18:53+0000",
          "moonPhaseDate" : "2020-01-10T19:21+0000",
          "sign" : "libra",
          "moonPhase" : "phase3",
          "age" : 22
        },
        {
          "signDate" : "2020-01-15T15:42+0000",
          "timeZone" : 5,
          "date" : "2020-01-17T20:03+0000",
          "moonPhaseDate" : "2020-01-17T12:58+0000",
          "sign" : "scorpio",
          "moonPhase" : "phase4",
          "age" : 23
        },
        {
          "signDate" : "2020-01-15T15:42+0000",
          "timeZone" : 5,
          "date" : "2020-01-18T21:14+0000",
          "moonPhaseDate" : "2020-01-17T12:58+0000",
          "sign" : "scorpio",
          "moonPhase" : "phase4",
          "age" : 24
        },
        {
          "signDate" : "2020-01-19T22:43+0000",
          "timeZone" : 5,
          "date" : "2020-01-19T22:23+0000",
          "moonPhaseDate" : "2020-01-17T12:58+0000",
          "sign" : "sagittarius",
          "moonPhase" : "phase4",
          "age" : 25
        },
        {
          "signDate" : "2020-01-19T22:43+0000",
          "timeZone" : 5,
          "date" : "2020-01-20T23:30+0000",
          "moonPhaseDate" : "2020-01-17T12:58+0000",
          "sign" : "sagittarius",
          "moonPhase" : "phase4",
          "age" : 26
        },
        {
          "signDate" : "2020-01-22T05:02+0000",
          "timeZone" : 5,
          "date" : "2020-01-22T00:34+0000",
          "moonPhaseDate" : "2020-01-17T12:58+0000",
          "sign" : "capricorn",
          "moonPhase" : "phase4",
          "age" : 27
        },
        {
          "signDate" : "2020-01-22T05:02+0000",
          "timeZone" : 5,
          "date" : "2020-01-23T01:32+0000",
          "moonPhaseDate" : "2020-01-17T12:58+0000",
          "sign" : "capricorn",
          "moonPhase" : "phase4",
          "age" : 28
        },
        {
          "signDate" : "2020-01-24T13:22+0000",
          "timeZone" : 5,
          "date" : "2020-01-24T02:23+0000",
          "moonPhaseDate" : "2020-01-17T12:58+0000",
          "sign" : "aquarius",
          "moonPhase" : "phase4",
          "age" : 29
        },
        {
          "signDate" : "2020-01-24T13:22+0000",
          "timeZone" : 5,
          "date" : "2020-01-24T21:42+0000",
          "moonPhaseDate" : "2020-01-24T21:42+0000",
          "sign" : "aquarius",
          "moonPhase" : "newMoon",
          "age" : 1
        },
        {
          "signDate" : "2020-01-24T13:22+0000",
          "timeZone" : 5,
          "date" : "2020-01-25T03:07+0000",
          "moonPhaseDate" : "2020-01-24T21:42+0000",
          "sign" : "aquarius",
          "moonPhase" : "newMoon",
          "age" : 2
        },
        {
          "signDate" : "2020-01-24T13:22+0000",
          "timeZone" : 5,
          "date" : "2020-01-26T03:44+0000",
          "moonPhaseDate" : "2020-01-24T21:42+0000",
          "sign" : "aquarius",
          "moonPhase" : "phase1",
          "age" : 3
        },
        {
          "signDate" : "2020-01-26T23:45+0000",
          "timeZone" : 5,
          "date" : "2020-01-27T04:15+0000",
          "moonPhaseDate" : "2020-01-24T21:42+0000",
          "sign" : "pisces",
          "moonPhase" : "phase1",
          "age" : 4
        },
        {
          "signDate" : "2020-01-26T23:45+0000",
          "timeZone" : 5,
          "date" : "2020-01-28T04:43+0000",
          "moonPhaseDate" : "2020-01-24T21:42+0000",
          "sign" : "pisces",
          "moonPhase" : "phase1",
          "age" : 5
        },
        {
          "signDate" : "2020-01-29T11:51+0000",
          "timeZone" : 5,
          "date" : "2020-01-29T05:08+0000",
          "moonPhaseDate" : "2020-01-24T21:42+0000",
          "sign" : "aries",
          "moonPhase" : "phase1",
          "age" : 6
        },
        {
          "signDate" : "2020-01-29T11:51+0000",
          "timeZone" : 5,
          "date" : "2020-01-30T05:32+0000",
          "moonPhaseDate" : "2020-01-24T21:42+0000",
          "sign" : "aries",
          "moonPhase" : "phase1",
          "age" : 7
        },
        {
          "signDate" : "2020-01-29T11:51+0000",
          "timeZone" : 5,
          "date" : "2020-01-31T05:55+0000",
          "moonPhaseDate" : "2020-01-24T21:42+0000",
          "sign" : "aries",
          "moonPhase" : "phase1",
          "age" : 8
        },
        {
          "signDate" : "2020-01-29T11:51+0000",
          "timeZone" : 5,
          "date" : "2020-01-31T05:55+0000",
          "moonPhaseDate" : "2020-01-24T21:42+0000",
          "sign" : "aries",
          "moonPhase" : "phase1",
          "age" : 8
        }
      ],
      "cityName" : "Ташкент"
    }
  ]
}