{
  "countryName" : "Болгария",
  "cities" : [
    {
      "timeZone" : 3,
      "moonDays" : [
        {
          "moonPhaseDate" : null,
          "sign" : "aries",
          "age" : 26,
          "timeZone" : 3,
          "signDate" : "2019-05-01T10:23+0000",
          "date" : "2019-05-01T02:06+0000",
          "moonPhase" : null
        },
        {
          "moonPhaseDate" : null,
          "sign" : "aries",
          "age" : 27,
          "timeZone" : 3,
          "signDate" : "2019-05-01T10:23+0000",
          "date" : "2019-05-02T02:30+0000",
          "moonPhase" : null
        },
        {
          "moonPhaseDate" : null,
          "age" : 28,
          "sign" : "taurus",
          "timeZone" : 3,
          "signDate" : "2019-05-03T20:21+0000",
          "date" : "2019-05-03T02:56+0000",
          "moonPhase" : null
        },
        {
          "moonPhaseDate" : null,
          "age" : 29,
          "sign" : "taurus",
          "timeZone" : 3,
          "signDate" : "2019-05-03T20:21+0000",
          "date" : "2019-05-04T03:22+0000",
          "moonPhase" : null
        },
        {
          "moonPhaseDate" : "2019-05-04T22:45+0000",
          "sign" : "taurus",
          "age" : 1,
          "timeZone" : 3,
          "signDate" : "2019-05-03T20:21+0000",
          "date" : "2019-05-04T22:45+0000",
          "moonPhase" : "newMoon"
        },
        {
          "moonPhaseDate" : "2019-05-04T22:45+0000",
          "age" : 2,
          "sign" : "taurus",
          "timeZone" : 3,
          "signDate" : "2019-05-03T20:21+0000",
          "date" : "2019-05-05T03:51+0000",
          "moonPhase" : "newMoon"
        },
        {
          "moonPhaseDate" : "2019-05-04T22:45+0000",
          "age" : 3,
          "sign" : "gemini",
          "timeZone" : 3,
          "signDate" : "2019-05-06T03:42+0000",
          "date" : "2019-05-06T04:25+0000",
          "moonPhase" : "phase1"
        },
        {
          "moonPhaseDate" : "2019-05-04T22:45+0000",
          "age" : 4,
          "sign" : "gemini",
          "timeZone" : 3,
          "signDate" : "2019-05-06T03:42+0000",
          "date" : "2019-05-07T05:04+0000",
          "moonPhase" : "phase1"
        },
        {
          "moonPhaseDate" : "2019-05-04T22:45+0000",
          "age" : 5,
          "sign" : "cancer",
          "timeZone" : 3,
          "signDate" : "2019-05-08T09:05+0000",
          "date" : "2019-05-08T05:50+0000",
          "moonPhase" : "phase1"
        },
        {
          "moonPhaseDate" : "2019-05-04T22:45+0000",
          "sign" : "cancer",
          "age" : 6,
          "timeZone" : 3,
          "signDate" : "2019-05-08T09:05+0000",
          "date" : "2019-05-09T06:44+0000",
          "moonPhase" : "phase1"
        },
        {
          "moonPhaseDate" : "2019-05-04T22:45+0000",
          "age" : 7,
          "sign" : "leo",
          "timeZone" : 3,
          "signDate" : "2019-05-10T13:12+0000",
          "date" : "2019-05-10T07:46+0000",
          "moonPhase" : "phase1"
        },
        {
          "moonPhaseDate" : "2019-05-04T22:45+0000",
          "age" : 8,
          "sign" : "leo",
          "timeZone" : 3,
          "signDate" : "2019-05-10T13:12+0000",
          "date" : "2019-05-11T08:54+0000",
          "moonPhase" : "phase1"
        },
        {
          "moonPhaseDate" : "2019-05-12T01:12+0000",
          "age" : 9,
          "sign" : "virgo",
          "timeZone" : 3,
          "signDate" : "2019-05-12T16:23+0000",
          "date" : "2019-05-12T10:06+0000",
          "moonPhase" : "phase2"
        },
        {
          "moonPhaseDate" : "2019-05-12T01:12+0000",
          "age" : 10,
          "sign" : "virgo",
          "timeZone" : 3,
          "signDate" : "2019-05-12T16:23+0000",
          "date" : "2019-05-13T11:18+0000",
          "moonPhase" : "phase2"
        },
        {
          "moonPhaseDate" : "2019-05-12T01:12+0000",
          "sign" : "libra",
          "age" : 11,
          "timeZone" : 3,
          "signDate" : "2019-05-14T18:53+0000",
          "date" : "2019-05-14T12:31+0000",
          "moonPhase" : "phase2"
        },
        {
          "moonPhaseDate" : "2019-05-12T01:12+0000",
          "age" : 12,
          "sign" : "libra",
          "timeZone" : 3,
          "signDate" : "2019-05-14T18:53+0000",
          "date" : "2019-05-15T13:43+0000",
          "moonPhase" : "phase2"
        },
        {
          "moonPhaseDate" : "2019-05-12T01:12+0000",
          "age" : 13,
          "sign" : "libra",
          "timeZone" : 3,
          "signDate" : "2019-05-14T18:53+0000",
          "date" : "2019-05-16T14:55+0000",
          "moonPhase" : "phase2"
        },
        {
          "moonPhaseDate" : "2019-05-12T01:12+0000",
          "age" : 14,
          "sign" : "scorpio",
          "timeZone" : 3,
          "signDate" : "2019-05-16T21:25+0000",
          "date" : "2019-05-17T16:06+0000",
          "moonPhase" : "phase2"
        },
        {
          "moonPhaseDate" : "2019-05-12T01:12+0000",
          "sign" : "scorpio",
          "age" : 15,
          "timeZone" : 3,
          "signDate" : "2019-05-16T21:25+0000",
          "date" : "2019-05-18T17:17+0000",
          "moonPhase" : "phase2"
        },
        {
          "moonPhaseDate" : "2019-05-18T21:11+0000",
          "age" : 16,
          "sign" : "sagittarius",
          "timeZone" : 3,
          "signDate" : "2019-05-19T01:19+0000",
          "date" : "2019-05-19T18:25+0000",
          "moonPhase" : "fullMoon"
        },
        {
          "moonPhaseDate" : "2019-05-18T21:11+0000",
          "age" : 17,
          "sign" : "sagittarius",
          "timeZone" : 3,
          "signDate" : "2019-05-19T01:19+0000",
          "date" : "2019-05-20T19:29+0000",
          "moonPhase" : "phase3"
        },
        {
          "moonPhaseDate" : "2019-05-18T21:11+0000",
          "age" : 18,
          "sign" : "capricorn",
          "timeZone" : 3,
          "signDate" : "2019-05-21T07:56+0000",
          "date" : "2019-05-21T20:27+0000",
          "moonPhase" : "phase3"
        },
        {
          "moonPhaseDate" : "2019-05-18T21:11+0000",
          "age" : 19,
          "sign" : "aquarius",
          "timeZone" : 3,
          "signDate" : "2019-05-23T17:51+0000",
          "date" : "2019-05-22T21:19+0000",
          "moonPhase" : "phase3"
        },
        {
          "moonPhaseDate" : "2019-05-18T21:11+0000",
          "sign" : "aquarius",
          "age" : 20,
          "timeZone" : 3,
          "signDate" : "2019-05-23T17:51+0000",
          "date" : "2019-05-23T22:03+0000",
          "moonPhase" : "phase3"
        },
        {
          "moonPhaseDate" : "2019-05-18T21:11+0000",
          "age" : 21,
          "sign" : "aquarius",
          "timeZone" : 3,
          "signDate" : "2019-05-23T17:51+0000",
          "date" : "2019-05-24T22:41+0000",
          "moonPhase" : "phase3"
        },
        {
          "moonPhaseDate" : "2019-05-26T16:33+0000",
          "age" : 22,
          "sign" : "pisces",
          "timeZone" : 3,
          "signDate" : "2019-05-26T06:07+0000",
          "date" : "2019-05-25T23:14+0000",
          "moonPhase" : "phase4"
        },
        {
          "moonPhaseDate" : "2019-05-26T16:33+0000",
          "age" : 23,
          "sign" : "pisces",
          "timeZone" : 3,
          "signDate" : "2019-05-26T06:07+0000",
          "date" : "2019-05-26T23:42+0000",
          "moonPhase" : "phase4"
        },
        {
          "moonPhaseDate" : "2019-05-26T16:33+0000",
          "sign" : "aries",
          "age" : 24,
          "timeZone" : 3,
          "signDate" : "2019-05-28T18:29+0000",
          "date" : "2019-05-28T00:08+0000",
          "moonPhase" : "phase4"
        },
        {
          "moonPhaseDate" : "2019-05-26T16:33+0000",
          "sign" : "aries",
          "age" : 25,
          "timeZone" : 3,
          "signDate" : "2019-05-28T18:29+0000",
          "date" : "2019-05-29T00:33+0000",
          "moonPhase" : "phase4"
        },
        {
          "moonPhaseDate" : "2019-05-26T16:33+0000",
          "age" : 26,
          "sign" : "aries",
          "timeZone" : 3,
          "signDate" : "2019-05-28T18:29+0000",
          "date" : "2019-05-30T00:58+0000",
          "moonPhase" : "phase4"
        },
        {
          "sign" : "taurus",
          "moonPhaseDate" : "2019-05-26T16:33+0000",
          "age" : 27,
          "date" : "2019-05-31T01:23+0000",
          "signDate" : "2019-05-31T04:44+0000",
          "moonPhase" : "phase4",
          "timeZone" : 3
        },
        {
          "moonPhaseDate" : null,
          "age" : 28,
          "sign" : "taurus",
          "timeZone" : 3,
          "signDate" : "2019-05-31T04:44+0000",
          "date" : "2019-06-01T01:51+0000",
          "moonPhase" : "phase4"
        },
        {
          "moonPhaseDate" : null,
          "age" : 29,
          "sign" : "gemini",
          "timeZone" : 3,
          "signDate" : "2019-06-02T11:51+0000",
          "date" : "2019-06-02T02:22+0000",
          "moonPhase" : "phase4"
        },
        {
          "moonPhaseDate" : "2019-06-03T10:02+0000",
          "age" : 30,
          "sign" : "gemini",
          "timeZone" : 3,
          "signDate" : "2019-06-02T11:51+0000",
          "date" : "2019-06-03T02:59+0000",
          "moonPhase" : "newMoon"
        },
        {
          "moonPhaseDate" : "2019-06-03T10:02+0000",
          "sign" : "gemini",
          "age" : 1,
          "timeZone" : 3,
          "signDate" : "2019-06-02T11:51+0000",
          "date" : "2019-06-03T10:02+0000",
          "moonPhase" : "newMoon"
        },
        {
          "moonPhaseDate" : "2019-06-03T10:02+0000",
          "sign" : "cancer",
          "age" : 2,
          "timeZone" : 3,
          "signDate" : "2019-06-04T16:18+0000",
          "date" : "2019-06-04T03:43+0000",
          "moonPhase" : "phase1"
        },
        {
          "moonPhaseDate" : "2019-06-03T10:02+0000",
          "age" : 3,
          "sign" : "cancer",
          "timeZone" : 3,
          "signDate" : "2019-06-04T16:18+0000",
          "date" : "2019-06-05T04:36+0000",
          "moonPhase" : "phase1"
        },
        {
          "moonPhaseDate" : "2019-06-03T10:02+0000",
          "sign" : "leo",
          "age" : 4,
          "timeZone" : 3,
          "signDate" : "2019-06-06T19:14+0000",
          "date" : "2019-06-06T05:36+0000",
          "moonPhase" : "phase1"
        },
        {
          "moonPhaseDate" : "2019-06-03T10:02+0000",
          "age" : 5,
          "sign" : "leo",
          "timeZone" : 3,
          "signDate" : "2019-06-06T19:14+0000",
          "date" : "2019-06-07T06:44+0000",
          "moonPhase" : "phase1"
        },
        {
          "moonPhaseDate" : "2019-06-03T10:02+0000",
          "sign" : "leo",
          "age" : 6,
          "timeZone" : 3,
          "signDate" : "2019-06-06T19:14+0000",
          "date" : "2019-06-08T07:56+0000",
          "moonPhase" : "phase1"
        },
        {
          "moonPhaseDate" : "2019-06-03T10:02+0000",
          "sign" : "virgo",
          "age" : 7,
          "timeZone" : 3,
          "signDate" : "2019-06-08T21:43+0000",
          "date" : "2019-06-09T09:09+0000",
          "moonPhase" : "phase1"
        },
        {
          "moonPhaseDate" : "2019-06-10T05:59+0000",
          "age" : 8,
          "sign" : "virgo",
          "timeZone" : 3,
          "signDate" : "2019-06-08T21:43+0000",
          "date" : "2019-06-10T10:21+0000",
          "moonPhase" : "phase2"
        },
        {
          "moonPhaseDate" : "2019-06-10T05:59+0000",
          "age" : 9,
          "sign" : "libra",
          "timeZone" : 3,
          "signDate" : "2019-06-11T00:30+0000",
          "date" : "2019-06-11T11:33+0000",
          "moonPhase" : "phase2"
        },
        {
          "moonPhaseDate" : "2019-06-10T05:59+0000",
          "sign" : "libra",
          "age" : 10,
          "timeZone" : 3,
          "signDate" : "2019-06-11T00:30+0000",
          "date" : "2019-06-12T12:43+0000",
          "moonPhase" : "phase2"
        },
        {
          "moonPhaseDate" : "2019-06-10T05:59+0000",
          "sign" : "scorpio",
          "age" : 11,
          "timeZone" : 3,
          "signDate" : "2019-06-13T04:03+0000",
          "date" : "2019-06-13T13:53+0000",
          "moonPhase" : "phase2"
        },
        {
          "moonPhaseDate" : "2019-06-10T05:59+0000",
          "age" : 12,
          "sign" : "scorpio",
          "timeZone" : 3,
          "signDate" : "2019-06-13T04:03+0000",
          "date" : "2019-06-14T15:02+0000",
          "moonPhase" : "phase2"
        },
        {
          "moonPhaseDate" : "2019-06-10T05:59+0000",
          "sign" : "sagittarius",
          "age" : 13,
          "timeZone" : 3,
          "signDate" : "2019-06-15T09:01+0000",
          "date" : "2019-06-15T16:10+0000",
          "moonPhase" : "phase2"
        },
        {
          "moonPhaseDate" : "2019-06-10T05:59+0000",
          "age" : 14,
          "sign" : "sagittarius",
          "timeZone" : 3,
          "signDate" : "2019-06-15T09:01+0000",
          "date" : "2019-06-16T17:15+0000",
          "moonPhase" : "phase2"
        },
        {
          "moonPhaseDate" : "2019-06-17T08:31+0000",
          "age" : 15,
          "sign" : "capricorn",
          "timeZone" : 3,
          "signDate" : "2019-06-17T16:11+0000",
          "date" : "2019-06-17T18:15+0000",
          "moonPhase" : "fullMoon"
        },
        {
          "moonPhaseDate" : "2019-06-17T08:31+0000",
          "sign" : "capricorn",
          "age" : 16,
          "timeZone" : 3,
          "signDate" : "2019-06-17T16:11+0000",
          "date" : "2019-06-18T19:11+0000",
          "moonPhase" : "phase3"
        },
        {
          "moonPhaseDate" : "2019-06-17T08:31+0000",
          "age" : 17,
          "sign" : "capricorn",
          "timeZone" : 3,
          "signDate" : "2019-06-17T16:11+0000",
          "date" : "2019-06-19T19:58+0000",
          "moonPhase" : "phase3"
        },
        {
          "moonPhaseDate" : "2019-06-17T08:31+0000",
          "age" : 18,
          "sign" : "aquarius",
          "timeZone" : 3,
          "signDate" : "2019-06-20T02:01+0000",
          "date" : "2019-06-20T20:39+0000",
          "moonPhase" : "phase3"
        },
        {
          "moonPhaseDate" : "2019-06-17T08:31+0000",
          "age" : 19,
          "sign" : "pisces",
          "timeZone" : 3,
          "signDate" : "2019-06-22T14:01+0000",
          "date" : "2019-06-21T21:14+0000",
          "moonPhase" : "phase3"
        },
        {
          "moonPhaseDate" : "2019-06-17T08:31+0000",
          "age" : 20,
          "sign" : "pisces",
          "timeZone" : 3,
          "signDate" : "2019-06-22T14:01+0000",
          "date" : "2019-06-22T21:44+0000",
          "moonPhase" : "phase3"
        },
        {
          "moonPhaseDate" : "2019-06-17T08:31+0000",
          "age" : 21,
          "sign" : "pisces",
          "timeZone" : 3,
          "signDate" : "2019-06-22T14:01+0000",
          "date" : "2019-06-23T22:11+0000",
          "moonPhase" : "phase3"
        },
        {
          "moonPhaseDate" : "2019-06-25T09:46+0000",
          "age" : 22,
          "sign" : "aries",
          "timeZone" : 3,
          "signDate" : "2019-06-25T02:34+0000",
          "date" : "2019-06-24T22:36+0000",
          "moonPhase" : "phase4"
        },
        {
          "moonPhaseDate" : "2019-06-25T09:46+0000",
          "sign" : "aries",
          "age" : 23,
          "timeZone" : 3,
          "signDate" : "2019-06-25T02:34+0000",
          "date" : "2019-06-25T23:00+0000",
          "moonPhase" : "phase4"
        },
        {
          "moonPhaseDate" : "2019-06-25T09:46+0000",
          "age" : 24,
          "sign" : "taurus",
          "timeZone" : 3,
          "signDate" : "2019-06-27T13:30+0000",
          "date" : "2019-06-26T23:25+0000",
          "moonPhase" : "phase4"
        },
        {
          "moonPhaseDate" : "2019-06-25T09:46+0000",
          "age" : 25,
          "sign" : "taurus",
          "timeZone" : 3,
          "signDate" : "2019-06-27T13:30+0000",
          "date" : "2019-06-27T23:51+0000",
          "moonPhase" : "phase4"
        },
        {
          "moonPhaseDate" : "2019-06-25T09:46+0000",
          "age" : 26,
          "sign" : "taurus",
          "timeZone" : 3,
          "signDate" : "2019-06-27T13:30+0000",
          "date" : "2019-06-29T00:20+0000",
          "moonPhase" : "phase4"
        },
        {
          "moonPhaseDate" : "2019-06-25T09:46+0000",
          "age" : 27,
          "sign" : "gemini",
          "timeZone" : 3,
          "signDate" : "2019-06-29T21:10+0000",
          "date" : "2019-06-30T00:53+0000",
          "moonPhase" : "phase4"
        },
        {
          "moonPhaseDate" : null,
          "age" : 28,
          "sign" : "gemini",
          "timeZone" : 3,
          "signDate" : "2019-06-29T21:10+0000",
          "date" : "2019-07-01T01:34+0000",
          "moonPhase" : "phase4"
        },
        {
          "moonPhaseDate" : "2019-07-02T19:16+0000",
          "sign" : "cancer",
          "age" : 29,
          "timeZone" : 3,
          "signDate" : "2019-07-02T01:26+0000",
          "date" : "2019-07-02T02:23+0000",
          "moonPhase" : "newMoon"
        },
        {
          "moonPhaseDate" : "2019-07-02T19:16+0000",
          "sign" : "cancer",
          "age" : 1,
          "timeZone" : 3,
          "signDate" : "2019-07-02T01:26+0000",
          "date" : "2019-07-02T19:16+0000",
          "moonPhase" : "newMoon"
        },
        {
          "moonPhaseDate" : "2019-07-02T19:16+0000",
          "sign" : "cancer",
          "age" : 2,
          "timeZone" : 3,
          "signDate" : "2019-07-02T01:26+0000",
          "date" : "2019-07-03T03:21+0000",
          "moonPhase" : "phase1"
        },
        {
          "moonPhaseDate" : "2019-07-02T19:16+0000",
          "sign" : "leo",
          "age" : 3,
          "timeZone" : 3,
          "signDate" : "2019-07-04T03:21+0000",
          "date" : "2019-07-04T04:28+0000",
          "moonPhase" : "phase1"
        },
        {
          "moonPhaseDate" : "2019-07-02T19:16+0000",
          "age" : 4,
          "sign" : "leo",
          "timeZone" : 3,
          "signDate" : "2019-07-04T03:21+0000",
          "date" : "2019-07-05T05:41+0000",
          "moonPhase" : "phase1"
        },
        {
          "moonPhaseDate" : "2019-07-02T19:16+0000",
          "age" : 5,
          "sign" : "virgo",
          "timeZone" : 3,
          "signDate" : "2019-07-06T04:25+0000",
          "date" : "2019-07-06T06:56+0000",
          "moonPhase" : "phase1"
        },
        {
          "moonPhaseDate" : "2019-07-02T19:16+0000",
          "age" : 6,
          "sign" : "virgo",
          "timeZone" : 3,
          "signDate" : "2019-07-06T04:25+0000",
          "date" : "2019-07-07T08:10+0000",
          "moonPhase" : "phase1"
        },
        {
          "moonPhaseDate" : "2019-07-02T19:16+0000",
          "age" : 7,
          "sign" : "libra",
          "timeZone" : 3,
          "signDate" : "2019-07-08T06:07+0000",
          "date" : "2019-07-08T09:23+0000",
          "moonPhase" : "phase1"
        },
        {
          "moonPhaseDate" : "2019-07-09T10:55+0000",
          "age" : 8,
          "sign" : "libra",
          "timeZone" : 3,
          "signDate" : "2019-07-08T06:07+0000",
          "date" : "2019-07-09T10:35+0000",
          "moonPhase" : "phase2"
        },
        {
          "moonPhaseDate" : "2019-07-09T10:55+0000",
          "age" : 9,
          "sign" : "scorpio",
          "timeZone" : 3,
          "signDate" : "2019-07-10T09:28+0000",
          "date" : "2019-07-10T11:44+0000",
          "moonPhase" : "phase2"
        },
        {
          "moonPhaseDate" : "2019-07-09T10:55+0000",
          "age" : 10,
          "sign" : "scorpio",
          "timeZone" : 3,
          "signDate" : "2019-07-10T09:28+0000",
          "date" : "2019-07-11T12:53+0000",
          "moonPhase" : "phase2"
        },
        {
          "moonPhaseDate" : "2019-07-09T10:55+0000",
          "sign" : "sagittarius",
          "age" : 11,
          "timeZone" : 3,
          "signDate" : "2019-07-12T15:04+0000",
          "date" : "2019-07-12T14:00+0000",
          "moonPhase" : "phase2"
        },
        {
          "moonPhaseDate" : "2019-07-09T10:55+0000",
          "sign" : "sagittarius",
          "age" : 12,
          "timeZone" : 3,
          "signDate" : "2019-07-12T15:04+0000",
          "date" : "2019-07-13T15:06+0000",
          "moonPhase" : "phase2"
        },
        {
          "moonPhaseDate" : "2019-07-09T10:55+0000",
          "age" : 13,
          "sign" : "sagittarius",
          "timeZone" : 3,
          "signDate" : "2019-07-12T15:04+0000",
          "date" : "2019-07-14T16:07+0000",
          "moonPhase" : "phase2"
        },
        {
          "moonPhaseDate" : "2019-07-09T10:55+0000",
          "sign" : "capricorn",
          "age" : 14,
          "timeZone" : 3,
          "signDate" : "2019-07-14T23:03+0000",
          "date" : "2019-07-15T17:04+0000",
          "moonPhase" : "phase2"
        },
        {
          "moonPhaseDate" : "2019-07-09T10:55+0000",
          "sign" : "capricorn",
          "age" : 15,
          "timeZone" : 3,
          "signDate" : "2019-07-14T23:03+0000",
          "date" : "2019-07-16T17:53+0000",
          "moonPhase" : "phase2"
        },
        {
          "moonPhaseDate" : "2019-07-16T21:38+0000",
          "age" : 16,
          "sign" : "aquarius",
          "timeZone" : 3,
          "signDate" : "2019-07-17T09:18+0000",
          "date" : "2019-07-17T18:37+0000",
          "moonPhase" : "fullMoon"
        },
        {
          "moonPhaseDate" : "2019-07-16T21:38+0000",
          "age" : 17,
          "sign" : "aquarius",
          "timeZone" : 3,
          "signDate" : "2019-07-17T09:18+0000",
          "date" : "2019-07-18T19:14+0000",
          "moonPhase" : "phase3"
        },
        {
          "moonPhaseDate" : "2019-07-16T21:38+0000",
          "sign" : "aquarius",
          "age" : 18,
          "timeZone" : 3,
          "signDate" : "2019-07-17T09:18+0000",
          "date" : "2019-07-19T19:45+0000",
          "moonPhase" : "phase3"
        },
        {
          "moonPhaseDate" : "2019-07-16T21:38+0000",
          "age" : 19,
          "sign" : "pisces",
          "timeZone" : 3,
          "signDate" : "2019-07-19T21:19+0000",
          "date" : "2019-07-20T20:13+0000",
          "moonPhase" : "phase3"
        },
        {
          "moonPhaseDate" : "2019-07-16T21:38+0000",
          "age" : 20,
          "sign" : "pisces",
          "timeZone" : 3,
          "signDate" : "2019-07-19T21:19+0000",
          "date" : "2019-07-21T20:39+0000",
          "moonPhase" : "phase3"
        },
        {
          "moonPhaseDate" : "2019-07-16T21:38+0000",
          "age" : 21,
          "sign" : "aries",
          "timeZone" : 3,
          "signDate" : "2019-07-19T21:19+0000",
          "date" : "2019-07-22T21:03+0000",
          "moonPhase" : "phase3"
        },
        {
          "moonPhaseDate" : "2019-07-16T21:38+0000",
          "age" : 22,
          "sign" : "aries",
          "timeZone" : 3,
          "signDate" : "2019-07-19T21:19+0000",
          "date" : "2019-07-23T21:27+0000",
          "moonPhase" : "phase3"
        },
        {
          "moonPhaseDate" : "2019-07-25T01:18+0000",
          "age" : 23,
          "sign" : "taurus",
          "timeZone" : 3,
          "signDate" : "2019-07-24T21:40+0000",
          "date" : "2019-07-24T21:52+0000",
          "moonPhase" : "phase4"
        },
        {
          "moonPhaseDate" : "2019-07-25T01:18+0000",
          "sign" : "taurus",
          "age" : 24,
          "timeZone" : 3,
          "signDate" : "2019-07-24T21:40+0000",
          "date" : "2019-07-25T22:19+0000",
          "moonPhase" : "phase4"
        },
        {
          "moonPhaseDate" : "2019-07-25T01:18+0000",
          "age" : 25,
          "sign" : "gemini",
          "timeZone" : 3,
          "signDate" : "2019-07-27T06:28+0000",
          "date" : "2019-07-26T22:49+0000",
          "moonPhase" : "phase4"
        },
        {
          "moonPhaseDate" : "2019-07-25T01:18+0000",
          "age" : 26,
          "sign" : "gemini",
          "timeZone" : 3,
          "signDate" : "2019-07-27T06:28+0000",
          "date" : "2019-07-27T23:26+0000",
          "moonPhase" : "phase4"
        },
        {
          "moonPhaseDate" : "2019-07-25T01:18+0000",
          "age" : 27,
          "sign" : "cancer",
          "timeZone" : 3,
          "signDate" : "2019-07-29T11:30+0000",
          "date" : "2019-07-29T00:09+0000",
          "moonPhase" : "phase4"
        },
        {
          "moonPhaseDate" : "2019-07-25T01:18+0000",
          "age" : 28,
          "sign" : "cancer",
          "timeZone" : 3,
          "signDate" : "2019-07-29T11:30+0000",
          "date" : "2019-07-30T01:03+0000",
          "moonPhase" : "phase4"
        },
        {
          "moonPhaseDate" : "2019-07-25T01:18+0000",
          "age" : 29,
          "sign" : "leo",
          "timeZone" : 3,
          "signDate" : "2019-07-31T13:18+0000",
          "date" : "2019-07-31T02:06+0000",
          "moonPhase" : "phase4"
        },
        {
          "moonPhaseDate" : "2019-08-01T03:12+0000",
          "age" : 1,
          "sign" : "leo",
          "timeZone" : 3,
          "signDate" : "2019-07-31T13:18+0000",
          "date" : "2019-08-01T03:12+0000",
          "moonPhase" : "newMoon"
        },
        {
          "moonPhaseDate" : "2019-08-01T03:12+0000",
          "age" : 2,
          "sign" : "leo",
          "timeZone" : 3,
          "signDate" : "2019-07-31T13:18+0000",
          "date" : "2019-08-01T03:17+0000",
          "moonPhase" : "newMoon"
        },
        {
          "moonPhaseDate" : "2019-08-01T03:12+0000",
          "age" : 3,
          "sign" : "virgo",
          "timeZone" : 3,
          "signDate" : "2019-08-02T13:23+0000",
          "date" : "2019-08-02T04:33+0000",
          "moonPhase" : "phase1"
        },
        {
          "moonPhaseDate" : "2019-08-01T03:12+0000",
          "age" : 4,
          "sign" : "virgo",
          "timeZone" : 3,
          "signDate" : "2019-08-02T13:23+0000",
          "date" : "2019-08-03T05:51+0000",
          "moonPhase" : "phase1"
        },
        {
          "moonPhaseDate" : "2019-08-01T03:12+0000",
          "sign" : "libra",
          "age" : 5,
          "timeZone" : 3,
          "signDate" : "2019-08-04T13:32+0000",
          "date" : "2019-08-04T07:07+0000",
          "moonPhase" : "phase1"
        },
        {
          "moonPhaseDate" : "2019-08-01T03:12+0000",
          "age" : 6,
          "sign" : "libra",
          "timeZone" : 3,
          "signDate" : "2019-08-04T13:32+0000",
          "date" : "2019-08-05T08:22+0000",
          "moonPhase" : "phase1"
        },
        {
          "moonPhaseDate" : "2019-08-01T03:12+0000",
          "sign" : "scorpio",
          "age" : 7,
          "timeZone" : 3,
          "signDate" : "2019-08-06T15:31+0000",
          "date" : "2019-08-06T09:34+0000",
          "moonPhase" : "phase1"
        },
        {
          "moonPhaseDate" : "2019-08-07T17:31+0000",
          "sign" : "scorpio",
          "age" : 8,
          "timeZone" : 3,
          "signDate" : "2019-08-06T15:31+0000",
          "date" : "2019-08-07T10:45+0000",
          "moonPhase" : "phase2"
        },
        {
          "moonPhaseDate" : "2019-08-07T17:31+0000",
          "age" : 9,
          "sign" : "sagittarius",
          "timeZone" : 3,
          "signDate" : "2019-08-08T20:32+0000",
          "date" : "2019-08-08T11:52+0000",
          "moonPhase" : "phase2"
        },
        {
          "moonPhaseDate" : "2019-08-07T17:31+0000",
          "age" : 10,
          "sign" : "sagittarius",
          "timeZone" : 3,
          "signDate" : "2019-08-08T20:32+0000",
          "date" : "2019-08-09T12:59+0000",
          "moonPhase" : "phase2"
        },
        {
          "moonPhaseDate" : "2019-08-07T17:31+0000",
          "age" : 11,
          "sign" : "sagittarius",
          "timeZone" : 3,
          "signDate" : "2019-08-08T20:32+0000",
          "date" : "2019-08-10T14:01+0000",
          "moonPhase" : "phase2"
        },
        {
          "moonPhaseDate" : "2019-08-07T17:31+0000",
          "age" : 12,
          "sign" : "capricorn",
          "timeZone" : 3,
          "signDate" : "2019-08-11T04:48+0000",
          "date" : "2019-08-11T14:59+0000",
          "moonPhase" : "phase2"
        },
        {
          "moonPhaseDate" : "2019-08-07T17:31+0000",
          "age" : 13,
          "sign" : "capricorn",
          "timeZone" : 3,
          "signDate" : "2019-08-11T04:48+0000",
          "date" : "2019-08-12T15:50+0000",
          "moonPhase" : "phase2"
        },
        {
          "moonPhaseDate" : "2019-08-07T17:31+0000",
          "sign" : "aquarius",
          "age" : 14,
          "timeZone" : 3,
          "signDate" : "2019-08-13T15:36+0000",
          "date" : "2019-08-13T16:35+0000",
          "moonPhase" : "phase2"
        },
        {
          "moonPhaseDate" : "2019-08-07T17:31+0000",
          "age" : 15,
          "sign" : "aquarius",
          "timeZone" : 3,
          "signDate" : "2019-08-13T15:36+0000",
          "date" : "2019-08-14T17:14+0000",
          "moonPhase" : "phase2"
        },
        {
          "moonPhaseDate" : "2019-08-15T12:29+0000",
          "age" : 16,
          "sign" : "aquarius",
          "timeZone" : 3,
          "signDate" : "2019-08-13T15:36+0000",
          "date" : "2019-08-15T17:47+0000",
          "moonPhase" : "fullMoon"
        },
        {
          "moonPhaseDate" : "2019-08-15T12:29+0000",
          "age" : 17,
          "sign" : "pisces",
          "timeZone" : 3,
          "signDate" : "2019-08-16T03:50+0000",
          "date" : "2019-08-16T18:16+0000",
          "moonPhase" : "phase3"
        },
        {
          "moonPhaseDate" : "2019-08-15T12:29+0000",
          "age" : 18,
          "sign" : "pisces",
          "timeZone" : 3,
          "signDate" : "2019-08-16T03:50+0000",
          "date" : "2019-08-17T18:43+0000",
          "moonPhase" : "phase3"
        },
        {
          "moonPhaseDate" : "2019-08-15T12:29+0000",
          "age" : 19,
          "sign" : "aries",
          "timeZone" : 3,
          "signDate" : "2019-08-18T16:32+0000",
          "date" : "2019-08-18T19:07+0000",
          "moonPhase" : "phase3"
        },
        {
          "moonPhaseDate" : "2019-08-15T12:29+0000",
          "age" : 20,
          "sign" : "aries",
          "timeZone" : 3,
          "signDate" : "2019-08-18T16:32+0000",
          "date" : "2019-08-19T19:31+0000",
          "moonPhase" : "phase3"
        },
        {
          "moonPhaseDate" : "2019-08-15T12:29+0000",
          "age" : 21,
          "sign" : "aries",
          "timeZone" : 3,
          "signDate" : "2019-08-18T16:32+0000",
          "date" : "2019-08-20T19:55+0000",
          "moonPhase" : "phase3"
        },
        {
          "moonPhaseDate" : "2019-08-15T12:29+0000",
          "age" : 22,
          "sign" : "taurus",
          "timeZone" : 3,
          "signDate" : "2019-08-21T04:36+0000",
          "date" : "2019-08-21T20:20+0000",
          "moonPhase" : "phase3"
        },
        {
          "moonPhaseDate" : "2019-08-15T12:29+0000",
          "age" : 23,
          "sign" : "taurus",
          "timeZone" : 3,
          "signDate" : "2019-08-21T04:36+0000",
          "date" : "2019-08-22T20:48+0000",
          "moonPhase" : "phase3"
        },
        {
          "moonPhaseDate" : "2019-08-23T14:56+0000",
          "age" : 24,
          "sign" : "gemini",
          "timeZone" : 3,
          "signDate" : "2019-08-21T04:36+0000",
          "date" : "2019-08-23T21:21+0000",
          "moonPhase" : "phase4"
        },
        {
          "moonPhaseDate" : "2019-08-23T14:56+0000",
          "sign" : "gemini",
          "age" : 25,
          "timeZone" : 3,
          "signDate" : "2019-08-21T04:36+0000",
          "date" : "2019-08-24T22:00+0000",
          "moonPhase" : "phase4"
        },
        {
          "moonPhaseDate" : "2019-08-23T14:56+0000",
          "age" : 26,
          "sign" : "cancer",
          "timeZone" : 3,
          "signDate" : "2019-08-25T21:05+0000",
          "date" : "2019-08-25T22:47+0000",
          "moonPhase" : "phase4"
        },
        {
          "moonPhaseDate" : "2019-08-23T14:56+0000",
          "age" : 27,
          "sign" : "cancer",
          "timeZone" : 3,
          "signDate" : "2019-08-25T21:05+0000",
          "date" : "2019-08-26T23:44+0000",
          "moonPhase" : "phase4"
        },
        {
          "moonPhaseDate" : "2019-08-23T14:56+0000",
          "age" : 28,
          "sign" : "leo",
          "timeZone" : 3,
          "signDate" : "2019-08-27T23:51+0000",
          "date" : "2019-08-28T00:51+0000",
          "moonPhase" : "phase4"
        },
        {
          "moonPhaseDate" : "2019-08-23T14:56+0000",
          "age" : 29,
          "sign" : "leo",
          "timeZone" : 3,
          "signDate" : "2019-08-27T23:51+0000",
          "date" : "2019-08-29T02:05+0000",
          "moonPhase" : "phase4"
        },
        {
          "moonPhaseDate" : "2019-08-30T10:37+0000",
          "age" : 30,
          "sign" : "virgo",
          "timeZone" : 3,
          "signDate" : "2019-08-29T23:57+0000",
          "date" : "2019-08-30T03:23+0000",
          "moonPhase" : "newMoon"
        },
        {
          "moonPhaseDate" : "2019-08-30T10:37+0000",
          "age" : 1,
          "sign" : "virgo",
          "timeZone" : 3,
          "signDate" : "2019-08-29T23:57+0000",
          "date" : "2019-08-30T10:37+0000",
          "moonPhase" : "newMoon"
        },
        {
          "moonPhaseDate" : "2019-08-30T10:37+0000",
          "sign" : "virgo",
          "age" : 2,
          "timeZone" : 3,
          "signDate" : "2019-08-29T23:57+0000",
          "date" : "2019-08-31T04:42+0000",
          "moonPhase" : "phase1"
        },
        {
          "moonPhaseDate" : null,
          "sign" : "libra",
          "age" : 3,
          "timeZone" : 3,
          "signDate" : "2019-08-31T23:12+0000",
          "date" : "2019-09-01T05:59+0000",
          "moonPhase" : "phase1"
        },
        {
          "moonPhaseDate" : null,
          "sign" : "libra",
          "age" : 4,
          "timeZone" : 3,
          "signDate" : "2019-08-31T23:12+0000",
          "date" : "2019-09-02T07:15+0000",
          "moonPhase" : "phase1"
        },
        {
          "moonPhaseDate" : null,
          "sign" : "scorpio",
          "age" : 5,
          "timeZone" : 3,
          "signDate" : "2019-09-02T23:38+0000",
          "date" : "2019-09-03T08:29+0000",
          "moonPhase" : "phase1"
        },
        {
          "moonPhaseDate" : null,
          "age" : 6,
          "sign" : "scorpio",
          "timeZone" : 3,
          "signDate" : "2019-09-02T23:38+0000",
          "date" : "2019-09-04T09:41+0000",
          "moonPhase" : "phase1"
        },
        {
          "moonPhaseDate" : null,
          "age" : 7,
          "sign" : "sagittarius",
          "timeZone" : 3,
          "signDate" : "2019-09-05T03:06+0000",
          "date" : "2019-09-05T10:50+0000",
          "moonPhase" : "phase1"
        },
        {
          "moonPhaseDate" : "2019-09-06T03:10+0000",
          "age" : 8,
          "sign" : "sagittarius",
          "timeZone" : 3,
          "signDate" : "2019-09-05T03:06+0000",
          "date" : "2019-09-06T11:55+0000",
          "moonPhase" : "phase2"
        },
        {
          "moonPhaseDate" : "2019-09-06T03:10+0000",
          "age" : 9,
          "sign" : "capricorn",
          "timeZone" : 3,
          "signDate" : "2019-09-07T10:35+0000",
          "date" : "2019-09-07T12:55+0000",
          "moonPhase" : "phase2"
        },
        {
          "moonPhaseDate" : "2019-09-06T03:10+0000",
          "sign" : "capricorn",
          "age" : 10,
          "timeZone" : 3,
          "signDate" : "2019-09-07T10:35+0000",
          "date" : "2019-09-08T13:48+0000",
          "moonPhase" : "phase2"
        },
        {
          "moonPhaseDate" : "2019-09-06T03:10+0000",
          "age" : 11,
          "sign" : "capricorn",
          "timeZone" : 3,
          "signDate" : "2019-09-07T10:35+0000",
          "date" : "2019-09-09T14:35+0000",
          "moonPhase" : "phase2"
        },
        {
          "moonPhaseDate" : "2019-09-06T03:10+0000",
          "sign" : "aquarius",
          "age" : 12,
          "timeZone" : 3,
          "signDate" : "2019-09-09T21:25+0000",
          "date" : "2019-09-10T15:15+0000",
          "moonPhase" : "phase2"
        },
        {
          "moonPhaseDate" : "2019-09-06T03:10+0000",
          "age" : 13,
          "sign" : "aquarius",
          "timeZone" : 3,
          "signDate" : "2019-09-09T21:25+0000",
          "date" : "2019-09-11T15:50+0000",
          "moonPhase" : "phase2"
        },
        {
          "moonPhaseDate" : "2019-09-06T03:10+0000",
          "age" : 14,
          "sign" : "pisces",
          "timeZone" : 3,
          "signDate" : "2019-09-12T09:53+0000",
          "date" : "2019-09-12T16:20+0000",
          "moonPhase" : "phase2"
        },
        {
          "moonPhaseDate" : "2019-09-06T03:10+0000",
          "age" : 15,
          "sign" : "pisces",
          "timeZone" : 3,
          "signDate" : "2019-09-12T09:53+0000",
          "date" : "2019-09-13T16:47+0000",
          "moonPhase" : "phase2"
        },
        {
          "moonPhaseDate" : "2019-09-14T04:33+0000",
          "age" : 16,
          "sign" : "pisces",
          "timeZone" : 3,
          "signDate" : "2019-09-12T09:53+0000",
          "date" : "2019-09-14T17:11+0000",
          "moonPhase" : "fullMoon"
        },
        {
          "moonPhaseDate" : "2019-09-14T04:33+0000",
          "age" : 17,
          "sign" : "aries",
          "timeZone" : 3,
          "signDate" : "2019-09-14T22:32+0000",
          "date" : "2019-09-15T17:35+0000",
          "moonPhase" : "phase3"
        },
        {
          "moonPhaseDate" : "2019-09-14T04:33+0000",
          "age" : 18,
          "sign" : "aries",
          "timeZone" : 3,
          "signDate" : "2019-09-14T22:32+0000",
          "date" : "2019-09-16T17:59+0000",
          "moonPhase" : "phase3"
        },
        {
          "moonPhaseDate" : "2019-09-14T04:33+0000",
          "age" : 19,
          "sign" : "taurus",
          "timeZone" : 3,
          "signDate" : "2019-09-17T10:30+0000",
          "date" : "2019-09-17T18:23+0000",
          "moonPhase" : "phase3"
        },
        {
          "moonPhaseDate" : "2019-09-14T04:33+0000",
          "sign" : "taurus",
          "age" : 20,
          "timeZone" : 3,
          "signDate" : "2019-09-17T10:30+0000",
          "date" : "2019-09-18T18:50+0000",
          "moonPhase" : "phase3"
        },
        {
          "moonPhaseDate" : "2019-09-14T04:33+0000",
          "age" : 21,
          "sign" : "gemini",
          "timeZone" : 3,
          "signDate" : "2019-09-19T20:58+0000",
          "date" : "2019-09-19T19:21+0000",
          "moonPhase" : "phase3"
        },
        {
          "moonPhaseDate" : "2019-09-14T04:33+0000",
          "age" : 22,
          "sign" : "gemini",
          "timeZone" : 3,
          "signDate" : "2019-09-19T20:58+0000",
          "date" : "2019-09-20T19:56+0000",
          "moonPhase" : "phase3"
        },
        {
          "moonPhaseDate" : "2019-09-14T04:33+0000",
          "sign" : "gemini",
          "age" : 23,
          "timeZone" : 3,
          "signDate" : "2019-09-19T20:58+0000",
          "date" : "2019-09-21T20:39+0000",
          "moonPhase" : "phase3"
        },
        {
          "moonPhaseDate" : "2019-09-22T02:41+0000",
          "age" : 24,
          "sign" : "cancer",
          "timeZone" : 3,
          "signDate" : "2019-09-19T20:58+0000",
          "date" : "2019-09-22T21:31+0000",
          "moonPhase" : "phase4"
        },
        {
          "moonPhaseDate" : "2019-09-22T02:41+0000",
          "sign" : "leo",
          "age" : 25,
          "timeZone" : 3,
          "signDate" : "2019-09-24T09:19+0000",
          "date" : "2019-09-23T22:31+0000",
          "moonPhase" : "phase4"
        },
        {
          "moonPhaseDate" : "2019-09-22T02:41+0000",
          "sign" : "leo",
          "age" : 26,
          "timeZone" : 3,
          "signDate" : "2019-09-24T09:19+0000",
          "date" : "2019-09-24T23:40+0000",
          "moonPhase" : "phase4"
        },
        {
          "moonPhaseDate" : "2019-09-22T02:41+0000",
          "sign" : "virgo",
          "age" : 27,
          "timeZone" : 3,
          "signDate" : "2019-09-26T10:35+0000",
          "date" : "2019-09-26T00:54+0000",
          "moonPhase" : "phase4"
        },
        {
          "moonPhaseDate" : "2019-09-22T02:41+0000",
          "sign" : "virgo",
          "age" : 28,
          "timeZone" : 3,
          "signDate" : "2019-09-26T10:35+0000",
          "date" : "2019-09-27T02:12+0000",
          "moonPhase" : "phase4"
        },
        {
          "moonPhaseDate" : "2019-09-28T18:26+0000",
          "age" : 29,
          "sign" : "libra",
          "timeZone" : 3,
          "signDate" : "2019-09-28T10:04+0000",
          "date" : "2019-09-28T03:30+0000",
          "moonPhase" : "newMoon"
        },
        {
          "moonPhaseDate" : "2019-09-28T18:26+0000",
          "sign" : "libra",
          "age" : 1,
          "timeZone" : 3,
          "signDate" : "2019-09-28T10:04+0000",
          "date" : "2019-09-28T18:26+0000",
          "moonPhase" : "newMoon"
        },
        {
          "moonPhaseDate" : "2019-09-28T18:26+0000",
          "age" : 2,
          "sign" : "libra",
          "timeZone" : 3,
          "signDate" : "2019-09-28T10:04+0000",
          "date" : "2019-09-29T04:48+0000",
          "moonPhase" : "phase1"
        },
        {
          "moonPhaseDate" : "2019-09-28T18:26+0000",
          "age" : 3,
          "sign" : "scorpio",
          "timeZone" : 3,
          "signDate" : "2019-09-30T09:45+0000",
          "date" : "2019-09-30T06:05+0000",
          "moonPhase" : "phase1"
        },
        {
          "moonPhaseDate" : null,
          "age" : 4,
          "sign" : "scorpio",
          "timeZone" : 3,
          "signDate" : "2019-09-30T09:45+0000",
          "date" : "2019-10-01T07:20+0000",
          "moonPhase" : "phase1"
        },
        {
          "moonPhaseDate" : null,
          "age" : 5,
          "sign" : "sagittarius",
          "timeZone" : 3,
          "signDate" : "2019-10-02T11:45+0000",
          "date" : "2019-10-02T08:33+0000",
          "moonPhase" : "phase1"
        },
        {
          "moonPhaseDate" : null,
          "sign" : "sagittarius",
          "age" : 6,
          "timeZone" : 3,
          "signDate" : "2019-10-02T11:45+0000",
          "date" : "2019-10-03T09:43+0000",
          "moonPhase" : "phase1"
        },
        {
          "moonPhaseDate" : null,
          "age" : 7,
          "sign" : "capricorn",
          "timeZone" : 3,
          "signDate" : "2019-10-04T17:41+0000",
          "date" : "2019-10-04T10:47+0000",
          "moonPhase" : "phase1"
        },
        {
          "moonPhaseDate" : "2019-10-05T16:47+0000",
          "sign" : "capricorn",
          "age" : 8,
          "timeZone" : 3,
          "signDate" : "2019-10-04T17:41+0000",
          "date" : "2019-10-05T11:44+0000",
          "moonPhase" : "phase2"
        },
        {
          "moonPhaseDate" : "2019-10-05T16:47+0000",
          "age" : 9,
          "sign" : "capricorn",
          "timeZone" : 3,
          "signDate" : "2019-10-04T17:41+0000",
          "date" : "2019-10-06T12:34+0000",
          "moonPhase" : "phase2"
        },
        {
          "moonPhaseDate" : "2019-10-05T16:47+0000",
          "age" : 10,
          "sign" : "aquarius",
          "timeZone" : 3,
          "signDate" : "2019-10-07T03:43+0000",
          "date" : "2019-10-07T13:16+0000",
          "moonPhase" : "phase2"
        },
        {
          "moonPhaseDate" : "2019-10-05T16:47+0000",
          "sign" : "aquarius",
          "age" : 11,
          "timeZone" : 3,
          "signDate" : "2019-10-07T03:43+0000",
          "date" : "2019-10-08T13:52+0000",
          "moonPhase" : "phase2"
        },
        {
          "moonPhaseDate" : "2019-10-05T16:47+0000",
          "age" : 12,
          "sign" : "pisces",
          "timeZone" : 3,
          "signDate" : "2019-10-09T16:08+0000",
          "date" : "2019-10-09T14:23+0000",
          "moonPhase" : "phase2"
        },
        {
          "moonPhaseDate" : "2019-10-05T16:47+0000",
          "age" : 13,
          "sign" : "pisces",
          "timeZone" : 3,
          "signDate" : "2019-10-09T16:08+0000",
          "date" : "2019-10-10T14:51+0000",
          "moonPhase" : "phase2"
        },
        {
          "moonPhaseDate" : "2019-10-05T16:47+0000",
          "age" : 14,
          "sign" : "pisces",
          "timeZone" : 3,
          "signDate" : "2019-10-09T16:08+0000",
          "date" : "2019-10-11T15:16+0000",
          "moonPhase" : "phase2"
        },
        {
          "moonPhaseDate" : "2019-10-05T16:47+0000",
          "age" : 15,
          "sign" : "aries",
          "timeZone" : 3,
          "signDate" : "2019-10-12T04:46+0000",
          "date" : "2019-10-12T15:40+0000",
          "moonPhase" : "phase2"
        },
        {
          "moonPhaseDate" : "2019-10-05T16:47+0000",
          "sign" : "aries",
          "age" : 16,
          "timeZone" : 3,
          "signDate" : "2019-10-12T04:46+0000",
          "date" : "2019-10-13T16:03+0000",
          "moonPhase" : "phase2"
        },
        {
          "moonPhaseDate" : "2019-10-13T21:08+0000",
          "age" : 17,
          "sign" : "taurus",
          "timeZone" : 3,
          "signDate" : "2019-10-14T16:23+0000",
          "date" : "2019-10-14T16:27+0000",
          "moonPhase" : "fullMoon"
        },
        {
          "moonPhaseDate" : "2019-10-13T21:08+0000",
          "age" : 18,
          "sign" : "taurus",
          "timeZone" : 3,
          "signDate" : "2019-10-14T16:23+0000",
          "date" : "2019-10-15T16:53+0000",
          "moonPhase" : "phase3"
        },
        {
          "moonPhaseDate" : "2019-10-13T21:08+0000",
          "age" : 19,
          "sign" : "taurus",
          "timeZone" : 3,
          "signDate" : "2019-10-14T16:23+0000",
          "date" : "2019-10-16T17:23+0000",
          "moonPhase" : "phase3"
        },
        {
          "moonPhaseDate" : "2019-10-13T21:08+0000",
          "age" : 20,
          "sign" : "gemini",
          "timeZone" : 3,
          "signDate" : "2019-10-17T02:29+0000",
          "date" : "2019-10-17T17:56+0000",
          "moonPhase" : "phase3"
        },
        {
          "moonPhaseDate" : "2019-10-13T21:08+0000",
          "sign" : "gemini",
          "age" : 21,
          "timeZone" : 3,
          "signDate" : "2019-10-17T02:29+0000",
          "date" : "2019-10-18T18:36+0000",
          "moonPhase" : "phase3"
        },
        {
          "moonPhaseDate" : "2019-10-13T21:08+0000",
          "age" : 22,
          "sign" : "cancer",
          "timeZone" : 3,
          "signDate" : "2019-10-19T10:42+0000",
          "date" : "2019-10-19T19:24+0000",
          "moonPhase" : "phase3"
        },
        {
          "moonPhaseDate" : "2019-10-13T21:08+0000",
          "age" : 23,
          "sign" : "cancer",
          "timeZone" : 3,
          "signDate" : "2019-10-19T10:42+0000",
          "date" : "2019-10-20T20:20+0000",
          "moonPhase" : "phase3"
        },
        {
          "moonPhaseDate" : "2019-10-21T12:39+0000",
          "age" : 24,
          "sign" : "leo",
          "timeZone" : 3,
          "signDate" : "2019-10-19T10:42+0000",
          "date" : "2019-10-21T21:24+0000",
          "moonPhase" : "phase4"
        },
        {
          "moonPhaseDate" : "2019-10-21T12:39+0000",
          "age" : 25,
          "sign" : "virgo",
          "timeZone" : 3,
          "signDate" : "2019-10-23T19:30+0000",
          "date" : "2019-10-22T22:34+0000",
          "moonPhase" : "phase4"
        },
        {
          "moonPhaseDate" : "2019-10-21T12:39+0000",
          "age" : 26,
          "sign" : "virgo",
          "timeZone" : 3,
          "signDate" : "2019-10-23T19:30+0000",
          "date" : "2019-10-23T23:48+0000",
          "moonPhase" : "phase4"
        },
        {
          "moonPhaseDate" : "2019-10-21T12:39+0000",
          "age" : 27,
          "sign" : "libra",
          "timeZone" : 3,
          "signDate" : "2019-10-25T20:20+0000",
          "date" : "2019-10-25T01:04+0000",
          "moonPhase" : "phase4"
        },
        {
          "moonPhaseDate" : "2019-10-21T12:39+0000",
          "age" : 28,
          "sign" : "libra",
          "timeZone" : 3,
          "signDate" : "2019-10-25T20:20+0000",
          "date" : "2019-10-26T02:20+0000",
          "moonPhase" : "phase4"
        },
        {
          "moonPhaseDate" : "2019-10-21T12:39+0000",
          "sign" : "scorpio",
          "age" : 29,
          "timeZone" : 3,
          "signDate" : "2019-10-27T19:31+0000",
          "date" : "2019-10-27T02:37+0000",
          "moonPhase" : "phase4"
        },
        {
          "moonPhaseDate" : "2019-10-28T02:38+0000",
          "age" : 1,
          "sign" : "scorpio",
          "timeZone" : 3,
          "signDate" : "2019-10-27T19:31+0000",
          "date" : "2019-10-28T02:38+0000",
          "moonPhase" : "newMoon"
        },
        {
          "moonPhaseDate" : "2019-10-28T02:38+0000",
          "age" : 2,
          "sign" : "scorpio",
          "timeZone" : 3,
          "signDate" : "2019-10-27T19:31+0000",
          "date" : "2019-10-28T03:53+0000",
          "moonPhase" : "newMoon"
        },
        {
          "moonPhaseDate" : "2019-10-28T02:38+0000",
          "age" : 3,
          "sign" : "sagittarius",
          "timeZone" : 3,
          "signDate" : "2019-10-28T21:00+0000",
          "date" : "2019-10-29T05:08+0000",
          "moonPhase" : "phase1"
        },
        {
          "moonPhaseDate" : "2019-10-28T02:38+0000",
          "age" : 4,
          "sign" : "sagittarius",
          "timeZone" : 3,
          "signDate" : "2019-10-28T21:00+0000",
          "date" : "2019-10-30T06:21+0000",
          "moonPhase" : "phase1"
        },
        {
          "moonPhaseDate" : "2019-10-28T02:38+0000",
          "age" : 5,
          "sign" : "sagittarius",
          "timeZone" : 3,
          "signDate" : "2019-10-28T21:00+0000",
          "date" : "2019-10-31T07:30+0000",
          "moonPhase" : "phase1"
        },
        {
          "moonPhaseDate" : null,
          "sign" : "capricorn",
          "age" : 6,
          "timeZone" : 3,
          "signDate" : "2019-11-01T01:38+0000",
          "date" : "2019-11-01T08:33+0000",
          "moonPhase" : "phase1"
        },
        {
          "moonPhaseDate" : null,
          "age" : 7,
          "sign" : "capricorn",
          "timeZone" : 3,
          "signDate" : "2019-11-01T01:38+0000",
          "date" : "2019-11-02T09:28+0000",
          "moonPhase" : "phase1"
        },
        {
          "moonPhaseDate" : null,
          "sign" : "aquarius",
          "age" : 8,
          "timeZone" : 3,
          "signDate" : "2019-11-03T10:21+0000",
          "date" : "2019-11-03T10:14+0000",
          "moonPhase" : "phase1"
        },
        {
          "moonPhaseDate" : "2019-11-04T09:23+0000",
          "sign" : "aquarius",
          "age" : 9,
          "timeZone" : 3,
          "signDate" : "2019-11-03T10:21+0000",
          "date" : "2019-11-04T10:53+0000",
          "moonPhase" : "phase2"
        },
        {
          "moonPhaseDate" : "2019-11-04T09:23+0000",
          "sign" : "aquarius",
          "age" : 10,
          "timeZone" : 3,
          "signDate" : "2019-11-03T10:21+0000",
          "date" : "2019-11-05T11:26+0000",
          "moonPhase" : "phase2"
        },
        {
          "moonPhaseDate" : "2019-11-04T09:23+0000",
          "age" : 11,
          "sign" : "pisces",
          "timeZone" : 3,
          "signDate" : "2019-11-05T22:11+0000",
          "date" : "2019-11-06T11:55+0000",
          "moonPhase" : "phase2"
        },
        {
          "moonPhaseDate" : "2019-11-04T09:23+0000",
          "age" : 12,
          "sign" : "pisces",
          "timeZone" : 3,
          "signDate" : "2019-11-05T22:11+0000",
          "date" : "2019-11-07T12:20+0000",
          "moonPhase" : "phase2"
        },
        {
          "moonPhaseDate" : "2019-11-04T09:23+0000",
          "sign" : "aries",
          "age" : 13,
          "timeZone" : 3,
          "signDate" : "2019-11-08T10:50+0000",
          "date" : "2019-11-08T12:44+0000",
          "moonPhase" : "phase2"
        },
        {
          "moonPhaseDate" : "2019-11-04T09:23+0000",
          "age" : 14,
          "sign" : "aries",
          "timeZone" : 3,
          "signDate" : "2019-11-08T10:50+0000",
          "date" : "2019-11-09T13:07+0000",
          "moonPhase" : "phase2"
        },
        {
          "moonPhaseDate" : "2019-11-04T09:23+0000",
          "sign" : "aries",
          "age" : 15,
          "timeZone" : 3,
          "signDate" : "2019-11-08T10:50+0000",
          "date" : "2019-11-10T13:31+0000",
          "moonPhase" : "phase2"
        },
        {
          "moonPhaseDate" : "2019-11-04T09:23+0000",
          "sign" : "taurus",
          "age" : 16,
          "timeZone" : 3,
          "signDate" : "2019-11-10T22:19+0000",
          "date" : "2019-11-11T13:56+0000",
          "moonPhase" : "phase2"
        },
        {
          "moonPhaseDate" : "2019-11-12T12:35+0000",
          "sign" : "taurus",
          "age" : 17,
          "timeZone" : 3,
          "signDate" : "2019-11-10T22:19+0000",
          "date" : "2019-11-12T14:24+0000",
          "moonPhase" : "fullMoon"
        },
        {
          "moonPhaseDate" : "2019-11-12T12:35+0000",
          "age" : 18,
          "sign" : "gemini",
          "timeZone" : 3,
          "signDate" : "2019-11-13T07:45+0000",
          "date" : "2019-11-13T14:57+0000",
          "moonPhase" : "phase3"
        },
        {
          "moonPhaseDate" : "2019-11-12T12:35+0000",
          "age" : 19,
          "sign" : "gemini",
          "timeZone" : 3,
          "signDate" : "2019-11-13T07:45+0000",
          "date" : "2019-11-14T15:35+0000",
          "moonPhase" : "phase3"
        },
        {
          "moonPhaseDate" : "2019-11-12T12:35+0000",
          "age" : 20,
          "sign" : "cancer",
          "timeZone" : 3,
          "signDate" : "2019-11-15T15:12+0000",
          "date" : "2019-11-15T16:20+0000",
          "moonPhase" : "phase3"
        },
        {
          "moonPhaseDate" : "2019-11-12T12:35+0000",
          "age" : 21,
          "sign" : "cancer",
          "timeZone" : 3,
          "signDate" : "2019-11-15T15:12+0000",
          "date" : "2019-11-16T17:14+0000",
          "moonPhase" : "phase3"
        },
        {
          "moonPhaseDate" : "2019-11-12T12:35+0000",
          "sign" : "leo",
          "age" : 22,
          "timeZone" : 3,
          "signDate" : "2019-11-17T20:54+0000",
          "date" : "2019-11-17T18:16+0000",
          "moonPhase" : "phase3"
        },
        {
          "moonPhaseDate" : "2019-11-12T12:35+0000",
          "sign" : "leo",
          "age" : 23,
          "timeZone" : 3,
          "signDate" : "2019-11-17T20:54+0000",
          "date" : "2019-11-18T19:24+0000",
          "moonPhase" : "phase3"
        },
        {
          "moonPhaseDate" : "2019-11-19T20:11+0000",
          "sign" : "leo",
          "age" : 24,
          "timeZone" : 3,
          "signDate" : "2019-11-17T20:54+0000",
          "date" : "2019-11-19T20:35+0000",
          "moonPhase" : "phase4"
        },
        {
          "moonPhaseDate" : "2019-11-19T20:11+0000",
          "age" : 25,
          "sign" : "virgo",
          "timeZone" : 3,
          "signDate" : "2019-11-17T20:54+0000",
          "date" : "2019-11-20T21:48+0000",
          "moonPhase" : "phase4"
        },
        {
          "moonPhaseDate" : "2019-11-19T20:11+0000",
          "age" : 26,
          "sign" : "libra",
          "timeZone" : 3,
          "signDate" : "2019-11-22T03:22+0000",
          "date" : "2019-11-21T23:01+0000",
          "moonPhase" : "phase4"
        },
        {
          "moonPhaseDate" : "2019-11-19T20:11+0000",
          "age" : 27,
          "sign" : "libra",
          "timeZone" : 3,
          "signDate" : "2019-11-22T03:22+0000",
          "date" : "2019-11-23T00:15+0000",
          "moonPhase" : "phase4"
        },
        {
          "moonPhaseDate" : "2019-11-19T20:11+0000",
          "sign" : "scorpio",
          "age" : 28,
          "timeZone" : 3,
          "signDate" : "2019-11-24T05:01+0000",
          "date" : "2019-11-24T01:29+0000",
          "moonPhase" : "phase4"
        },
        {
          "moonPhaseDate" : "2019-11-19T20:11+0000",
          "age" : 29,
          "sign" : "scorpio",
          "timeZone" : 3,
          "signDate" : "2019-11-24T05:01+0000",
          "date" : "2019-11-25T02:43+0000",
          "moonPhase" : "phase4"
        },
        {
          "moonPhaseDate" : "2019-11-26T14:06+0000",
          "age" : 30,
          "sign" : "sagittarius",
          "timeZone" : 3,
          "signDate" : "2019-11-26T07:12+0000",
          "date" : "2019-11-26T03:57+0000",
          "moonPhase" : "newMoon"
        },
        {
          "moonPhaseDate" : "2019-11-26T14:06+0000",
          "age" : 1,
          "sign" : "sagittarius",
          "timeZone" : 3,
          "signDate" : "2019-11-26T07:12+0000",
          "date" : "2019-11-26T14:06+0000",
          "moonPhase" : "newMoon"
        },
        {
          "moonPhaseDate" : "2019-11-26T14:06+0000",
          "sign" : "sagittarius",
          "age" : 2,
          "timeZone" : 3,
          "signDate" : "2019-11-26T07:12+0000",
          "date" : "2019-11-27T05:09+0000",
          "moonPhase" : "phase1"
        },
        {
          "moonPhaseDate" : "2019-11-26T14:06+0000",
          "age" : 3,
          "sign" : "capricorn",
          "timeZone" : 3,
          "signDate" : "2019-11-28T11:32+0000",
          "date" : "2019-11-28T06:16+0000",
          "moonPhase" : "phase1"
        },
        {
          "moonPhaseDate" : "2019-11-26T14:06+0000",
          "age" : 4,
          "sign" : "capricorn",
          "timeZone" : 3,
          "signDate" : "2019-11-28T11:32+0000",
          "date" : "2019-11-29T07:16+0000",
          "moonPhase" : "phase1"
        },
        {
          "moonPhaseDate" : "2019-11-26T14:06+0000",
          "sign" : "aquarius",
          "age" : 5,
          "timeZone" : 3,
          "signDate" : "2019-11-30T19:15+0000",
          "date" : "2019-11-30T08:07+0000",
          "moonPhase" : "phase1"
        },
        {
          "moonPhaseDate" : null,
          "age" : 6,
          "sign" : "aquarius",
          "timeZone" : 3,
          "signDate" : "2019-11-30T19:15+0000",
          "date" : "2019-12-01T08:50+0000",
          "moonPhase" : "phase1"
        },
        {
          "moonPhaseDate" : null,
          "sign" : "aquarius",
          "age" : 7,
          "timeZone" : 3,
          "signDate" : "2019-11-30T19:15+0000",
          "date" : "2019-12-02T09:26+0000",
          "moonPhase" : "phase1"
        },
        {
          "moonPhaseDate" : null,
          "sign" : "pisces",
          "age" : 8,
          "timeZone" : 3,
          "signDate" : "2019-12-03T06:14+0000",
          "date" : "2019-12-03T09:57+0000",
          "moonPhase" : "phase1"
        },
        {
          "moonPhaseDate" : "2019-12-04T05:58+0000",
          "sign" : "pisces",
          "age" : 9,
          "timeZone" : 3,
          "signDate" : "2019-12-03T06:14+0000",
          "date" : "2019-12-04T10:23+0000",
          "moonPhase" : "phase2"
        },
        {
          "moonPhaseDate" : "2019-12-04T05:58+0000",
          "age" : 10,
          "sign" : "aries",
          "timeZone" : 3,
          "signDate" : "2019-12-05T18:46+0000",
          "date" : "2019-12-05T10:48+0000",
          "moonPhase" : "phase2"
        },
        {
          "moonPhaseDate" : "2019-12-04T05:58+0000",
          "age" : 11,
          "sign" : "aries",
          "timeZone" : 3,
          "signDate" : "2019-12-05T18:46+0000",
          "date" : "2019-12-06T11:11+0000",
          "moonPhase" : "phase2"
        },
        {
          "moonPhaseDate" : "2019-12-04T05:58+0000",
          "age" : 12,
          "sign" : "aries",
          "timeZone" : 3,
          "signDate" : "2019-12-05T18:46+0000",
          "date" : "2019-12-07T11:34+0000",
          "moonPhase" : "phase2"
        },
        {
          "moonPhaseDate" : "2019-12-04T05:58+0000",
          "age" : 13,
          "sign" : "taurus",
          "timeZone" : 3,
          "signDate" : "2019-12-08T06:31+0000",
          "date" : "2019-12-08T11:58+0000",
          "moonPhase" : "phase2"
        },
        {
          "moonPhaseDate" : "2019-12-04T05:58+0000",
          "age" : 14,
          "sign" : "taurus",
          "timeZone" : 3,
          "signDate" : "2019-12-08T06:31+0000",
          "date" : "2019-12-09T12:25+0000",
          "moonPhase" : "phase2"
        },
        {
          "moonPhaseDate" : "2019-12-04T05:58+0000",
          "sign" : "gemini",
          "age" : 15,
          "timeZone" : 3,
          "signDate" : "2019-12-10T15:49+0000",
          "date" : "2019-12-10T12:55+0000",
          "moonPhase" : "phase2"
        },
        {
          "moonPhaseDate" : "2019-12-04T05:58+0000",
          "age" : 16,
          "sign" : "gemini",
          "timeZone" : 3,
          "signDate" : "2019-12-10T15:49+0000",
          "date" : "2019-12-11T13:31+0000",
          "moonPhase" : "phase2"
        },
        {
          "moonPhaseDate" : "2019-12-12T04:12+0000",
          "sign" : "gemini",
          "age" : 17,
          "timeZone" : 3,
          "signDate" : "2019-12-10T15:49+0000",
          "date" : "2019-12-12T14:14+0000",
          "moonPhase" : "fullMoon"
        },
        {
          "moonPhaseDate" : "2019-12-12T04:12+0000",
          "sign" : "cancer",
          "age" : 18,
          "timeZone" : 3,
          "signDate" : "2019-12-12T22:24+0000",
          "date" : "2019-12-13T15:06+0000",
          "moonPhase" : "phase3"
        },
        {
          "moonPhaseDate" : "2019-12-12T04:12+0000",
          "age" : 19,
          "sign" : "cancer",
          "timeZone" : 3,
          "signDate" : "2019-12-12T22:24+0000",
          "date" : "2019-12-14T16:07+0000",
          "moonPhase" : "phase3"
        },
        {
          "moonPhaseDate" : "2019-12-12T04:12+0000",
          "sign" : "leo",
          "age" : 20,
          "timeZone" : 3,
          "signDate" : "2019-12-15T02:53+0000",
          "date" : "2019-12-15T17:14+0000",
          "moonPhase" : "phase3"
        },
        {
          "moonPhaseDate" : "2019-12-12T04:12+0000",
          "age" : 21,
          "sign" : "leo",
          "timeZone" : 3,
          "signDate" : "2019-12-15T02:53+0000",
          "date" : "2019-12-16T18:26+0000",
          "moonPhase" : "phase3"
        },
        {
          "moonPhaseDate" : "2019-12-12T04:12+0000",
          "age" : 22,
          "sign" : "virgo",
          "timeZone" : 3,
          "signDate" : "2019-12-17T06:13+0000",
          "date" : "2019-12-17T19:39+0000",
          "moonPhase" : "phase3"
        },
        {
          "moonPhaseDate" : "2019-12-12T04:12+0000",
          "sign" : "virgo",
          "age" : 23,
          "timeZone" : 3,
          "signDate" : "2019-12-17T06:13+0000",
          "date" : "2019-12-18T20:51+0000",
          "moonPhase" : "phase3"
        },
        {
          "moonPhaseDate" : "2019-12-19T03:57+0000",
          "sign" : "libra",
          "age" : 24,
          "timeZone" : 3,
          "signDate" : "2019-12-17T06:13+0000",
          "date" : "2019-12-19T22:04+0000",
          "moonPhase" : "phase4"
        },
        {
          "moonPhaseDate" : "2019-12-19T03:57+0000",
          "sign" : "scorpio",
          "age" : 25,
          "timeZone" : 3,
          "signDate" : "2019-12-21T12:01+0000",
          "date" : "2019-12-20T23:15+0000",
          "moonPhase" : "phase4"
        },
        {
          "moonPhaseDate" : "2019-12-19T03:57+0000",
          "sign" : "scorpio",
          "age" : 26,
          "timeZone" : 3,
          "signDate" : "2019-12-21T12:01+0000",
          "date" : "2019-12-22T00:27+0000",
          "moonPhase" : "phase4"
        },
        {
          "moonPhaseDate" : "2019-12-19T03:57+0000",
          "age" : 27,
          "sign" : "sagittarius",
          "timeZone" : 3,
          "signDate" : "2019-12-23T15:37+0000",
          "date" : "2019-12-23T01:39+0000",
          "moonPhase" : "phase4"
        },
        {
          "moonPhaseDate" : "2019-12-19T03:57+0000",
          "age" : 28,
          "sign" : "sagittarius",
          "timeZone" : 3,
          "signDate" : "2019-12-23T15:37+0000",
          "date" : "2019-12-24T02:50+0000",
          "moonPhase" : "phase4"
        },
        {
          "moonPhaseDate" : "2019-12-19T03:57+0000",
          "age" : 29,
          "sign" : "capricorn",
          "timeZone" : 3,
          "signDate" : "2019-12-25T20:46+0000",
          "date" : "2019-12-25T03:58+0000",
          "moonPhase" : "phase4"
        },
        {
          "moonPhaseDate" : "2019-12-26T04:13+0000",
          "age" : 1,
          "sign" : "capricorn",
          "timeZone" : 3,
          "signDate" : "2019-12-25T20:46+0000",
          "date" : "2019-12-26T04:13+0000",
          "moonPhase" : "newMoon"
        },
        {
          "moonPhaseDate" : "2019-12-26T04:13+0000",
          "sign" : "capricorn",
          "age" : 2,
          "timeZone" : 3,
          "signDate" : "2019-12-25T20:46+0000",
          "date" : "2019-12-26T05:01+0000",
          "moonPhase" : "newMoon"
        },
        {
          "moonPhaseDate" : "2019-12-26T04:13+0000",
          "age" : 3,
          "sign" : "capricorn",
          "timeZone" : 3,
          "signDate" : "2019-12-25T20:46+0000",
          "date" : "2019-12-27T05:56+0000",
          "moonPhase" : "phase1"
        },
        {
          "moonPhaseDate" : "2019-12-26T04:13+0000",
          "sign" : "aquarius",
          "age" : 4,
          "timeZone" : 3,
          "signDate" : "2019-12-28T04:21+0000",
          "date" : "2019-12-28T06:44+0000",
          "moonPhase" : "phase1"
        },
        {
          "moonPhaseDate" : "2019-12-26T04:13+0000",
          "age" : 5,
          "sign" : "aquarius",
          "timeZone" : 3,
          "signDate" : "2019-12-28T04:21+0000",
          "date" : "2019-12-29T07:23+0000",
          "moonPhase" : "phase1"
        },
        {
          "moonPhaseDate" : "2019-12-26T04:13+0000",
          "age" : 6,
          "sign" : "pisces",
          "timeZone" : 3,
          "signDate" : "2019-12-30T14:43+0000",
          "date" : "2019-12-30T07:56+0000",
          "moonPhase" : "phase1"
        },
        {
          "moonPhaseDate" : "2019-12-26T04:13+0000",
          "sign" : "pisces",
          "age" : 7,
          "timeZone" : 3,
          "signDate" : "2019-12-30T14:43+0000",
          "date" : "2019-12-31T08:25+0000",
          "moonPhase" : "phase1"
        },
        {
          "moonPhaseDate" : null,
          "age" : 8,
          "sign" : "pisces",
          "timeZone" : 3,
          "signDate" : "2019-12-30T14:43+0000",
          "date" : "2020-01-01T08:50+0000",
          "moonPhase" : "phase1"
        },
        {
          "moonPhaseDate" : null,
          "sign" : "aries",
          "age" : 9,
          "timeZone" : 3,
          "signDate" : "2020-01-02T03:01+0000",
          "date" : "2020-01-02T09:14+0000",
          "moonPhase" : "phase1"
        },
        {
          "moonPhaseDate" : "2020-01-03T03:45+0000",
          "age" : 10,
          "sign" : "aries",
          "timeZone" : 3,
          "signDate" : "2020-01-02T03:01+0000",
          "date" : "2020-01-03T09:36+0000",
          "moonPhase" : "phase2"
        },
        {
          "moonPhaseDate" : "2020-01-03T03:45+0000",
          "age" : 11,
          "sign" : "taurus",
          "timeZone" : 3,
          "signDate" : "2020-01-04T15:15+0000",
          "date" : "2020-01-04T10:00+0000",
          "moonPhase" : "phase2"
        },
        {
          "moonPhaseDate" : "2020-01-03T03:45+0000",
          "sign" : "taurus",
          "age" : 12,
          "timeZone" : 3,
          "signDate" : "2020-01-04T15:15+0000",
          "date" : "2020-01-05T10:25+0000",
          "moonPhase" : "phase2"
        },
        {
          "moonPhaseDate" : "2020-01-03T03:45+0000",
          "age" : 13,
          "sign" : "taurus",
          "timeZone" : 3,
          "signDate" : "2020-01-04T15:15+0000",
          "date" : "2020-01-06T10:53+0000",
          "moonPhase" : "phase2"
        },
        {
          "moonPhaseDate" : "2020-01-03T03:45+0000",
          "age" : 14,
          "sign" : "gemini",
          "timeZone" : 3,
          "signDate" : "2020-01-07T01:13+0000",
          "date" : "2020-01-07T11:25+0000",
          "moonPhase" : "phase2"
        },
        {
          "moonPhaseDate" : "2020-01-03T03:45+0000",
          "age" : 15,
          "sign" : "gemini",
          "timeZone" : 3,
          "signDate" : "2020-01-07T01:13+0000",
          "date" : "2020-01-08T12:05+0000",
          "moonPhase" : "phase2"
        },
        {
          "moonPhaseDate" : "2020-01-03T03:45+0000",
          "sign" : "cancer",
          "age" : 16,
          "timeZone" : 3,
          "signDate" : "2020-01-09T07:45+0000",
          "date" : "2020-01-09T12:53+0000",
          "moonPhase" : "phase2"
        },
        {
          "moonPhaseDate" : "2020-01-10T18:21+0000",
          "age" : 17,
          "sign" : "cancer",
          "timeZone" : 3,
          "signDate" : "2020-01-09T07:45+0000",
          "date" : "2020-01-10T13:51+0000",
          "moonPhase" : "fullMoon"
        },
        {
          "moonPhaseDate" : "2020-01-10T18:21+0000",
          "age" : 18,
          "sign" : "leo",
          "timeZone" : 3,
          "signDate" : "2020-01-11T11:16+0000",
          "date" : "2020-01-11T14:58+0000",
          "moonPhase" : "phase3"
        },
        {
          "moonPhaseDate" : "2020-01-10T18:21+0000",
          "age" : 19,
          "sign" : "leo",
          "timeZone" : 3,
          "signDate" : "2020-01-11T11:16+0000",
          "date" : "2020-01-12T16:10+0000",
          "moonPhase" : "phase3"
        },
        {
          "moonPhaseDate" : "2020-01-10T18:21+0000",
          "sign" : "virgo",
          "age" : 20,
          "timeZone" : 3,
          "signDate" : "2020-01-13T13:05+0000",
          "date" : "2020-01-13T17:25+0000",
          "moonPhase" : "phase3"
        },
        {
          "moonPhaseDate" : "2020-01-10T18:21+0000",
          "age" : 21,
          "sign" : "virgo",
          "timeZone" : 3,
          "signDate" : "2020-01-13T13:05+0000",
          "date" : "2020-01-14T18:40+0000",
          "moonPhase" : "phase3"
        },
        {
          "moonPhaseDate" : "2020-01-10T18:21+0000",
          "age" : 22,
          "sign" : "libra",
          "timeZone" : 3,
          "signDate" : "2020-01-15T14:42+0000",
          "date" : "2020-01-15T19:54+0000",
          "moonPhase" : "phase3"
        },
        {
          "moonPhaseDate" : "2020-01-17T11:58+0000",
          "sign" : "scorpio",
          "age" : 23,
          "timeZone" : 3,
          "signDate" : "2020-01-17T17:21+0000",
          "date" : "2020-01-16T21:07+0000",
          "moonPhase" : "phase4"
        },
        {
          "moonPhaseDate" : "2020-01-17T11:58+0000",
          "age" : 24,
          "sign" : "scorpio",
          "timeZone" : 3,
          "signDate" : "2020-01-17T17:21+0000",
          "date" : "2020-01-17T22:18+0000",
          "moonPhase" : "phase4"
        },
        {
          "moonPhaseDate" : "2020-01-17T11:58+0000",
          "age" : 25,
          "sign" : "scorpio",
          "timeZone" : 3,
          "signDate" : "2020-01-17T17:21+0000",
          "date" : "2020-01-18T23:29+0000",
          "moonPhase" : "phase4"
        },
        {
          "moonPhaseDate" : "2020-01-17T11:58+0000",
          "age" : 26,
          "sign" : "sagittarius",
          "timeZone" : 3,
          "signDate" : "2020-01-19T21:43+0000",
          "date" : "2020-01-20T00:39+0000",
          "moonPhase" : "phase4"
        },
        {
          "moonPhaseDate" : "2020-01-17T11:58+0000",
          "age" : 27,
          "sign" : "sagittarius",
          "timeZone" : 3,
          "signDate" : "2020-01-19T21:43+0000",
          "date" : "2020-01-21T01:47+0000",
          "moonPhase" : "phase4"
        },
        {
          "moonPhaseDate" : "2020-01-17T11:58+0000",
          "age" : 28,
          "sign" : "capricorn",
          "timeZone" : 3,
          "signDate" : "2020-01-22T04:02+0000",
          "date" : "2020-01-22T02:51+0000",
          "moonPhase" : "phase4"
        },
        {
          "moonPhaseDate" : "2020-01-17T11:58+0000",
          "sign" : "capricorn",
          "age" : 29,
          "timeZone" : 3,
          "signDate" : "2020-01-22T04:02+0000",
          "date" : "2020-01-23T03:48+0000",
          "moonPhase" : "phase4"
        },
        {
          "moonPhaseDate" : "2020-01-24T20:42+0000",
          "sign" : "aquarius",
          "age" : 30,
          "timeZone" : 3,
          "signDate" : "2020-01-24T12:22+0000",
          "date" : "2020-01-24T04:38+0000",
          "moonPhase" : "newMoon"
        },
        {
          "moonPhaseDate" : "2020-01-24T20:42+0000",
          "sign" : "aquarius",
          "age" : 1,
          "timeZone" : 3,
          "signDate" : "2020-01-24T12:22+0000",
          "date" : "2020-01-24T20:42+0000",
          "moonPhase" : "newMoon"
        },
        {
          "moonPhaseDate" : "2020-01-24T20:42+0000",
          "age" : 2,
          "sign" : "aquarius",
          "timeZone" : 3,
          "signDate" : "2020-01-24T12:22+0000",
          "date" : "2020-01-25T05:19+0000",
          "moonPhase" : "phase1"
        },
        {
          "moonPhaseDate" : "2020-01-24T20:42+0000",
          "sign" : "aquarius",
          "age" : 3,
          "timeZone" : 3,
          "signDate" : "2020-01-24T12:22+0000",
          "date" : "2020-01-26T05:55+0000",
          "moonPhase" : "phase1"
        },
        {
          "moonPhaseDate" : "2020-01-24T20:42+0000",
          "age" : 4,
          "sign" : "pisces",
          "timeZone" : 3,
          "signDate" : "2020-01-26T22:45+0000",
          "date" : "2020-01-27T06:26+0000",
          "moonPhase" : "phase1"
        },
        {
          "moonPhaseDate" : "2020-01-24T20:42+0000",
          "age" : 5,
          "sign" : "pisces",
          "timeZone" : 3,
          "signDate" : "2020-01-26T22:45+0000",
          "date" : "2020-01-28T06:52+0000",
          "moonPhase" : "phase1"
        },
        {
          "moonPhaseDate" : "2020-01-24T20:42+0000",
          "sign" : "aries",
          "age" : 6,
          "timeZone" : 3,
          "signDate" : "2020-01-29T10:51+0000",
          "date" : "2020-01-29T07:16+0000",
          "moonPhase" : "phase1"
        },
        {
          "moonPhaseDate" : "2020-01-24T20:42+0000",
          "age" : 7,
          "sign" : "aries",
          "timeZone" : 3,
          "signDate" : "2020-01-29T10:51+0000",
          "date" : "2020-01-30T07:39+0000",
          "moonPhase" : "phase1"
        },
        {
          "moonPhaseDate" : "2020-01-24T20:42+0000",
          "sign" : "aries",
          "age" : 8,
          "timeZone" : 3,
          "signDate" : "2020-01-29T10:51+0000",
          "date" : "2020-01-31T08:02+0000",
          "moonPhase" : "phase1"
        },
        {
          "moonPhaseDate" : "2020-01-24T20:42+0000",
          "age" : 8,
          "sign" : "aries",
          "timeZone" : 3,
          "signDate" : "2020-01-29T10:51+0000",
          "date" : "2020-01-31T08:02+0000",
          "moonPhase" : "phase1"
        }
      ],
      "cityName" : "София"
    }
  ]
}