{
  "cities" : [
    {
      "moonDays" : [
        {
          "moonPhaseDate" : null,
          "signDate" : "2019-05-01T10:23+0000",
          "sign" : "aries",
          "age" : 26,
          "timeZone" : 4,
          "moonPhase" : null,
          "date" : "2019-05-01T00:37+0000"
        },
        {
          "signDate" : "2019-05-01T10:23+0000",
          "moonPhaseDate" : null,
          "sign" : "aries",
          "age" : 27,
          "timeZone" : 4,
          "moonPhase" : null,
          "date" : "2019-05-02T01:03+0000"
        },
        {
          "moonPhaseDate" : null,
          "signDate" : "2019-05-01T10:23+0000",
          "sign" : "aries",
          "age" : 28,
          "timeZone" : 4,
          "moonPhase" : null,
          "date" : "2019-05-03T01:28+0000"
        },
        {
          "signDate" : "2019-05-03T20:21+0000",
          "moonPhaseDate" : null,
          "sign" : "taurus",
          "age" : 29,
          "timeZone" : 4,
          "moonPhase" : null,
          "date" : "2019-05-04T01:55+0000"
        },
        {
          "signDate" : "2019-05-03T20:21+0000",
          "moonPhaseDate" : "2019-05-04T22:45+0000",
          "sign" : "taurus",
          "age" : 1,
          "timeZone" : 4,
          "moonPhase" : "newMoon",
          "date" : "2019-05-04T22:45+0000"
        },
        {
          "signDate" : "2019-05-03T20:21+0000",
          "moonPhaseDate" : "2019-05-04T22:45+0000",
          "sign" : "taurus",
          "age" : 2,
          "timeZone" : 4,
          "moonPhase" : "newMoon",
          "date" : "2019-05-05T02:25+0000"
        },
        {
          "moonPhaseDate" : "2019-05-04T22:45+0000",
          "signDate" : "2019-05-06T03:42+0000",
          "sign" : "gemini",
          "age" : 3,
          "timeZone" : 4,
          "moonPhase" : "phase1",
          "date" : "2019-05-06T02:59+0000"
        },
        {
          "signDate" : "2019-05-06T03:42+0000",
          "moonPhaseDate" : "2019-05-04T22:45+0000",
          "sign" : "gemini",
          "age" : 4,
          "timeZone" : 4,
          "moonPhase" : "phase1",
          "date" : "2019-05-07T03:38+0000"
        },
        {
          "signDate" : "2019-05-08T09:05+0000",
          "moonPhaseDate" : "2019-05-04T22:45+0000",
          "sign" : "cancer",
          "age" : 5,
          "timeZone" : 4,
          "moonPhase" : "phase1",
          "date" : "2019-05-08T04:23+0000"
        },
        {
          "signDate" : "2019-05-08T09:05+0000",
          "moonPhaseDate" : "2019-05-04T22:45+0000",
          "sign" : "cancer",
          "age" : 6,
          "timeZone" : 4,
          "moonPhase" : "phase1",
          "date" : "2019-05-09T05:18+0000"
        },
        {
          "moonPhaseDate" : "2019-05-04T22:45+0000",
          "signDate" : "2019-05-10T13:12+0000",
          "sign" : "leo",
          "age" : 7,
          "timeZone" : 4,
          "moonPhase" : "phase1",
          "date" : "2019-05-10T06:20+0000"
        },
        {
          "moonPhaseDate" : "2019-05-04T22:45+0000",
          "signDate" : "2019-05-10T13:12+0000",
          "sign" : "leo",
          "age" : 8,
          "timeZone" : 4,
          "moonPhase" : "phase1",
          "date" : "2019-05-11T07:27+0000"
        },
        {
          "signDate" : "2019-05-12T16:23+0000",
          "moonPhaseDate" : "2019-05-12T01:12+0000",
          "sign" : "virgo",
          "age" : 9,
          "timeZone" : 4,
          "moonPhase" : "phase2",
          "date" : "2019-05-12T08:38+0000"
        },
        {
          "signDate" : "2019-05-12T16:23+0000",
          "moonPhaseDate" : "2019-05-12T01:12+0000",
          "sign" : "virgo",
          "age" : 10,
          "timeZone" : 4,
          "moonPhase" : "phase2",
          "date" : "2019-05-13T09:49+0000"
        },
        {
          "signDate" : "2019-05-14T18:53+0000",
          "moonPhaseDate" : "2019-05-12T01:12+0000",
          "sign" : "libra",
          "age" : 11,
          "timeZone" : 4,
          "moonPhase" : "phase2",
          "date" : "2019-05-14T11:01+0000"
        },
        {
          "signDate" : "2019-05-14T18:53+0000",
          "moonPhaseDate" : "2019-05-12T01:12+0000",
          "sign" : "libra",
          "age" : 12,
          "timeZone" : 4,
          "moonPhase" : "phase2",
          "date" : "2019-05-15T12:13+0000"
        },
        {
          "signDate" : "2019-05-14T18:53+0000",
          "moonPhaseDate" : "2019-05-12T01:12+0000",
          "sign" : "libra",
          "age" : 13,
          "timeZone" : 4,
          "moonPhase" : "phase2",
          "date" : "2019-05-16T13:24+0000"
        },
        {
          "signDate" : "2019-05-16T21:25+0000",
          "moonPhaseDate" : "2019-05-12T01:12+0000",
          "sign" : "scorpio",
          "age" : 14,
          "timeZone" : 4,
          "moonPhase" : "phase2",
          "date" : "2019-05-17T14:35+0000"
        },
        {
          "signDate" : "2019-05-16T21:25+0000",
          "moonPhaseDate" : "2019-05-12T01:12+0000",
          "sign" : "scorpio",
          "age" : 15,
          "timeZone" : 4,
          "moonPhase" : "phase2",
          "date" : "2019-05-18T15:44+0000"
        },
        {
          "moonPhaseDate" : "2019-05-18T21:11+0000",
          "signDate" : "2019-05-19T01:19+0000",
          "sign" : "sagittarius",
          "age" : 16,
          "timeZone" : 4,
          "moonPhase" : "fullMoon",
          "date" : "2019-05-19T16:52+0000"
        },
        {
          "signDate" : "2019-05-19T01:19+0000",
          "moonPhaseDate" : "2019-05-18T21:11+0000",
          "sign" : "sagittarius",
          "age" : 17,
          "timeZone" : 4,
          "moonPhase" : "phase3",
          "date" : "2019-05-20T17:56+0000"
        },
        {
          "signDate" : "2019-05-21T07:56+0000",
          "moonPhaseDate" : "2019-05-18T21:11+0000",
          "sign" : "capricorn",
          "age" : 18,
          "timeZone" : 4,
          "moonPhase" : "phase3",
          "date" : "2019-05-21T18:55+0000"
        },
        {
          "signDate" : "2019-05-21T07:56+0000",
          "moonPhaseDate" : "2019-05-18T21:11+0000",
          "sign" : "capricorn",
          "age" : 19,
          "timeZone" : 4,
          "moonPhase" : "phase3",
          "date" : "2019-05-22T19:47+0000"
        },
        {
          "moonPhaseDate" : "2019-05-18T21:11+0000",
          "signDate" : "2019-05-21T07:56+0000",
          "sign" : "aquarius",
          "age" : 20,
          "timeZone" : 4,
          "moonPhase" : "phase3",
          "date" : "2019-05-23T20:32+0000"
        },
        {
          "signDate" : "2019-05-21T07:56+0000",
          "moonPhaseDate" : "2019-05-18T21:11+0000",
          "sign" : "aquarius",
          "age" : 21,
          "timeZone" : 4,
          "moonPhase" : "phase3",
          "date" : "2019-05-24T21:10+0000"
        },
        {
          "moonPhaseDate" : "2019-05-26T16:33+0000",
          "signDate" : "2019-05-26T06:07+0000",
          "sign" : "pisces",
          "age" : 22,
          "timeZone" : 4,
          "moonPhase" : "phase4",
          "date" : "2019-05-25T21:44+0000"
        },
        {
          "signDate" : "2019-05-26T06:07+0000",
          "moonPhaseDate" : "2019-05-26T16:33+0000",
          "sign" : "pisces",
          "age" : 23,
          "timeZone" : 4,
          "moonPhase" : "phase4",
          "date" : "2019-05-26T22:13+0000"
        },
        {
          "moonPhaseDate" : "2019-05-26T16:33+0000",
          "signDate" : "2019-05-28T18:29+0000",
          "sign" : "aries",
          "age" : 24,
          "timeZone" : 4,
          "moonPhase" : "phase4",
          "date" : "2019-05-27T22:40+0000"
        },
        {
          "moonPhaseDate" : "2019-05-26T16:33+0000",
          "signDate" : "2019-05-28T18:29+0000",
          "sign" : "aries",
          "age" : 25,
          "timeZone" : 4,
          "moonPhase" : "phase4",
          "date" : "2019-05-28T23:05+0000"
        },
        {
          "signDate" : "2019-05-28T18:29+0000",
          "moonPhaseDate" : "2019-05-26T16:33+0000",
          "sign" : "aries",
          "age" : 26,
          "timeZone" : 4,
          "moonPhase" : "phase4",
          "date" : "2019-05-29T23:30+0000"
        },
        {
          "signDate" : "2019-05-31T04:44+0000",
          "moonPhaseDate" : "2019-05-26T16:33+0000",
          "sign" : "taurus",
          "age" : 27,
          "timeZone" : 4,
          "moonPhase" : "phase4",
          "date" : "2019-05-30T23:56+0000"
        },
        {
          "signDate" : "2019-05-31T04:44+0000",
          "moonPhaseDate" : null,
          "sign" : "taurus",
          "age" : 28,
          "timeZone" : 4,
          "moonPhase" : "phase4",
          "date" : "2019-06-01T00:25+0000"
        },
        {
          "signDate" : "2019-06-02T11:51+0000",
          "moonPhaseDate" : null,
          "sign" : "gemini",
          "age" : 29,
          "timeZone" : 4,
          "moonPhase" : "phase4",
          "date" : "2019-06-02T00:56+0000"
        },
        {
          "moonPhaseDate" : "2019-06-03T10:02+0000",
          "signDate" : "2019-06-02T11:51+0000",
          "sign" : "gemini",
          "age" : 30,
          "timeZone" : 4,
          "moonPhase" : "newMoon",
          "date" : "2019-06-03T01:33+0000"
        },
        {
          "signDate" : "2019-06-02T11:51+0000",
          "moonPhaseDate" : "2019-06-03T10:02+0000",
          "sign" : "gemini",
          "age" : 1,
          "timeZone" : 4,
          "moonPhase" : "newMoon",
          "date" : "2019-06-03T10:02+0000"
        },
        {
          "signDate" : "2019-06-04T16:18+0000",
          "moonPhaseDate" : "2019-06-03T10:02+0000",
          "sign" : "cancer",
          "age" : 2,
          "timeZone" : 4,
          "moonPhase" : "phase1",
          "date" : "2019-06-04T02:17+0000"
        },
        {
          "signDate" : "2019-06-04T16:18+0000",
          "moonPhaseDate" : "2019-06-03T10:02+0000",
          "sign" : "cancer",
          "age" : 3,
          "timeZone" : 4,
          "moonPhase" : "phase1",
          "date" : "2019-06-05T03:09+0000"
        },
        {
          "signDate" : "2019-06-06T19:14+0000",
          "moonPhaseDate" : "2019-06-03T10:02+0000",
          "sign" : "leo",
          "age" : 4,
          "timeZone" : 4,
          "moonPhase" : "phase1",
          "date" : "2019-06-06T04:10+0000"
        },
        {
          "moonPhaseDate" : "2019-06-03T10:02+0000",
          "signDate" : "2019-06-06T19:14+0000",
          "sign" : "leo",
          "age" : 5,
          "timeZone" : 4,
          "moonPhase" : "phase1",
          "date" : "2019-06-07T05:17+0000"
        },
        {
          "signDate" : "2019-06-06T19:14+0000",
          "moonPhaseDate" : "2019-06-03T10:02+0000",
          "sign" : "leo",
          "age" : 6,
          "timeZone" : 4,
          "moonPhase" : "phase1",
          "date" : "2019-06-08T06:28+0000"
        },
        {
          "signDate" : "2019-06-08T21:43+0000",
          "moonPhaseDate" : "2019-06-03T10:02+0000",
          "sign" : "virgo",
          "age" : 7,
          "timeZone" : 4,
          "moonPhase" : "phase1",
          "date" : "2019-06-09T07:40+0000"
        },
        {
          "moonPhaseDate" : "2019-06-10T05:59+0000",
          "signDate" : "2019-06-08T21:43+0000",
          "sign" : "virgo",
          "age" : 8,
          "timeZone" : 4,
          "moonPhase" : "phase2",
          "date" : "2019-06-10T08:52+0000"
        },
        {
          "signDate" : "2019-06-11T00:30+0000",
          "moonPhaseDate" : "2019-06-10T05:59+0000",
          "sign" : "libra",
          "age" : 9,
          "timeZone" : 4,
          "moonPhase" : "phase2",
          "date" : "2019-06-11T10:03+0000"
        },
        {
          "signDate" : "2019-06-11T00:30+0000",
          "moonPhaseDate" : "2019-06-10T05:59+0000",
          "sign" : "libra",
          "age" : 10,
          "timeZone" : 4,
          "moonPhase" : "phase2",
          "date" : "2019-06-12T11:13+0000"
        },
        {
          "signDate" : "2019-06-13T04:03+0000",
          "moonPhaseDate" : "2019-06-10T05:59+0000",
          "sign" : "scorpio",
          "age" : 11,
          "timeZone" : 4,
          "moonPhase" : "phase2",
          "date" : "2019-06-13T12:22+0000"
        },
        {
          "signDate" : "2019-06-13T04:03+0000",
          "moonPhaseDate" : "2019-06-10T05:59+0000",
          "sign" : "scorpio",
          "age" : 12,
          "timeZone" : 4,
          "moonPhase" : "phase2",
          "date" : "2019-06-14T13:30+0000"
        },
        {
          "signDate" : "2019-06-15T09:01+0000",
          "moonPhaseDate" : "2019-06-10T05:59+0000",
          "sign" : "sagittarius",
          "age" : 13,
          "timeZone" : 4,
          "moonPhase" : "phase2",
          "date" : "2019-06-15T14:38+0000"
        },
        {
          "signDate" : "2019-06-15T09:01+0000",
          "moonPhaseDate" : "2019-06-10T05:59+0000",
          "sign" : "sagittarius",
          "age" : 14,
          "timeZone" : 4,
          "moonPhase" : "phase2",
          "date" : "2019-06-16T15:43+0000"
        },
        {
          "moonPhaseDate" : "2019-06-17T08:31+0000",
          "signDate" : "2019-06-17T16:11+0000",
          "sign" : "capricorn",
          "age" : 15,
          "timeZone" : 4,
          "moonPhase" : "fullMoon",
          "date" : "2019-06-17T16:43+0000"
        },
        {
          "signDate" : "2019-06-17T16:11+0000",
          "moonPhaseDate" : "2019-06-17T08:31+0000",
          "sign" : "capricorn",
          "age" : 16,
          "timeZone" : 4,
          "moonPhase" : "phase3",
          "date" : "2019-06-18T17:38+0000"
        },
        {
          "moonPhaseDate" : "2019-06-17T08:31+0000",
          "signDate" : "2019-06-17T16:11+0000",
          "sign" : "capricorn",
          "age" : 17,
          "timeZone" : 4,
          "moonPhase" : "phase3",
          "date" : "2019-06-19T18:26+0000"
        },
        {
          "signDate" : "2019-06-20T02:01+0000",
          "moonPhaseDate" : "2019-06-17T08:31+0000",
          "sign" : "aquarius",
          "age" : 18,
          "timeZone" : 4,
          "moonPhase" : "phase3",
          "date" : "2019-06-20T19:08+0000"
        },
        {
          "moonPhaseDate" : "2019-06-17T08:31+0000",
          "signDate" : "2019-06-20T02:01+0000",
          "sign" : "aquarius",
          "age" : 19,
          "timeZone" : 4,
          "moonPhase" : "phase3",
          "date" : "2019-06-21T19:43+0000"
        },
        {
          "signDate" : "2019-06-20T02:01+0000",
          "moonPhaseDate" : "2019-06-17T08:31+0000",
          "sign" : "pisces",
          "age" : 20,
          "timeZone" : 4,
          "moonPhase" : "phase3",
          "date" : "2019-06-22T20:14+0000"
        },
        {
          "signDate" : "2019-06-20T02:01+0000",
          "moonPhaseDate" : "2019-06-17T08:31+0000",
          "sign" : "pisces",
          "age" : 21,
          "timeZone" : 4,
          "moonPhase" : "phase3",
          "date" : "2019-06-23T20:42+0000"
        },
        {
          "signDate" : "2019-06-25T02:34+0000",
          "moonPhaseDate" : "2019-06-25T09:46+0000",
          "sign" : "aries",
          "age" : 22,
          "timeZone" : 4,
          "moonPhase" : "phase4",
          "date" : "2019-06-24T21:08+0000"
        },
        {
          "signDate" : "2019-06-25T02:34+0000",
          "moonPhaseDate" : "2019-06-25T09:46+0000",
          "sign" : "aries",
          "age" : 23,
          "timeZone" : 4,
          "moonPhase" : "phase4",
          "date" : "2019-06-25T21:33+0000"
        },
        {
          "signDate" : "2019-06-27T13:30+0000",
          "moonPhaseDate" : "2019-06-25T09:46+0000",
          "sign" : "taurus",
          "age" : 24,
          "timeZone" : 4,
          "moonPhase" : "phase4",
          "date" : "2019-06-26T21:58+0000"
        },
        {
          "moonPhaseDate" : "2019-06-25T09:46+0000",
          "signDate" : "2019-06-27T13:30+0000",
          "sign" : "taurus",
          "age" : 25,
          "timeZone" : 4,
          "moonPhase" : "phase4",
          "date" : "2019-06-27T22:24+0000"
        },
        {
          "signDate" : "2019-06-27T13:30+0000",
          "moonPhaseDate" : "2019-06-25T09:46+0000",
          "sign" : "taurus",
          "age" : 26,
          "timeZone" : 4,
          "moonPhase" : "phase4",
          "date" : "2019-06-28T22:54+0000"
        },
        {
          "moonPhaseDate" : "2019-06-25T09:46+0000",
          "signDate" : "2019-06-29T21:10+0000",
          "sign" : "gemini",
          "age" : 27,
          "timeZone" : 4,
          "moonPhase" : "phase4",
          "date" : "2019-06-29T23:28+0000"
        },
        {
          "moonPhaseDate" : null,
          "signDate" : "2019-06-29T21:10+0000",
          "sign" : "gemini",
          "age" : 28,
          "timeZone" : 4,
          "moonPhase" : "phase4",
          "date" : "2019-07-01T00:07+0000"
        },
        {
          "signDate" : "2019-07-02T01:26+0000",
          "moonPhaseDate" : "2019-07-02T19:16+0000",
          "sign" : "cancer",
          "age" : 29,
          "timeZone" : 4,
          "moonPhase" : "newMoon",
          "date" : "2019-07-02T00:57+0000"
        },
        {
          "signDate" : "2019-07-02T01:26+0000",
          "moonPhaseDate" : "2019-07-02T19:16+0000",
          "sign" : "cancer",
          "age" : 1,
          "timeZone" : 4,
          "moonPhase" : "newMoon",
          "date" : "2019-07-02T19:16+0000"
        },
        {
          "signDate" : "2019-07-02T01:26+0000",
          "moonPhaseDate" : "2019-07-02T19:16+0000",
          "sign" : "cancer",
          "age" : 2,
          "timeZone" : 4,
          "moonPhase" : "phase1",
          "date" : "2019-07-03T01:55+0000"
        },
        {
          "signDate" : "2019-07-04T03:21+0000",
          "moonPhaseDate" : "2019-07-02T19:16+0000",
          "sign" : "leo",
          "age" : 3,
          "timeZone" : 4,
          "moonPhase" : "phase1",
          "date" : "2019-07-04T03:01+0000"
        },
        {
          "moonPhaseDate" : "2019-07-02T19:16+0000",
          "signDate" : "2019-07-04T03:21+0000",
          "sign" : "leo",
          "age" : 4,
          "timeZone" : 4,
          "moonPhase" : "phase1",
          "date" : "2019-07-05T04:13+0000"
        },
        {
          "signDate" : "2019-07-06T04:25+0000",
          "moonPhaseDate" : "2019-07-02T19:16+0000",
          "sign" : "virgo",
          "age" : 5,
          "timeZone" : 4,
          "moonPhase" : "phase1",
          "date" : "2019-07-06T05:27+0000"
        },
        {
          "signDate" : "2019-07-06T04:25+0000",
          "moonPhaseDate" : "2019-07-02T19:16+0000",
          "sign" : "virgo",
          "age" : 6,
          "timeZone" : 4,
          "moonPhase" : "phase1",
          "date" : "2019-07-07T06:41+0000"
        },
        {
          "signDate" : "2019-07-08T06:07+0000",
          "moonPhaseDate" : "2019-07-02T19:16+0000",
          "sign" : "libra",
          "age" : 7,
          "timeZone" : 4,
          "moonPhase" : "phase1",
          "date" : "2019-07-08T07:54+0000"
        },
        {
          "moonPhaseDate" : "2019-07-09T10:55+0000",
          "signDate" : "2019-07-08T06:07+0000",
          "sign" : "libra",
          "age" : 8,
          "timeZone" : 4,
          "moonPhase" : "phase2",
          "date" : "2019-07-09T09:04+0000"
        },
        {
          "signDate" : "2019-07-10T09:28+0000",
          "moonPhaseDate" : "2019-07-09T10:55+0000",
          "sign" : "scorpio",
          "age" : 9,
          "timeZone" : 4,
          "moonPhase" : "phase2",
          "date" : "2019-07-10T10:13+0000"
        },
        {
          "signDate" : "2019-07-10T09:28+0000",
          "moonPhaseDate" : "2019-07-09T10:55+0000",
          "sign" : "scorpio",
          "age" : 10,
          "timeZone" : 4,
          "moonPhase" : "phase2",
          "date" : "2019-07-11T11:21+0000"
        },
        {
          "signDate" : "2019-07-12T15:04+0000",
          "moonPhaseDate" : "2019-07-09T10:55+0000",
          "sign" : "sagittarius",
          "age" : 11,
          "timeZone" : 4,
          "moonPhase" : "phase2",
          "date" : "2019-07-12T12:28+0000"
        },
        {
          "signDate" : "2019-07-12T15:04+0000",
          "moonPhaseDate" : "2019-07-09T10:55+0000",
          "sign" : "sagittarius",
          "age" : 12,
          "timeZone" : 4,
          "moonPhase" : "phase2",
          "date" : "2019-07-13T13:33+0000"
        },
        {
          "signDate" : "2019-07-12T15:04+0000",
          "moonPhaseDate" : "2019-07-09T10:55+0000",
          "sign" : "sagittarius",
          "age" : 13,
          "timeZone" : 4,
          "moonPhase" : "phase2",
          "date" : "2019-07-14T14:35+0000"
        },
        {
          "signDate" : "2019-07-14T23:03+0000",
          "moonPhaseDate" : "2019-07-09T10:55+0000",
          "sign" : "capricorn",
          "age" : 14,
          "timeZone" : 4,
          "moonPhase" : "phase2",
          "date" : "2019-07-15T15:31+0000"
        },
        {
          "signDate" : "2019-07-14T23:03+0000",
          "moonPhaseDate" : "2019-07-09T10:55+0000",
          "sign" : "capricorn",
          "age" : 15,
          "timeZone" : 4,
          "moonPhase" : "phase2",
          "date" : "2019-07-16T16:21+0000"
        },
        {
          "signDate" : "2019-07-17T09:18+0000",
          "moonPhaseDate" : "2019-07-16T21:38+0000",
          "sign" : "aquarius",
          "age" : 16,
          "timeZone" : 4,
          "moonPhase" : "fullMoon",
          "date" : "2019-07-17T17:05+0000"
        },
        {
          "signDate" : "2019-07-17T09:18+0000",
          "moonPhaseDate" : "2019-07-16T21:38+0000",
          "sign" : "aquarius",
          "age" : 17,
          "timeZone" : 4,
          "moonPhase" : "phase3",
          "date" : "2019-07-18T17:43+0000"
        },
        {
          "moonPhaseDate" : "2019-07-16T21:38+0000",
          "signDate" : "2019-07-17T09:18+0000",
          "sign" : "aquarius",
          "age" : 18,
          "timeZone" : 4,
          "moonPhase" : "phase3",
          "date" : "2019-07-19T18:16+0000"
        },
        {
          "sign" : "pisces",
          "timeZone" : 4,
          "moonPhase" : "phase3",
          "date" : "2019-07-20T18:44+0000",
          "age" : 19,
          "signDate" : "2019-07-19T21:19+0000",
          "moonPhaseDate" : "2019-07-16T21:38+0000"
        },
        {
          "sign" : "pisces",
          "timeZone" : 4,
          "moonPhase" : "phase3",
          "date" : "2019-07-21T19:11+0000",
          "age" : 20,
          "signDate" : "2019-07-19T21:19+0000",
          "moonPhaseDate" : "2019-07-16T21:38+0000"
        },
        {
          "moonPhaseDate" : "2019-07-16T21:38+0000",
          "timeZone" : 4,
          "moonPhase" : "phase3",
          "date" : "2019-07-22T19:35+0000",
          "age" : 21,
          "signDate" : "2019-07-22T10:01+0000",
          "sign" : "aries"
        },
        {
          "moonPhaseDate" : "2019-07-16T21:38+0000",
          "timeZone" : 4,
          "moonPhase" : "phase3",
          "date" : "2019-07-23T20:00+0000",
          "age" : 22,
          "signDate" : "2019-07-22T10:01+0000",
          "sign" : "aries"
        },
        {
          "moonPhaseDate" : "2019-07-25T01:18+0000",
          "timeZone" : 4,
          "moonPhase" : "phase4",
          "date" : "2019-07-24T20:25+0000",
          "age" : 23,
          "signDate" : "2019-07-24T21:40+0000",
          "sign" : "taurus"
        },
        {
          "moonPhaseDate" : "2019-07-25T01:18+0000",
          "timeZone" : 4,
          "moonPhase" : "phase4",
          "date" : "2019-07-25T20:52+0000",
          "age" : 24,
          "signDate" : "2019-07-24T21:40+0000",
          "sign" : "taurus"
        },
        {
          "moonPhaseDate" : "2019-07-25T01:18+0000",
          "timeZone" : 4,
          "moonPhase" : "phase4",
          "date" : "2019-07-26T21:23+0000",
          "age" : 25,
          "signDate" : "2019-07-27T06:28+0000",
          "sign" : "gemini"
        },
        {
          "sign" : "gemini",
          "timeZone" : 4,
          "moonPhase" : "phase4",
          "date" : "2019-07-27T22:00+0000",
          "age" : 26,
          "signDate" : "2019-07-27T06:28+0000",
          "moonPhaseDate" : "2019-07-25T01:18+0000"
        },
        {
          "moonPhaseDate" : "2019-07-25T01:18+0000",
          "timeZone" : 4,
          "moonPhase" : "phase4",
          "date" : "2019-07-28T22:43+0000",
          "age" : 27,
          "signDate" : "2019-07-29T11:30+0000",
          "sign" : "cancer"
        },
        {
          "moonPhaseDate" : "2019-07-25T01:18+0000",
          "timeZone" : 4,
          "moonPhase" : "phase4",
          "date" : "2019-07-29T23:36+0000",
          "age" : 28,
          "signDate" : "2019-07-29T11:30+0000",
          "sign" : "cancer"
        },
        {
          "moonPhaseDate" : "2019-07-25T01:18+0000",
          "timeZone" : 4,
          "moonPhase" : "phase4",
          "date" : "2019-07-31T00:39+0000",
          "age" : 29,
          "signDate" : "2019-07-31T13:18+0000",
          "sign" : "leo"
        },
        {
          "moonPhaseDate" : "2019-08-01T03:12+0000",
          "timeZone" : 4,
          "moonPhase" : "newMoon",
          "date" : "2019-08-01T01:50+0000",
          "age" : 30,
          "signDate" : "2019-07-31T13:18+0000",
          "sign" : "leo"
        },
        {
          "moonPhaseDate" : "2019-08-01T03:12+0000",
          "timeZone" : 4,
          "moonPhase" : "newMoon",
          "date" : "2019-08-01T03:12+0000",
          "age" : 1,
          "signDate" : "2019-07-31T13:18+0000",
          "sign" : "leo"
        },
        {
          "sign" : "virgo",
          "timeZone" : 4,
          "moonPhase" : "phase1",
          "date" : "2019-08-02T03:05+0000",
          "age" : 2,
          "signDate" : "2019-08-02T13:23+0000",
          "moonPhaseDate" : "2019-08-01T03:12+0000"
        },
        {
          "moonPhaseDate" : "2019-08-01T03:12+0000",
          "timeZone" : 4,
          "moonPhase" : "phase1",
          "date" : "2019-08-03T04:22+0000",
          "age" : 3,
          "signDate" : "2019-08-02T13:23+0000",
          "sign" : "virgo"
        },
        {
          "moonPhaseDate" : "2019-08-01T03:12+0000",
          "timeZone" : 4,
          "moonPhase" : "phase1",
          "date" : "2019-08-04T05:38+0000",
          "age" : 4,
          "signDate" : "2019-08-04T13:32+0000",
          "sign" : "libra"
        },
        {
          "moonPhaseDate" : "2019-08-01T03:12+0000",
          "moonPhase" : "phase1",
          "timeZone" : 4,
          "date" : "2019-08-05T06:51+0000",
          "age" : 5,
          "signDate" : "2019-08-04T13:32+0000",
          "sign" : "libra"
        },
        {
          "moonPhaseDate" : "2019-08-01T03:12+0000",
          "timeZone" : 4,
          "moonPhase" : "phase1",
          "date" : "2019-08-06T08:03+0000",
          "age" : 6,
          "signDate" : "2019-08-06T15:31+0000",
          "sign" : "scorpio"
        },
        {
          "moonPhaseDate" : "2019-08-07T17:31+0000",
          "timeZone" : 4,
          "moonPhase" : "phase2",
          "date" : "2019-08-07T09:12+0000",
          "age" : 7,
          "signDate" : "2019-08-06T15:31+0000",
          "sign" : "scorpio"
        },
        {
          "moonPhaseDate" : "2019-08-07T17:31+0000",
          "timeZone" : 4,
          "moonPhase" : "phase2",
          "date" : "2019-08-08T10:21+0000",
          "age" : 8,
          "signDate" : "2019-08-06T15:31+0000",
          "sign" : "scorpio"
        },
        {
          "moonPhaseDate" : "2019-08-07T17:31+0000",
          "timeZone" : 4,
          "moonPhase" : "phase2",
          "date" : "2019-08-09T11:27+0000",
          "age" : 9,
          "signDate" : "2019-08-08T20:32+0000",
          "sign" : "sagittarius"
        },
        {
          "moonPhaseDate" : "2019-08-07T17:31+0000",
          "timeZone" : 4,
          "moonPhase" : "phase2",
          "date" : "2019-08-10T12:29+0000",
          "age" : 10,
          "signDate" : "2019-08-08T20:32+0000",
          "sign" : "sagittarius"
        },
        {
          "moonPhaseDate" : "2019-08-07T17:31+0000",
          "timeZone" : 4,
          "moonPhase" : "phase2",
          "date" : "2019-08-11T13:26+0000",
          "age" : 11,
          "signDate" : "2019-08-11T04:48+0000",
          "sign" : "capricorn"
        },
        {
          "moonPhaseDate" : "2019-08-07T17:31+0000",
          "timeZone" : 4,
          "moonPhase" : "phase2",
          "date" : "2019-08-12T14:18+0000",
          "age" : 12,
          "signDate" : "2019-08-11T04:48+0000",
          "sign" : "capricorn"
        },
        {
          "moonPhaseDate" : "2019-08-07T17:31+0000",
          "timeZone" : 4,
          "moonPhase" : "phase2",
          "date" : "2019-08-13T15:04+0000",
          "age" : 13,
          "signDate" : "2019-08-13T15:36+0000",
          "sign" : "aquarius"
        },
        {
          "moonPhaseDate" : "2019-08-07T17:31+0000",
          "timeZone" : 4,
          "moonPhase" : "phase2",
          "date" : "2019-08-14T15:43+0000",
          "age" : 14,
          "signDate" : "2019-08-13T15:36+0000",
          "sign" : "aquarius"
        },
        {
          "moonPhaseDate" : "2019-08-15T12:29+0000",
          "timeZone" : 4,
          "moonPhase" : "fullMoon",
          "date" : "2019-08-15T16:17+0000",
          "age" : 15,
          "signDate" : "2019-08-13T15:36+0000",
          "sign" : "aquarius"
        },
        {
          "moonPhaseDate" : "2019-08-15T12:29+0000",
          "timeZone" : 4,
          "moonPhase" : "phase3",
          "date" : "2019-08-16T16:47+0000",
          "age" : 16,
          "signDate" : "2019-08-16T03:50+0000",
          "sign" : "pisces"
        },
        {
          "moonPhaseDate" : "2019-08-15T12:29+0000",
          "timeZone" : 4,
          "moonPhase" : "phase3",
          "date" : "2019-08-17T17:14+0000",
          "age" : 17,
          "signDate" : "2019-08-16T03:50+0000",
          "sign" : "pisces"
        },
        {
          "moonPhaseDate" : "2019-08-15T12:29+0000",
          "timeZone" : 4,
          "moonPhase" : "phase3",
          "date" : "2019-08-18T17:39+0000",
          "age" : 18,
          "signDate" : "2019-08-18T16:32+0000",
          "sign" : "aries"
        },
        {
          "moonPhaseDate" : "2019-08-15T12:29+0000",
          "timeZone" : 4,
          "moonPhase" : "phase3",
          "date" : "2019-08-19T18:03+0000",
          "age" : 19,
          "signDate" : "2019-08-18T16:32+0000",
          "sign" : "aries"
        },
        {
          "moonPhaseDate" : "2019-08-15T12:29+0000",
          "timeZone" : 4,
          "moonPhase" : "phase3",
          "date" : "2019-08-20T18:28+0000",
          "age" : 20,
          "signDate" : "2019-08-18T16:32+0000",
          "sign" : "aries"
        },
        {
          "moonPhaseDate" : "2019-08-15T12:29+0000",
          "timeZone" : 4,
          "moonPhase" : "phase3",
          "date" : "2019-08-21T18:54+0000",
          "age" : 21,
          "signDate" : "2019-08-21T04:36+0000",
          "sign" : "taurus"
        },
        {
          "moonPhaseDate" : "2019-08-15T12:29+0000",
          "timeZone" : 4,
          "moonPhase" : "phase3",
          "date" : "2019-08-22T19:22+0000",
          "age" : 22,
          "signDate" : "2019-08-21T04:36+0000",
          "sign" : "taurus"
        },
        {
          "moonPhaseDate" : "2019-08-23T14:56+0000",
          "moonPhase" : "phase4",
          "timeZone" : 4,
          "date" : "2019-08-23T19:55+0000",
          "age" : 23,
          "signDate" : "2019-08-23T14:34+0000",
          "sign" : "gemini"
        },
        {
          "moonPhaseDate" : "2019-08-23T14:56+0000",
          "moonPhase" : "phase4",
          "timeZone" : 4,
          "date" : "2019-08-24T20:34+0000",
          "age" : 24,
          "signDate" : "2019-08-23T14:34+0000",
          "sign" : "gemini"
        },
        {
          "moonPhaseDate" : "2019-08-23T14:56+0000",
          "timeZone" : 4,
          "moonPhase" : "phase4",
          "date" : "2019-08-25T21:22+0000",
          "age" : 25,
          "signDate" : "2019-08-25T21:05+0000",
          "sign" : "cancer"
        },
        {
          "moonPhaseDate" : "2019-08-23T14:56+0000",
          "moonPhase" : "phase4",
          "timeZone" : 4,
          "date" : "2019-08-26T22:18+0000",
          "age" : 26,
          "signDate" : "2019-08-25T21:05+0000",
          "sign" : "cancer"
        },
        {
          "moonPhaseDate" : "2019-08-23T14:56+0000",
          "moonPhase" : "phase4",
          "timeZone" : 4,
          "date" : "2019-08-27T23:24+0000",
          "age" : 27,
          "signDate" : "2019-08-27T23:51+0000",
          "sign" : "leo"
        },
        {
          "sign" : "leo",
          "timeZone" : 4,
          "moonPhase" : "phase4",
          "date" : "2019-08-29T00:37+0000",
          "age" : 28,
          "signDate" : "2019-08-27T23:51+0000",
          "moonPhaseDate" : "2019-08-23T14:56+0000"
        },
        {
          "moonPhaseDate" : "2019-08-30T10:37+0000",
          "timeZone" : 4,
          "moonPhase" : "newMoon",
          "date" : "2019-08-30T01:54+0000",
          "age" : 29,
          "signDate" : "2019-08-29T23:57+0000",
          "sign" : "virgo"
        },
        {
          "moonPhaseDate" : "2019-08-30T10:37+0000",
          "timeZone" : 4,
          "moonPhase" : "newMoon",
          "date" : "2019-08-30T10:37+0000",
          "age" : 1,
          "signDate" : "2019-08-29T23:57+0000",
          "sign" : "virgo"
        },
        {
          "moonPhaseDate" : "2019-08-30T10:37+0000",
          "timeZone" : 4,
          "moonPhase" : "phase1",
          "date" : "2019-08-31T03:12+0000",
          "age" : 2,
          "signDate" : "2019-08-29T23:57+0000",
          "sign" : "virgo"
        },
        {
          "moonPhaseDate" : null,
          "timeZone" : 4,
          "moonPhase" : "phase1",
          "date" : "2019-09-01T04:29+0000",
          "age" : 3,
          "signDate" : "2019-08-31T23:12+0000",
          "sign" : "libra"
        },
        {
          "moonPhaseDate" : null,
          "timeZone" : 4,
          "moonPhase" : "phase1",
          "date" : "2019-09-02T05:45+0000",
          "age" : 4,
          "signDate" : "2019-08-31T23:12+0000",
          "sign" : "libra"
        },
        {
          "moonPhaseDate" : null,
          "timeZone" : 4,
          "moonPhase" : "phase1",
          "date" : "2019-09-03T06:58+0000",
          "age" : 5,
          "signDate" : "2019-09-02T23:38+0000",
          "sign" : "scorpio"
        },
        {
          "moonPhaseDate" : null,
          "moonPhase" : "phase1",
          "timeZone" : 4,
          "date" : "2019-09-04T08:09+0000",
          "age" : 6,
          "signDate" : "2019-09-02T23:38+0000",
          "sign" : "scorpio"
        },
        {
          "moonPhaseDate" : null,
          "moonPhase" : "phase1",
          "timeZone" : 4,
          "date" : "2019-09-05T09:18+0000",
          "age" : 7,
          "signDate" : "2019-09-05T03:06+0000",
          "sign" : "sagittarius"
        },
        {
          "moonPhaseDate" : "2019-09-06T03:10+0000",
          "timeZone" : 4,
          "moonPhase" : "phase2",
          "date" : "2019-09-06T10:22+0000",
          "age" : 8,
          "signDate" : "2019-09-05T03:06+0000",
          "sign" : "sagittarius"
        },
        {
          "moonPhaseDate" : "2019-09-06T03:10+0000",
          "timeZone" : 4,
          "moonPhase" : "phase2",
          "date" : "2019-09-07T11:22+0000",
          "age" : 9,
          "signDate" : "2019-09-07T10:35+0000",
          "sign" : "capricorn"
        },
        {
          "moonPhaseDate" : "2019-09-06T03:10+0000",
          "timeZone" : 4,
          "moonPhase" : "phase2",
          "date" : "2019-09-08T12:16+0000",
          "age" : 10,
          "signDate" : "2019-09-07T10:35+0000",
          "sign" : "capricorn"
        },
        {
          "moonPhaseDate" : "2019-09-06T03:10+0000",
          "timeZone" : 4,
          "moonPhase" : "phase2",
          "date" : "2019-09-09T13:03+0000",
          "age" : 11,
          "signDate" : "2019-09-07T10:35+0000",
          "sign" : "capricorn"
        },
        {
          "moonPhaseDate" : "2019-09-06T03:10+0000",
          "timeZone" : 4,
          "moonPhase" : "phase2",
          "date" : "2019-09-10T13:44+0000",
          "age" : 12,
          "signDate" : "2019-09-09T21:25+0000",
          "sign" : "aquarius"
        },
        {
          "moonPhaseDate" : "2019-09-06T03:10+0000",
          "moonPhase" : "phase2",
          "timeZone" : 4,
          "date" : "2019-09-11T14:19+0000",
          "age" : 13,
          "signDate" : "2019-09-09T21:25+0000",
          "sign" : "aquarius"
        },
        {
          "moonPhaseDate" : "2019-09-06T03:10+0000",
          "moonPhase" : "phase2",
          "timeZone" : 4,
          "date" : "2019-09-12T14:50+0000",
          "age" : 14,
          "signDate" : "2019-09-12T09:53+0000",
          "sign" : "pisces"
        },
        {
          "moonPhaseDate" : "2019-09-06T03:10+0000",
          "moonPhase" : "phase2",
          "timeZone" : 4,
          "date" : "2019-09-13T15:18+0000",
          "age" : 15,
          "signDate" : "2019-09-12T09:53+0000",
          "sign" : "pisces"
        },
        {
          "sign" : "pisces",
          "timeZone" : 4,
          "moonPhase" : "fullMoon",
          "date" : "2019-09-14T15:43+0000",
          "age" : 16,
          "signDate" : "2019-09-12T09:53+0000",
          "moonPhaseDate" : "2019-09-14T04:33+0000"
        },
        {
          "moonPhaseDate" : "2019-09-14T04:33+0000",
          "timeZone" : 4,
          "moonPhase" : "phase3",
          "date" : "2019-09-15T16:07+0000",
          "age" : 17,
          "signDate" : "2019-09-14T22:32+0000",
          "sign" : "aries"
        },
        {
          "sign" : "aries",
          "timeZone" : 4,
          "moonPhase" : "phase3",
          "date" : "2019-09-16T16:32+0000",
          "age" : 18,
          "signDate" : "2019-09-14T22:32+0000",
          "moonPhaseDate" : "2019-09-14T04:33+0000"
        },
        {
          "sign" : "taurus",
          "timeZone" : 4,
          "moonPhase" : "phase3",
          "date" : "2019-09-17T16:57+0000",
          "age" : 19,
          "signDate" : "2019-09-17T10:30+0000",
          "moonPhaseDate" : "2019-09-14T04:33+0000"
        },
        {
          "moonPhaseDate" : "2019-09-14T04:33+0000",
          "timeZone" : 4,
          "moonPhase" : "phase3",
          "date" : "2019-09-18T17:24+0000",
          "age" : 20,
          "signDate" : "2019-09-17T10:30+0000",
          "sign" : "taurus"
        },
        {
          "moonPhaseDate" : "2019-09-14T04:33+0000",
          "timeZone" : 4,
          "moonPhase" : "phase3",
          "date" : "2019-09-19T17:54+0000",
          "age" : 21,
          "signDate" : "2019-09-17T10:30+0000",
          "sign" : "taurus"
        },
        {
          "moonPhaseDate" : "2019-09-14T04:33+0000",
          "timeZone" : 4,
          "moonPhase" : "phase3",
          "date" : "2019-09-20T18:31+0000",
          "age" : 22,
          "signDate" : "2019-09-19T20:58+0000",
          "sign" : "gemini"
        },
        {
          "moonPhaseDate" : "2019-09-14T04:33+0000",
          "moonPhase" : "phase3",
          "timeZone" : 4,
          "date" : "2019-09-21T19:14+0000",
          "age" : 23,
          "signDate" : "2019-09-19T20:58+0000",
          "sign" : "gemini"
        },
        {
          "moonPhaseDate" : "2019-09-22T02:41+0000",
          "timeZone" : 4,
          "moonPhase" : "phase4",
          "date" : "2019-09-22T20:05+0000",
          "age" : 24,
          "signDate" : "2019-09-19T20:58+0000",
          "sign" : "cancer"
        },
        {
          "moonPhaseDate" : "2019-09-22T02:41+0000",
          "timeZone" : 4,
          "moonPhase" : "phase4",
          "date" : "2019-09-23T21:04+0000",
          "age" : 25,
          "signDate" : "2019-09-24T09:19+0000",
          "sign" : "leo"
        },
        {
          "moonPhaseDate" : "2019-09-22T02:41+0000",
          "timeZone" : 4,
          "moonPhase" : "phase4",
          "date" : "2019-09-24T22:12+0000",
          "age" : 26,
          "signDate" : "2019-09-24T09:19+0000",
          "sign" : "leo"
        },
        {
          "moonPhaseDate" : "2019-09-22T02:41+0000",
          "timeZone" : 4,
          "moonPhase" : "phase4",
          "date" : "2019-09-25T23:26+0000",
          "age" : 27,
          "signDate" : "2019-09-26T10:35+0000",
          "sign" : "virgo"
        },
        {
          "sign" : "virgo",
          "timeZone" : 4,
          "moonPhase" : "phase4",
          "date" : "2019-09-27T00:43+0000",
          "age" : 28,
          "signDate" : "2019-09-26T10:35+0000",
          "moonPhaseDate" : "2019-09-22T02:41+0000"
        },
        {
          "moonPhaseDate" : "2019-09-28T18:26+0000",
          "timeZone" : 4,
          "moonPhase" : "newMoon",
          "date" : "2019-09-28T02:00+0000",
          "age" : 29,
          "signDate" : "2019-09-28T10:04+0000",
          "sign" : "libra"
        },
        {
          "moonPhaseDate" : "2019-09-28T18:26+0000",
          "timeZone" : 4,
          "moonPhase" : "newMoon",
          "date" : "2019-09-28T18:26+0000",
          "age" : 1,
          "signDate" : "2019-09-28T10:04+0000",
          "sign" : "libra"
        },
        {
          "moonPhaseDate" : "2019-09-28T18:26+0000",
          "moonPhase" : "phase1",
          "timeZone" : 4,
          "date" : "2019-09-29T03:17+0000",
          "age" : 2,
          "signDate" : "2019-09-28T10:04+0000",
          "sign" : "libra"
        },
        {
          "moonPhaseDate" : "2019-09-28T18:26+0000",
          "timeZone" : 4,
          "moonPhase" : "phase1",
          "date" : "2019-09-30T04:33+0000",
          "age" : 3,
          "signDate" : "2019-09-30T09:45+0000",
          "sign" : "scorpio"
        },
        {
          "moonPhaseDate" : null,
          "moonPhase" : "phase1",
          "timeZone" : 4,
          "date" : "2019-10-01T05:48+0000",
          "age" : 4,
          "signDate" : "2019-09-30T09:45+0000",
          "sign" : "scorpio"
        },
        {
          "moonPhaseDate" : null,
          "timeZone" : 4,
          "moonPhase" : "phase1",
          "date" : "2019-10-02T07:00+0000",
          "age" : 5,
          "signDate" : "2019-10-02T11:45+0000",
          "sign" : "sagittarius"
        },
        {
          "moonPhaseDate" : null,
          "timeZone" : 4,
          "moonPhase" : "phase1",
          "date" : "2019-10-03T08:10+0000",
          "age" : 6,
          "signDate" : "2019-10-02T11:45+0000",
          "sign" : "sagittarius"
        },
        {
          "moonPhaseDate" : null,
          "timeZone" : 4,
          "moonPhase" : "phase1",
          "date" : "2019-10-04T09:14+0000",
          "age" : 7,
          "signDate" : "2019-10-04T17:41+0000",
          "sign" : "capricorn"
        },
        {
          "moonPhaseDate" : "2019-10-05T16:47+0000",
          "timeZone" : 4,
          "moonPhase" : "phase2",
          "date" : "2019-10-05T10:11+0000",
          "age" : 8,
          "signDate" : "2019-10-04T17:41+0000",
          "sign" : "capricorn"
        },
        {
          "moonPhaseDate" : "2019-10-05T16:47+0000",
          "timeZone" : 4,
          "moonPhase" : "phase2",
          "date" : "2019-10-06T11:01+0000",
          "age" : 9,
          "signDate" : "2019-10-04T17:41+0000",
          "sign" : "capricorn"
        },
        {
          "moonPhaseDate" : "2019-10-05T16:47+0000",
          "timeZone" : 4,
          "moonPhase" : "phase2",
          "date" : "2019-10-07T11:45+0000",
          "age" : 10,
          "signDate" : "2019-10-07T03:43+0000",
          "sign" : "aquarius"
        },
        {
          "moonPhaseDate" : "2019-10-05T16:47+0000",
          "timeZone" : 4,
          "moonPhase" : "phase2",
          "date" : "2019-10-08T12:22+0000",
          "age" : 11,
          "signDate" : "2019-10-07T03:43+0000",
          "sign" : "aquarius"
        },
        {
          "moonPhaseDate" : "2019-10-05T16:47+0000",
          "timeZone" : 4,
          "moonPhase" : "phase2",
          "date" : "2019-10-09T12:54+0000",
          "age" : 12,
          "signDate" : "2019-10-09T16:08+0000",
          "sign" : "pisces"
        },
        {
          "moonPhaseDate" : "2019-10-05T16:47+0000",
          "timeZone" : 4,
          "moonPhase" : "phase2",
          "date" : "2019-10-10T13:22+0000",
          "age" : 13,
          "signDate" : "2019-10-09T16:08+0000",
          "sign" : "pisces"
        },
        {
          "moonPhaseDate" : "2019-10-05T16:47+0000",
          "moonPhase" : "phase2",
          "timeZone" : 4,
          "date" : "2019-10-11T13:48+0000",
          "age" : 14,
          "signDate" : "2019-10-09T16:08+0000",
          "sign" : "pisces"
        },
        {
          "moonPhaseDate" : "2019-10-05T16:47+0000",
          "timeZone" : 4,
          "moonPhase" : "phase2",
          "date" : "2019-10-12T14:12+0000",
          "age" : 15,
          "signDate" : "2019-10-12T04:46+0000",
          "sign" : "aries"
        },
        {
          "moonPhaseDate" : "2019-10-05T16:47+0000",
          "timeZone" : 4,
          "moonPhase" : "phase2",
          "date" : "2019-10-13T14:36+0000",
          "age" : 16,
          "signDate" : "2019-10-12T04:46+0000",
          "sign" : "aries"
        },
        {
          "moonPhaseDate" : "2019-10-13T21:08+0000",
          "timeZone" : 4,
          "moonPhase" : "fullMoon",
          "date" : "2019-10-14T15:01+0000",
          "age" : 17,
          "signDate" : "2019-10-14T16:23+0000",
          "sign" : "taurus"
        },
        {
          "sign" : "taurus",
          "timeZone" : 4,
          "moonPhase" : "phase3",
          "date" : "2019-10-15T15:27+0000",
          "age" : 18,
          "signDate" : "2019-10-14T16:23+0000",
          "moonPhaseDate" : "2019-10-13T21:08+0000"
        },
        {
          "moonPhaseDate" : "2019-10-13T21:08+0000",
          "timeZone" : 4,
          "moonPhase" : "phase3",
          "date" : "2019-10-16T15:57+0000",
          "age" : 19,
          "signDate" : "2019-10-14T16:23+0000",
          "sign" : "taurus"
        },
        {
          "sign" : "gemini",
          "timeZone" : 4,
          "moonPhase" : "phase3",
          "date" : "2019-10-17T16:31+0000",
          "age" : 20,
          "signDate" : "2019-10-17T02:29+0000",
          "moonPhaseDate" : "2019-10-13T21:08+0000"
        },
        {
          "moonPhaseDate" : "2019-10-13T21:08+0000",
          "moonPhase" : "phase3",
          "timeZone" : 4,
          "date" : "2019-10-18T17:11+0000",
          "age" : 21,
          "signDate" : "2019-10-17T02:29+0000",
          "sign" : "gemini"
        },
        {
          "moonPhaseDate" : "2019-10-13T21:08+0000",
          "timeZone" : 4,
          "moonPhase" : "phase3",
          "date" : "2019-10-19T17:59+0000",
          "age" : 22,
          "signDate" : "2019-10-19T10:42+0000",
          "sign" : "cancer"
        },
        {
          "moonPhaseDate" : "2019-10-13T21:08+0000",
          "timeZone" : 4,
          "moonPhase" : "phase3",
          "date" : "2019-10-20T18:54+0000",
          "age" : 23,
          "signDate" : "2019-10-19T10:42+0000",
          "sign" : "cancer"
        },
        {
          "moonPhaseDate" : "2019-10-21T12:39+0000",
          "timeZone" : 4,
          "moonPhase" : "phase4",
          "date" : "2019-10-21T19:57+0000",
          "age" : 24,
          "signDate" : "2019-10-21T16:30+0000",
          "sign" : "leo"
        },
        {
          "moonPhaseDate" : "2019-10-21T12:39+0000",
          "timeZone" : 4,
          "moonPhase" : "phase4",
          "date" : "2019-10-22T21:07+0000",
          "age" : 25,
          "signDate" : "2019-10-23T19:30+0000",
          "sign" : "virgo"
        },
        {
          "moonPhaseDate" : "2019-10-21T12:39+0000",
          "moonPhase" : "phase4",
          "timeZone" : 4,
          "date" : "2019-10-23T22:20+0000",
          "age" : 26,
          "signDate" : "2019-10-23T19:30+0000",
          "sign" : "virgo"
        },
        {
          "moonPhaseDate" : "2019-10-21T12:39+0000",
          "timeZone" : 4,
          "moonPhase" : "phase4",
          "date" : "2019-10-24T23:35+0000",
          "age" : 27,
          "signDate" : "2019-10-23T19:30+0000",
          "sign" : "virgo"
        },
        {
          "moonPhaseDate" : "2019-10-21T12:39+0000",
          "timeZone" : 4,
          "moonPhase" : "phase4",
          "date" : "2019-10-26T00:50+0000",
          "age" : 28,
          "signDate" : "2019-10-25T20:20+0000",
          "sign" : "libra"
        },
        {
          "moonPhaseDate" : "2019-10-21T12:39+0000",
          "timeZone" : 4,
          "moonPhase" : "phase4",
          "date" : "2019-10-27T02:06+0000",
          "age" : 29,
          "signDate" : "2019-10-25T20:20+0000",
          "sign" : "libra"
        },
        {
          "moonPhaseDate" : "2019-10-28T03:38+0000",
          "timeZone" : 4,
          "moonPhase" : "newMoon",
          "date" : "2019-10-28T03:21+0000",
          "age" : 30,
          "signDate" : "2019-10-27T20:31+0000",
          "sign" : "scorpio"
        },
        {
          "moonPhaseDate" : "2019-10-28T03:38+0000",
          "timeZone" : 4,
          "moonPhase" : "newMoon",
          "date" : "2019-10-28T03:38+0000",
          "age" : 1,
          "signDate" : "2019-10-27T20:31+0000",
          "sign" : "scorpio"
        },
        {
          "moonPhaseDate" : "2019-10-28T03:38+0000",
          "timeZone" : 4,
          "moonPhase" : "phase1",
          "date" : "2019-10-29T04:36+0000",
          "age" : 2,
          "signDate" : "2019-10-27T20:31+0000",
          "sign" : "scorpio"
        },
        {
          "moonPhaseDate" : "2019-10-28T03:38+0000",
          "moonPhase" : "phase1",
          "timeZone" : 4,
          "date" : "2019-10-30T05:49+0000",
          "age" : 3,
          "signDate" : "2019-10-29T22:00+0000",
          "sign" : "sagittarius"
        },
        {
          "moonPhaseDate" : "2019-10-28T03:38+0000",
          "timeZone" : 4,
          "moonPhase" : "phase1",
          "date" : "2019-10-31T06:57+0000",
          "age" : 4,
          "signDate" : "2019-10-29T22:00+0000",
          "sign" : "sagittarius"
        },
        {
          "moonPhaseDate" : null,
          "timeZone" : 4,
          "moonPhase" : "phase1",
          "date" : "2019-11-01T08:00+0000",
          "age" : 5,
          "signDate" : "2019-11-01T02:38+0000",
          "sign" : "capricorn"
        },
        {
          "moonPhaseDate" : null,
          "timeZone" : 4,
          "moonPhase" : "phase1",
          "date" : "2019-11-02T08:55+0000",
          "age" : 6,
          "signDate" : "2019-11-01T02:38+0000",
          "sign" : "capricorn"
        },
        {
          "moonPhaseDate" : null,
          "timeZone" : 4,
          "moonPhase" : "phase1",
          "date" : "2019-11-03T09:42+0000",
          "age" : 7,
          "signDate" : "2019-11-03T11:21+0000",
          "sign" : "aquarius"
        },
        {
          "moonPhaseDate" : "2019-11-04T10:23+0000",
          "timeZone" : 4,
          "moonPhase" : "phase2",
          "date" : "2019-11-04T10:22+0000",
          "age" : 8,
          "signDate" : "2019-11-03T11:21+0000",
          "sign" : "aquarius"
        },
        {
          "moonPhaseDate" : "2019-11-04T10:23+0000",
          "timeZone" : 4,
          "moonPhase" : "phase2",
          "date" : "2019-11-05T10:56+0000",
          "age" : 9,
          "signDate" : "2019-11-03T11:21+0000",
          "sign" : "aquarius"
        },
        {
          "moonPhaseDate" : "2019-11-04T10:23+0000",
          "timeZone" : 4,
          "moonPhase" : "phase2",
          "date" : "2019-11-06T11:25+0000",
          "age" : 10,
          "signDate" : "2019-11-05T23:11+0000",
          "sign" : "pisces"
        },
        {
          "moonPhaseDate" : "2019-11-04T10:23+0000",
          "timeZone" : 4,
          "moonPhase" : "phase2",
          "date" : "2019-11-07T11:52+0000",
          "age" : 11,
          "signDate" : "2019-11-05T23:11+0000",
          "sign" : "pisces"
        },
        {
          "moonPhaseDate" : "2019-11-04T10:23+0000",
          "moonPhase" : "phase2",
          "timeZone" : 4,
          "date" : "2019-11-08T12:16+0000",
          "age" : 12,
          "signDate" : "2019-11-08T11:50+0000",
          "sign" : "aries"
        },
        {
          "moonPhaseDate" : "2019-11-04T10:23+0000",
          "timeZone" : 4,
          "moonPhase" : "phase2",
          "date" : "2019-11-09T12:40+0000",
          "age" : 13,
          "signDate" : "2019-11-08T11:50+0000",
          "sign" : "aries"
        },
        {
          "moonPhaseDate" : "2019-11-04T10:23+0000",
          "timeZone" : 4,
          "moonPhase" : "phase2",
          "date" : "2019-11-10T13:04+0000",
          "age" : 14,
          "signDate" : "2019-11-08T11:50+0000",
          "sign" : "aries"
        },
        {
          "moonPhaseDate" : "2019-11-04T10:23+0000",
          "moonPhase" : "phase2",
          "timeZone" : 4,
          "date" : "2019-11-11T13:30+0000",
          "age" : 15,
          "signDate" : "2019-11-10T23:19+0000",
          "sign" : "taurus"
        },
        {
          "moonPhaseDate" : "2019-11-12T13:35+0000",
          "timeZone" : 4,
          "moonPhase" : "fullMoon",
          "date" : "2019-11-12T13:58+0000",
          "age" : 16,
          "signDate" : "2019-11-10T23:19+0000",
          "sign" : "taurus"
        },
        {
          "moonPhaseDate" : "2019-11-12T13:35+0000",
          "timeZone" : 4,
          "moonPhase" : "phase3",
          "date" : "2019-11-13T14:31+0000",
          "age" : 17,
          "signDate" : "2019-11-13T08:45+0000",
          "sign" : "gemini"
        },
        {
          "moonPhaseDate" : "2019-11-12T13:35+0000",
          "timeZone" : 4,
          "moonPhase" : "phase3",
          "date" : "2019-11-14T15:09+0000",
          "age" : 18,
          "signDate" : "2019-11-13T08:45+0000",
          "sign" : "gemini"
        },
        {
          "sign" : "cancer",
          "timeZone" : 4,
          "moonPhase" : "phase3",
          "date" : "2019-11-15T15:55+0000",
          "age" : 19,
          "signDate" : "2019-11-15T16:12+0000",
          "moonPhaseDate" : "2019-11-12T13:35+0000"
        },
        {
          "moonPhaseDate" : "2019-11-12T13:35+0000",
          "timeZone" : 4,
          "moonPhase" : "phase3",
          "date" : "2019-11-16T16:48+0000",
          "age" : 20,
          "signDate" : "2019-11-15T16:12+0000",
          "sign" : "cancer"
        },
        {
          "moonPhaseDate" : "2019-11-12T13:35+0000",
          "timeZone" : 4,
          "moonPhase" : "phase3",
          "date" : "2019-11-17T17:49+0000",
          "age" : 21,
          "signDate" : "2019-11-15T16:12+0000",
          "sign" : "cancer"
        },
        {
          "moonPhaseDate" : "2019-11-12T13:35+0000",
          "timeZone" : 4,
          "moonPhase" : "phase3",
          "date" : "2019-11-18T18:56+0000",
          "age" : 22,
          "signDate" : "2019-11-17T21:54+0000",
          "sign" : "leo"
        },
        {
          "moonPhaseDate" : "2019-11-19T21:11+0000",
          "timeZone" : 4,
          "moonPhase" : "phase4",
          "date" : "2019-11-19T20:07+0000",
          "age" : 23,
          "signDate" : "2019-11-20T01:54+0000",
          "sign" : "virgo"
        },
        {
          "moonPhaseDate" : "2019-11-19T21:11+0000",
          "timeZone" : 4,
          "moonPhase" : "phase4",
          "date" : "2019-11-20T21:19+0000",
          "age" : 24,
          "signDate" : "2019-11-20T01:54+0000",
          "sign" : "virgo"
        },
        {
          "moonPhaseDate" : "2019-11-19T21:11+0000",
          "timeZone" : 4,
          "moonPhase" : "phase4",
          "date" : "2019-11-21T22:32+0000",
          "age" : 25,
          "signDate" : "2019-11-22T04:22+0000",
          "sign" : "libra"
        },
        {
          "moonPhaseDate" : "2019-11-19T21:11+0000",
          "timeZone" : 4,
          "moonPhase" : "phase4",
          "date" : "2019-11-22T23:45+0000",
          "age" : 26,
          "signDate" : "2019-11-22T04:22+0000",
          "sign" : "libra"
        },
        {
          "moonPhaseDate" : "2019-11-19T21:11+0000",
          "timeZone" : 4,
          "moonPhase" : "phase4",
          "date" : "2019-11-24T00:58+0000",
          "age" : 27,
          "signDate" : "2019-11-24T06:01+0000",
          "sign" : "scorpio"
        },
        {
          "moonPhaseDate" : "2019-11-19T21:11+0000",
          "timeZone" : 4,
          "moonPhase" : "phase4",
          "date" : "2019-11-25T02:11+0000",
          "age" : 28,
          "signDate" : "2019-11-24T06:01+0000",
          "sign" : "scorpio"
        },
        {
          "moonPhaseDate" : "2019-11-26T15:06+0000",
          "moonPhase" : "newMoon",
          "timeZone" : 4,
          "date" : "2019-11-26T03:24+0000",
          "age" : 29,
          "signDate" : "2019-11-26T08:12+0000",
          "sign" : "sagittarius"
        },
        {
          "moonPhaseDate" : "2019-11-26T15:06+0000",
          "timeZone" : 4,
          "moonPhase" : "newMoon",
          "date" : "2019-11-26T15:06+0000",
          "age" : 1,
          "signDate" : "2019-11-26T08:12+0000",
          "sign" : "sagittarius"
        },
        {
          "moonPhaseDate" : "2019-11-26T15:06+0000",
          "timeZone" : 4,
          "moonPhase" : "phase1",
          "date" : "2019-11-27T04:36+0000",
          "age" : 2,
          "signDate" : "2019-11-26T08:12+0000",
          "sign" : "sagittarius"
        },
        {
          "sign" : "capricorn",
          "timeZone" : 4,
          "moonPhase" : "phase1",
          "date" : "2019-11-28T05:43+0000",
          "age" : 3,
          "signDate" : "2019-11-28T12:32+0000",
          "moonPhaseDate" : "2019-11-26T15:06+0000"
        },
        {
          "sign" : "capricorn",
          "timeZone" : 4,
          "moonPhase" : "phase1",
          "date" : "2019-11-29T06:43+0000",
          "age" : 4,
          "signDate" : "2019-11-28T12:32+0000",
          "moonPhaseDate" : "2019-11-26T15:06+0000"
        },
        {
          "moonPhaseDate" : "2019-11-26T15:06+0000",
          "timeZone" : 4,
          "moonPhase" : "phase1",
          "date" : "2019-11-30T07:35+0000",
          "age" : 5,
          "signDate" : "2019-11-28T12:32+0000",
          "sign" : "capricorn"
        },
        {
          "moonPhaseDate" : null,
          "timeZone" : 4,
          "moonPhase" : "phase1",
          "date" : "2019-12-01T08:19+0000",
          "age" : 6,
          "signDate" : "2019-11-30T20:15+0000",
          "sign" : "aquarius"
        },
        {
          "moonPhaseDate" : null,
          "timeZone" : 4,
          "moonPhase" : "phase1",
          "date" : "2019-12-02T08:56+0000",
          "age" : 7,
          "signDate" : "2019-11-30T20:15+0000",
          "sign" : "aquarius"
        },
        {
          "moonPhaseDate" : null,
          "timeZone" : 4,
          "moonPhase" : "phase1",
          "date" : "2019-12-03T09:27+0000",
          "age" : 8,
          "signDate" : "2019-12-03T07:14+0000",
          "sign" : "pisces"
        },
        {
          "moonPhaseDate" : "2019-12-04T06:58+0000",
          "timeZone" : 4,
          "moonPhase" : "phase2",
          "date" : "2019-12-04T09:54+0000",
          "age" : 9,
          "signDate" : "2019-12-03T07:14+0000",
          "sign" : "pisces"
        },
        {
          "moonPhaseDate" : "2019-12-04T06:58+0000",
          "moonPhase" : "phase2",
          "timeZone" : 4,
          "date" : "2019-12-05T10:19+0000",
          "age" : 10,
          "signDate" : "2019-12-05T19:46+0000",
          "sign" : "aries"
        },
        {
          "moonPhaseDate" : "2019-12-04T06:58+0000",
          "timeZone" : 4,
          "moonPhase" : "phase2",
          "date" : "2019-12-06T10:43+0000",
          "age" : 11,
          "signDate" : "2019-12-05T19:46+0000",
          "sign" : "aries"
        },
        {
          "moonPhaseDate" : "2019-12-04T06:58+0000",
          "timeZone" : 4,
          "moonPhase" : "phase2",
          "date" : "2019-12-07T11:07+0000",
          "age" : 12,
          "signDate" : "2019-12-05T19:46+0000",
          "sign" : "aries"
        },
        {
          "moonPhaseDate" : "2019-12-04T06:58+0000",
          "timeZone" : 4,
          "moonPhase" : "phase2",
          "date" : "2019-12-08T11:32+0000",
          "age" : 13,
          "signDate" : "2019-12-08T07:31+0000",
          "sign" : "taurus"
        },
        {
          "moonPhaseDate" : "2019-12-04T06:58+0000",
          "moonPhase" : "phase2",
          "timeZone" : 4,
          "date" : "2019-12-09T11:59+0000",
          "age" : 14,
          "signDate" : "2019-12-08T07:31+0000",
          "sign" : "taurus"
        },
        {
          "moonPhaseDate" : "2019-12-04T06:58+0000",
          "moonPhase" : "phase2",
          "timeZone" : 4,
          "date" : "2019-12-10T12:29+0000",
          "age" : 15,
          "signDate" : "2019-12-10T16:49+0000",
          "sign" : "gemini"
        },
        {
          "moonPhaseDate" : "2019-12-04T06:58+0000",
          "timeZone" : 4,
          "moonPhase" : "phase2",
          "date" : "2019-12-11T13:06+0000",
          "age" : 16,
          "signDate" : "2019-12-10T16:49+0000",
          "sign" : "gemini"
        },
        {
          "moonPhaseDate" : "2019-12-12T05:12+0000",
          "timeZone" : 4,
          "moonPhase" : "fullMoon",
          "date" : "2019-12-12T13:49+0000",
          "age" : 17,
          "signDate" : "2019-12-10T16:49+0000",
          "sign" : "gemini"
        },
        {
          "moonPhaseDate" : "2019-12-12T05:12+0000",
          "timeZone" : 4,
          "moonPhase" : "phase3",
          "date" : "2019-12-13T14:40+0000",
          "age" : 18,
          "signDate" : "2019-12-12T23:24+0000",
          "sign" : "cancer"
        },
        {
          "moonPhaseDate" : "2019-12-12T05:12+0000",
          "moonPhase" : "phase3",
          "timeZone" : 4,
          "date" : "2019-12-14T15:40+0000",
          "age" : 19,
          "signDate" : "2019-12-12T23:24+0000",
          "sign" : "cancer"
        },
        {
          "moonPhaseDate" : "2019-12-12T05:12+0000",
          "moonPhase" : "phase3",
          "timeZone" : 4,
          "date" : "2019-12-15T16:47+0000",
          "age" : 20,
          "signDate" : "2019-12-15T03:53+0000",
          "sign" : "leo"
        },
        {
          "moonPhaseDate" : "2019-12-12T05:12+0000",
          "timeZone" : 4,
          "moonPhase" : "phase3",
          "date" : "2019-12-16T17:58+0000",
          "age" : 21,
          "signDate" : "2019-12-15T03:53+0000",
          "sign" : "leo"
        },
        {
          "sign" : "virgo",
          "timeZone" : 4,
          "moonPhase" : "phase3",
          "date" : "2019-12-17T19:10+0000",
          "age" : 22,
          "signDate" : "2019-12-17T07:13+0000",
          "moonPhaseDate" : "2019-12-12T05:12+0000"
        },
        {
          "moonPhaseDate" : "2019-12-19T04:57+0000",
          "timeZone" : 4,
          "moonPhase" : "phase4",
          "date" : "2019-12-18T20:22+0000",
          "age" : 23,
          "signDate" : "2019-12-19T10:05+0000",
          "sign" : "libra"
        },
        {
          "moonPhaseDate" : "2019-12-19T04:57+0000",
          "timeZone" : 4,
          "moonPhase" : "phase4",
          "date" : "2019-12-19T21:34+0000",
          "age" : 24,
          "signDate" : "2019-12-19T10:05+0000",
          "sign" : "libra"
        },
        {
          "moonPhaseDate" : "2019-12-19T04:57+0000",
          "timeZone" : 4,
          "moonPhase" : "phase4",
          "date" : "2019-12-20T22:45+0000",
          "age" : 25,
          "signDate" : "2019-12-21T13:01+0000",
          "sign" : "scorpio"
        },
        {
          "moonPhaseDate" : "2019-12-19T04:57+0000",
          "moonPhase" : "phase4",
          "timeZone" : 4,
          "date" : "2019-12-21T23:56+0000",
          "age" : 26,
          "signDate" : "2019-12-21T13:01+0000",
          "sign" : "scorpio"
        },
        {
          "moonPhaseDate" : "2019-12-19T04:57+0000",
          "timeZone" : 4,
          "moonPhase" : "phase4",
          "date" : "2019-12-23T01:07+0000",
          "age" : 27,
          "signDate" : "2019-12-23T16:37+0000",
          "sign" : "sagittarius"
        },
        {
          "moonPhaseDate" : "2019-12-19T04:57+0000",
          "timeZone" : 4,
          "moonPhase" : "phase4",
          "date" : "2019-12-24T02:17+0000",
          "age" : 28,
          "signDate" : "2019-12-23T16:37+0000",
          "sign" : "sagittarius"
        },
        {
          "moonPhaseDate" : "2019-12-19T04:57+0000",
          "timeZone" : 4,
          "moonPhase" : "phase4",
          "date" : "2019-12-25T03:25+0000",
          "age" : 29,
          "signDate" : "2019-12-23T16:37+0000",
          "sign" : "sagittarius"
        },
        {
          "sign" : "capricorn",
          "timeZone" : 4,
          "moonPhase" : "newMoon",
          "date" : "2019-12-26T04:28+0000",
          "age" : 30,
          "signDate" : "2019-12-25T21:46+0000",
          "moonPhaseDate" : "2019-12-26T05:13+0000"
        },
        {
          "moonPhaseDate" : "2019-12-26T05:13+0000",
          "timeZone" : 4,
          "moonPhase" : "newMoon",
          "date" : "2019-12-26T05:13+0000",
          "age" : 1,
          "signDate" : "2019-12-25T21:46+0000",
          "sign" : "capricorn"
        },
        {
          "sign" : "capricorn",
          "timeZone" : 4,
          "moonPhase" : "phase1",
          "date" : "2019-12-27T05:24+0000",
          "age" : 2,
          "signDate" : "2019-12-25T21:46+0000",
          "moonPhaseDate" : "2019-12-26T05:13+0000"
        },
        {
          "moonPhaseDate" : "2019-12-26T05:13+0000",
          "timeZone" : 4,
          "moonPhase" : "phase1",
          "date" : "2019-12-28T06:12+0000",
          "age" : 3,
          "signDate" : "2019-12-28T05:21+0000",
          "sign" : "aquarius"
        },
        {
          "sign" : "aquarius",
          "timeZone" : 4,
          "moonPhase" : "phase1",
          "date" : "2019-12-29T06:52+0000",
          "age" : 4,
          "signDate" : "2019-12-28T05:21+0000",
          "moonPhaseDate" : "2019-12-26T05:13+0000"
        },
        {
          "moonPhaseDate" : "2019-12-26T05:13+0000",
          "timeZone" : 4,
          "moonPhase" : "phase1",
          "date" : "2019-12-30T07:26+0000",
          "age" : 5,
          "signDate" : "2019-12-30T15:43+0000",
          "sign" : "pisces"
        },
        {
          "moonPhaseDate" : "2019-12-26T05:13+0000",
          "timeZone" : 4,
          "moonPhase" : "phase1",
          "date" : "2019-12-31T07:56+0000",
          "age" : 6,
          "signDate" : "2019-12-30T15:43+0000",
          "sign" : "pisces"
        },
        {
          "moonPhaseDate" : null,
          "timeZone" : 4,
          "moonPhase" : "phase1",
          "date" : "2020-01-01T08:22+0000",
          "age" : 7,
          "signDate" : "2019-12-30T15:43+0000",
          "sign" : "pisces"
        },
        {
          "moonPhaseDate" : null,
          "timeZone" : 4,
          "moonPhase" : "phase1",
          "date" : "2020-01-02T08:46+0000",
          "age" : 8,
          "signDate" : "2020-01-02T04:01+0000",
          "sign" : "aries"
        },
        {
          "sign" : "aries",
          "timeZone" : 4,
          "moonPhase" : "phase2",
          "date" : "2020-01-03T09:09+0000",
          "age" : 9,
          "signDate" : "2020-01-02T04:01+0000",
          "moonPhaseDate" : "2020-01-03T04:45+0000"
        },
        {
          "moonPhaseDate" : "2020-01-03T04:45+0000",
          "moonPhase" : "phase2",
          "timeZone" : 4,
          "date" : "2020-01-04T09:33+0000",
          "age" : 10,
          "signDate" : "2020-01-04T16:15+0000",
          "sign" : "taurus"
        },
        {
          "moonPhaseDate" : "2020-01-03T04:45+0000",
          "timeZone" : 4,
          "moonPhase" : "phase2",
          "date" : "2020-01-05T09:58+0000",
          "age" : 11,
          "signDate" : "2020-01-04T16:15+0000",
          "sign" : "taurus"
        },
        {
          "sign" : "taurus",
          "timeZone" : 4,
          "moonPhase" : "phase2",
          "date" : "2020-01-06T10:27+0000",
          "age" : 12,
          "signDate" : "2020-01-04T16:15+0000",
          "moonPhaseDate" : "2020-01-03T04:45+0000"
        },
        {
          "moonPhaseDate" : "2020-01-03T04:45+0000",
          "timeZone" : 4,
          "moonPhase" : "phase2",
          "date" : "2020-01-07T11:00+0000",
          "age" : 13,
          "signDate" : "2020-01-07T02:13+0000",
          "sign" : "gemini"
        },
        {
          "sign" : "gemini",
          "timeZone" : 4,
          "moonPhase" : "phase2",
          "date" : "2020-01-08T11:39+0000",
          "age" : 14,
          "signDate" : "2020-01-07T02:13+0000",
          "moonPhaseDate" : "2020-01-03T04:45+0000"
        },
        {
          "moonPhaseDate" : "2020-01-03T04:45+0000",
          "moonPhase" : "phase2",
          "timeZone" : 4,
          "date" : "2020-01-09T12:28+0000",
          "age" : 15,
          "signDate" : "2020-01-09T08:45+0000",
          "sign" : "cancer"
        },
        {
          "moonPhaseDate" : "2020-01-10T19:21+0000",
          "timeZone" : 4,
          "moonPhase" : "fullMoon",
          "date" : "2020-01-10T13:25+0000",
          "age" : 16,
          "signDate" : "2020-01-09T08:45+0000",
          "sign" : "cancer"
        },
        {
          "moonPhaseDate" : "2020-01-10T19:21+0000",
          "timeZone" : 4,
          "moonPhase" : "phase3",
          "date" : "2020-01-11T14:31+0000",
          "age" : 17,
          "signDate" : "2020-01-11T12:16+0000",
          "sign" : "leo"
        },
        {
          "moonPhaseDate" : "2020-01-10T19:21+0000",
          "moonPhase" : "phase3",
          "timeZone" : 4,
          "date" : "2020-01-12T15:42+0000",
          "age" : 18,
          "signDate" : "2020-01-11T12:16+0000",
          "sign" : "leo"
        },
        {
          "sign" : "virgo",
          "timeZone" : 4,
          "moonPhase" : "phase3",
          "date" : "2020-01-13T16:57+0000",
          "age" : 19,
          "signDate" : "2020-01-13T14:05+0000",
          "moonPhaseDate" : "2020-01-10T19:21+0000"
        },
        {
          "moonPhaseDate" : "2020-01-10T19:21+0000",
          "timeZone" : 4,
          "moonPhase" : "phase3",
          "date" : "2020-01-14T18:11+0000",
          "age" : 20,
          "signDate" : "2020-01-13T14:05+0000",
          "sign" : "virgo"
        },
        {
          "moonPhaseDate" : "2020-01-10T19:21+0000",
          "timeZone" : 4,
          "moonPhase" : "phase3",
          "date" : "2020-01-15T19:24+0000",
          "age" : 21,
          "signDate" : "2020-01-15T15:42+0000",
          "sign" : "libra"
        },
        {
          "moonPhaseDate" : "2020-01-17T12:58+0000",
          "timeZone" : 4,
          "moonPhase" : "phase4",
          "date" : "2020-01-16T20:36+0000",
          "age" : 22,
          "signDate" : "2020-01-17T18:21+0000",
          "sign" : "scorpio"
        },
        {
          "moonPhaseDate" : "2020-01-17T12:58+0000",
          "timeZone" : 4,
          "moonPhase" : "phase4",
          "date" : "2020-01-17T21:47+0000",
          "age" : 23,
          "signDate" : "2020-01-17T18:21+0000",
          "sign" : "scorpio"
        },
        {
          "moonPhaseDate" : "2020-01-17T12:58+0000",
          "timeZone" : 4,
          "moonPhase" : "phase4",
          "date" : "2020-01-18T22:57+0000",
          "age" : 24,
          "signDate" : "2020-01-17T18:21+0000",
          "sign" : "scorpio"
        },
        {
          "moonPhaseDate" : "2020-01-17T12:58+0000",
          "moonPhase" : "phase4",
          "timeZone" : 4,
          "date" : "2020-01-20T00:07+0000",
          "age" : 25,
          "signDate" : "2020-01-19T22:43+0000",
          "sign" : "sagittarius"
        },
        {
          "moonPhaseDate" : "2020-01-17T12:58+0000",
          "timeZone" : 4,
          "moonPhase" : "phase4",
          "date" : "2020-01-21T01:14+0000",
          "age" : 26,
          "signDate" : "2020-01-19T22:43+0000",
          "sign" : "sagittarius"
        },
        {
          "moonPhaseDate" : "2020-01-17T12:58+0000",
          "moonPhase" : "phase4",
          "timeZone" : 4,
          "date" : "2020-01-22T02:18+0000",
          "age" : 27,
          "signDate" : "2020-01-22T05:02+0000",
          "sign" : "capricorn"
        },
        {
          "moonPhaseDate" : "2020-01-17T12:58+0000",
          "moonPhase" : "phase4",
          "timeZone" : 4,
          "date" : "2020-01-23T03:15+0000",
          "age" : 28,
          "signDate" : "2020-01-22T05:02+0000",
          "sign" : "capricorn"
        },
        {
          "moonPhaseDate" : "2020-01-17T12:58+0000",
          "timeZone" : 4,
          "moonPhase" : "phase4",
          "date" : "2020-01-24T04:06+0000",
          "age" : 29,
          "signDate" : "2020-01-24T13:22+0000",
          "sign" : "aquarius"
        },
        {
          "moonPhaseDate" : "2020-01-24T21:42+0000",
          "moonPhase" : "newMoon",
          "timeZone" : 4,
          "date" : "2020-01-24T21:42+0000",
          "age" : 1,
          "signDate" : "2020-01-24T13:22+0000",
          "sign" : "aquarius"
        },
        {
          "sign" : "aquarius",
          "timeZone" : 4,
          "moonPhase" : "newMoon",
          "date" : "2020-01-25T04:49+0000",
          "age" : 2,
          "signDate" : "2020-01-24T13:22+0000",
          "moonPhaseDate" : "2020-01-24T21:42+0000"
        },
        {
          "moonPhaseDate" : "2020-01-24T21:42+0000",
          "timeZone" : 4,
          "moonPhase" : "phase1",
          "date" : "2020-01-26T05:25+0000",
          "age" : 3,
          "signDate" : "2020-01-24T13:22+0000",
          "sign" : "aquarius"
        },
        {
          "moonPhaseDate" : "2020-01-24T21:42+0000",
          "timeZone" : 4,
          "moonPhase" : "phase1",
          "date" : "2020-01-27T05:56+0000",
          "age" : 4,
          "signDate" : "2020-01-26T23:45+0000",
          "sign" : "pisces"
        },
        {
          "moonPhaseDate" : "2020-01-24T21:42+0000",
          "timeZone" : 4,
          "moonPhase" : "phase1",
          "date" : "2020-01-28T06:23+0000",
          "age" : 5,
          "signDate" : "2020-01-26T23:45+0000",
          "sign" : "pisces"
        },
        {
          "moonPhaseDate" : "2020-01-24T21:42+0000",
          "timeZone" : 4,
          "moonPhase" : "phase1",
          "date" : "2020-01-29T06:48+0000",
          "age" : 6,
          "signDate" : "2020-01-29T11:51+0000",
          "sign" : "aries"
        },
        {
          "sign" : "aries",
          "timeZone" : 4,
          "moonPhase" : "phase1",
          "date" : "2020-01-30T07:12+0000",
          "age" : 7,
          "signDate" : "2020-01-29T11:51+0000",
          "moonPhaseDate" : "2020-01-24T21:42+0000"
        },
        {
          "moonPhaseDate" : "2020-01-24T21:42+0000",
          "moonPhase" : "phase1",
          "timeZone" : 4,
          "date" : "2020-01-31T07:35+0000",
          "age" : 8,
          "signDate" : "2020-01-29T11:51+0000",
          "sign" : "aries"
        },
        {
          "moonPhaseDate" : "2020-01-24T21:42+0000",
          "timeZone" : 4,
          "moonPhase" : "phase1",
          "date" : "2020-01-31T07:35+0000",
          "age" : 8,
          "signDate" : "2020-01-29T11:51+0000",
          "sign" : "aries"
        }
      ],
      "timeZone" : 4,
      "cityName" : "Тбилиси"
    }
  ],
  "countryName" : "Грузия"
}