{
  "cities" : [
    {
      "timeZone" : 2,
      "cityName" : "Белград",
      "moonDays" : [
        {
          "date" : "2019-05-01T02:19+0000",
          "age" : 26,
          "signDate" : "2019-05-01T10:23+0000",
          "timeZone" : 2,
          "sign" : "aries",
          "moonPhaseDate" : null,
          "moonPhase" : null
        },
        {
          "date" : "2019-05-02T02:42+0000",
          "age" : 27,
          "signDate" : "2019-05-01T10:23+0000",
          "sign" : "aries",
          "timeZone" : 2,
          "moonPhaseDate" : null,
          "moonPhase" : null
        },
        {
          "age" : 28,
          "date" : "2019-05-03T03:06+0000",
          "signDate" : "2019-05-03T20:21+0000",
          "sign" : "taurus",
          "timeZone" : 2,
          "moonPhaseDate" : null,
          "moonPhase" : null
        },
        {
          "age" : 29,
          "date" : "2019-05-04T03:31+0000",
          "signDate" : "2019-05-03T20:21+0000",
          "timeZone" : 2,
          "sign" : "taurus",
          "moonPhaseDate" : null,
          "moonPhase" : null
        },
        {
          "date" : "2019-05-04T22:45+0000",
          "age" : 1,
          "signDate" : "2019-05-03T20:21+0000",
          "timeZone" : 2,
          "sign" : "taurus",
          "moonPhaseDate" : "2019-05-04T22:45+0000",
          "moonPhase" : "newMoon"
        },
        {
          "age" : 2,
          "date" : "2019-05-05T03:59+0000",
          "signDate" : "2019-05-03T20:21+0000",
          "timeZone" : 2,
          "sign" : "taurus",
          "moonPhaseDate" : "2019-05-04T22:45+0000",
          "moonPhase" : "newMoon"
        },
        {
          "age" : 3,
          "date" : "2019-05-06T04:31+0000",
          "signDate" : "2019-05-06T03:42+0000",
          "timeZone" : 2,
          "sign" : "gemini",
          "moonPhaseDate" : "2019-05-04T22:45+0000",
          "moonPhase" : "phase1"
        },
        {
          "age" : 4,
          "date" : "2019-05-07T05:08+0000",
          "signDate" : "2019-05-06T03:42+0000",
          "timeZone" : 2,
          "sign" : "gemini",
          "moonPhaseDate" : "2019-05-04T22:45+0000",
          "moonPhase" : "phase1"
        },
        {
          "age" : 5,
          "date" : "2019-05-08T05:55+0000",
          "signDate" : "2019-05-08T09:05+0000",
          "timeZone" : 2,
          "sign" : "cancer",
          "moonPhaseDate" : "2019-05-04T22:45+0000",
          "moonPhase" : "phase1"
        },
        {
          "date" : "2019-05-09T06:49+0000",
          "age" : 6,
          "signDate" : "2019-05-08T09:05+0000",
          "sign" : "cancer",
          "timeZone" : 2,
          "moonPhaseDate" : "2019-05-04T22:45+0000",
          "moonPhase" : "phase1"
        },
        {
          "age" : 7,
          "date" : "2019-05-10T07:51+0000",
          "signDate" : "2019-05-10T13:12+0000",
          "timeZone" : 2,
          "sign" : "leo",
          "moonPhaseDate" : "2019-05-04T22:45+0000",
          "moonPhase" : "phase1"
        },
        {
          "age" : 8,
          "date" : "2019-05-11T09:00+0000",
          "signDate" : "2019-05-10T13:12+0000",
          "timeZone" : 2,
          "sign" : "leo",
          "moonPhaseDate" : "2019-05-04T22:45+0000",
          "moonPhase" : "phase1"
        },
        {
          "date" : "2019-05-12T10:13+0000",
          "age" : 9,
          "signDate" : "2019-05-12T16:23+0000",
          "timeZone" : 2,
          "sign" : "virgo",
          "moonPhaseDate" : "2019-05-12T01:12+0000",
          "moonPhase" : "phase2"
        },
        {
          "age" : 10,
          "date" : "2019-05-13T11:27+0000",
          "signDate" : "2019-05-12T16:23+0000",
          "timeZone" : 2,
          "sign" : "virgo",
          "moonPhaseDate" : "2019-05-12T01:12+0000",
          "moonPhase" : "phase2"
        },
        {
          "age" : 11,
          "date" : "2019-05-14T12:41+0000",
          "signDate" : "2019-05-14T18:53+0000",
          "timeZone" : 2,
          "sign" : "libra",
          "moonPhaseDate" : "2019-05-12T01:12+0000",
          "moonPhase" : "phase2"
        },
        {
          "age" : 12,
          "date" : "2019-05-15T13:55+0000",
          "signDate" : "2019-05-14T18:53+0000",
          "timeZone" : 2,
          "sign" : "libra",
          "moonPhaseDate" : "2019-05-12T01:12+0000",
          "moonPhase" : "phase2"
        },
        {
          "age" : 13,
          "date" : "2019-05-16T15:09+0000",
          "signDate" : "2019-05-16T21:25+0000",
          "timeZone" : 2,
          "sign" : "scorpio",
          "moonPhaseDate" : "2019-05-12T01:12+0000",
          "moonPhase" : "phase2"
        },
        {
          "age" : 14,
          "date" : "2019-05-17T16:21+0000",
          "signDate" : "2019-05-16T21:25+0000",
          "sign" : "scorpio",
          "timeZone" : 2,
          "moonPhaseDate" : "2019-05-12T01:12+0000",
          "moonPhase" : "phase2"
        },
        {
          "date" : "2019-05-18T17:33+0000",
          "age" : 15,
          "signDate" : "2019-05-16T21:25+0000",
          "sign" : "scorpio",
          "timeZone" : 2,
          "moonPhaseDate" : "2019-05-18T21:11+0000",
          "moonPhase" : "fullMoon"
        },
        {
          "age" : 16,
          "date" : "2019-05-19T18:43+0000",
          "signDate" : "2019-05-19T01:19+0000",
          "timeZone" : 2,
          "sign" : "sagittarius",
          "moonPhaseDate" : "2019-05-18T21:11+0000",
          "moonPhase" : "phase3"
        },
        {
          "date" : "2019-05-20T19:48+0000",
          "age" : 17,
          "signDate" : "2019-05-19T01:19+0000",
          "timeZone" : 2,
          "sign" : "sagittarius",
          "moonPhaseDate" : "2019-05-18T21:11+0000",
          "moonPhase" : "phase3"
        },
        {
          "age" : 18,
          "date" : "2019-05-21T20:47+0000",
          "signDate" : "2019-05-21T07:56+0000",
          "timeZone" : 2,
          "sign" : "capricorn",
          "moonPhaseDate" : "2019-05-18T21:11+0000",
          "moonPhase" : "phase3"
        },
        {
          "date" : "2019-05-22T21:38+0000",
          "age" : 19,
          "signDate" : "2019-05-21T07:56+0000",
          "timeZone" : 2,
          "sign" : "capricorn",
          "moonPhaseDate" : "2019-05-18T21:11+0000",
          "moonPhase" : "phase3"
        },
        {
          "age" : 20,
          "date" : "2019-05-23T22:22+0000",
          "signDate" : "2019-05-21T07:56+0000",
          "timeZone" : 2,
          "sign" : "aquarius",
          "moonPhaseDate" : "2019-05-18T21:11+0000",
          "moonPhase" : "phase3"
        },
        {
          "age" : 21,
          "date" : "2019-05-24T22:58+0000",
          "signDate" : "2019-05-21T07:56+0000",
          "timeZone" : 2,
          "sign" : "aquarius",
          "moonPhaseDate" : "2019-05-18T21:11+0000",
          "moonPhase" : "phase3"
        },
        {
          "age" : 22,
          "date" : "2019-05-25T23:30+0000",
          "signDate" : "2019-05-26T06:07+0000",
          "timeZone" : 2,
          "sign" : "pisces",
          "moonPhaseDate" : "2019-05-26T16:33+0000",
          "moonPhase" : "phase4"
        },
        {
          "date" : "2019-05-26T23:57+0000",
          "age" : 23,
          "signDate" : "2019-05-26T06:07+0000",
          "timeZone" : 2,
          "sign" : "pisces",
          "moonPhaseDate" : "2019-05-26T16:33+0000",
          "moonPhase" : "phase4"
        },
        {
          "date" : "2019-05-28T00:22+0000",
          "age" : 24,
          "signDate" : "2019-05-28T18:29+0000",
          "timeZone" : 2,
          "sign" : "aries",
          "moonPhaseDate" : "2019-05-26T16:33+0000",
          "moonPhase" : "phase4"
        },
        {
          "age" : 25,
          "date" : "2019-05-29T00:46+0000",
          "signDate" : "2019-05-28T18:29+0000",
          "timeZone" : 2,
          "sign" : "aries",
          "moonPhaseDate" : "2019-05-26T16:33+0000",
          "moonPhase" : "phase4"
        },
        {
          "age" : 26,
          "date" : "2019-05-30T01:08+0000",
          "signDate" : "2019-05-28T18:29+0000",
          "sign" : "aries",
          "timeZone" : 2,
          "moonPhaseDate" : "2019-05-26T16:33+0000",
          "moonPhase" : "phase4"
        },
        {
          "age" : 27,
          "date" : "2019-05-31T01:33+0000",
          "signDate" : "2019-05-31T04:44+0000",
          "timeZone" : 2,
          "sign" : "taurus",
          "moonPhaseDate" : "2019-05-26T16:33+0000",
          "moonPhase" : "phase4"
        },
        {
          "date" : "2019-06-01T01:59+0000",
          "age" : 28,
          "signDate" : "2019-05-31T04:44+0000",
          "timeZone" : 2,
          "sign" : "taurus",
          "moonPhaseDate" : null,
          "moonPhase" : "phase4"
        },
        {
          "age" : 29,
          "date" : "2019-06-02T02:30+0000",
          "signDate" : "2019-06-02T11:51+0000",
          "timeZone" : 2,
          "sign" : "gemini",
          "moonPhaseDate" : null,
          "moonPhase" : "phase4"
        },
        {
          "age" : 30,
          "date" : "2019-06-03T03:05+0000",
          "signDate" : "2019-06-02T11:51+0000",
          "timeZone" : 2,
          "sign" : "gemini",
          "moonPhaseDate" : "2019-06-03T10:02+0000",
          "moonPhase" : "newMoon"
        },
        {
          "age" : 1,
          "date" : "2019-06-03T10:02+0000",
          "signDate" : "2019-06-02T11:51+0000",
          "timeZone" : 2,
          "sign" : "gemini",
          "moonPhaseDate" : "2019-06-03T10:02+0000",
          "moonPhase" : "newMoon"
        },
        {
          "date" : "2019-06-04T03:48+0000",
          "age" : 2,
          "signDate" : "2019-06-04T16:18+0000",
          "timeZone" : 2,
          "sign" : "cancer",
          "moonPhaseDate" : "2019-06-03T10:02+0000",
          "moonPhase" : "phase1"
        },
        {
          "age" : 3,
          "date" : "2019-06-05T04:40+0000",
          "signDate" : "2019-06-04T16:18+0000",
          "timeZone" : 2,
          "sign" : "cancer",
          "moonPhaseDate" : "2019-06-03T10:02+0000",
          "moonPhase" : "phase1"
        },
        {
          "date" : "2019-06-06T05:41+0000",
          "age" : 4,
          "signDate" : "2019-06-06T19:14+0000",
          "timeZone" : 2,
          "sign" : "leo",
          "moonPhaseDate" : "2019-06-03T10:02+0000",
          "moonPhase" : "phase1"
        },
        {
          "date" : "2019-06-07T06:50+0000",
          "age" : 5,
          "signDate" : "2019-06-06T19:14+0000",
          "sign" : "leo",
          "timeZone" : 2,
          "moonPhaseDate" : "2019-06-03T10:02+0000",
          "moonPhase" : "phase1"
        },
        {
          "age" : 6,
          "date" : "2019-06-08T08:03+0000",
          "signDate" : "2019-06-08T21:43+0000",
          "timeZone" : 2,
          "sign" : "virgo",
          "moonPhaseDate" : "2019-06-03T10:02+0000",
          "moonPhase" : "phase1"
        },
        {
          "age" : 7,
          "date" : "2019-06-09T09:17+0000",
          "signDate" : "2019-06-08T21:43+0000",
          "sign" : "virgo",
          "timeZone" : 2,
          "moonPhaseDate" : "2019-06-03T10:02+0000",
          "moonPhase" : "phase1"
        },
        {
          "date" : "2019-06-10T10:31+0000",
          "age" : 8,
          "signDate" : "2019-06-08T21:43+0000",
          "timeZone" : 2,
          "sign" : "virgo",
          "moonPhaseDate" : "2019-06-10T05:59+0000",
          "moonPhase" : "phase2"
        },
        {
          "age" : 9,
          "date" : "2019-06-11T11:44+0000",
          "signDate" : "2019-06-11T00:30+0000",
          "timeZone" : 2,
          "sign" : "libra",
          "moonPhaseDate" : "2019-06-10T05:59+0000",
          "moonPhase" : "phase2"
        },
        {
          "date" : "2019-06-12T12:56+0000",
          "age" : 10,
          "signDate" : "2019-06-11T00:30+0000",
          "timeZone" : 2,
          "sign" : "libra",
          "moonPhaseDate" : "2019-06-10T05:59+0000",
          "moonPhase" : "phase2"
        },
        {
          "age" : 11,
          "date" : "2019-06-13T14:08+0000",
          "signDate" : "2019-06-13T04:03+0000",
          "timeZone" : 2,
          "sign" : "scorpio",
          "moonPhaseDate" : "2019-06-10T05:59+0000",
          "moonPhase" : "phase2"
        },
        {
          "age" : 12,
          "date" : "2019-06-14T15:18+0000",
          "signDate" : "2019-06-13T04:03+0000",
          "timeZone" : 2,
          "sign" : "scorpio",
          "moonPhaseDate" : "2019-06-10T05:59+0000",
          "moonPhase" : "phase2"
        },
        {
          "date" : "2019-06-15T16:27+0000",
          "age" : 13,
          "signDate" : "2019-06-15T09:01+0000",
          "timeZone" : 2,
          "sign" : "sagittarius",
          "moonPhaseDate" : "2019-06-10T05:59+0000",
          "moonPhase" : "phase2"
        },
        {
          "age" : 14,
          "date" : "2019-06-16T17:34+0000",
          "signDate" : "2019-06-15T09:01+0000",
          "sign" : "sagittarius",
          "timeZone" : 2,
          "moonPhaseDate" : "2019-06-10T05:59+0000",
          "moonPhase" : "phase2"
        },
        {
          "date" : "2019-06-17T18:35+0000",
          "age" : 15,
          "signDate" : "2019-06-17T16:11+0000",
          "timeZone" : 2,
          "sign" : "capricorn",
          "moonPhaseDate" : "2019-06-17T08:31+0000",
          "moonPhase" : "fullMoon"
        },
        {
          "date" : "2019-06-18T19:30+0000",
          "age" : 16,
          "signDate" : "2019-06-17T16:11+0000",
          "timeZone" : 2,
          "sign" : "capricorn",
          "moonPhaseDate" : "2019-06-17T08:31+0000",
          "moonPhase" : "phase3"
        },
        {
          "date" : "2019-06-19T20:17+0000",
          "age" : 17,
          "signDate" : "2019-06-17T16:11+0000",
          "sign" : "capricorn",
          "timeZone" : 2,
          "moonPhaseDate" : "2019-06-17T08:31+0000",
          "moonPhase" : "phase3"
        },
        {
          "date" : "2019-06-20T20:57+0000",
          "age" : 18,
          "signDate" : "2019-06-20T02:01+0000",
          "sign" : "aquarius",
          "timeZone" : 2,
          "moonPhaseDate" : "2019-06-17T08:31+0000",
          "moonPhase" : "phase3"
        },
        {
          "date" : "2019-06-21T21:31+0000",
          "age" : 19,
          "signDate" : "2019-06-20T02:01+0000",
          "timeZone" : 2,
          "sign" : "aquarius",
          "moonPhaseDate" : "2019-06-17T08:31+0000",
          "moonPhase" : "phase3"
        },
        {
          "date" : "2019-06-22T22:00+0000",
          "age" : 20,
          "signDate" : "2019-06-23T14:01+0000",
          "sign" : "pisces",
          "timeZone" : 2,
          "moonPhaseDate" : "2019-06-17T08:31+0000",
          "moonPhase" : "phase3"
        },
        {
          "date" : "2019-06-23T22:25+0000",
          "age" : 21,
          "signDate" : "2019-06-23T14:01+0000",
          "timeZone" : 2,
          "sign" : "pisces",
          "moonPhaseDate" : "2019-06-17T08:31+0000",
          "moonPhase" : "phase3"
        },
        {
          "date" : "2019-06-24T22:49+0000",
          "age" : 22,
          "signDate" : "2019-06-25T02:34+0000",
          "timeZone" : 2,
          "sign" : "aries",
          "moonPhaseDate" : "2019-06-25T09:46+0000",
          "moonPhase" : "phase4"
        },
        {
          "date" : "2019-06-25T23:12+0000",
          "age" : 23,
          "signDate" : "2019-06-25T02:34+0000",
          "timeZone" : 2,
          "sign" : "aries",
          "moonPhaseDate" : "2019-06-25T09:46+0000",
          "moonPhase" : "phase4"
        },
        {
          "date" : "2019-06-26T23:35+0000",
          "age" : 24,
          "signDate" : "2019-06-27T13:30+0000",
          "timeZone" : 2,
          "sign" : "taurus",
          "moonPhaseDate" : "2019-06-25T09:46+0000",
          "moonPhase" : "phase4"
        },
        {
          "date" : "2019-06-28T00:00+0000",
          "age" : 25,
          "signDate" : "2019-06-27T13:30+0000",
          "timeZone" : 2,
          "sign" : "taurus",
          "moonPhaseDate" : "2019-06-25T09:46+0000",
          "moonPhase" : "phase4"
        },
        {
          "date" : "2019-06-29T00:28+0000",
          "age" : 26,
          "signDate" : "2019-06-29T21:10+0000",
          "timeZone" : 2,
          "sign" : "gemini",
          "moonPhaseDate" : "2019-06-25T09:46+0000",
          "moonPhase" : "phase4"
        },
        {
          "date" : "2019-06-30T01:00+0000",
          "age" : 27,
          "signDate" : "2019-06-29T21:10+0000",
          "timeZone" : 2,
          "sign" : "gemini",
          "moonPhaseDate" : "2019-06-25T09:46+0000",
          "moonPhase" : "phase4"
        },
        {
          "age" : 28,
          "date" : "2019-07-01T01:39+0000",
          "signDate" : "2019-06-29T21:10+0000",
          "timeZone" : 2,
          "sign" : "gemini",
          "moonPhaseDate" : null,
          "moonPhase" : "phase4"
        },
        {
          "date" : "2019-07-02T02:27+0000",
          "age" : 29,
          "signDate" : "2019-07-02T01:26+0000",
          "timeZone" : 2,
          "sign" : "cancer",
          "moonPhaseDate" : "2019-07-02T19:16+0000",
          "moonPhase" : "newMoon"
        },
        {
          "date" : "2019-07-02T19:16+0000",
          "age" : 1,
          "signDate" : "2019-07-02T01:26+0000",
          "sign" : "cancer",
          "timeZone" : 2,
          "moonPhaseDate" : "2019-07-02T19:16+0000",
          "moonPhase" : "newMoon"
        },
        {
          "date" : "2019-07-03T03:25+0000",
          "age" : 2,
          "signDate" : "2019-07-02T01:26+0000",
          "timeZone" : 2,
          "sign" : "cancer",
          "moonPhaseDate" : "2019-07-02T19:16+0000",
          "moonPhase" : "phase1"
        },
        {
          "age" : 3,
          "date" : "2019-07-04T04:33+0000",
          "signDate" : "2019-07-04T03:21+0000",
          "timeZone" : 2,
          "sign" : "leo",
          "moonPhaseDate" : "2019-07-02T19:16+0000",
          "moonPhase" : "phase1"
        },
        {
          "date" : "2019-07-05T05:47+0000",
          "age" : 4,
          "signDate" : "2019-07-04T03:21+0000",
          "timeZone" : 2,
          "sign" : "leo",
          "moonPhaseDate" : "2019-07-02T19:16+0000",
          "moonPhase" : "phase1"
        },
        {
          "date" : "2019-07-06T07:03+0000",
          "age" : 5,
          "signDate" : "2019-07-06T04:25+0000",
          "timeZone" : 2,
          "sign" : "virgo",
          "moonPhaseDate" : "2019-07-02T19:16+0000",
          "moonPhase" : "phase1"
        },
        {
          "age" : 6,
          "date" : "2019-07-07T08:19+0000",
          "signDate" : "2019-07-06T04:25+0000",
          "timeZone" : 2,
          "sign" : "virgo",
          "moonPhaseDate" : "2019-07-02T19:16+0000",
          "moonPhase" : "phase1"
        },
        {
          "age" : 7,
          "date" : "2019-07-08T09:34+0000",
          "signDate" : "2019-07-08T06:07+0000",
          "timeZone" : 2,
          "sign" : "libra",
          "moonPhaseDate" : "2019-07-02T19:16+0000",
          "moonPhase" : "phase1"
        },
        {
          "date" : "2019-07-09T10:47+0000",
          "age" : 8,
          "signDate" : "2019-07-08T06:07+0000",
          "timeZone" : 2,
          "sign" : "libra",
          "moonPhaseDate" : "2019-07-09T10:55+0000",
          "moonPhase" : "phase2"
        },
        {
          "date" : "2019-07-10T11:59+0000",
          "age" : 9,
          "signDate" : "2019-07-10T09:28+0000",
          "timeZone" : 2,
          "sign" : "scorpio",
          "moonPhaseDate" : "2019-07-09T10:55+0000",
          "moonPhase" : "phase2"
        },
        {
          "date" : "2019-07-11T13:09+0000",
          "age" : 10,
          "signDate" : "2019-07-10T09:28+0000",
          "sign" : "scorpio",
          "timeZone" : 2,
          "moonPhaseDate" : "2019-07-09T10:55+0000",
          "moonPhase" : "phase2"
        },
        {
          "date" : "2019-07-12T14:18+0000",
          "age" : 11,
          "signDate" : "2019-07-12T15:04+0000",
          "timeZone" : 2,
          "sign" : "sagittarius",
          "moonPhaseDate" : "2019-07-09T10:55+0000",
          "moonPhase" : "phase2"
        },
        {
          "age" : 12,
          "date" : "2019-07-13T15:24+0000",
          "signDate" : "2019-07-12T15:04+0000",
          "timeZone" : 2,
          "sign" : "sagittarius",
          "moonPhaseDate" : "2019-07-09T10:55+0000",
          "moonPhase" : "phase2"
        },
        {
          "date" : "2019-07-14T16:26+0000",
          "age" : 13,
          "signDate" : "2019-07-12T15:04+0000",
          "timeZone" : 2,
          "sign" : "sagittarius",
          "moonPhaseDate" : "2019-07-09T10:55+0000",
          "moonPhase" : "phase2"
        },
        {
          "date" : "2019-07-15T17:23+0000",
          "age" : 14,
          "signDate" : "2019-07-14T23:03+0000",
          "timeZone" : 2,
          "sign" : "capricorn",
          "moonPhaseDate" : "2019-07-09T10:55+0000",
          "moonPhase" : "phase2"
        },
        {
          "age" : 15,
          "date" : "2019-07-16T18:13+0000",
          "signDate" : "2019-07-14T23:03+0000",
          "timeZone" : 2,
          "sign" : "capricorn",
          "moonPhaseDate" : "2019-07-16T21:38+0000",
          "moonPhase" : "fullMoon"
        },
        {
          "age" : 16,
          "date" : "2019-07-17T18:55+0000",
          "signDate" : "2019-07-17T09:18+0000",
          "timeZone" : 2,
          "sign" : "aquarius",
          "moonPhaseDate" : "2019-07-16T21:38+0000",
          "moonPhase" : "phase3"
        },
        {
          "date" : "2019-07-18T19:31+0000",
          "age" : 17,
          "signDate" : "2019-07-17T09:18+0000",
          "timeZone" : 2,
          "sign" : "aquarius",
          "moonPhaseDate" : "2019-07-16T21:38+0000",
          "moonPhase" : "phase3"
        },
        {
          "date" : "2019-07-19T20:02+0000",
          "age" : 18,
          "signDate" : "2019-07-19T21:19+0000",
          "timeZone" : 2,
          "sign" : "pisces",
          "moonPhaseDate" : "2019-07-16T21:38+0000",
          "moonPhase" : "phase3"
        },
        {
          "date" : "2019-07-20T20:28+0000",
          "age" : 19,
          "signDate" : "2019-07-19T21:19+0000",
          "timeZone" : 2,
          "sign" : "pisces",
          "moonPhaseDate" : "2019-07-16T21:38+0000",
          "moonPhase" : "phase3"
        },
        {
          "date" : "2019-07-21T20:53+0000",
          "age" : 20,
          "signDate" : "2019-07-19T21:19+0000",
          "timeZone" : 2,
          "sign" : "pisces",
          "moonPhaseDate" : "2019-07-16T21:38+0000",
          "moonPhase" : "phase3"
        },
        {
          "date" : "2019-07-22T21:15+0000",
          "age" : 21,
          "signDate" : "2019-07-22T10:01+0000",
          "timeZone" : 2,
          "sign" : "aries",
          "moonPhaseDate" : "2019-07-16T21:38+0000",
          "moonPhase" : "phase3"
        },
        {
          "date" : "2019-07-23T21:38+0000",
          "age" : 22,
          "signDate" : "2019-07-22T10:01+0000",
          "timeZone" : 2,
          "sign" : "aries",
          "moonPhaseDate" : "2019-07-16T21:38+0000",
          "moonPhase" : "phase3"
        },
        {
          "date" : "2019-07-24T22:01+0000",
          "age" : 23,
          "signDate" : "2019-07-22T10:01+0000",
          "timeZone" : 2,
          "sign" : "taurus",
          "moonPhaseDate" : "2019-07-25T01:18+0000",
          "moonPhase" : "phase4"
        },
        {
          "date" : "2019-07-25T22:27+0000",
          "age" : 24,
          "signDate" : "2019-07-22T10:01+0000",
          "timeZone" : 2,
          "sign" : "taurus",
          "moonPhaseDate" : "2019-07-25T01:18+0000",
          "moonPhase" : "phase4"
        },
        {
          "age" : 25,
          "date" : "2019-07-26T22:56+0000",
          "signDate" : "2019-07-27T06:28+0000",
          "timeZone" : 2,
          "sign" : "gemini",
          "moonPhaseDate" : "2019-07-25T01:18+0000",
          "moonPhase" : "phase4"
        },
        {
          "date" : "2019-07-27T23:31+0000",
          "age" : 26,
          "signDate" : "2019-07-27T06:28+0000",
          "timeZone" : 2,
          "sign" : "gemini",
          "moonPhaseDate" : "2019-07-25T01:18+0000",
          "moonPhase" : "phase4"
        },
        {
          "date" : "2019-07-29T00:14+0000",
          "age" : 27,
          "signDate" : "2019-07-29T11:30+0000",
          "sign" : "cancer",
          "timeZone" : 2,
          "moonPhaseDate" : "2019-07-25T01:18+0000",
          "moonPhase" : "phase4"
        },
        {
          "date" : "2019-07-30T01:07+0000",
          "age" : 28,
          "signDate" : "2019-07-29T11:30+0000",
          "timeZone" : 2,
          "sign" : "cancer",
          "moonPhaseDate" : "2019-07-25T01:18+0000",
          "moonPhase" : "phase4"
        },
        {
          "date" : "2019-07-31T02:10+0000",
          "age" : 29,
          "signDate" : "2019-07-31T13:18+0000",
          "timeZone" : 2,
          "sign" : "leo",
          "moonPhaseDate" : "2019-07-25T01:18+0000",
          "moonPhase" : "phase4"
        },
        {
          "date" : "2019-08-01T03:12+0000",
          "age" : 1,
          "signDate" : "2019-07-31T13:18+0000",
          "timeZone" : 2,
          "sign" : "leo",
          "moonPhaseDate" : "2019-08-01T03:12+0000",
          "moonPhase" : "newMoon"
        },
        {
          "date" : "2019-08-01T03:23+0000",
          "age" : 2,
          "signDate" : "2019-07-31T13:18+0000",
          "timeZone" : 2,
          "sign" : "leo",
          "moonPhaseDate" : "2019-08-01T03:12+0000",
          "moonPhase" : "newMoon"
        },
        {
          "date" : "2019-08-02T04:40+0000",
          "age" : 3,
          "signDate" : "2019-08-02T13:23+0000",
          "timeZone" : 2,
          "sign" : "virgo",
          "moonPhaseDate" : "2019-08-01T03:12+0000",
          "moonPhase" : "phase1"
        },
        {
          "date" : "2019-08-03T05:59+0000",
          "age" : 4,
          "signDate" : "2019-08-02T13:23+0000",
          "timeZone" : 2,
          "sign" : "virgo",
          "moonPhaseDate" : "2019-08-01T03:12+0000",
          "moonPhase" : "phase1"
        },
        {
          "date" : "2019-08-04T07:18+0000",
          "age" : 5,
          "signDate" : "2019-08-04T13:32+0000",
          "timeZone" : 2,
          "sign" : "libra",
          "moonPhaseDate" : "2019-08-01T03:12+0000",
          "moonPhase" : "phase1"
        },
        {
          "date" : "2019-08-05T08:34+0000",
          "age" : 6,
          "signDate" : "2019-08-04T13:32+0000",
          "timeZone" : 2,
          "sign" : "libra",
          "moonPhaseDate" : "2019-08-01T03:12+0000",
          "moonPhase" : "phase1"
        },
        {
          "date" : "2019-08-06T09:48+0000",
          "age" : 7,
          "signDate" : "2019-08-06T15:31+0000",
          "timeZone" : 2,
          "sign" : "scorpio",
          "moonPhaseDate" : "2019-08-01T03:12+0000",
          "moonPhase" : "phase1"
        },
        {
          "age" : 8,
          "date" : "2019-08-07T11:00+0000",
          "signDate" : "2019-08-06T15:31+0000",
          "timeZone" : 2,
          "sign" : "scorpio",
          "moonPhaseDate" : "2019-08-07T17:31+0000",
          "moonPhase" : "phase2"
        },
        {
          "date" : "2019-08-08T12:10+0000",
          "age" : 9,
          "signDate" : "2019-08-08T20:32+0000",
          "timeZone" : 2,
          "sign" : "sagittarius",
          "moonPhaseDate" : "2019-08-07T17:31+0000",
          "moonPhase" : "phase2"
        },
        {
          "date" : "2019-08-09T13:16+0000",
          "age" : 10,
          "signDate" : "2019-08-08T20:32+0000",
          "timeZone" : 2,
          "sign" : "sagittarius",
          "moonPhaseDate" : "2019-08-07T17:31+0000",
          "moonPhase" : "phase2"
        },
        {
          "age" : 11,
          "date" : "2019-08-10T14:20+0000",
          "signDate" : "2019-08-08T20:32+0000",
          "timeZone" : 2,
          "sign" : "sagittarius",
          "moonPhaseDate" : "2019-08-07T17:31+0000",
          "moonPhase" : "phase2"
        },
        {
          "date" : "2019-08-11T15:18+0000",
          "age" : 12,
          "signDate" : "2019-08-11T04:48+0000",
          "timeZone" : 2,
          "sign" : "capricorn",
          "moonPhaseDate" : "2019-08-07T17:31+0000",
          "moonPhase" : "phase2"
        },
        {
          "age" : 13,
          "date" : "2019-08-12T16:10+0000",
          "signDate" : "2019-08-11T04:48+0000",
          "timeZone" : 2,
          "sign" : "capricorn",
          "moonPhaseDate" : "2019-08-07T17:31+0000",
          "moonPhase" : "phase2"
        },
        {
          "date" : "2019-08-13T16:54+0000",
          "age" : 14,
          "signDate" : "2019-08-13T15:36+0000",
          "timeZone" : 2,
          "sign" : "aquarius",
          "moonPhaseDate" : "2019-08-07T17:31+0000",
          "moonPhase" : "phase2"
        },
        {
          "date" : "2019-08-14T17:32+0000",
          "age" : 15,
          "signDate" : "2019-08-13T15:36+0000",
          "timeZone" : 2,
          "sign" : "aquarius",
          "moonPhaseDate" : "2019-08-07T17:31+0000",
          "moonPhase" : "phase2"
        },
        {
          "date" : "2019-08-15T18:04+0000",
          "age" : 16,
          "signDate" : "2019-08-13T15:36+0000",
          "timeZone" : 2,
          "sign" : "aquarius",
          "moonPhaseDate" : "2019-08-15T12:29+0000",
          "moonPhase" : "fullMoon"
        },
        {
          "date" : "2019-08-16T18:32+0000",
          "age" : 17,
          "signDate" : "2019-08-16T03:50+0000",
          "timeZone" : 2,
          "sign" : "pisces",
          "moonPhaseDate" : "2019-08-15T12:29+0000",
          "moonPhase" : "phase3"
        },
        {
          "date" : "2019-08-17T18:57+0000",
          "age" : 18,
          "signDate" : "2019-08-16T03:50+0000",
          "timeZone" : 2,
          "sign" : "pisces",
          "moonPhaseDate" : "2019-08-15T12:29+0000",
          "moonPhase" : "phase3"
        },
        {
          "date" : "2019-08-18T19:20+0000",
          "age" : 19,
          "signDate" : "2019-08-18T16:32+0000",
          "timeZone" : 2,
          "sign" : "aries",
          "moonPhaseDate" : "2019-08-15T12:29+0000",
          "moonPhase" : "phase3"
        },
        {
          "date" : "2019-08-19T19:42+0000",
          "age" : 20,
          "signDate" : "2019-08-18T16:32+0000",
          "timeZone" : 2,
          "sign" : "aries",
          "moonPhaseDate" : "2019-08-15T12:29+0000",
          "moonPhase" : "phase3"
        },
        {
          "date" : "2019-08-20T20:05+0000",
          "age" : 21,
          "signDate" : "2019-08-18T16:32+0000",
          "timeZone" : 2,
          "sign" : "aries",
          "moonPhaseDate" : "2019-08-15T12:29+0000",
          "moonPhase" : "phase3"
        },
        {
          "date" : "2019-08-21T20:29+0000",
          "age" : 22,
          "signDate" : "2019-08-21T04:36+0000",
          "sign" : "taurus",
          "timeZone" : 2,
          "moonPhaseDate" : "2019-08-15T12:29+0000",
          "moonPhase" : "phase3"
        },
        {
          "age" : 23,
          "date" : "2019-08-22T20:56+0000",
          "signDate" : "2019-08-21T04:36+0000",
          "timeZone" : 2,
          "sign" : "taurus",
          "moonPhaseDate" : "2019-08-15T12:29+0000",
          "moonPhase" : "phase3"
        },
        {
          "date" : "2019-08-23T21:27+0000",
          "age" : 24,
          "signDate" : "2019-08-23T14:34+0000",
          "timeZone" : 2,
          "sign" : "gemini",
          "moonPhaseDate" : "2019-08-23T14:56+0000",
          "moonPhase" : "phase4"
        },
        {
          "date" : "2019-08-24T22:05+0000",
          "age" : 25,
          "signDate" : "2019-08-25T21:05+0000",
          "sign" : "cancer",
          "timeZone" : 2,
          "moonPhaseDate" : "2019-08-23T14:56+0000",
          "moonPhase" : "phase4"
        },
        {
          "date" : "2019-08-25T22:52+0000",
          "age" : 26,
          "signDate" : "2019-08-25T21:05+0000",
          "sign" : "cancer",
          "timeZone" : 2,
          "moonPhaseDate" : "2019-08-23T14:56+0000",
          "moonPhase" : "phase4"
        },
        {
          "date" : "2019-08-26T23:49+0000",
          "age" : 27,
          "signDate" : "2019-08-25T21:05+0000",
          "timeZone" : 2,
          "sign" : "cancer",
          "moonPhaseDate" : "2019-08-23T14:56+0000",
          "moonPhase" : "phase4"
        },
        {
          "date" : "2019-08-28T00:56+0000",
          "age" : 28,
          "signDate" : "2019-08-27T23:51+0000",
          "timeZone" : 2,
          "sign" : "leo",
          "moonPhaseDate" : "2019-08-23T14:56+0000",
          "moonPhase" : "phase4"
        },
        {
          "date" : "2019-08-29T02:11+0000",
          "age" : 29,
          "signDate" : "2019-08-27T23:51+0000",
          "timeZone" : 2,
          "sign" : "leo",
          "moonPhaseDate" : "2019-08-23T14:56+0000",
          "moonPhase" : "phase4"
        },
        {
          "date" : "2019-08-30T03:31+0000",
          "age" : 30,
          "signDate" : "2019-08-29T23:57+0000",
          "sign" : "virgo",
          "timeZone" : 2,
          "moonPhaseDate" : "2019-08-30T10:37+0000",
          "moonPhase" : "newMoon"
        },
        {
          "date" : "2019-08-30T10:37+0000",
          "age" : 1,
          "signDate" : "2019-08-29T23:57+0000",
          "timeZone" : 2,
          "sign" : "virgo",
          "moonPhaseDate" : "2019-08-30T10:37+0000",
          "moonPhase" : "newMoon"
        },
        {
          "date" : "2019-08-31T04:50+0000",
          "age" : 2,
          "signDate" : "2019-08-29T23:57+0000",
          "sign" : "virgo",
          "timeZone" : 2,
          "moonPhaseDate" : "2019-08-30T10:37+0000",
          "moonPhase" : "phase1"
        },
        {
          "date" : "2019-09-01T06:11+0000",
          "age" : 3,
          "signDate" : "2019-08-31T23:12+0000",
          "timeZone" : 2,
          "sign" : "libra",
          "moonPhaseDate" : null,
          "moonPhase" : "phase1"
        },
        {
          "date" : "2019-09-02T07:28+0000",
          "age" : 4,
          "signDate" : "2019-08-31T23:12+0000",
          "timeZone" : 2,
          "sign" : "libra",
          "moonPhaseDate" : null,
          "moonPhase" : "phase1"
        },
        {
          "date" : "2019-09-03T08:43+0000",
          "age" : 5,
          "signDate" : "2019-09-02T23:38+0000",
          "timeZone" : 2,
          "sign" : "scorpio",
          "moonPhaseDate" : null,
          "moonPhase" : "phase1"
        },
        {
          "date" : "2019-09-04T09:57+0000",
          "age" : 6,
          "signDate" : "2019-09-02T23:38+0000",
          "timeZone" : 2,
          "sign" : "scorpio",
          "moonPhaseDate" : null,
          "moonPhase" : "phase1"
        },
        {
          "date" : "2019-09-05T11:08+0000",
          "age" : 7,
          "signDate" : "2019-09-05T03:06+0000",
          "timeZone" : 2,
          "sign" : "sagittarius",
          "moonPhaseDate" : null,
          "moonPhase" : "phase1"
        },
        {
          "date" : "2019-09-06T12:14+0000",
          "age" : 8,
          "signDate" : "2019-09-05T03:06+0000",
          "timeZone" : 2,
          "sign" : "sagittarius",
          "moonPhaseDate" : "2019-09-06T03:10+0000",
          "moonPhase" : "phase2"
        },
        {
          "date" : "2019-09-07T13:14+0000",
          "age" : 9,
          "signDate" : "2019-09-07T10:35+0000",
          "timeZone" : 2,
          "sign" : "capricorn",
          "moonPhaseDate" : "2019-09-06T03:10+0000",
          "moonPhase" : "phase2"
        },
        {
          "date" : "2019-09-08T14:08+0000",
          "age" : 10,
          "signDate" : "2019-09-07T10:35+0000",
          "timeZone" : 2,
          "sign" : "capricorn",
          "moonPhaseDate" : "2019-09-06T03:10+0000",
          "moonPhase" : "phase2"
        },
        {
          "age" : 11,
          "date" : "2019-09-09T14:54+0000",
          "signDate" : "2019-09-09T21:25+0000",
          "timeZone" : 2,
          "sign" : "aquarius",
          "moonPhaseDate" : "2019-09-06T03:10+0000",
          "moonPhase" : "phase2"
        },
        {
          "date" : "2019-09-10T15:33+0000",
          "age" : 12,
          "signDate" : "2019-09-09T21:25+0000",
          "sign" : "aquarius",
          "timeZone" : 2,
          "moonPhaseDate" : "2019-09-06T03:10+0000",
          "moonPhase" : "phase2"
        },
        {
          "date" : "2019-09-11T16:07+0000",
          "age" : 13,
          "signDate" : "2019-09-09T21:25+0000",
          "timeZone" : 2,
          "sign" : "aquarius",
          "moonPhaseDate" : "2019-09-06T03:10+0000",
          "moonPhase" : "phase2"
        },
        {
          "date" : "2019-09-12T16:36+0000",
          "age" : 14,
          "signDate" : "2019-09-12T09:53+0000",
          "timeZone" : 2,
          "sign" : "pisces",
          "moonPhaseDate" : "2019-09-06T03:10+0000",
          "moonPhase" : "phase2"
        },
        {
          "age" : 15,
          "date" : "2019-09-13T17:01+0000",
          "signDate" : "2019-09-12T09:53+0000",
          "timeZone" : 2,
          "sign" : "pisces",
          "moonPhaseDate" : "2019-09-06T03:10+0000",
          "moonPhase" : "phase2"
        },
        {
          "date" : "2019-09-14T17:24+0000",
          "age" : 16,
          "signDate" : "2019-09-12T09:53+0000",
          "timeZone" : 2,
          "sign" : "pisces",
          "moonPhaseDate" : "2019-09-14T04:33+0000",
          "moonPhase" : "fullMoon"
        },
        {
          "date" : "2019-09-15T17:47+0000",
          "age" : 17,
          "signDate" : "2019-09-14T22:32+0000",
          "sign" : "aries",
          "timeZone" : 2,
          "moonPhaseDate" : "2019-09-14T04:33+0000",
          "moonPhase" : "phase3"
        },
        {
          "date" : "2019-09-16T18:09+0000",
          "age" : 18,
          "signDate" : "2019-09-14T22:32+0000",
          "timeZone" : 2,
          "sign" : "aries",
          "moonPhaseDate" : "2019-09-14T04:33+0000",
          "moonPhase" : "phase3"
        },
        {
          "date" : "2019-09-17T18:32+0000",
          "age" : 19,
          "signDate" : "2019-09-17T10:30+0000",
          "sign" : "taurus",
          "timeZone" : 2,
          "moonPhaseDate" : "2019-09-14T04:33+0000",
          "moonPhase" : "phase3"
        },
        {
          "date" : "2019-09-18T18:58+0000",
          "age" : 20,
          "signDate" : "2019-09-17T10:30+0000",
          "timeZone" : 2,
          "sign" : "taurus",
          "moonPhaseDate" : "2019-09-14T04:33+0000",
          "moonPhase" : "phase3"
        },
        {
          "date" : "2019-09-19T19:27+0000",
          "age" : 21,
          "signDate" : "2019-09-19T20:58+0000",
          "timeZone" : 2,
          "sign" : "gemini",
          "moonPhaseDate" : "2019-09-14T04:33+0000",
          "moonPhase" : "phase3"
        },
        {
          "date" : "2019-09-20T20:02+0000",
          "age" : 22,
          "signDate" : "2019-09-19T20:58+0000",
          "sign" : "gemini",
          "timeZone" : 2,
          "moonPhaseDate" : "2019-09-14T04:33+0000",
          "moonPhase" : "phase3"
        },
        {
          "date" : "2019-09-21T20:44+0000",
          "age" : 23,
          "signDate" : "2019-09-19T20:58+0000",
          "sign" : "gemini",
          "timeZone" : 2,
          "moonPhaseDate" : "2019-09-14T04:33+0000",
          "moonPhase" : "phase3"
        },
        {
          "date" : "2019-09-22T21:35+0000",
          "age" : 24,
          "signDate" : "2019-09-22T04:52+0000",
          "timeZone" : 2,
          "sign" : "cancer",
          "moonPhaseDate" : "2019-09-22T02:41+0000",
          "moonPhase" : "phase4"
        },
        {
          "date" : "2019-09-23T22:35+0000",
          "age" : 25,
          "signDate" : "2019-09-24T09:19+0000",
          "timeZone" : 2,
          "sign" : "leo",
          "moonPhaseDate" : "2019-09-22T02:41+0000",
          "moonPhase" : "phase4"
        },
        {
          "date" : "2019-09-24T23:44+0000",
          "age" : 26,
          "signDate" : "2019-09-24T09:19+0000",
          "timeZone" : 2,
          "sign" : "leo",
          "moonPhaseDate" : "2019-09-22T02:41+0000",
          "moonPhase" : "phase4"
        },
        {
          "date" : "2019-09-26T01:01+0000",
          "age" : 27,
          "signDate" : "2019-09-26T10:35+0000",
          "timeZone" : 2,
          "sign" : "virgo",
          "moonPhaseDate" : "2019-09-22T02:41+0000",
          "moonPhase" : "phase4"
        },
        {
          "date" : "2019-09-27T02:20+0000",
          "age" : 28,
          "signDate" : "2019-09-26T10:35+0000",
          "timeZone" : 2,
          "sign" : "virgo",
          "moonPhaseDate" : "2019-09-22T02:41+0000",
          "moonPhase" : "phase4"
        },
        {
          "date" : "2019-09-28T03:40+0000",
          "age" : 29,
          "signDate" : "2019-09-28T10:04+0000",
          "timeZone" : 2,
          "sign" : "libra",
          "moonPhaseDate" : "2019-09-28T18:26+0000",
          "moonPhase" : "newMoon"
        },
        {
          "date" : "2019-09-28T18:26+0000",
          "age" : 1,
          "signDate" : "2019-09-28T10:04+0000",
          "sign" : "libra",
          "timeZone" : 2,
          "moonPhaseDate" : "2019-09-28T18:26+0000",
          "moonPhase" : "newMoon"
        },
        {
          "date" : "2019-09-29T05:00+0000",
          "age" : 2,
          "signDate" : "2019-09-28T10:04+0000",
          "timeZone" : 2,
          "sign" : "libra",
          "moonPhaseDate" : "2019-09-28T18:26+0000",
          "moonPhase" : "phase1"
        },
        {
          "date" : "2019-09-30T06:19+0000",
          "age" : 3,
          "signDate" : "2019-09-30T09:45+0000",
          "timeZone" : 2,
          "sign" : "scorpio",
          "moonPhaseDate" : "2019-09-28T18:26+0000",
          "moonPhase" : "phase1"
        },
        {
          "date" : "2019-10-01T07:36+0000",
          "age" : 4,
          "signDate" : "2019-09-30T09:45+0000",
          "timeZone" : 2,
          "sign" : "scorpio",
          "moonPhaseDate" : null,
          "moonPhase" : "phase1"
        },
        {
          "date" : "2019-10-02T08:50+0000",
          "age" : 5,
          "signDate" : "2019-10-02T11:45+0000",
          "timeZone" : 2,
          "sign" : "sagittarius",
          "moonPhaseDate" : null,
          "moonPhase" : "phase1"
        },
        {
          "date" : "2019-10-03T10:01+0000",
          "age" : 6,
          "signDate" : "2019-10-02T11:45+0000",
          "timeZone" : 2,
          "sign" : "sagittarius",
          "moonPhaseDate" : null,
          "moonPhase" : "phase1"
        },
        {
          "date" : "2019-10-04T11:06+0000",
          "age" : 7,
          "signDate" : "2019-10-04T17:41+0000",
          "timeZone" : 2,
          "sign" : "capricorn",
          "moonPhaseDate" : null,
          "moonPhase" : "phase1"
        },
        {
          "date" : "2019-10-05T12:03+0000",
          "age" : 8,
          "signDate" : "2019-10-04T17:41+0000",
          "timeZone" : 2,
          "sign" : "capricorn",
          "moonPhaseDate" : "2019-10-05T16:47+0000",
          "moonPhase" : "phase2"
        },
        {
          "date" : "2019-10-06T12:53+0000",
          "age" : 9,
          "signDate" : "2019-10-04T17:41+0000",
          "timeZone" : 2,
          "sign" : "capricorn",
          "moonPhaseDate" : "2019-10-05T16:47+0000",
          "moonPhase" : "phase2"
        },
        {
          "date" : "2019-10-07T13:35+0000",
          "age" : 10,
          "signDate" : "2019-10-07T03:43+0000",
          "timeZone" : 2,
          "sign" : "aquarius",
          "moonPhaseDate" : "2019-10-05T16:47+0000",
          "moonPhase" : "phase2"
        },
        {
          "date" : "2019-10-08T14:10+0000",
          "age" : 11,
          "signDate" : "2019-10-07T03:43+0000",
          "timeZone" : 2,
          "sign" : "aquarius",
          "moonPhaseDate" : "2019-10-05T16:47+0000",
          "moonPhase" : "phase2"
        },
        {
          "date" : "2019-10-09T14:40+0000",
          "age" : 12,
          "signDate" : "2019-10-09T16:08+0000",
          "timeZone" : 2,
          "sign" : "pisces",
          "moonPhaseDate" : "2019-10-05T16:47+0000",
          "moonPhase" : "phase2"
        },
        {
          "date" : "2019-10-10T15:06+0000",
          "age" : 13,
          "signDate" : "2019-10-09T16:08+0000",
          "timeZone" : 2,
          "sign" : "pisces",
          "moonPhaseDate" : "2019-10-05T16:47+0000",
          "moonPhase" : "phase2"
        },
        {
          "date" : "2019-10-11T15:30+0000",
          "age" : 14,
          "signDate" : "2019-10-09T16:08+0000",
          "sign" : "pisces",
          "timeZone" : 2,
          "moonPhaseDate" : "2019-10-05T16:47+0000",
          "moonPhase" : "phase2"
        },
        {
          "date" : "2019-10-12T15:52+0000",
          "age" : 15,
          "signDate" : "2019-10-12T04:46+0000",
          "timeZone" : 2,
          "sign" : "aries",
          "moonPhaseDate" : "2019-10-05T16:47+0000",
          "moonPhase" : "phase2"
        },
        {
          "date" : "2019-10-13T16:14+0000",
          "age" : 16,
          "signDate" : "2019-10-12T04:46+0000",
          "timeZone" : 2,
          "sign" : "aries",
          "moonPhaseDate" : "2019-10-13T21:08+0000",
          "moonPhase" : "fullMoon"
        },
        {
          "date" : "2019-10-14T16:37+0000",
          "age" : 17,
          "signDate" : "2019-10-14T16:23+0000",
          "sign" : "taurus",
          "timeZone" : 2,
          "moonPhaseDate" : "2019-10-13T21:08+0000",
          "moonPhase" : "phase3"
        },
        {
          "date" : "2019-10-15T17:02+0000",
          "age" : 18,
          "signDate" : "2019-10-14T16:23+0000",
          "timeZone" : 2,
          "sign" : "taurus",
          "moonPhaseDate" : "2019-10-13T21:08+0000",
          "moonPhase" : "phase3"
        },
        {
          "age" : 19,
          "date" : "2019-10-16T17:30+0000",
          "signDate" : "2019-10-14T16:23+0000",
          "timeZone" : 2,
          "sign" : "taurus",
          "moonPhaseDate" : "2019-10-13T21:08+0000",
          "moonPhase" : "phase3"
        },
        {
          "date" : "2019-10-17T18:02+0000",
          "age" : 20,
          "signDate" : "2019-10-17T02:29+0000",
          "sign" : "gemini",
          "timeZone" : 2,
          "moonPhaseDate" : "2019-10-13T21:08+0000",
          "moonPhase" : "phase3"
        },
        {
          "age" : 21,
          "date" : "2019-10-18T18:41+0000",
          "signDate" : "2019-10-17T02:29+0000",
          "timeZone" : 2,
          "sign" : "gemini",
          "moonPhaseDate" : "2019-10-13T21:08+0000",
          "moonPhase" : "phase3"
        },
        {
          "date" : "2019-10-19T19:28+0000",
          "age" : 22,
          "signDate" : "2019-10-19T10:42+0000",
          "timeZone" : 2,
          "sign" : "cancer",
          "moonPhaseDate" : "2019-10-13T21:08+0000",
          "moonPhase" : "phase3"
        },
        {
          "date" : "2019-10-20T20:24+0000",
          "age" : 23,
          "signDate" : "2019-10-19T10:42+0000",
          "timeZone" : 2,
          "sign" : "cancer",
          "moonPhaseDate" : "2019-10-13T21:08+0000",
          "moonPhase" : "phase3"
        },
        {
          "date" : "2019-10-21T21:29+0000",
          "age" : 24,
          "signDate" : "2019-10-21T16:30+0000",
          "timeZone" : 2,
          "sign" : "leo",
          "moonPhaseDate" : "2019-10-21T12:39+0000",
          "moonPhase" : "phase4"
        },
        {
          "date" : "2019-10-22T22:40+0000",
          "age" : 25,
          "signDate" : "2019-10-23T19:30+0000",
          "sign" : "virgo",
          "timeZone" : 2,
          "moonPhaseDate" : "2019-10-21T12:39+0000",
          "moonPhase" : "phase4"
        },
        {
          "date" : "2019-10-23T23:56+0000",
          "age" : 26,
          "signDate" : "2019-10-23T19:30+0000",
          "timeZone" : 2,
          "sign" : "virgo",
          "moonPhaseDate" : "2019-10-21T12:39+0000",
          "moonPhase" : "phase4"
        },
        {
          "date" : "2019-10-25T01:13+0000",
          "age" : 27,
          "signDate" : "2019-10-25T20:20+0000",
          "timeZone" : 2,
          "sign" : "libra",
          "moonPhaseDate" : "2019-10-21T12:39+0000",
          "moonPhase" : "phase4"
        },
        {
          "date" : "2019-10-26T02:31+0000",
          "age" : 28,
          "signDate" : "2019-10-25T20:20+0000",
          "timeZone" : 2,
          "sign" : "libra",
          "moonPhaseDate" : "2019-10-21T12:39+0000",
          "moonPhase" : "phase4"
        },
        {
          "date" : "2019-10-27T02:50+0000",
          "age" : 29,
          "signDate" : "2019-10-27T19:31+0000",
          "timeZone" : 2,
          "sign" : "scorpio",
          "moonPhaseDate" : "2019-10-21T12:39+0000",
          "moonPhase" : "phase4"
        },
        {
          "age" : 1,
          "date" : "2019-10-28T02:38+0000",
          "signDate" : "2019-10-27T19:31+0000",
          "timeZone" : 2,
          "sign" : "scorpio",
          "moonPhaseDate" : "2019-10-28T02:38+0000",
          "moonPhase" : "newMoon"
        },
        {
          "date" : "2019-10-28T04:08+0000",
          "age" : 2,
          "signDate" : "2019-10-27T19:31+0000",
          "timeZone" : 2,
          "sign" : "scorpio",
          "moonPhaseDate" : "2019-10-28T02:38+0000",
          "moonPhase" : "newMoon"
        },
        {
          "date" : "2019-10-29T05:25+0000",
          "age" : 3,
          "signDate" : "2019-10-29T21:00+0000",
          "sign" : "sagittarius",
          "timeZone" : 2,
          "moonPhaseDate" : "2019-10-28T02:38+0000",
          "moonPhase" : "phase1"
        },
        {
          "date" : "2019-10-30T06:39+0000",
          "age" : 4,
          "signDate" : "2019-10-29T21:00+0000",
          "timeZone" : 2,
          "sign" : "sagittarius",
          "moonPhaseDate" : "2019-10-28T02:38+0000",
          "moonPhase" : "phase1"
        },
        {
          "date" : "2019-10-31T07:49+0000",
          "age" : 5,
          "signDate" : "2019-10-29T21:00+0000",
          "sign" : "sagittarius",
          "timeZone" : 2,
          "moonPhaseDate" : "2019-10-28T02:38+0000",
          "moonPhase" : "phase1"
        },
        {
          "date" : "2019-11-01T08:53+0000",
          "age" : 6,
          "signDate" : "2019-11-01T01:38+0000",
          "timeZone" : 2,
          "sign" : "capricorn",
          "moonPhaseDate" : null,
          "moonPhase" : "phase1"
        },
        {
          "age" : 7,
          "date" : "2019-11-02T09:47+0000",
          "signDate" : "2019-11-01T01:38+0000",
          "timeZone" : 2,
          "sign" : "capricorn",
          "moonPhaseDate" : null,
          "moonPhase" : "phase1"
        },
        {
          "date" : "2019-11-03T10:33+0000",
          "age" : 8,
          "signDate" : "2019-11-03T10:21+0000",
          "timeZone" : 2,
          "sign" : "aquarius",
          "moonPhaseDate" : null,
          "moonPhase" : "phase1"
        },
        {
          "date" : "2019-11-04T11:11+0000",
          "age" : 9,
          "signDate" : "2019-11-03T10:21+0000",
          "timeZone" : 2,
          "sign" : "aquarius",
          "moonPhaseDate" : "2019-11-04T09:23+0000",
          "moonPhase" : "phase2"
        },
        {
          "date" : "2019-11-05T11:43+0000",
          "age" : 10,
          "signDate" : "2019-11-03T10:21+0000",
          "timeZone" : 2,
          "sign" : "aquarius",
          "moonPhaseDate" : "2019-11-04T09:23+0000",
          "moonPhase" : "phase2"
        },
        {
          "age" : 11,
          "date" : "2019-11-06T12:10+0000",
          "signDate" : "2019-11-05T22:11+0000",
          "timeZone" : 2,
          "sign" : "pisces",
          "moonPhaseDate" : "2019-11-04T09:23+0000",
          "moonPhase" : "phase2"
        },
        {
          "age" : 12,
          "date" : "2019-11-07T12:34+0000",
          "signDate" : "2019-11-05T22:11+0000",
          "timeZone" : 2,
          "sign" : "pisces",
          "moonPhaseDate" : "2019-11-04T09:23+0000",
          "moonPhase" : "phase2"
        },
        {
          "date" : "2019-11-08T12:57+0000",
          "age" : 13,
          "signDate" : "2019-11-08T10:50+0000",
          "timeZone" : 2,
          "sign" : "aries",
          "moonPhaseDate" : "2019-11-04T09:23+0000",
          "moonPhase" : "phase2"
        },
        {
          "date" : "2019-11-09T13:19+0000",
          "age" : 14,
          "signDate" : "2019-11-08T10:50+0000",
          "timeZone" : 2,
          "sign" : "aries",
          "moonPhaseDate" : "2019-11-04T09:23+0000",
          "moonPhase" : "phase2"
        },
        {
          "date" : "2019-11-10T13:41+0000",
          "age" : 15,
          "signDate" : "2019-11-08T10:50+0000",
          "timeZone" : 2,
          "sign" : "aries",
          "moonPhaseDate" : "2019-11-04T09:23+0000",
          "moonPhase" : "phase2"
        },
        {
          "date" : "2019-11-11T14:05+0000",
          "age" : 16,
          "signDate" : "2019-11-10T22:19+0000",
          "timeZone" : 2,
          "sign" : "taurus",
          "moonPhaseDate" : "2019-11-04T09:23+0000",
          "moonPhase" : "phase2"
        },
        {
          "date" : "2019-11-12T14:32+0000",
          "age" : 17,
          "signDate" : "2019-11-10T22:19+0000",
          "timeZone" : 2,
          "sign" : "taurus",
          "moonPhaseDate" : "2019-11-12T12:35+0000",
          "moonPhase" : "fullMoon"
        },
        {
          "date" : "2019-11-13T15:03+0000",
          "age" : 18,
          "signDate" : "2019-11-13T07:45+0000",
          "timeZone" : 2,
          "sign" : "gemini",
          "moonPhaseDate" : "2019-11-12T12:35+0000",
          "moonPhase" : "phase3"
        },
        {
          "date" : "2019-11-14T15:40+0000",
          "age" : 19,
          "signDate" : "2019-11-13T07:45+0000",
          "timeZone" : 2,
          "sign" : "gemini",
          "moonPhaseDate" : "2019-11-12T12:35+0000",
          "moonPhase" : "phase3"
        },
        {
          "date" : "2019-11-15T16:25+0000",
          "age" : 20,
          "signDate" : "2019-11-15T15:12+0000",
          "timeZone" : 2,
          "sign" : "cancer",
          "moonPhaseDate" : "2019-11-12T12:35+0000",
          "moonPhase" : "phase3"
        },
        {
          "date" : "2019-11-16T17:18+0000",
          "age" : 21,
          "signDate" : "2019-11-15T15:12+0000",
          "timeZone" : 2,
          "sign" : "cancer",
          "moonPhaseDate" : "2019-11-12T12:35+0000",
          "moonPhase" : "phase3"
        },
        {
          "date" : "2019-11-17T18:20+0000",
          "age" : 22,
          "signDate" : "2019-11-17T20:54+0000",
          "timeZone" : 2,
          "sign" : "leo",
          "moonPhaseDate" : "2019-11-12T12:35+0000",
          "moonPhase" : "phase3"
        },
        {
          "date" : "2019-11-18T19:29+0000",
          "age" : 23,
          "signDate" : "2019-11-17T20:54+0000",
          "timeZone" : 2,
          "sign" : "leo",
          "moonPhaseDate" : "2019-11-12T12:35+0000",
          "moonPhase" : "phase3"
        },
        {
          "date" : "2019-11-19T20:42+0000",
          "age" : 24,
          "signDate" : "2019-11-17T20:54+0000",
          "timeZone" : 2,
          "sign" : "leo",
          "moonPhaseDate" : "2019-11-19T20:11+0000",
          "moonPhase" : "phase4"
        },
        {
          "date" : "2019-11-20T21:57+0000",
          "age" : 25,
          "signDate" : "2019-11-20T00:54+0000",
          "timeZone" : 2,
          "sign" : "virgo",
          "moonPhaseDate" : "2019-11-19T20:11+0000",
          "moonPhase" : "phase4"
        },
        {
          "date" : "2019-11-21T23:12+0000",
          "age" : 26,
          "signDate" : "2019-11-22T03:22+0000",
          "timeZone" : 2,
          "sign" : "libra",
          "moonPhaseDate" : "2019-11-19T20:11+0000",
          "moonPhase" : "phase4"
        },
        {
          "date" : "2019-11-23T00:27+0000",
          "age" : 27,
          "signDate" : "2019-11-22T03:22+0000",
          "timeZone" : 2,
          "sign" : "libra",
          "moonPhaseDate" : "2019-11-19T20:11+0000",
          "moonPhase" : "phase4"
        },
        {
          "date" : "2019-11-24T01:43+0000",
          "age" : 28,
          "signDate" : "2019-11-24T05:01+0000",
          "timeZone" : 2,
          "sign" : "scorpio",
          "moonPhaseDate" : "2019-11-19T20:11+0000",
          "moonPhase" : "phase4"
        },
        {
          "age" : 29,
          "date" : "2019-11-25T02:59+0000",
          "signDate" : "2019-11-24T05:01+0000",
          "timeZone" : 2,
          "sign" : "scorpio",
          "moonPhaseDate" : "2019-11-19T20:11+0000",
          "moonPhase" : "phase4"
        },
        {
          "date" : "2019-11-26T04:14+0000",
          "age" : 30,
          "signDate" : "2019-11-26T07:12+0000",
          "timeZone" : 2,
          "sign" : "sagittarius",
          "moonPhaseDate" : "2019-11-26T14:06+0000",
          "moonPhase" : "newMoon"
        },
        {
          "date" : "2019-11-26T14:06+0000",
          "age" : 1,
          "signDate" : "2019-11-26T07:12+0000",
          "timeZone" : 2,
          "sign" : "sagittarius",
          "moonPhaseDate" : "2019-11-26T14:06+0000",
          "moonPhase" : "newMoon"
        },
        {
          "date" : "2019-11-27T05:27+0000",
          "age" : 2,
          "signDate" : "2019-11-26T07:12+0000",
          "timeZone" : 2,
          "sign" : "sagittarius",
          "moonPhaseDate" : "2019-11-26T14:06+0000",
          "moonPhase" : "phase1"
        },
        {
          "date" : "2019-11-28T06:35+0000",
          "age" : 3,
          "signDate" : "2019-11-28T11:32+0000",
          "timeZone" : 2,
          "sign" : "capricorn",
          "moonPhaseDate" : "2019-11-26T14:06+0000",
          "moonPhase" : "phase1"
        },
        {
          "date" : "2019-11-29T07:35+0000",
          "age" : 4,
          "signDate" : "2019-11-28T11:32+0000",
          "timeZone" : 2,
          "sign" : "capricorn",
          "moonPhaseDate" : "2019-11-26T14:06+0000",
          "moonPhase" : "phase1"
        },
        {
          "date" : "2019-11-30T08:26+0000",
          "age" : 5,
          "signDate" : "2019-11-30T19:15+0000",
          "timeZone" : 2,
          "sign" : "aquarius",
          "moonPhaseDate" : "2019-11-26T14:06+0000",
          "moonPhase" : "phase1"
        },
        {
          "date" : "2019-12-01T09:09+0000",
          "age" : 6,
          "signDate" : "2019-11-30T19:15+0000",
          "timeZone" : 2,
          "sign" : "aquarius",
          "moonPhaseDate" : null,
          "moonPhase" : "phase1"
        },
        {
          "date" : "2019-12-02T09:44+0000",
          "age" : 7,
          "signDate" : "2019-11-30T19:15+0000",
          "sign" : "aquarius",
          "timeZone" : 2,
          "moonPhaseDate" : null,
          "moonPhase" : "phase1"
        },
        {
          "date" : "2019-12-03T10:13+0000",
          "age" : 8,
          "signDate" : "2019-12-03T06:14+0000",
          "timeZone" : 2,
          "sign" : "pisces",
          "moonPhaseDate" : null,
          "moonPhase" : "phase1"
        },
        {
          "date" : "2019-12-04T10:38+0000",
          "age" : 9,
          "signDate" : "2019-12-03T06:14+0000",
          "timeZone" : 2,
          "sign" : "pisces",
          "moonPhaseDate" : "2019-12-04T05:58+0000",
          "moonPhase" : "phase2"
        },
        {
          "date" : "2019-12-05T11:01+0000",
          "age" : 10,
          "signDate" : "2019-12-05T18:46+0000",
          "timeZone" : 2,
          "sign" : "aries",
          "moonPhaseDate" : "2019-12-04T05:58+0000",
          "moonPhase" : "phase2"
        },
        {
          "date" : "2019-12-06T11:23+0000",
          "age" : 11,
          "signDate" : "2019-12-05T18:46+0000",
          "timeZone" : 2,
          "sign" : "aries",
          "moonPhaseDate" : "2019-12-04T05:58+0000",
          "moonPhase" : "phase2"
        },
        {
          "date" : "2019-12-07T11:45+0000",
          "age" : 12,
          "signDate" : "2019-12-05T18:46+0000",
          "timeZone" : 2,
          "sign" : "aries",
          "moonPhaseDate" : "2019-12-04T05:58+0000",
          "moonPhase" : "phase2"
        },
        {
          "date" : "2019-12-08T12:07+0000",
          "age" : 13,
          "signDate" : "2019-12-08T06:31+0000",
          "timeZone" : 2,
          "sign" : "taurus",
          "moonPhaseDate" : "2019-12-04T05:58+0000",
          "moonPhase" : "phase2"
        },
        {
          "age" : 14,
          "date" : "2019-12-09T12:33+0000",
          "signDate" : "2019-12-08T06:31+0000",
          "timeZone" : 2,
          "sign" : "taurus",
          "moonPhaseDate" : "2019-12-04T05:58+0000",
          "moonPhase" : "phase2"
        },
        {
          "date" : "2019-12-10T13:02+0000",
          "age" : 15,
          "signDate" : "2019-12-10T15:49+0000",
          "timeZone" : 2,
          "sign" : "gemini",
          "moonPhaseDate" : "2019-12-04T05:58+0000",
          "moonPhase" : "phase2"
        },
        {
          "date" : "2019-12-11T13:36+0000",
          "age" : 16,
          "signDate" : "2019-12-10T15:49+0000",
          "sign" : "gemini",
          "timeZone" : 2,
          "moonPhaseDate" : "2019-12-04T05:58+0000",
          "moonPhase" : "phase2"
        },
        {
          "date" : "2019-12-12T14:19+0000",
          "age" : 17,
          "signDate" : "2019-12-10T15:49+0000",
          "timeZone" : 2,
          "sign" : "gemini",
          "moonPhaseDate" : "2019-12-12T04:12+0000",
          "moonPhase" : "fullMoon"
        },
        {
          "date" : "2019-12-13T15:10+0000",
          "age" : 18,
          "signDate" : "2019-12-12T22:24+0000",
          "timeZone" : 2,
          "sign" : "cancer",
          "moonPhaseDate" : "2019-12-12T04:12+0000",
          "moonPhase" : "phase3"
        },
        {
          "date" : "2019-12-14T16:11+0000",
          "age" : 19,
          "signDate" : "2019-12-12T22:24+0000",
          "timeZone" : 2,
          "sign" : "cancer",
          "moonPhaseDate" : "2019-12-12T04:12+0000",
          "moonPhase" : "phase3"
        },
        {
          "date" : "2019-12-15T17:19+0000",
          "age" : 20,
          "signDate" : "2019-12-15T02:53+0000",
          "timeZone" : 2,
          "sign" : "leo",
          "moonPhaseDate" : "2019-12-12T04:12+0000",
          "moonPhase" : "phase3"
        },
        {
          "date" : "2019-12-16T18:32+0000",
          "age" : 21,
          "signDate" : "2019-12-15T02:53+0000",
          "timeZone" : 2,
          "sign" : "leo",
          "moonPhaseDate" : "2019-12-12T04:12+0000",
          "moonPhase" : "phase3"
        },
        {
          "age" : 22,
          "date" : "2019-12-17T19:47+0000",
          "signDate" : "2019-12-17T06:13+0000",
          "timeZone" : 2,
          "sign" : "virgo",
          "moonPhaseDate" : "2019-12-12T04:12+0000",
          "moonPhase" : "phase3"
        },
        {
          "date" : "2019-12-18T21:01+0000",
          "age" : 23,
          "signDate" : "2019-12-17T06:13+0000",
          "timeZone" : 2,
          "sign" : "virgo",
          "moonPhaseDate" : "2019-12-12T04:12+0000",
          "moonPhase" : "phase3"
        },
        {
          "date" : "2019-12-19T22:15+0000",
          "age" : 24,
          "signDate" : "2019-12-17T06:13+0000",
          "timeZone" : 2,
          "sign" : "libra",
          "moonPhaseDate" : "2019-12-19T03:57+0000",
          "moonPhase" : "phase4"
        },
        {
          "date" : "2019-12-20T23:29+0000",
          "age" : 25,
          "signDate" : "2019-12-21T12:01+0000",
          "sign" : "scorpio",
          "timeZone" : 2,
          "moonPhaseDate" : "2019-12-19T03:57+0000",
          "moonPhase" : "phase4"
        },
        {
          "date" : "2019-12-22T00:42+0000",
          "age" : 26,
          "signDate" : "2019-12-21T12:01+0000",
          "timeZone" : 2,
          "sign" : "scorpio",
          "moonPhaseDate" : "2019-12-19T03:57+0000",
          "moonPhase" : "phase4"
        },
        {
          "date" : "2019-12-23T01:56+0000",
          "age" : 27,
          "signDate" : "2019-12-23T15:37+0000",
          "timeZone" : 2,
          "sign" : "sagittarius",
          "moonPhaseDate" : "2019-12-19T03:57+0000",
          "moonPhase" : "phase4"
        },
        {
          "age" : 28,
          "date" : "2019-12-24T03:08+0000",
          "signDate" : "2019-12-23T15:37+0000",
          "timeZone" : 2,
          "sign" : "sagittarius",
          "moonPhaseDate" : "2019-12-19T03:57+0000",
          "moonPhase" : "phase4"
        },
        {
          "date" : "2019-12-25T04:17+0000",
          "age" : 29,
          "signDate" : "2019-12-25T20:46+0000",
          "timeZone" : 2,
          "sign" : "capricorn",
          "moonPhaseDate" : "2019-12-19T03:57+0000",
          "moonPhase" : "phase4"
        },
        {
          "age" : 1,
          "date" : "2019-12-26T04:13+0000",
          "signDate" : "2019-12-25T20:46+0000",
          "timeZone" : 2,
          "sign" : "capricorn",
          "moonPhaseDate" : "2019-12-26T04:13+0000",
          "moonPhase" : "newMoon"
        },
        {
          "date" : "2019-12-26T05:21+0000",
          "age" : 2,
          "signDate" : "2019-12-25T20:46+0000",
          "timeZone" : 2,
          "sign" : "capricorn",
          "moonPhaseDate" : "2019-12-26T04:13+0000",
          "moonPhase" : "newMoon"
        },
        {
          "age" : 3,
          "date" : "2019-12-27T06:16+0000",
          "signDate" : "2019-12-25T20:46+0000",
          "timeZone" : 2,
          "sign" : "capricorn",
          "moonPhaseDate" : "2019-12-26T04:13+0000",
          "moonPhase" : "phase1"
        },
        {
          "date" : "2019-12-28T07:03+0000",
          "age" : 4,
          "signDate" : "2019-12-28T04:21+0000",
          "timeZone" : 2,
          "sign" : "aquarius",
          "moonPhaseDate" : "2019-12-26T04:13+0000",
          "moonPhase" : "phase1"
        },
        {
          "date" : "2019-12-29T07:41+0000",
          "age" : 5,
          "signDate" : "2019-12-28T04:21+0000",
          "timeZone" : 2,
          "sign" : "aquarius",
          "moonPhaseDate" : "2019-12-26T04:13+0000",
          "moonPhase" : "phase1"
        },
        {
          "date" : "2019-12-30T08:13+0000",
          "age" : 6,
          "signDate" : "2019-12-30T14:43+0000",
          "timeZone" : 2,
          "sign" : "pisces",
          "moonPhaseDate" : "2019-12-26T04:13+0000",
          "moonPhase" : "phase1"
        },
        {
          "date" : "2019-12-31T08:40+0000",
          "age" : 7,
          "signDate" : "2019-12-30T14:43+0000",
          "timeZone" : 2,
          "sign" : "pisces",
          "moonPhaseDate" : "2019-12-26T04:13+0000",
          "moonPhase" : "phase1"
        },
        {
          "age" : 8,
          "date" : "2020-01-01T09:04+0000",
          "signDate" : "2019-12-30T14:43+0000",
          "timeZone" : 2,
          "sign" : "pisces",
          "moonPhaseDate" : null,
          "moonPhase" : "phase1"
        },
        {
          "date" : "2020-01-02T09:26+0000",
          "age" : 9,
          "signDate" : "2020-01-02T03:01+0000",
          "timeZone" : 2,
          "sign" : "aries",
          "moonPhaseDate" : null,
          "moonPhase" : "phase1"
        },
        {
          "date" : "2020-01-03T09:48+0000",
          "age" : 10,
          "signDate" : "2020-01-02T03:01+0000",
          "timeZone" : 2,
          "sign" : "aries",
          "moonPhaseDate" : "2020-01-03T03:45+0000",
          "moonPhase" : "phase2"
        },
        {
          "date" : "2020-01-04T10:09+0000",
          "age" : 11,
          "signDate" : "2020-01-04T15:15+0000",
          "timeZone" : 2,
          "sign" : "taurus",
          "moonPhaseDate" : "2020-01-03T03:45+0000",
          "moonPhase" : "phase2"
        },
        {
          "age" : 12,
          "date" : "2020-01-05T10:33+0000",
          "signDate" : "2020-01-04T15:15+0000",
          "timeZone" : 2,
          "sign" : "taurus",
          "moonPhaseDate" : "2020-01-03T03:45+0000",
          "moonPhase" : "phase2"
        },
        {
          "date" : "2020-01-06T11:00+0000",
          "age" : 13,
          "signDate" : "2020-01-04T15:15+0000",
          "timeZone" : 2,
          "sign" : "taurus",
          "moonPhaseDate" : "2020-01-03T03:45+0000",
          "moonPhase" : "phase2"
        },
        {
          "date" : "2020-01-07T11:31+0000",
          "age" : 14,
          "signDate" : "2020-01-07T01:13+0000",
          "timeZone" : 2,
          "sign" : "gemini",
          "moonPhaseDate" : "2020-01-03T03:45+0000",
          "moonPhase" : "phase2"
        },
        {
          "age" : 15,
          "date" : "2020-01-08T12:10+0000",
          "signDate" : "2020-01-07T01:13+0000",
          "timeZone" : 2,
          "sign" : "gemini",
          "moonPhaseDate" : "2020-01-03T03:45+0000",
          "moonPhase" : "phase2"
        },
        {
          "date" : "2020-01-09T12:57+0000",
          "age" : 16,
          "signDate" : "2020-01-09T07:45+0000",
          "timeZone" : 2,
          "sign" : "cancer",
          "moonPhaseDate" : "2020-01-03T03:45+0000",
          "moonPhase" : "phase2"
        },
        {
          "date" : "2020-01-10T13:55+0000",
          "age" : 17,
          "signDate" : "2020-01-09T07:45+0000",
          "timeZone" : 2,
          "sign" : "cancer",
          "moonPhaseDate" : "2020-01-10T18:21+0000",
          "moonPhase" : "fullMoon"
        },
        {
          "date" : "2020-01-11T15:02+0000",
          "age" : 18,
          "signDate" : "2020-01-11T11:16+0000",
          "timeZone" : 2,
          "sign" : "leo",
          "moonPhaseDate" : "2020-01-10T18:21+0000",
          "moonPhase" : "phase3"
        },
        {
          "date" : "2020-01-12T16:16+0000",
          "age" : 19,
          "signDate" : "2020-01-11T11:16+0000",
          "timeZone" : 2,
          "sign" : "leo",
          "moonPhaseDate" : "2020-01-10T18:21+0000",
          "moonPhase" : "phase3"
        },
        {
          "date" : "2020-01-13T17:33+0000",
          "age" : 20,
          "signDate" : "2020-01-13T13:05+0000",
          "timeZone" : 2,
          "sign" : "virgo",
          "moonPhaseDate" : "2020-01-10T18:21+0000",
          "moonPhase" : "phase3"
        },
        {
          "date" : "2020-01-14T18:49+0000",
          "age" : 21,
          "signDate" : "2020-01-13T13:05+0000",
          "timeZone" : 2,
          "sign" : "virgo",
          "moonPhaseDate" : "2020-01-10T18:21+0000",
          "moonPhase" : "phase3"
        },
        {
          "date" : "2020-01-15T20:05+0000",
          "age" : 22,
          "signDate" : "2020-01-15T14:42+0000",
          "timeZone" : 2,
          "sign" : "libra",
          "moonPhaseDate" : "2020-01-10T18:21+0000",
          "moonPhase" : "phase3"
        },
        {
          "age" : 23,
          "date" : "2020-01-16T21:19+0000",
          "signDate" : "2020-01-15T14:42+0000",
          "timeZone" : 2,
          "sign" : "libra",
          "moonPhaseDate" : "2020-01-10T18:21+0000",
          "moonPhase" : "phase3"
        },
        {
          "date" : "2020-01-17T22:33+0000",
          "age" : 24,
          "signDate" : "2020-01-15T14:42+0000",
          "timeZone" : 2,
          "sign" : "scorpio",
          "moonPhaseDate" : "2020-01-17T11:58+0000",
          "moonPhase" : "phase4"
        },
        {
          "date" : "2020-01-18T23:45+0000",
          "age" : 25,
          "signDate" : "2020-01-19T21:43+0000",
          "timeZone" : 2,
          "sign" : "sagittarius",
          "moonPhaseDate" : "2020-01-17T11:58+0000",
          "moonPhase" : "phase4"
        },
        {
          "date" : "2020-01-20T00:57+0000",
          "age" : 26,
          "signDate" : "2020-01-19T21:43+0000",
          "timeZone" : 2,
          "sign" : "sagittarius",
          "moonPhaseDate" : "2020-01-17T11:58+0000",
          "moonPhase" : "phase4"
        },
        {
          "date" : "2020-01-21T02:06+0000",
          "age" : 27,
          "signDate" : "2020-01-19T21:43+0000",
          "timeZone" : 2,
          "sign" : "sagittarius",
          "moonPhaseDate" : "2020-01-17T11:58+0000",
          "moonPhase" : "phase4"
        },
        {
          "date" : "2020-01-22T03:10+0000",
          "age" : 28,
          "signDate" : "2020-01-22T04:02+0000",
          "timeZone" : 2,
          "sign" : "capricorn",
          "moonPhaseDate" : "2020-01-17T11:58+0000",
          "moonPhase" : "phase4"
        },
        {
          "date" : "2020-01-23T04:08+0000",
          "age" : 29,
          "signDate" : "2020-01-22T04:02+0000",
          "timeZone" : 2,
          "sign" : "capricorn",
          "moonPhaseDate" : "2020-01-17T11:58+0000",
          "moonPhase" : "phase4"
        },
        {
          "date" : "2020-01-24T04:57+0000",
          "age" : 30,
          "signDate" : "2020-01-24T12:22+0000",
          "timeZone" : 2,
          "sign" : "aquarius",
          "moonPhaseDate" : "2020-01-24T20:42+0000",
          "moonPhase" : "newMoon"
        },
        {
          "date" : "2020-01-24T20:42+0000",
          "age" : 1,
          "signDate" : "2020-01-24T12:22+0000",
          "timeZone" : 2,
          "sign" : "aquarius",
          "moonPhaseDate" : "2020-01-24T20:42+0000",
          "moonPhase" : "newMoon"
        },
        {
          "age" : 2,
          "date" : "2020-01-25T05:38+0000",
          "signDate" : "2020-01-24T12:22+0000",
          "timeZone" : 2,
          "sign" : "aquarius",
          "moonPhaseDate" : "2020-01-24T20:42+0000",
          "moonPhase" : "phase1"
        },
        {
          "date" : "2020-01-26T06:13+0000",
          "age" : 3,
          "signDate" : "2020-01-24T12:22+0000",
          "timeZone" : 2,
          "sign" : "aquarius",
          "moonPhaseDate" : "2020-01-24T20:42+0000",
          "moonPhase" : "phase1"
        },
        {
          "age" : 4,
          "date" : "2020-01-27T06:42+0000",
          "signDate" : "2020-01-26T22:45+0000",
          "timeZone" : 2,
          "sign" : "pisces",
          "moonPhaseDate" : "2020-01-24T20:42+0000",
          "moonPhase" : "phase1"
        },
        {
          "age" : 5,
          "date" : "2020-01-28T07:07+0000",
          "signDate" : "2020-01-26T22:45+0000",
          "timeZone" : 2,
          "sign" : "pisces",
          "moonPhaseDate" : "2020-01-24T20:42+0000",
          "moonPhase" : "phase1"
        },
        {
          "date" : "2020-01-29T07:29+0000",
          "age" : 6,
          "signDate" : "2020-01-29T10:51+0000",
          "timeZone" : 2,
          "sign" : "aries",
          "moonPhaseDate" : "2020-01-24T20:42+0000",
          "moonPhase" : "phase1"
        },
        {
          "date" : "2020-01-30T07:51+0000",
          "age" : 7,
          "signDate" : "2020-01-29T10:51+0000",
          "sign" : "aries",
          "timeZone" : 2,
          "moonPhaseDate" : "2020-01-24T20:42+0000",
          "moonPhase" : "phase1"
        },
        {
          "date" : "2020-01-31T08:12+0000",
          "age" : 8,
          "signDate" : "2020-01-29T10:51+0000",
          "timeZone" : 2,
          "sign" : "aries",
          "moonPhaseDate" : "2020-01-24T20:42+0000",
          "moonPhase" : "phase1"
        },
        {
          "date" : "2020-01-31T08:12+0000",
          "age" : 8,
          "signDate" : "2020-01-29T10:51+0000",
          "timeZone" : 2,
          "sign" : "aries",
          "moonPhaseDate" : "2020-01-24T20:42+0000",
          "moonPhase" : "phase1"
        }
      ]
    }
  ],
  "countryName" : "Югославия"
}