{
  "cities" : [
    {
      "cityName" : "Богота",
      "moonDays" : [
        {
          "signDate" : "2019-05-01T10:23+0000",
          "date" : "2019-05-01T08:26+0000",
          "moonPhaseDate" : null,
          "moonPhase" : null,
          "sign" : "aries",
          "timeZone" : -5,
          "age" : 27
        },
        {
          "signDate" : "2019-05-01T10:23+0000",
          "date" : "2019-05-02T09:07+0000",
          "moonPhaseDate" : null,
          "timeZone" : -5,
          "sign" : "aries",
          "moonPhase" : null,
          "age" : 28
        },
        {
          "signDate" : "2019-05-03T20:21+0000",
          "date" : "2019-05-03T09:49+0000",
          "moonPhaseDate" : null,
          "moonPhase" : null,
          "sign" : "taurus",
          "timeZone" : -5,
          "age" : 29
        },
        {
          "signDate" : "2019-05-03T20:21+0000",
          "date" : "2019-05-04T10:32+0000",
          "moonPhaseDate" : "2019-05-04T22:45+0000",
          "moonPhase" : "newMoon",
          "sign" : "taurus",
          "timeZone" : -5,
          "age" : 30
        },
        {
          "signDate" : "2019-05-03T20:21+0000",
          "date" : "2019-05-04T22:45+0000",
          "moonPhaseDate" : "2019-05-04T22:45+0000",
          "moonPhase" : "newMoon",
          "sign" : "taurus",
          "timeZone" : -5,
          "age" : 1
        },
        {
          "signDate" : "2019-05-06T03:42+0000",
          "date" : "2019-05-05T11:19+0000",
          "moonPhaseDate" : "2019-05-04T22:45+0000",
          "timeZone" : -5,
          "sign" : "gemini",
          "moonPhase" : "phase1",
          "age" : 2
        },
        {
          "signDate" : "2019-05-06T03:42+0000",
          "date" : "2019-05-06T12:08+0000",
          "moonPhaseDate" : "2019-05-04T22:45+0000",
          "moonPhase" : "phase1",
          "sign" : "gemini",
          "timeZone" : -5,
          "age" : 3
        },
        {
          "signDate" : "2019-05-06T03:42+0000",
          "date" : "2019-05-07T13:01+0000",
          "moonPhaseDate" : "2019-05-04T22:45+0000",
          "moonPhase" : "phase1",
          "sign" : "gemini",
          "timeZone" : -5,
          "age" : 4
        },
        {
          "signDate" : "2019-05-08T09:05+0000",
          "date" : "2019-05-08T13:56+0000",
          "moonPhaseDate" : "2019-05-04T22:45+0000",
          "timeZone" : -5,
          "sign" : "cancer",
          "moonPhase" : "phase1",
          "age" : 5
        },
        {
          "signDate" : "2019-05-08T09:05+0000",
          "date" : "2019-05-09T14:54+0000",
          "moonPhaseDate" : "2019-05-04T22:45+0000",
          "moonPhase" : "phase1",
          "sign" : "cancer",
          "timeZone" : -5,
          "age" : 6
        },
        {
          "signDate" : "2019-05-10T13:12+0000",
          "date" : "2019-05-10T15:53+0000",
          "moonPhaseDate" : "2019-05-04T22:45+0000",
          "moonPhase" : "phase1",
          "timeZone" : -5,
          "sign" : "leo",
          "age" : 7
        },
        {
          "signDate" : "2019-05-10T13:12+0000",
          "date" : "2019-05-11T16:51+0000",
          "moonPhaseDate" : "2019-05-12T01:12+0000",
          "moonPhase" : "phase2",
          "timeZone" : -5,
          "sign" : "leo",
          "age" : 8
        },
        {
          "signDate" : "2019-05-12T16:23+0000",
          "date" : "2019-05-12T17:47+0000",
          "moonPhaseDate" : "2019-05-12T01:12+0000",
          "moonPhase" : "phase2",
          "sign" : "virgo",
          "timeZone" : -5,
          "age" : 9
        },
        {
          "signDate" : "2019-05-12T16:23+0000",
          "date" : "2019-05-13T18:42+0000",
          "moonPhaseDate" : "2019-05-12T01:12+0000",
          "moonPhase" : "phase2",
          "timeZone" : -5,
          "sign" : "virgo",
          "age" : 10
        },
        {
          "signDate" : "2019-05-14T18:53+0000",
          "date" : "2019-05-14T19:35+0000",
          "moonPhaseDate" : "2019-05-12T01:12+0000",
          "moonPhase" : "phase2",
          "sign" : "libra",
          "timeZone" : -5,
          "age" : 11
        },
        {
          "signDate" : "2019-05-14T18:53+0000",
          "date" : "2019-05-15T20:28+0000",
          "moonPhaseDate" : "2019-05-12T01:12+0000",
          "moonPhase" : "phase2",
          "sign" : "libra",
          "timeZone" : -5,
          "age" : 12
        },
        {
          "signDate" : "2019-05-16T21:25+0000",
          "date" : "2019-05-16T21:20+0000",
          "moonPhaseDate" : "2019-05-12T01:12+0000",
          "moonPhase" : "phase2",
          "timeZone" : -5,
          "sign" : "scorpio",
          "age" : 13
        },
        {
          "signDate" : "2019-05-16T21:25+0000",
          "date" : "2019-05-17T22:12+0000",
          "moonPhaseDate" : "2019-05-12T01:12+0000",
          "moonPhase" : "phase2",
          "sign" : "scorpio",
          "timeZone" : -5,
          "age" : 14
        },
        {
          "signDate" : "2019-05-19T01:19+0000",
          "date" : "2019-05-18T23:06+0000",
          "moonPhaseDate" : "2019-05-18T21:11+0000",
          "moonPhase" : "fullMoon",
          "sign" : "sagittarius",
          "timeZone" : -5,
          "age" : 15
        },
        {
          "signDate" : "2019-05-19T01:19+0000",
          "date" : "2019-05-20T00:00+0000",
          "moonPhaseDate" : "2019-05-18T21:11+0000",
          "timeZone" : -5,
          "sign" : "sagittarius",
          "moonPhase" : "phase3",
          "age" : 16
        },
        {
          "signDate" : "2019-05-19T01:19+0000",
          "date" : "2019-05-21T00:54+0000",
          "moonPhaseDate" : "2019-05-18T21:11+0000",
          "moonPhase" : "phase3",
          "timeZone" : -5,
          "sign" : "sagittarius",
          "age" : 17
        },
        {
          "signDate" : "2019-05-21T07:56+0000",
          "date" : "2019-05-22T01:47+0000",
          "moonPhaseDate" : "2019-05-18T21:11+0000",
          "moonPhase" : "phase3",
          "timeZone" : -5,
          "sign" : "capricorn",
          "age" : 18
        },
        {
          "signDate" : "2019-05-21T07:56+0000",
          "date" : "2019-05-23T02:39+0000",
          "moonPhaseDate" : "2019-05-18T21:11+0000",
          "moonPhase" : "phase3",
          "sign" : "capricorn",
          "timeZone" : -5,
          "age" : 19
        },
        {
          "signDate" : "2019-05-23T17:51+0000",
          "date" : "2019-05-24T03:28+0000",
          "moonPhaseDate" : "2019-05-18T21:11+0000",
          "timeZone" : -5,
          "sign" : "aquarius",
          "moonPhase" : "phase3",
          "age" : 20
        },
        {
          "signDate" : "2019-05-23T17:51+0000",
          "date" : "2019-05-25T04:14+0000",
          "moonPhaseDate" : "2019-05-18T21:11+0000",
          "moonPhase" : "phase3",
          "sign" : "aquarius",
          "timeZone" : -5,
          "age" : 21
        },
        {
          "signDate" : "2019-05-23T17:51+0000",
          "date" : "2019-05-26T04:58+0000",
          "moonPhaseDate" : "2019-05-18T21:11+0000",
          "moonPhase" : "phase3",
          "timeZone" : -5,
          "sign" : "aquarius",
          "age" : 22
        },
        {
          "sign" : "pisces",
          "signDate" : "2019-05-23T17:51+0000",
          "timeZone" : -5,
          "age" : 23,
          "moonPhaseDate" : "2019-05-26T16:33+0000",
          "moonPhase" : "phase4",
          "date" : "2019-05-27T05:41+0000"
        },
        {
          "sign" : "aries",
          "signDate" : "2019-05-28T18:29+0000",
          "timeZone" : -5,
          "age" : 24,
          "moonPhaseDate" : "2019-05-26T16:33+0000",
          "date" : "2019-05-28T06:22+0000",
          "moonPhase" : "phase4"
        },
        {
          "sign" : "aries",
          "signDate" : "2019-05-28T18:29+0000",
          "timeZone" : -5,
          "age" : 25,
          "moonPhaseDate" : "2019-05-26T16:33+0000",
          "moonPhase" : "phase4",
          "date" : "2019-05-29T07:02+0000"
        },
        {
          "sign" : "taurus",
          "signDate" : "2019-05-31T04:44+0000",
          "timeZone" : -5,
          "age" : 26,
          "moonPhaseDate" : "2019-05-26T16:33+0000",
          "moonPhase" : "phase4",
          "date" : "2019-05-30T07:43+0000"
        },
        {
          "sign" : "taurus",
          "signDate" : "2019-05-31T04:44+0000",
          "timeZone" : -5,
          "age" : 27,
          "moonPhaseDate" : "2019-05-26T16:33+0000",
          "moonPhase" : "phase4",
          "date" : "2019-05-31T08:26+0000"
        },
        {
          "sign" : "taurus",
          "signDate" : "2019-05-31T04:44+0000",
          "timeZone" : -5,
          "age" : 28,
          "moonPhaseDate" : null,
          "moonPhase" : "phase4",
          "date" : "2019-06-01T09:11+0000"
        },
        {
          "sign" : "gemini",
          "signDate" : "2019-06-02T11:51+0000",
          "timeZone" : -5,
          "age" : 29,
          "moonPhaseDate" : null,
          "moonPhase" : "phase4",
          "date" : "2019-06-02T09:59+0000"
        },
        {
          "sign" : "gemini",
          "signDate" : "2019-06-02T11:51+0000",
          "timeZone" : -5,
          "age" : 1,
          "moonPhaseDate" : "2019-06-03T10:02+0000",
          "moonPhase" : "newMoon",
          "date" : "2019-06-03T10:02+0000"
        },
        {
          "sign" : "gemini",
          "signDate" : "2019-06-02T11:51+0000",
          "timeZone" : -5,
          "age" : 2,
          "moonPhaseDate" : "2019-06-03T10:02+0000",
          "moonPhase" : "newMoon",
          "date" : "2019-06-03T10:51+0000"
        },
        {
          "sign" : "cancer",
          "signDate" : "2019-06-04T16:18+0000",
          "timeZone" : -5,
          "age" : 3,
          "moonPhaseDate" : "2019-06-03T10:02+0000",
          "moonPhase" : "phase1",
          "date" : "2019-06-04T11:47+0000"
        },
        {
          "sign" : "cancer",
          "signDate" : "2019-06-04T16:18+0000",
          "timeZone" : -5,
          "age" : 4,
          "moonPhaseDate" : "2019-06-03T10:02+0000",
          "moonPhase" : "phase1",
          "date" : "2019-06-05T12:46+0000"
        },
        {
          "sign" : "leo",
          "signDate" : "2019-06-06T19:14+0000",
          "timeZone" : -5,
          "age" : 5,
          "moonPhaseDate" : "2019-06-03T10:02+0000",
          "moonPhase" : "phase1",
          "date" : "2019-06-06T13:46+0000"
        },
        {
          "sign" : "leo",
          "signDate" : "2019-06-06T19:14+0000",
          "timeZone" : -5,
          "age" : 6,
          "moonPhaseDate" : "2019-06-03T10:02+0000",
          "moonPhase" : "phase1",
          "date" : "2019-06-07T14:46+0000"
        },
        {
          "sign" : "virgo",
          "signDate" : "2019-06-08T21:43+0000",
          "timeZone" : -5,
          "age" : 7,
          "moonPhaseDate" : "2019-06-03T10:02+0000",
          "moonPhase" : "phase1",
          "date" : "2019-06-08T15:43+0000"
        },
        {
          "sign" : "virgo",
          "signDate" : "2019-06-08T21:43+0000",
          "timeZone" : -5,
          "age" : 8,
          "moonPhaseDate" : "2019-06-03T10:02+0000",
          "moonPhase" : "phase1",
          "date" : "2019-06-09T16:39+0000"
        },
        {
          "sign" : "libra",
          "signDate" : "2019-06-11T00:30+0000",
          "timeZone" : -5,
          "age" : 9,
          "moonPhaseDate" : "2019-06-10T05:59+0000",
          "moonPhase" : "phase2",
          "date" : "2019-06-10T17:32+0000"
        },
        {
          "sign" : "libra",
          "signDate" : "2019-06-11T00:30+0000",
          "timeZone" : -5,
          "age" : 10,
          "moonPhaseDate" : "2019-06-10T05:59+0000",
          "moonPhase" : "phase2",
          "date" : "2019-06-11T18:24+0000"
        },
        {
          "sign" : "scorpio",
          "signDate" : "2019-06-13T04:03+0000",
          "timeZone" : -5,
          "age" : 11,
          "moonPhaseDate" : "2019-06-10T05:59+0000",
          "moonPhase" : "phase2",
          "date" : "2019-06-12T19:15+0000"
        },
        {
          "sign" : "scorpio",
          "signDate" : "2019-06-13T04:03+0000",
          "timeZone" : -5,
          "age" : 12,
          "moonPhaseDate" : "2019-06-10T05:59+0000",
          "moonPhase" : "phase2",
          "date" : "2019-06-13T20:06+0000"
        },
        {
          "sign" : "scorpio",
          "signDate" : "2019-06-13T04:03+0000",
          "timeZone" : -5,
          "age" : 13,
          "moonPhaseDate" : "2019-06-10T05:59+0000",
          "moonPhase" : "phase2",
          "date" : "2019-06-14T20:57+0000"
        },
        {
          "sign" : "sagittarius",
          "signDate" : "2019-06-15T09:01+0000",
          "timeZone" : -5,
          "age" : 14,
          "moonPhaseDate" : "2019-06-10T05:59+0000",
          "moonPhase" : "phase2",
          "date" : "2019-06-15T21:50+0000"
        },
        {
          "sign" : "sagittarius",
          "signDate" : "2019-06-15T09:01+0000",
          "timeZone" : -5,
          "age" : 15,
          "moonPhaseDate" : "2019-06-10T05:59+0000",
          "moonPhase" : "phase2",
          "date" : "2019-06-16T22:44+0000"
        },
        {
          "sign" : "capricorn",
          "signDate" : "2019-06-17T16:11+0000",
          "timeZone" : -5,
          "age" : 16,
          "moonPhaseDate" : "2019-06-17T08:31+0000",
          "moonPhase" : "fullMoon",
          "date" : "2019-06-17T23:37+0000"
        },
        {
          "sign" : "capricorn",
          "signDate" : "2019-06-17T16:11+0000",
          "timeZone" : -5,
          "age" : 17,
          "moonPhaseDate" : "2019-06-17T08:31+0000",
          "moonPhase" : "phase3",
          "date" : "2019-06-19T00:29+0000"
        },
        {
          "sign" : "aquarius",
          "signDate" : "2019-06-20T02:01+0000",
          "timeZone" : -5,
          "age" : 18,
          "moonPhaseDate" : "2019-06-17T08:31+0000",
          "moonPhase" : "phase3",
          "date" : "2019-06-20T01:20+0000"
        },
        {
          "sign" : "aquarius",
          "signDate" : "2019-06-20T02:01+0000",
          "timeZone" : -5,
          "age" : 19,
          "moonPhaseDate" : "2019-06-17T08:31+0000",
          "moonPhase" : "phase3",
          "date" : "2019-06-21T02:08+0000"
        },
        {
          "sign" : "aquarius",
          "signDate" : "2019-06-20T02:01+0000",
          "timeZone" : -5,
          "age" : 20,
          "moonPhaseDate" : "2019-06-17T08:31+0000",
          "moonPhase" : "phase3",
          "date" : "2019-06-22T02:53+0000"
        },
        {
          "sign" : "pisces",
          "signDate" : "2019-06-22T14:01+0000",
          "timeZone" : -5,
          "age" : 21,
          "moonPhaseDate" : "2019-06-17T08:31+0000",
          "date" : "2019-06-23T03:36+0000",
          "moonPhase" : "phase3"
        },
        {
          "sign" : "pisces",
          "signDate" : "2019-06-22T14:01+0000",
          "timeZone" : -5,
          "age" : 22,
          "moonPhaseDate" : "2019-06-17T08:31+0000",
          "moonPhase" : "phase3",
          "date" : "2019-06-24T04:18+0000"
        },
        {
          "sign" : "aries",
          "signDate" : "2019-06-25T02:34+0000",
          "timeZone" : -5,
          "age" : 23,
          "moonPhaseDate" : "2019-06-17T08:31+0000",
          "moonPhase" : "phase3",
          "date" : "2019-06-25T04:58+0000"
        },
        {
          "sign" : "aries",
          "signDate" : "2019-06-25T02:34+0000",
          "timeZone" : -5,
          "age" : 24,
          "moonPhaseDate" : "2019-06-25T09:46+0000",
          "moonPhase" : "phase4",
          "date" : "2019-06-26T05:38+0000"
        },
        {
          "sign" : "taurus",
          "signDate" : "2019-06-27T13:30+0000",
          "timeZone" : -5,
          "age" : 25,
          "moonPhaseDate" : "2019-06-25T09:46+0000",
          "moonPhase" : "phase4",
          "date" : "2019-06-27T06:19+0000"
        },
        {
          "sign" : "taurus",
          "signDate" : "2019-06-27T13:30+0000",
          "timeZone" : -5,
          "age" : 26,
          "moonPhaseDate" : "2019-06-25T09:46+0000",
          "moonPhase" : "phase4",
          "date" : "2019-06-28T07:03+0000"
        },
        {
          "sign" : "gemini",
          "signDate" : "2019-06-29T21:10+0000",
          "timeZone" : -5,
          "age" : 27,
          "moonPhaseDate" : "2019-06-25T09:46+0000",
          "moonPhase" : "phase4",
          "date" : "2019-06-29T07:49+0000"
        },
        {
          "sign" : "gemini",
          "signDate" : "2019-06-29T21:10+0000",
          "timeZone" : -5,
          "age" : 28,
          "moonPhaseDate" : "2019-06-25T09:46+0000",
          "moonPhase" : "phase4",
          "date" : "2019-06-30T08:39+0000"
        },
        {
          "sign" : "cancer",
          "signDate" : "2019-07-02T01:26+0000",
          "timeZone" : -5,
          "age" : 29,
          "moonPhaseDate" : null,
          "date" : "2019-07-01T09:33+0000",
          "moonPhase" : "phase4"
        },
        {
          "sign" : "cancer",
          "signDate" : "2019-07-02T01:26+0000",
          "timeZone" : -5,
          "age" : 30,
          "moonPhaseDate" : "2019-07-02T19:16+0000",
          "moonPhase" : "newMoon",
          "date" : "2019-07-02T10:32+0000"
        },
        {
          "sign" : "cancer",
          "signDate" : "2019-07-02T01:26+0000",
          "timeZone" : -5,
          "age" : 1,
          "moonPhaseDate" : "2019-07-02T19:16+0000",
          "moonPhase" : "newMoon",
          "date" : "2019-07-02T19:16+0000"
        },
        {
          "sign" : "leo",
          "signDate" : "2019-07-04T03:21+0000",
          "timeZone" : -5,
          "age" : 2,
          "moonPhaseDate" : "2019-07-02T19:16+0000",
          "moonPhase" : "phase1",
          "date" : "2019-07-03T11:33+0000"
        },
        {
          "sign" : "leo",
          "signDate" : "2019-07-04T03:21+0000",
          "timeZone" : -5,
          "age" : 3,
          "moonPhaseDate" : "2019-07-02T19:16+0000",
          "moonPhase" : "phase1",
          "date" : "2019-07-04T12:34+0000"
        },
        {
          "sign" : "virgo",
          "signDate" : "2019-07-06T04:25+0000",
          "timeZone" : -5,
          "age" : 4,
          "moonPhaseDate" : "2019-07-02T19:16+0000",
          "moonPhase" : "phase1",
          "date" : "2019-07-05T13:35+0000"
        },
        {
          "sign" : "virgo",
          "signDate" : "2019-07-06T04:25+0000",
          "timeZone" : -5,
          "age" : 5,
          "moonPhaseDate" : "2019-07-02T19:16+0000",
          "moonPhase" : "phase1",
          "date" : "2019-07-06T14:33+0000"
        },
        {
          "sign" : "virgo",
          "signDate" : "2019-07-06T04:25+0000",
          "timeZone" : -5,
          "age" : 6,
          "moonPhaseDate" : "2019-07-02T19:16+0000",
          "moonPhase" : "phase1",
          "date" : "2019-07-07T15:28+0000"
        },
        {
          "sign" : "libra",
          "signDate" : "2019-07-08T06:07+0000",
          "timeZone" : -5,
          "age" : 7,
          "moonPhaseDate" : "2019-07-02T19:16+0000",
          "moonPhase" : "phase1",
          "date" : "2019-07-08T16:21+0000"
        },
        {
          "sign" : "libra",
          "signDate" : "2019-07-08T06:07+0000",
          "timeZone" : -5,
          "age" : 8,
          "moonPhaseDate" : "2019-07-09T10:55+0000",
          "moonPhase" : "phase2",
          "date" : "2019-07-09T17:12+0000"
        },
        {
          "sign" : "scorpio",
          "signDate" : "2019-07-10T09:28+0000",
          "timeZone" : -5,
          "age" : 9,
          "moonPhaseDate" : "2019-07-09T10:55+0000",
          "moonPhase" : "phase2",
          "date" : "2019-07-10T18:03+0000"
        },
        {
          "sign" : "scorpio",
          "signDate" : "2019-07-10T09:28+0000",
          "timeZone" : -5,
          "age" : 10,
          "moonPhaseDate" : "2019-07-09T10:55+0000",
          "date" : "2019-07-11T18:54+0000",
          "moonPhase" : "phase2"
        },
        {
          "sign" : "sagittarius",
          "signDate" : "2019-07-12T15:04+0000",
          "timeZone" : -5,
          "age" : 11,
          "moonPhaseDate" : "2019-07-09T10:55+0000",
          "moonPhase" : "phase2",
          "date" : "2019-07-12T19:45+0000"
        },
        {
          "sign" : "sagittarius",
          "signDate" : "2019-07-12T15:04+0000",
          "timeZone" : -5,
          "age" : 12,
          "moonPhaseDate" : "2019-07-09T10:55+0000",
          "moonPhase" : "phase2",
          "date" : "2019-07-13T20:38+0000"
        },
        {
          "sign" : "capricorn",
          "signDate" : "2019-07-14T23:03+0000",
          "timeZone" : -5,
          "age" : 13,
          "moonPhaseDate" : "2019-07-09T10:55+0000",
          "moonPhase" : "phase2",
          "date" : "2019-07-14T21:30+0000"
        },
        {
          "sign" : "capricorn",
          "signDate" : "2019-07-14T23:03+0000",
          "timeZone" : -5,
          "age" : 14,
          "moonPhaseDate" : "2019-07-09T10:55+0000",
          "moonPhase" : "phase2",
          "date" : "2019-07-15T22:23+0000"
        },
        {
          "sign" : "capricorn",
          "signDate" : "2019-07-14T23:03+0000",
          "timeZone" : -5,
          "age" : 15,
          "moonPhaseDate" : "2019-07-16T21:38+0000",
          "moonPhase" : "fullMoon",
          "date" : "2019-07-16T23:14+0000"
        },
        {
          "sign" : "aquarius",
          "signDate" : "2019-07-17T09:18+0000",
          "timeZone" : -5,
          "age" : 16,
          "moonPhaseDate" : "2019-07-16T21:38+0000",
          "moonPhase" : "phase3",
          "date" : "2019-07-18T00:02+0000"
        },
        {
          "sign" : "aquarius",
          "signDate" : "2019-07-17T09:18+0000",
          "timeZone" : -5,
          "age" : 17,
          "moonPhaseDate" : "2019-07-16T21:38+0000",
          "moonPhase" : "phase3",
          "date" : "2019-07-19T00:49+0000"
        },
        {
          "sign" : "pisces",
          "signDate" : "2019-07-19T21:19+0000",
          "timeZone" : -5,
          "age" : 18,
          "moonPhaseDate" : "2019-07-16T21:38+0000",
          "moonPhase" : "phase3",
          "date" : "2019-07-20T01:33+0000"
        },
        {
          "sign" : "pisces",
          "signDate" : "2019-07-19T21:19+0000",
          "timeZone" : -5,
          "age" : 19,
          "moonPhaseDate" : "2019-07-16T21:38+0000",
          "moonPhase" : "phase3",
          "date" : "2019-07-21T02:14+0000"
        },
        {
          "sign" : "pisces",
          "signDate" : "2019-07-19T21:19+0000",
          "timeZone" : -5,
          "age" : 20,
          "moonPhaseDate" : "2019-07-16T21:38+0000",
          "date" : "2019-07-22T02:55+0000",
          "moonPhase" : "phase3"
        },
        {
          "sign" : "aries",
          "signDate" : "2019-07-22T10:01+0000",
          "timeZone" : -5,
          "age" : 21,
          "moonPhaseDate" : "2019-07-16T21:38+0000",
          "moonPhase" : "phase3",
          "date" : "2019-07-23T03:35+0000"
        },
        {
          "sign" : "aries",
          "signDate" : "2019-07-22T10:01+0000",
          "timeZone" : -5,
          "age" : 22,
          "moonPhaseDate" : "2019-07-16T21:38+0000",
          "moonPhase" : "phase3",
          "date" : "2019-07-24T04:15+0000"
        },
        {
          "sign" : "taurus",
          "signDate" : "2019-07-24T21:40+0000",
          "timeZone" : -5,
          "age" : 23,
          "moonPhaseDate" : "2019-07-25T01:18+0000",
          "date" : "2019-07-25T04:56+0000",
          "moonPhase" : "phase4"
        },
        {
          "sign" : "taurus",
          "signDate" : "2019-07-24T21:40+0000",
          "timeZone" : -5,
          "age" : 24,
          "moonPhaseDate" : "2019-07-25T01:18+0000",
          "date" : "2019-07-26T05:40+0000",
          "moonPhase" : "phase4"
        },
        {
          "sign" : "gemini",
          "signDate" : "2019-07-27T06:28+0000",
          "timeZone" : -5,
          "age" : 25,
          "moonPhaseDate" : "2019-07-25T01:18+0000",
          "moonPhase" : "phase4",
          "date" : "2019-07-27T06:27+0000"
        },
        {
          "sign" : "gemini",
          "signDate" : "2019-07-27T06:28+0000",
          "timeZone" : -5,
          "age" : 26,
          "moonPhaseDate" : "2019-07-25T01:18+0000",
          "moonPhase" : "phase4",
          "date" : "2019-07-28T07:18+0000"
        },
        {
          "sign" : "cancer",
          "signDate" : "2019-07-29T11:30+0000",
          "timeZone" : -5,
          "age" : 27,
          "moonPhaseDate" : "2019-07-25T01:18+0000",
          "moonPhase" : "phase4",
          "date" : "2019-07-29T08:14+0000"
        },
        {
          "sign" : "cancer",
          "signDate" : "2019-07-29T11:30+0000",
          "timeZone" : -5,
          "age" : 28,
          "moonPhaseDate" : "2019-07-25T01:18+0000",
          "date" : "2019-07-30T09:14+0000",
          "moonPhase" : "phase4"
        },
        {
          "sign" : "leo",
          "signDate" : "2019-07-31T13:18+0000",
          "timeZone" : -5,
          "age" : 29,
          "moonPhaseDate" : "2019-08-01T03:12+0000",
          "date" : "2019-07-31T10:16+0000",
          "moonPhase" : "newMoon"
        },
        {
          "sign" : "leo",
          "signDate" : "2019-07-31T13:18+0000",
          "timeZone" : -5,
          "age" : 1,
          "moonPhaseDate" : "2019-08-01T03:12+0000",
          "moonPhase" : "newMoon",
          "date" : "2019-08-01T03:12+0000"
        },
        {
          "sign" : "leo",
          "signDate" : "2019-07-31T13:18+0000",
          "timeZone" : -5,
          "age" : 2,
          "moonPhaseDate" : null,
          "moonPhase" : "phase1",
          "date" : "2019-08-01T11:18+0000"
        },
        {
          "sign" : "virgo",
          "signDate" : "2019-08-02T13:23+0000",
          "timeZone" : -5,
          "age" : 3,
          "moonPhaseDate" : null,
          "moonPhase" : "phase1",
          "date" : "2019-08-02T12:19+0000"
        },
        {
          "sign" : "virgo",
          "signDate" : "2019-08-02T13:23+0000",
          "timeZone" : -5,
          "age" : 4,
          "moonPhaseDate" : null,
          "moonPhase" : "phase1",
          "date" : "2019-08-03T13:17+0000"
        },
        {
          "sign" : "libra",
          "signDate" : "2019-08-04T13:32+0000",
          "timeZone" : -5,
          "age" : 5,
          "moonPhaseDate" : null,
          "moonPhase" : "phase1",
          "date" : "2019-08-04T14:13+0000"
        },
        {
          "sign" : "libra",
          "signDate" : "2019-08-04T13:32+0000",
          "timeZone" : -5,
          "age" : 6,
          "moonPhaseDate" : null,
          "moonPhase" : "phase1",
          "date" : "2019-08-05T15:07+0000"
        },
        {
          "sign" : "scorpio",
          "signDate" : "2019-08-06T15:31+0000",
          "timeZone" : -5,
          "age" : 7,
          "moonPhaseDate" : null,
          "moonPhase" : "phase1",
          "date" : "2019-08-06T15:59+0000"
        },
        {
          "sign" : "scorpio",
          "signDate" : "2019-08-06T15:31+0000",
          "timeZone" : -5,
          "age" : 8,
          "moonPhaseDate" : "2019-08-07T17:31+0000",
          "moonPhase" : "phase2",
          "date" : "2019-08-07T16:50+0000"
        },
        {
          "sign" : "sagittarius",
          "signDate" : "2019-08-08T20:32+0000",
          "timeZone" : -5,
          "age" : 9,
          "moonPhaseDate" : "2019-08-07T17:31+0000",
          "moonPhase" : "phase2",
          "date" : "2019-08-08T17:42+0000"
        },
        {
          "sign" : "sagittarius",
          "signDate" : "2019-08-08T20:32+0000",
          "timeZone" : -5,
          "age" : 10,
          "moonPhaseDate" : "2019-08-07T17:31+0000",
          "moonPhase" : "phase2",
          "date" : "2019-08-09T18:34+0000"
        },
        {
          "sign" : "capricorn",
          "signDate" : "2019-08-11T04:48+0000",
          "timeZone" : -5,
          "age" : 11,
          "moonPhaseDate" : "2019-08-07T17:31+0000",
          "date" : "2019-08-10T19:27+0000",
          "moonPhase" : "phase2"
        },
        {
          "sign" : "capricorn",
          "signDate" : "2019-08-11T04:48+0000",
          "timeZone" : -5,
          "age" : 12,
          "moonPhaseDate" : "2019-08-07T17:31+0000",
          "moonPhase" : "phase2",
          "date" : "2019-08-11T20:19+0000"
        },
        {
          "sign" : "capricorn",
          "signDate" : "2019-08-11T04:48+0000",
          "timeZone" : -5,
          "age" : 13,
          "moonPhaseDate" : "2019-08-07T17:31+0000",
          "moonPhase" : "phase2",
          "date" : "2019-08-12T21:09+0000"
        },
        {
          "sign" : "aquarius",
          "signDate" : "2019-08-13T15:36+0000",
          "timeZone" : -5,
          "age" : 14,
          "moonPhaseDate" : "2019-08-07T17:31+0000",
          "moonPhase" : "phase2",
          "date" : "2019-08-13T21:59+0000"
        },
        {
          "sign" : "aquarius",
          "signDate" : "2019-08-13T15:36+0000",
          "timeZone" : -5,
          "age" : 15,
          "moonPhaseDate" : "2019-08-07T17:31+0000",
          "date" : "2019-08-14T22:46+0000",
          "moonPhase" : "phase2"
        },
        {
          "sign" : "pisces",
          "signDate" : "2019-08-16T03:50+0000",
          "timeZone" : -5,
          "age" : 16,
          "moonPhaseDate" : "2019-08-15T12:29+0000",
          "moonPhase" : "fullMoon",
          "date" : "2019-08-15T23:30+0000"
        },
        {
          "sign" : "pisces",
          "signDate" : "2019-08-16T03:50+0000",
          "timeZone" : -5,
          "age" : 17,
          "moonPhaseDate" : "2019-08-15T12:29+0000",
          "moonPhase" : "phase3",
          "date" : "2019-08-17T00:13+0000"
        },
        {
          "sign" : "pisces",
          "signDate" : "2019-08-16T03:50+0000",
          "timeZone" : -5,
          "age" : 18,
          "moonPhaseDate" : "2019-08-15T12:29+0000",
          "moonPhase" : "phase3",
          "date" : "2019-08-18T00:53+0000"
        },
        {
          "sign" : "aries",
          "signDate" : "2019-08-18T16:32+0000",
          "timeZone" : -5,
          "age" : 19,
          "moonPhaseDate" : "2019-08-15T12:29+0000",
          "moonPhase" : "phase3",
          "date" : "2019-08-19T01:33+0000"
        },
        {
          "sign" : "aries",
          "signDate" : "2019-08-18T16:32+0000",
          "timeZone" : -5,
          "age" : 20,
          "moonPhaseDate" : "2019-08-15T12:29+0000",
          "moonPhase" : "phase3",
          "date" : "2019-08-20T02:13+0000"
        },
        {
          "sign" : "taurus",
          "signDate" : "2019-08-21T04:36+0000",
          "timeZone" : -5,
          "age" : 21,
          "moonPhaseDate" : "2019-08-15T12:29+0000",
          "moonPhase" : "phase3",
          "date" : "2019-08-21T02:53+0000"
        },
        {
          "sign" : "taurus",
          "signDate" : "2019-08-21T04:36+0000",
          "timeZone" : -5,
          "age" : 22,
          "moonPhaseDate" : "2019-08-15T12:29+0000",
          "moonPhase" : "phase3",
          "date" : "2019-08-22T03:35+0000"
        },
        {
          "sign" : "taurus",
          "signDate" : "2019-08-21T04:36+0000",
          "timeZone" : -5,
          "age" : 23,
          "moonPhaseDate" : "2019-08-15T12:29+0000",
          "moonPhase" : "phase3",
          "date" : "2019-08-23T04:20+0000"
        },
        {
          "sign" : "gemini",
          "signDate" : "2019-08-21T04:36+0000",
          "timeZone" : -5,
          "age" : 24,
          "moonPhaseDate" : "2019-08-23T14:56+0000",
          "moonPhase" : "phase4",
          "date" : "2019-08-24T05:08+0000"
        },
        {
          "sign" : "cancer",
          "signDate" : "2019-08-25T21:05+0000",
          "timeZone" : -5,
          "age" : 25,
          "moonPhaseDate" : "2019-08-23T14:56+0000",
          "date" : "2019-08-25T06:00+0000",
          "moonPhase" : "phase4"
        },
        {
          "sign" : "cancer",
          "signDate" : "2019-08-25T21:05+0000",
          "timeZone" : -5,
          "age" : 26,
          "moonPhaseDate" : "2019-08-23T14:56+0000",
          "moonPhase" : "phase4",
          "date" : "2019-08-26T06:56+0000"
        },
        {
          "sign" : "leo",
          "signDate" : "2019-08-27T23:51+0000",
          "timeZone" : -5,
          "age" : 27,
          "moonPhaseDate" : "2019-08-23T14:56+0000",
          "moonPhase" : "phase4",
          "date" : "2019-08-27T07:56+0000"
        },
        {
          "sign" : "leo",
          "signDate" : "2019-08-27T23:51+0000",
          "timeZone" : -5,
          "age" : 28,
          "moonPhaseDate" : "2019-08-23T14:56+0000",
          "moonPhase" : "phase4",
          "date" : "2019-08-28T08:58+0000"
        },
        {
          "sign" : "virgo",
          "signDate" : "2019-08-29T23:57+0000",
          "timeZone" : -5,
          "age" : 29,
          "moonPhaseDate" : "2019-08-23T14:56+0000",
          "moonPhase" : "phase4",
          "date" : "2019-08-29T09:59+0000"
        },
        {
          "sign" : "virgo",
          "signDate" : "2019-08-29T23:57+0000",
          "timeZone" : -5,
          "age" : 1,
          "moonPhaseDate" : "2019-08-30T10:37+0000",
          "date" : "2019-08-30T10:37+0000",
          "moonPhase" : "newMoon"
        },
        {
          "sign" : "virgo",
          "signDate" : "2019-08-29T23:57+0000",
          "timeZone" : -5,
          "age" : 2,
          "moonPhaseDate" : "2019-08-30T10:37+0000",
          "moonPhase" : "newMoon",
          "date" : "2019-08-30T11:00+0000"
        },
        {
          "sign" : "libra",
          "signDate" : "2019-08-31T23:12+0000",
          "timeZone" : -5,
          "age" : 3,
          "moonPhaseDate" : "2019-08-30T10:37+0000",
          "date" : "2019-08-31T11:58+0000",
          "moonPhase" : "phase1"
        },
        {
          "sign" : "libra",
          "signDate" : "2019-08-31T23:12+0000",
          "timeZone" : -5,
          "age" : 4,
          "moonPhaseDate" : null,
          "date" : "2019-09-01T12:54+0000",
          "moonPhase" : "phase1"
        },
        {
          "sign" : "scorpio",
          "signDate" : "2019-09-02T23:38+0000",
          "timeZone" : -5,
          "age" : 5,
          "moonPhaseDate" : null,
          "moonPhase" : "phase1",
          "date" : "2019-09-02T13:49+0000"
        },
        {
          "sign" : "scorpio",
          "signDate" : "2019-09-02T23:38+0000",
          "timeZone" : -5,
          "age" : 6,
          "moonPhaseDate" : null,
          "moonPhase" : "phase1",
          "date" : "2019-09-03T14:42+0000"
        },
        {
          "sign" : "sagittarius",
          "signDate" : "2019-09-05T03:06+0000",
          "timeZone" : -5,
          "age" : 7,
          "moonPhaseDate" : null,
          "moonPhase" : "phase1",
          "date" : "2019-09-04T15:36+0000"
        },
        {
          "sign" : "sagittarius",
          "signDate" : "2019-09-05T03:06+0000",
          "timeZone" : -5,
          "age" : 8,
          "moonPhaseDate" : "2019-09-06T03:10+0000",
          "moonPhase" : "phase2",
          "date" : "2019-09-05T16:29+0000"
        },
        {
          "sign" : "sagittarius",
          "signDate" : "2019-09-05T03:06+0000",
          "timeZone" : -5,
          "age" : 9,
          "moonPhaseDate" : "2019-09-06T03:10+0000",
          "moonPhase" : "phase2",
          "date" : "2019-09-06T17:22+0000"
        },
        {
          "sign" : "capricorn",
          "signDate" : "2019-09-07T10:35+0000",
          "timeZone" : -5,
          "age" : 10,
          "moonPhaseDate" : "2019-09-06T03:10+0000",
          "moonPhase" : "phase2",
          "date" : "2019-09-07T18:15+0000"
        },
        {
          "sign" : "capricorn",
          "signDate" : "2019-09-07T10:35+0000",
          "timeZone" : -5,
          "age" : 11,
          "moonPhaseDate" : "2019-09-06T03:10+0000",
          "moonPhase" : "phase2",
          "date" : "2019-09-08T19:06+0000"
        },
        {
          "sign" : "aquarius",
          "signDate" : "2019-09-09T21:25+0000",
          "timeZone" : -5,
          "age" : 12,
          "moonPhaseDate" : "2019-09-06T03:10+0000",
          "moonPhase" : "phase2",
          "date" : "2019-09-09T19:56+0000"
        },
        {
          "sign" : "aquarius",
          "signDate" : "2019-09-09T21:25+0000",
          "timeZone" : -5,
          "age" : 13,
          "moonPhaseDate" : "2019-09-06T03:10+0000",
          "date" : "2019-09-10T20:43+0000",
          "moonPhase" : "phase2"
        },
        {
          "sign" : "aquarius",
          "signDate" : "2019-09-09T21:25+0000",
          "timeZone" : -5,
          "age" : 14,
          "moonPhaseDate" : "2019-09-06T03:10+0000",
          "date" : "2019-09-11T21:28+0000",
          "moonPhase" : "phase2"
        },
        {
          "sign" : "pisces",
          "signDate" : "2019-09-12T09:53+0000",
          "timeZone" : -5,
          "age" : 15,
          "moonPhaseDate" : "2019-09-06T03:10+0000",
          "moonPhase" : "phase2",
          "date" : "2019-09-12T22:11+0000"
        },
        {
          "sign" : "pisces",
          "signDate" : "2019-09-12T09:53+0000",
          "timeZone" : -5,
          "age" : 16,
          "moonPhaseDate" : "2019-09-14T04:33+0000",
          "date" : "2019-09-13T22:53+0000",
          "moonPhase" : "fullMoon"
        },
        {
          "sign" : "aries",
          "signDate" : "2019-09-14T22:32+0000",
          "timeZone" : -5,
          "age" : 17,
          "moonPhaseDate" : "2019-09-14T04:33+0000",
          "moonPhase" : "phase3",
          "date" : "2019-09-14T23:33+0000"
        },
        {
          "sign" : "aries",
          "signDate" : "2019-09-14T22:32+0000",
          "timeZone" : -5,
          "age" : 18,
          "moonPhaseDate" : "2019-09-14T04:33+0000",
          "moonPhase" : "phase3",
          "date" : "2019-09-16T00:12+0000"
        },
        {
          "sign" : "aries",
          "signDate" : "2019-09-14T22:32+0000",
          "timeZone" : -5,
          "age" : 19,
          "moonPhaseDate" : "2019-09-14T04:33+0000",
          "moonPhase" : "phase3",
          "date" : "2019-09-17T00:52+0000"
        },
        {
          "sign" : "taurus",
          "signDate" : "2019-09-17T10:30+0000",
          "timeZone" : -5,
          "age" : 20,
          "moonPhaseDate" : "2019-09-14T04:33+0000",
          "moonPhase" : "phase3",
          "date" : "2019-09-18T01:34+0000"
        },
        {
          "sign" : "taurus",
          "signDate" : "2019-09-17T10:30+0000",
          "timeZone" : -5,
          "age" : 21,
          "moonPhaseDate" : "2019-09-14T04:33+0000",
          "moonPhase" : "phase3",
          "date" : "2019-09-19T02:17+0000"
        },
        {
          "sign" : "gemini",
          "signDate" : "2019-09-19T20:58+0000",
          "timeZone" : -5,
          "age" : 22,
          "moonPhaseDate" : "2019-09-14T04:33+0000",
          "moonPhase" : "phase3",
          "date" : "2019-09-20T03:02+0000"
        },
        {
          "sign" : "gemini",
          "signDate" : "2019-09-19T20:58+0000",
          "timeZone" : -5,
          "age" : 23,
          "moonPhaseDate" : "2019-09-14T04:33+0000",
          "moonPhase" : "phase3",
          "date" : "2019-09-21T03:52+0000"
        },
        {
          "sign" : "cancer",
          "signDate" : "2019-09-22T04:52+0000",
          "timeZone" : -5,
          "age" : 24,
          "moonPhaseDate" : "2019-09-22T02:41+0000",
          "moonPhase" : "phase4",
          "date" : "2019-09-22T04:46+0000"
        },
        {
          "sign" : "cancer",
          "signDate" : "2019-09-22T04:52+0000",
          "timeZone" : -5,
          "age" : 25,
          "moonPhaseDate" : "2019-09-22T02:41+0000",
          "moonPhase" : "phase4",
          "date" : "2019-09-23T05:42+0000"
        },
        {
          "sign" : "leo",
          "signDate" : "2019-09-24T09:19+0000",
          "timeZone" : -5,
          "age" : 26,
          "moonPhaseDate" : "2019-09-22T02:41+0000",
          "moonPhase" : "phase4",
          "date" : "2019-09-24T06:41+0000"
        },
        {
          "sign" : "leo",
          "signDate" : "2019-09-24T09:19+0000",
          "timeZone" : -5,
          "age" : 27,
          "moonPhaseDate" : "2019-09-22T02:41+0000",
          "moonPhase" : "phase4",
          "date" : "2019-09-25T07:41+0000"
        },
        {
          "sign" : "virgo",
          "signDate" : "2019-09-26T10:35+0000",
          "timeZone" : -5,
          "age" : 28,
          "moonPhaseDate" : "2019-09-22T02:41+0000",
          "moonPhase" : "phase4",
          "date" : "2019-09-26T08:41+0000"
        },
        {
          "sign" : "virgo",
          "signDate" : "2019-09-26T10:35+0000",
          "timeZone" : -5,
          "age" : 29,
          "moonPhaseDate" : "2019-09-22T02:41+0000",
          "moonPhase" : "phase4",
          "date" : "2019-09-27T09:39+0000"
        },
        {
          "sign" : "libra",
          "signDate" : "2019-09-28T10:04+0000",
          "timeZone" : -5,
          "age" : 30,
          "moonPhaseDate" : "2019-09-28T18:26+0000",
          "date" : "2019-09-28T10:36+0000",
          "moonPhase" : "newMoon"
        },
        {
          "sign" : "libra",
          "signDate" : "2019-09-28T10:04+0000",
          "timeZone" : -5,
          "age" : 1,
          "moonPhaseDate" : "2019-09-28T18:26+0000",
          "moonPhase" : "newMoon",
          "date" : "2019-09-28T18:26+0000"
        },
        {
          "sign" : "libra",
          "signDate" : "2019-09-28T10:04+0000",
          "timeZone" : -5,
          "age" : 2,
          "moonPhaseDate" : "2019-09-28T18:26+0000",
          "moonPhase" : "phase1",
          "date" : "2019-09-29T11:32+0000"
        },
        {
          "sign" : "scorpio",
          "signDate" : "2019-09-30T09:45+0000",
          "timeZone" : -5,
          "age" : 3,
          "moonPhaseDate" : "2019-09-28T18:26+0000",
          "moonPhase" : "phase1",
          "date" : "2019-09-30T12:28+0000"
        },
        {
          "sign" : "scorpio",
          "signDate" : "2019-09-30T09:45+0000",
          "timeZone" : -5,
          "age" : 4,
          "moonPhaseDate" : null,
          "moonPhase" : "phase1",
          "date" : "2019-10-01T13:23+0000"
        },
        {
          "sign" : "sagittarius",
          "signDate" : "2019-10-02T11:45+0000",
          "timeZone" : -5,
          "age" : 5,
          "moonPhaseDate" : null,
          "moonPhase" : "phase1",
          "date" : "2019-10-02T14:18+0000"
        },
        {
          "sign" : "sagittarius",
          "signDate" : "2019-10-02T11:45+0000",
          "timeZone" : -5,
          "age" : 6,
          "moonPhaseDate" : null,
          "moonPhase" : "phase1",
          "date" : "2019-10-03T15:13+0000"
        },
        {
          "sign" : "capricorn",
          "signDate" : "2019-10-04T17:41+0000",
          "timeZone" : -5,
          "age" : 7,
          "moonPhaseDate" : null,
          "date" : "2019-10-04T16:08+0000",
          "moonPhase" : "phase1"
        },
        {
          "sign" : "capricorn",
          "signDate" : "2019-10-04T17:41+0000",
          "timeZone" : -5,
          "age" : 8,
          "moonPhaseDate" : "2019-10-05T16:47+0000",
          "date" : "2019-10-05T17:01+0000",
          "moonPhase" : "phase2"
        },
        {
          "sign" : "aquarius",
          "signDate" : "2019-10-07T03:43+0000",
          "timeZone" : -5,
          "age" : 9,
          "moonPhaseDate" : "2019-10-05T16:47+0000",
          "moonPhase" : "phase2",
          "date" : "2019-10-06T17:52+0000"
        },
        {
          "sign" : "aquarius",
          "signDate" : "2019-10-07T03:43+0000",
          "timeZone" : -5,
          "age" : 10,
          "moonPhaseDate" : "2019-10-05T16:47+0000",
          "moonPhase" : "phase2",
          "date" : "2019-10-07T18:41+0000"
        },
        {
          "sign" : "aquarius",
          "signDate" : "2019-10-07T03:43+0000",
          "timeZone" : -5,
          "age" : 11,
          "moonPhaseDate" : "2019-10-05T16:47+0000",
          "moonPhase" : "phase2",
          "date" : "2019-10-08T19:27+0000"
        },
        {
          "sign" : "pisces",
          "signDate" : "2019-10-09T16:08+0000",
          "timeZone" : -5,
          "age" : 12,
          "moonPhaseDate" : "2019-10-05T16:47+0000",
          "moonPhase" : "phase2",
          "date" : "2019-10-09T20:10+0000"
        },
        {
          "sign" : "pisces",
          "signDate" : "2019-10-09T16:08+0000",
          "timeZone" : -5,
          "age" : 13,
          "moonPhaseDate" : "2019-10-05T16:47+0000",
          "moonPhase" : "phase2",
          "date" : "2019-10-10T20:52+0000"
        },
        {
          "sign" : "aries",
          "signDate" : "2019-10-12T04:46+0000",
          "timeZone" : -5,
          "age" : 14,
          "moonPhaseDate" : "2019-10-05T16:47+0000",
          "moonPhase" : "phase2",
          "date" : "2019-10-11T21:31+0000"
        },
        {
          "sign" : "aries",
          "signDate" : "2019-10-12T04:46+0000",
          "timeZone" : -5,
          "age" : 15,
          "moonPhaseDate" : "2019-10-05T16:47+0000",
          "moonPhase" : "phase2",
          "date" : "2019-10-12T22:12+0000"
        },
        {
          "sign" : "aries",
          "signDate" : "2019-10-12T04:46+0000",
          "timeZone" : -5,
          "age" : 16,
          "moonPhaseDate" : "2019-10-13T21:08+0000",
          "date" : "2019-10-13T22:52+0000",
          "moonPhase" : "fullMoon"
        },
        {
          "sign" : "taurus",
          "signDate" : "2019-10-14T16:23+0000",
          "timeZone" : -5,
          "age" : 17,
          "moonPhaseDate" : "2019-10-13T21:08+0000",
          "moonPhase" : "phase3",
          "date" : "2019-10-14T23:33+0000"
        },
        {
          "sign" : "taurus",
          "signDate" : "2019-10-14T16:23+0000",
          "timeZone" : -5,
          "age" : 18,
          "moonPhaseDate" : "2019-10-13T21:08+0000",
          "moonPhase" : "phase3",
          "date" : "2019-10-16T00:16+0000"
        },
        {
          "sign" : "gemini",
          "signDate" : "2019-10-17T02:29+0000",
          "timeZone" : -5,
          "age" : 19,
          "moonPhaseDate" : "2019-10-13T21:08+0000",
          "date" : "2019-10-17T01:01+0000",
          "moonPhase" : "phase3"
        },
        {
          "sign" : "gemini",
          "signDate" : "2019-10-17T02:29+0000",
          "timeZone" : -5,
          "age" : 20,
          "moonPhaseDate" : "2019-10-13T21:08+0000",
          "moonPhase" : "phase3",
          "date" : "2019-10-18T01:49+0000"
        },
        {
          "sign" : "gemini",
          "signDate" : "2019-10-17T02:29+0000",
          "timeZone" : -5,
          "age" : 21,
          "moonPhaseDate" : "2019-10-13T21:08+0000",
          "moonPhase" : "phase3",
          "date" : "2019-10-19T02:41+0000"
        },
        {
          "sign" : "cancer",
          "signDate" : "2019-10-19T10:42+0000",
          "timeZone" : -5,
          "age" : 22,
          "moonPhaseDate" : "2019-10-13T21:08+0000",
          "date" : "2019-10-20T03:36+0000",
          "moonPhase" : "phase3"
        },
        {
          "sign" : "cancer",
          "signDate" : "2019-10-19T10:42+0000",
          "timeZone" : -5,
          "age" : 23,
          "moonPhaseDate" : "2019-10-13T21:08+0000",
          "moonPhase" : "phase3",
          "date" : "2019-10-21T04:32+0000"
        },
        {
          "sign" : "leo",
          "signDate" : "2019-10-19T10:42+0000",
          "timeZone" : -5,
          "age" : 24,
          "moonPhaseDate" : "2019-10-21T12:39+0000",
          "moonPhase" : "phase4",
          "date" : "2019-10-22T05:30+0000"
        },
        {
          "sign" : "virgo",
          "signDate" : "2019-10-23T19:30+0000",
          "timeZone" : -5,
          "age" : 25,
          "moonPhaseDate" : "2019-10-21T12:39+0000",
          "date" : "2019-10-23T06:28+0000",
          "moonPhase" : "phase4"
        },
        {
          "sign" : "virgo",
          "signDate" : "2019-10-23T19:30+0000",
          "timeZone" : -5,
          "age" : 26,
          "moonPhaseDate" : "2019-10-21T12:39+0000",
          "moonPhase" : "phase4",
          "date" : "2019-10-24T07:25+0000"
        },
        {
          "sign" : "libra",
          "signDate" : "2019-10-25T20:20+0000",
          "timeZone" : -5,
          "age" : 27,
          "moonPhaseDate" : "2019-10-21T12:39+0000",
          "moonPhase" : "phase4",
          "date" : "2019-10-25T08:20+0000"
        },
        {
          "sign" : "libra",
          "signDate" : "2019-10-25T20:20+0000",
          "timeZone" : -5,
          "age" : 28,
          "moonPhaseDate" : "2019-10-21T12:39+0000",
          "moonPhase" : "phase4",
          "date" : "2019-10-26T09:16+0000"
        },
        {
          "sign" : "scorpio",
          "signDate" : "2019-10-27T20:31+0000",
          "timeZone" : -5,
          "age" : 29,
          "moonPhaseDate" : "2019-10-28T03:38+0000",
          "moonPhase" : "newMoon",
          "date" : "2019-10-27T10:11+0000"
        },
        {
          "sign" : "scorpio",
          "signDate" : "2019-10-27T20:31+0000",
          "timeZone" : -5,
          "age" : 1,
          "moonPhaseDate" : "2019-10-28T03:38+0000",
          "date" : "2019-10-28T03:38+0000",
          "moonPhase" : "newMoon"
        },
        {
          "sign" : "scorpio",
          "signDate" : "2019-10-27T20:31+0000",
          "timeZone" : -5,
          "age" : 2,
          "moonPhaseDate" : "2019-10-28T03:38+0000",
          "date" : "2019-10-28T11:06+0000",
          "moonPhase" : "phase1"
        },
        {
          "sign" : "sagittarius",
          "signDate" : "2019-10-29T22:00+0000",
          "timeZone" : -5,
          "age" : 3,
          "moonPhaseDate" : "2019-10-28T03:38+0000",
          "moonPhase" : "phase1",
          "date" : "2019-10-29T12:02+0000"
        },
        {
          "sign" : "sagittarius",
          "signDate" : "2019-10-29T22:00+0000",
          "timeZone" : -5,
          "age" : 4,
          "moonPhaseDate" : "2019-10-28T03:38+0000",
          "date" : "2019-10-30T12:58+0000",
          "moonPhase" : "phase1"
        },
        {
          "sign" : "capricorn",
          "signDate" : "2019-11-01T02:38+0000",
          "timeZone" : -5,
          "age" : 5,
          "moonPhaseDate" : "2019-10-28T03:38+0000",
          "date" : "2019-10-31T13:55+0000",
          "moonPhase" : "phase1"
        },
        {
          "sign" : "capricorn",
          "signDate" : "2019-11-01T02:38+0000",
          "timeZone" : -5,
          "age" : 6,
          "moonPhaseDate" : null,
          "moonPhase" : "phase1",
          "date" : "2019-11-01T14:51+0000"
        },
        {
          "sign" : "capricorn",
          "signDate" : "2019-11-01T02:38+0000",
          "timeZone" : -5,
          "age" : 7,
          "moonPhaseDate" : null,
          "moonPhase" : "phase1",
          "date" : "2019-11-02T15:44+0000"
        },
        {
          "sign" : "aquarius",
          "signDate" : "2019-11-03T11:21+0000",
          "timeZone" : -5,
          "age" : 8,
          "moonPhaseDate" : null,
          "date" : "2019-11-03T16:35+0000",
          "moonPhase" : "phase1"
        },
        {
          "sign" : "aquarius",
          "signDate" : "2019-11-03T11:21+0000",
          "timeZone" : -5,
          "age" : 9,
          "moonPhaseDate" : "2019-11-04T10:23+0000",
          "moonPhase" : "phase2",
          "date" : "2019-11-04T17:22+0000"
        },
        {
          "sign" : "pisces",
          "signDate" : "2019-11-05T23:11+0000",
          "timeZone" : -5,
          "age" : 10,
          "moonPhaseDate" : "2019-11-04T10:23+0000",
          "moonPhase" : "phase2",
          "date" : "2019-11-05T18:07+0000"
        },
        {
          "sign" : "pisces",
          "signDate" : "2019-11-05T23:11+0000",
          "timeZone" : -5,
          "age" : 11,
          "moonPhaseDate" : "2019-11-04T10:23+0000",
          "date" : "2019-11-06T18:49+0000",
          "moonPhase" : "phase2"
        },
        {
          "sign" : "pisces",
          "signDate" : "2019-11-05T23:11+0000",
          "timeZone" : -5,
          "age" : 12,
          "moonPhaseDate" : "2019-11-04T10:23+0000",
          "moonPhase" : "phase2",
          "date" : "2019-11-07T19:30+0000"
        },
        {
          "sign" : "aries",
          "signDate" : "2019-11-08T11:50+0000",
          "timeZone" : -5,
          "age" : 13,
          "moonPhaseDate" : "2019-11-04T10:23+0000",
          "date" : "2019-11-08T20:10+0000",
          "moonPhase" : "phase2"
        },
        {
          "sign" : "aries",
          "signDate" : "2019-11-08T11:50+0000",
          "timeZone" : -5,
          "age" : 14,
          "moonPhaseDate" : "2019-11-04T10:23+0000",
          "date" : "2019-11-09T20:50+0000",
          "moonPhase" : "phase2"
        },
        {
          "sign" : "taurus",
          "signDate" : "2019-11-10T23:19+0000",
          "timeZone" : -5,
          "age" : 15,
          "moonPhaseDate" : "2019-11-04T10:23+0000",
          "moonPhase" : "phase2",
          "date" : "2019-11-10T21:30+0000"
        },
        {
          "sign" : "taurus",
          "signDate" : "2019-11-10T23:19+0000",
          "timeZone" : -5,
          "age" : 16,
          "moonPhaseDate" : "2019-11-04T10:23+0000",
          "moonPhase" : "phase2",
          "date" : "2019-11-11T22:13+0000"
        },
        {
          "sign" : "taurus",
          "signDate" : "2019-11-10T23:19+0000",
          "timeZone" : -5,
          "age" : 17,
          "moonPhaseDate" : "2019-11-12T13:35+0000",
          "moonPhase" : "fullMoon",
          "date" : "2019-11-12T22:58+0000"
        },
        {
          "sign" : "gemini",
          "signDate" : "2019-11-13T08:45+0000",
          "timeZone" : -5,
          "age" : 18,
          "moonPhaseDate" : "2019-11-12T13:35+0000",
          "date" : "2019-11-13T23:46+0000",
          "moonPhase" : "phase3"
        },
        {
          "sign" : "gemini",
          "signDate" : "2019-11-13T08:45+0000",
          "timeZone" : -5,
          "age" : 19,
          "moonPhaseDate" : "2019-11-12T13:35+0000",
          "moonPhase" : "phase3",
          "date" : "2019-11-15T00:36+0000"
        },
        {
          "sign" : "cancer",
          "signDate" : "2019-11-15T16:12+0000",
          "timeZone" : -5,
          "age" : 20,
          "moonPhaseDate" : "2019-11-12T13:35+0000",
          "moonPhase" : "phase3",
          "date" : "2019-11-16T01:31+0000"
        },
        {
          "sign" : "cancer",
          "signDate" : "2019-11-15T16:12+0000",
          "timeZone" : -5,
          "age" : 21,
          "moonPhaseDate" : "2019-11-12T13:35+0000",
          "date" : "2019-11-17T02:28+0000",
          "moonPhase" : "phase3"
        },
        {
          "sign" : "leo",
          "signDate" : "2019-11-17T21:54+0000",
          "timeZone" : -5,
          "age" : 22,
          "moonPhaseDate" : "2019-11-12T13:35+0000",
          "date" : "2019-11-18T03:25+0000",
          "moonPhase" : "phase3"
        },
        {
          "sign" : "leo",
          "signDate" : "2019-11-17T21:54+0000",
          "timeZone" : -5,
          "age" : 23,
          "moonPhaseDate" : "2019-11-12T13:35+0000",
          "moonPhase" : "phase3",
          "date" : "2019-11-19T04:22+0000"
        },
        {
          "sign" : "virgo",
          "signDate" : "2019-11-17T21:54+0000",
          "timeZone" : -5,
          "age" : 24,
          "moonPhaseDate" : "2019-11-19T21:11+0000",
          "date" : "2019-11-20T05:18+0000",
          "moonPhase" : "phase4"
        },
        {
          "sign" : "libra",
          "signDate" : "2019-11-22T04:22+0000",
          "timeZone" : -5,
          "age" : 25,
          "moonPhaseDate" : "2019-11-19T21:11+0000",
          "date" : "2019-11-21T06:12+0000",
          "moonPhase" : "phase4"
        },
        {
          "sign" : "libra",
          "signDate" : "2019-11-22T04:22+0000",
          "timeZone" : -5,
          "age" : 26,
          "moonPhaseDate" : "2019-11-19T21:11+0000",
          "moonPhase" : "phase4",
          "date" : "2019-11-22T07:05+0000"
        },
        {
          "sign" : "libra",
          "signDate" : "2019-11-22T04:22+0000",
          "timeZone" : -5,
          "age" : 27,
          "moonPhaseDate" : "2019-11-19T21:11+0000",
          "moonPhase" : "phase4",
          "date" : "2019-11-23T07:58+0000"
        },
        {
          "sign" : "scorpio",
          "signDate" : "2019-11-24T06:01+0000",
          "timeZone" : -5,
          "age" : 28,
          "moonPhaseDate" : "2019-11-19T21:11+0000",
          "moonPhase" : "phase4",
          "date" : "2019-11-24T08:52+0000"
        },
        {
          "sign" : "scorpio",
          "signDate" : "2019-11-24T06:01+0000",
          "timeZone" : -5,
          "age" : 29,
          "moonPhaseDate" : "2019-11-19T21:11+0000",
          "date" : "2019-11-25T09:46+0000",
          "moonPhase" : "phase4"
        },
        {
          "sign" : "sagittarius",
          "signDate" : "2019-11-26T08:12+0000",
          "timeZone" : -5,
          "age" : 30,
          "moonPhaseDate" : "2019-11-26T15:06+0000",
          "moonPhase" : "newMoon",
          "date" : "2019-11-26T10:42+0000"
        },
        {
          "sign" : "sagittarius",
          "signDate" : "2019-11-26T08:12+0000",
          "timeZone" : -5,
          "age" : 1,
          "moonPhaseDate" : "2019-11-26T15:06+0000",
          "moonPhase" : "newMoon",
          "date" : "2019-11-26T15:06+0000"
        },
        {
          "sign" : "sagittarius",
          "signDate" : "2019-11-26T08:12+0000",
          "timeZone" : -5,
          "age" : 2,
          "moonPhaseDate" : "2019-11-26T15:06+0000",
          "moonPhase" : "phase1",
          "date" : "2019-11-27T11:39+0000"
        },
        {
          "sign" : "capricorn",
          "signDate" : "2019-11-28T12:32+0000",
          "timeZone" : -5,
          "age" : 3,
          "moonPhaseDate" : "2019-11-26T15:06+0000",
          "moonPhase" : "phase1",
          "date" : "2019-11-28T12:36+0000"
        },
        {
          "sign" : "capricorn",
          "signDate" : "2019-11-28T12:32+0000",
          "timeZone" : -5,
          "age" : 4,
          "moonPhaseDate" : "2019-11-26T15:06+0000",
          "moonPhase" : "phase1",
          "date" : "2019-11-29T13:31+0000"
        },
        {
          "sign" : "aquarius",
          "signDate" : "2019-11-30T20:15+0000",
          "timeZone" : -5,
          "age" : 5,
          "moonPhaseDate" : "2019-11-26T15:06+0000",
          "moonPhase" : "phase1",
          "date" : "2019-11-30T14:25+0000"
        },
        {
          "sign" : "aquarius",
          "signDate" : "2019-11-30T20:15+0000",
          "timeZone" : -5,
          "age" : 6,
          "moonPhaseDate" : null,
          "date" : "2019-12-01T15:15+0000",
          "moonPhase" : "phase1"
        },
        {
          "sign" : "aquarius",
          "signDate" : "2019-11-30T20:15+0000",
          "timeZone" : -5,
          "age" : 7,
          "moonPhaseDate" : null,
          "moonPhase" : "phase1",
          "date" : "2019-12-02T16:01+0000"
        },
        {
          "sign" : "pisces",
          "signDate" : "2019-12-03T07:14+0000",
          "timeZone" : -5,
          "age" : 8,
          "moonPhaseDate" : null,
          "moonPhase" : "phase1",
          "date" : "2019-12-03T16:44+0000"
        },
        {
          "sign" : "pisces",
          "signDate" : "2019-12-03T07:14+0000",
          "timeZone" : -5,
          "age" : 9,
          "moonPhaseDate" : "2019-12-04T06:58+0000",
          "moonPhase" : "phase2",
          "date" : "2019-12-04T17:26+0000"
        },
        {
          "sign" : "aries",
          "signDate" : "2019-12-05T19:46+0000",
          "timeZone" : -5,
          "age" : 10,
          "moonPhaseDate" : "2019-12-04T06:58+0000",
          "moonPhase" : "phase2",
          "date" : "2019-12-05T18:06+0000"
        },
        {
          "sign" : "aries",
          "signDate" : "2019-12-05T19:46+0000",
          "timeZone" : -5,
          "age" : 11,
          "moonPhaseDate" : "2019-12-04T06:58+0000",
          "moonPhase" : "phase2",
          "date" : "2019-12-06T18:46+0000"
        },
        {
          "sign" : "aries",
          "signDate" : "2019-12-05T19:46+0000",
          "timeZone" : -5,
          "age" : 12,
          "moonPhaseDate" : "2019-12-04T06:58+0000",
          "moonPhase" : "phase2",
          "date" : "2019-12-07T19:26+0000"
        },
        {
          "sign" : "taurus",
          "signDate" : "2019-12-08T07:31+0000",
          "timeZone" : -5,
          "age" : 13,
          "moonPhaseDate" : "2019-12-04T06:58+0000",
          "moonPhase" : "phase2",
          "date" : "2019-12-08T20:07+0000"
        },
        {
          "sign" : "taurus",
          "signDate" : "2019-12-08T07:31+0000",
          "timeZone" : -5,
          "age" : 14,
          "moonPhaseDate" : "2019-12-04T06:58+0000",
          "moonPhase" : "phase2",
          "date" : "2019-12-09T20:51+0000"
        },
        {
          "sign" : "gemini",
          "signDate" : "2019-12-10T16:49+0000",
          "timeZone" : -5,
          "age" : 15,
          "moonPhaseDate" : "2019-12-04T06:58+0000",
          "moonPhase" : "phase2",
          "date" : "2019-12-10T21:38+0000"
        },
        {
          "sign" : "gemini",
          "signDate" : "2019-12-10T16:49+0000",
          "timeZone" : -5,
          "age" : 16,
          "moonPhaseDate" : "2019-12-04T06:58+0000",
          "moonPhase" : "phase2",
          "date" : "2019-12-11T22:29+0000"
        },
        {
          "sign" : "cancer",
          "signDate" : "2019-12-12T23:24+0000",
          "timeZone" : -5,
          "age" : 17,
          "moonPhaseDate" : "2019-12-12T05:12+0000",
          "date" : "2019-12-12T23:23+0000",
          "moonPhase" : "fullMoon"
        },
        {
          "sign" : "cancer",
          "signDate" : "2019-12-12T23:24+0000",
          "timeZone" : -5,
          "age" : 18,
          "moonPhaseDate" : "2019-12-12T05:12+0000",
          "moonPhase" : "phase3",
          "date" : "2019-12-14T00:21+0000"
        },
        {
          "sign" : "leo",
          "signDate" : "2019-12-15T03:53+0000",
          "timeZone" : -5,
          "age" : 19,
          "moonPhaseDate" : "2019-12-12T05:12+0000",
          "moonPhase" : "phase3",
          "date" : "2019-12-15T01:19+0000"
        },
        {
          "sign" : "leo",
          "signDate" : "2019-12-15T03:53+0000",
          "timeZone" : -5,
          "age" : 20,
          "moonPhaseDate" : "2019-12-12T05:12+0000",
          "date" : "2019-12-16T02:17+0000",
          "moonPhase" : "phase3"
        },
        {
          "sign" : "leo",
          "signDate" : "2019-12-15T03:53+0000",
          "timeZone" : -5,
          "age" : 21,
          "moonPhaseDate" : "2019-12-12T05:12+0000",
          "moonPhase" : "phase3",
          "date" : "2019-12-17T03:14+0000"
        },
        {
          "sign" : "virgo",
          "signDate" : "2019-12-17T07:13+0000",
          "timeZone" : -5,
          "age" : 22,
          "moonPhaseDate" : "2019-12-12T05:12+0000",
          "moonPhase" : "phase3",
          "date" : "2019-12-18T04:09+0000"
        },
        {
          "sign" : "libra",
          "signDate" : "2019-12-19T10:05+0000",
          "timeZone" : -5,
          "age" : 23,
          "moonPhaseDate" : "2019-12-19T04:57+0000",
          "moonPhase" : "phase4",
          "date" : "2019-12-19T05:02+0000"
        },
        {
          "sign" : "libra",
          "signDate" : "2019-12-19T10:05+0000",
          "timeZone" : -5,
          "age" : 24,
          "moonPhaseDate" : "2019-12-19T04:57+0000",
          "moonPhase" : "phase4",
          "date" : "2019-12-20T05:53+0000"
        },
        {
          "sign" : "scorpio",
          "signDate" : "2019-12-21T13:01+0000",
          "timeZone" : -5,
          "age" : 25,
          "moonPhaseDate" : "2019-12-19T04:57+0000",
          "moonPhase" : "phase4",
          "date" : "2019-12-21T06:44+0000"
        },
        {
          "sign" : "scorpio",
          "signDate" : "2019-12-21T13:01+0000",
          "timeZone" : -5,
          "age" : 26,
          "moonPhaseDate" : "2019-12-19T04:57+0000",
          "moonPhase" : "phase4",
          "date" : "2019-12-22T07:37+0000"
        },
        {
          "sign" : "sagittarius",
          "signDate" : "2019-12-23T16:37+0000",
          "timeZone" : -5,
          "age" : 27,
          "moonPhaseDate" : "2019-12-19T04:57+0000",
          "moonPhase" : "phase4",
          "date" : "2019-12-23T08:31+0000"
        },
        {
          "sign" : "sagittarius",
          "signDate" : "2019-12-23T16:37+0000",
          "timeZone" : -5,
          "age" : 28,
          "moonPhaseDate" : "2019-12-19T04:57+0000",
          "moonPhase" : "phase4",
          "date" : "2019-12-24T09:26+0000"
        },
        {
          "sign" : "capricorn",
          "signDate" : "2019-12-25T21:46+0000",
          "timeZone" : -5,
          "age" : 29,
          "moonPhaseDate" : "2019-12-19T04:57+0000",
          "moonPhase" : "phase4",
          "date" : "2019-12-25T10:22+0000"
        },
        {
          "sign" : "capricorn",
          "signDate" : "2019-12-25T21:46+0000",
          "timeZone" : -5,
          "age" : 1,
          "moonPhaseDate" : "2019-12-26T05:13+0000",
          "moonPhase" : "newMoon",
          "date" : "2019-12-26T05:13+0000"
        },
        {
          "sign" : "capricorn",
          "signDate" : "2019-12-25T21:46+0000",
          "timeZone" : -5,
          "age" : 2,
          "moonPhaseDate" : "2019-12-26T05:13+0000",
          "moonPhase" : "newMoon",
          "date" : "2019-12-26T11:18+0000"
        },
        {
          "sign" : "capricorn",
          "signDate" : "2019-12-25T21:46+0000",
          "timeZone" : -5,
          "age" : 3,
          "moonPhaseDate" : "2019-12-26T05:13+0000",
          "moonPhase" : "phase1",
          "date" : "2019-12-27T12:13+0000"
        },
        {
          "sign" : "aquarius",
          "signDate" : "2019-12-28T05:21+0000",
          "timeZone" : -5,
          "age" : 4,
          "moonPhaseDate" : "2019-12-26T05:13+0000",
          "moonPhase" : "phase1",
          "date" : "2019-12-28T13:05+0000"
        },
        {
          "sign" : "aquarius",
          "signDate" : "2019-12-28T05:21+0000",
          "timeZone" : -5,
          "age" : 5,
          "moonPhaseDate" : "2019-12-26T05:13+0000",
          "moonPhase" : "phase1",
          "date" : "2019-12-29T13:53+0000"
        },
        {
          "sign" : "pisces",
          "signDate" : "2019-12-30T15:43+0000",
          "timeZone" : -5,
          "age" : 6,
          "moonPhaseDate" : "2019-12-26T05:13+0000",
          "moonPhase" : "phase1",
          "date" : "2019-12-30T14:39+0000"
        },
        {
          "sign" : "pisces",
          "signDate" : "2019-12-30T15:43+0000",
          "timeZone" : -5,
          "age" : 7,
          "moonPhaseDate" : "2019-12-26T05:13+0000",
          "date" : "2019-12-31T15:21+0000",
          "moonPhase" : "phase1"
        },
        {
          "sign" : "aries",
          "signDate" : "2020-01-02T04:01+0000",
          "timeZone" : -5,
          "age" : 8,
          "moonPhaseDate" : null,
          "moonPhase" : "phase1",
          "date" : "2020-01-01T16:02+0000"
        },
        {
          "sign" : "aries",
          "signDate" : "2020-01-02T04:01+0000",
          "timeZone" : -5,
          "age" : 9,
          "moonPhaseDate" : "2020-01-03T04:45+0000",
          "moonPhase" : "phase2",
          "date" : "2020-01-02T16:41+0000"
        },
        {
          "sign" : "aries",
          "signDate" : "2020-01-02T04:01+0000",
          "timeZone" : -5,
          "age" : 10,
          "moonPhaseDate" : "2020-01-03T04:45+0000",
          "moonPhase" : "phase2",
          "date" : "2020-01-03T17:21+0000"
        },
        {
          "sign" : "taurus",
          "signDate" : "2020-01-04T16:15+0000",
          "timeZone" : -5,
          "age" : 11,
          "moonPhaseDate" : "2020-01-03T04:45+0000",
          "moonPhase" : "phase2",
          "date" : "2020-01-04T18:01+0000"
        },
        {
          "sign" : "taurus",
          "signDate" : "2020-01-04T16:15+0000",
          "timeZone" : -5,
          "age" : 12,
          "moonPhaseDate" : "2020-01-03T04:45+0000",
          "date" : "2020-01-05T18:43+0000",
          "moonPhase" : "phase2"
        },
        {
          "sign" : "gemini",
          "signDate" : "2020-01-07T02:13+0000",
          "timeZone" : -5,
          "age" : 13,
          "moonPhaseDate" : "2020-01-03T04:45+0000",
          "moonPhase" : "phase2",
          "date" : "2020-01-06T19:28+0000"
        },
        {
          "sign" : "gemini",
          "signDate" : "2020-01-07T02:13+0000",
          "timeZone" : -5,
          "age" : 14,
          "moonPhaseDate" : "2020-01-03T04:45+0000",
          "moonPhase" : "phase2",
          "date" : "2020-01-07T20:16+0000"
        },
        {
          "sign" : "gemini",
          "signDate" : "2020-01-07T02:13+0000",
          "timeZone" : -5,
          "age" : 15,
          "moonPhaseDate" : "2020-01-03T04:45+0000",
          "moonPhase" : "phase2",
          "date" : "2020-01-08T21:09+0000"
        },
        {
          "sign" : "cancer",
          "signDate" : "2020-01-09T08:45+0000",
          "timeZone" : -5,
          "age" : 16,
          "moonPhaseDate" : "2020-01-03T04:45+0000",
          "date" : "2020-01-09T22:06+0000",
          "moonPhase" : "phase2"
        },
        {
          "sign" : "cancer",
          "signDate" : "2020-01-09T08:45+0000",
          "timeZone" : -5,
          "age" : 17,
          "moonPhaseDate" : "2020-01-10T19:21+0000",
          "moonPhase" : "fullMoon",
          "date" : "2020-01-10T23:06+0000"
        },
        {
          "sign" : "leo",
          "signDate" : "2020-01-11T12:16+0000",
          "timeZone" : -5,
          "age" : 18,
          "moonPhaseDate" : "2020-01-10T19:21+0000",
          "moonPhase" : "phase3",
          "date" : "2020-01-12T00:06+0000"
        },
        {
          "sign" : "leo",
          "signDate" : "2020-01-11T12:16+0000",
          "timeZone" : -5,
          "age" : 19,
          "moonPhaseDate" : "2020-01-10T19:21+0000",
          "moonPhase" : "phase3",
          "date" : "2020-01-13T01:05+0000"
        },
        {
          "sign" : "virgo",
          "signDate" : "2020-01-13T14:05+0000",
          "timeZone" : -5,
          "age" : 20,
          "moonPhaseDate" : "2020-01-10T19:21+0000",
          "moonPhase" : "phase3",
          "date" : "2020-01-14T02:03+0000"
        },
        {
          "sign" : "virgo",
          "signDate" : "2020-01-13T14:05+0000",
          "timeZone" : -5,
          "age" : 21,
          "moonPhaseDate" : "2020-01-10T19:21+0000",
          "moonPhase" : "phase3",
          "date" : "2020-01-15T02:58+0000"
        },
        {
          "sign" : "libra",
          "signDate" : "2020-01-15T15:42+0000",
          "timeZone" : -5,
          "age" : 22,
          "moonPhaseDate" : "2020-01-10T19:21+0000",
          "moonPhase" : "phase3",
          "date" : "2020-01-16T03:50+0000"
        },
        {
          "sign" : "libra",
          "signDate" : "2020-01-15T15:42+0000",
          "timeZone" : -5,
          "age" : 23,
          "moonPhaseDate" : "2020-01-10T19:21+0000",
          "moonPhase" : "phase3",
          "date" : "2020-01-17T04:42+0000"
        },
        {
          "sign" : "scorpio",
          "signDate" : "2020-01-15T15:42+0000",
          "timeZone" : -5,
          "age" : 24,
          "moonPhaseDate" : "2020-01-17T12:58+0000",
          "date" : "2020-01-18T05:34+0000",
          "moonPhase" : "phase4"
        },
        {
          "sign" : "sagittarius",
          "signDate" : "2020-01-19T22:43+0000",
          "timeZone" : -5,
          "age" : 25,
          "moonPhaseDate" : "2020-01-17T12:58+0000",
          "moonPhase" : "phase4",
          "date" : "2020-01-19T06:26+0000"
        },
        {
          "sign" : "sagittarius",
          "signDate" : "2020-01-19T22:43+0000",
          "timeZone" : -5,
          "age" : 26,
          "moonPhaseDate" : "2020-01-17T12:58+0000",
          "moonPhase" : "phase4",
          "date" : "2020-01-20T07:20+0000"
        },
        {
          "sign" : "sagittarius",
          "signDate" : "2020-01-19T22:43+0000",
          "timeZone" : -5,
          "age" : 27,
          "moonPhaseDate" : "2020-01-17T12:58+0000",
          "moonPhase" : "phase4",
          "date" : "2020-01-21T08:14+0000"
        },
        {
          "sign" : "capricorn",
          "signDate" : "2020-01-22T05:02+0000",
          "timeZone" : -5,
          "age" : 28,
          "moonPhaseDate" : "2020-01-17T12:58+0000",
          "moonPhase" : "phase4",
          "date" : "2020-01-22T09:09+0000"
        },
        {
          "sign" : "capricorn",
          "signDate" : "2020-01-22T05:02+0000",
          "timeZone" : -5,
          "age" : 29,
          "moonPhaseDate" : "2020-01-17T12:58+0000",
          "date" : "2020-01-23T10:03+0000",
          "moonPhase" : "phase4"
        },
        {
          "sign" : "aquarius",
          "signDate" : "2020-01-24T13:22+0000",
          "timeZone" : -5,
          "age" : 30,
          "moonPhaseDate" : "2020-01-24T21:42+0000",
          "moonPhase" : "newMoon",
          "date" : "2020-01-24T10:55+0000"
        },
        {
          "sign" : "aquarius",
          "signDate" : "2020-01-24T13:22+0000",
          "timeZone" : -5,
          "age" : 1,
          "moonPhaseDate" : "2020-01-24T21:42+0000",
          "moonPhase" : "newMoon",
          "date" : "2020-01-24T21:42+0000"
        },
        {
          "sign" : "aquarius",
          "signDate" : "2020-01-24T13:22+0000",
          "timeZone" : -5,
          "age" : 2,
          "moonPhaseDate" : "2020-01-24T21:42+0000",
          "date" : "2020-01-25T11:46+0000",
          "moonPhase" : "phase1"
        },
        {
          "sign" : "pisces",
          "signDate" : "2020-01-26T23:45+0000",
          "timeZone" : -5,
          "age" : 3,
          "moonPhaseDate" : "2020-01-24T21:42+0000",
          "moonPhase" : "phase1",
          "date" : "2020-01-26T12:33+0000"
        },
        {
          "sign" : "pisces",
          "signDate" : "2020-01-26T23:45+0000",
          "timeZone" : -5,
          "age" : 4,
          "moonPhaseDate" : "2020-01-24T21:42+0000",
          "moonPhase" : "phase1",
          "date" : "2020-01-27T13:16+0000"
        },
        {
          "sign" : "pisces",
          "signDate" : "2020-01-26T23:45+0000",
          "timeZone" : -5,
          "age" : 5,
          "moonPhaseDate" : "2020-01-24T21:42+0000",
          "moonPhase" : "phase1",
          "date" : "2020-01-28T13:58+0000"
        },
        {
          "sign" : "aries",
          "signDate" : "2020-01-29T11:51+0000",
          "timeZone" : -5,
          "age" : 6,
          "moonPhaseDate" : "2020-01-24T21:42+0000",
          "moonPhase" : "phase1",
          "date" : "2020-01-29T14:38+0000"
        },
        {
          "sign" : "aries",
          "signDate" : "2020-01-29T11:51+0000",
          "timeZone" : -5,
          "age" : 7,
          "moonPhaseDate" : "2020-01-24T21:42+0000",
          "moonPhase" : "phase1",
          "date" : "2020-01-30T15:17+0000"
        },
        {
          "sign" : "taurus",
          "signDate" : "2020-02-01T00:27+0000",
          "timeZone" : -5,
          "age" : 8,
          "moonPhaseDate" : "2020-01-24T21:42+0000",
          "moonPhase" : "phase1",
          "date" : "2020-01-31T15:56+0000"
        },
        {
          "sign" : "taurus",
          "signDate" : "2020-02-01T00:27+0000",
          "timeZone" : -5,
          "age" : 8,
          "moonPhaseDate" : "2020-01-24T21:42+0000",
          "moonPhase" : "phase1",
          "date" : "2020-01-31T15:56+0000"
        }
      ],
      "timeZone" : -5
    }
  ],
  "countryName" : "Колумбия"
}