{
  "countryName" : "Греция",
  "cities" : [
    {
      "moonDays" : [
        {
          "signDate" : "2019-05-01T10:23+0000",
          "sign" : "aries",
          "date" : "2019-05-01T02:00+0000",
          "age" : 26,
          "timeZone" : 3,
          "moonPhase" : null,
          "moonPhaseDate" : null
        },
        {
          "signDate" : "2019-05-01T10:23+0000",
          "sign" : "aries",
          "age" : 27,
          "date" : "2019-05-02T02:28+0000",
          "timeZone" : 3,
          "moonPhase" : null,
          "moonPhaseDate" : null
        },
        {
          "signDate" : "2019-05-03T20:21+0000",
          "sign" : "taurus",
          "age" : 28,
          "date" : "2019-05-03T02:55+0000",
          "timeZone" : 3,
          "moonPhase" : null,
          "moonPhaseDate" : null
        },
        {
          "signDate" : "2019-05-03T20:21+0000",
          "sign" : "taurus",
          "date" : "2019-05-04T03:25+0000",
          "age" : 29,
          "timeZone" : 3,
          "moonPhase" : null,
          "moonPhaseDate" : null
        },
        {
          "signDate" : "2019-05-03T20:21+0000",
          "sign" : "taurus",
          "age" : 1,
          "date" : "2019-05-04T22:45+0000",
          "timeZone" : 3,
          "moonPhase" : "newMoon",
          "moonPhaseDate" : "2019-05-04T22:45+0000"
        },
        {
          "signDate" : "2019-05-03T20:21+0000",
          "sign" : "taurus",
          "date" : "2019-05-05T03:57+0000",
          "age" : 2,
          "timeZone" : 3,
          "moonPhase" : "newMoon",
          "moonPhaseDate" : "2019-05-04T22:45+0000"
        },
        {
          "signDate" : "2019-05-06T03:42+0000",
          "age" : 3,
          "date" : "2019-05-06T04:33+0000",
          "sign" : "gemini",
          "timeZone" : 3,
          "moonPhase" : "phase1",
          "moonPhaseDate" : "2019-05-04T22:45+0000"
        },
        {
          "signDate" : "2019-05-06T03:42+0000",
          "sign" : "gemini",
          "date" : "2019-05-07T05:14+0000",
          "age" : 4,
          "timeZone" : 3,
          "moonPhase" : "phase1",
          "moonPhaseDate" : "2019-05-04T22:45+0000"
        },
        {
          "signDate" : "2019-05-08T09:05+0000",
          "sign" : "cancer",
          "date" : "2019-05-08T06:02+0000",
          "age" : 5,
          "timeZone" : 3,
          "moonPhase" : "phase1",
          "moonPhaseDate" : "2019-05-04T22:45+0000"
        },
        {
          "signDate" : "2019-05-08T09:05+0000",
          "sign" : "cancer",
          "age" : 6,
          "date" : "2019-05-09T06:57+0000",
          "timeZone" : 3,
          "moonPhase" : "phase1",
          "moonPhaseDate" : "2019-05-04T22:45+0000"
        },
        {
          "signDate" : "2019-05-10T13:12+0000",
          "sign" : "leo",
          "age" : 7,
          "date" : "2019-05-10T07:59+0000",
          "timeZone" : 3,
          "moonPhase" : "phase1",
          "moonPhaseDate" : "2019-05-04T22:45+0000"
        },
        {
          "signDate" : "2019-05-10T13:12+0000",
          "age" : 8,
          "date" : "2019-05-11T09:05+0000",
          "sign" : "leo",
          "timeZone" : 3,
          "moonPhase" : "phase1",
          "moonPhaseDate" : "2019-05-04T22:45+0000"
        },
        {
          "signDate" : "2019-05-12T16:23+0000",
          "sign" : "virgo",
          "age" : 9,
          "date" : "2019-05-12T10:14+0000",
          "timeZone" : 3,
          "moonPhase" : "phase2",
          "moonPhaseDate" : "2019-05-12T01:12+0000"
        },
        {
          "signDate" : "2019-05-12T16:23+0000",
          "sign" : "virgo",
          "age" : 10,
          "date" : "2019-05-13T11:23+0000",
          "timeZone" : 3,
          "moonPhase" : "phase2",
          "moonPhaseDate" : "2019-05-12T01:12+0000"
        },
        {
          "signDate" : "2019-05-14T18:53+0000",
          "sign" : "libra",
          "age" : 11,
          "date" : "2019-05-14T12:33+0000",
          "timeZone" : 3,
          "moonPhase" : "phase2",
          "moonPhaseDate" : "2019-05-12T01:12+0000"
        },
        {
          "signDate" : "2019-05-14T18:53+0000",
          "sign" : "libra",
          "age" : 12,
          "date" : "2019-05-15T13:42+0000",
          "timeZone" : 3,
          "moonPhase" : "phase2",
          "moonPhaseDate" : "2019-05-12T01:12+0000"
        },
        {
          "signDate" : "2019-05-14T18:53+0000",
          "sign" : "libra",
          "age" : 13,
          "date" : "2019-05-16T14:50+0000",
          "timeZone" : 3,
          "moonPhase" : "phase2",
          "moonPhaseDate" : "2019-05-12T01:12+0000"
        },
        {
          "signDate" : "2019-05-16T21:25+0000",
          "sign" : "scorpio",
          "date" : "2019-05-17T15:58+0000",
          "age" : 14,
          "timeZone" : 3,
          "moonPhase" : "phase2",
          "moonPhaseDate" : "2019-05-12T01:12+0000"
        },
        {
          "signDate" : "2019-05-16T21:25+0000",
          "sign" : "scorpio",
          "date" : "2019-05-18T17:05+0000",
          "age" : 15,
          "timeZone" : 3,
          "moonPhase" : "phase2",
          "moonPhaseDate" : "2019-05-12T01:12+0000"
        },
        {
          "signDate" : "2019-05-19T01:19+0000",
          "age" : 16,
          "date" : "2019-05-19T18:11+0000",
          "sign" : "sagittarius",
          "timeZone" : 3,
          "moonPhase" : "fullMoon",
          "moonPhaseDate" : "2019-05-18T21:11+0000"
        },
        {
          "signDate" : "2019-05-19T01:19+0000",
          "sign" : "sagittarius",
          "date" : "2019-05-20T19:13+0000",
          "age" : 17,
          "timeZone" : 3,
          "moonPhase" : "phase3",
          "moonPhaseDate" : "2019-05-18T21:11+0000"
        },
        {
          "signDate" : "2019-05-21T07:56+0000",
          "sign" : "capricorn",
          "date" : "2019-05-21T20:11+0000",
          "age" : 18,
          "timeZone" : 3,
          "moonPhase" : "phase3",
          "moonPhaseDate" : "2019-05-18T21:11+0000"
        },
        {
          "signDate" : "2019-05-23T17:51+0000",
          "sign" : "aquarius",
          "date" : "2019-05-22T21:02+0000",
          "age" : 19,
          "timeZone" : 3,
          "moonPhase" : "phase3",
          "moonPhaseDate" : "2019-05-18T21:11+0000"
        },
        {
          "signDate" : "2019-05-23T17:51+0000",
          "age" : 20,
          "date" : "2019-05-23T21:48+0000",
          "sign" : "aquarius",
          "timeZone" : 3,
          "moonPhase" : "phase3",
          "moonPhaseDate" : "2019-05-18T21:11+0000"
        },
        {
          "signDate" : "2019-05-23T17:51+0000",
          "sign" : "aquarius",
          "date" : "2019-05-24T22:27+0000",
          "age" : 21,
          "timeZone" : 3,
          "moonPhase" : "phase3",
          "moonPhaseDate" : "2019-05-18T21:11+0000"
        },
        {
          "signDate" : "2019-05-26T06:07+0000",
          "sign" : "pisces",
          "date" : "2019-05-25T23:02+0000",
          "age" : 22,
          "timeZone" : 3,
          "moonPhase" : "phase4",
          "moonPhaseDate" : "2019-05-26T16:33+0000"
        },
        {
          "signDate" : "2019-05-26T06:07+0000",
          "age" : 23,
          "date" : "2019-05-26T23:33+0000",
          "sign" : "pisces",
          "timeZone" : 3,
          "moonPhase" : "phase4",
          "moonPhaseDate" : "2019-05-26T16:33+0000"
        },
        {
          "signDate" : "2019-05-28T18:29+0000",
          "sign" : "aries",
          "date" : "2019-05-28T00:02+0000",
          "age" : 24,
          "timeZone" : 3,
          "moonPhase" : "phase4",
          "moonPhaseDate" : "2019-05-26T16:33+0000"
        },
        {
          "signDate" : "2019-05-28T18:29+0000",
          "sign" : "aries",
          "date" : "2019-05-29T00:30+0000",
          "age" : 25,
          "timeZone" : 3,
          "moonPhase" : "phase4",
          "moonPhaseDate" : "2019-05-26T16:33+0000"
        },
        {
          "signDate" : "2019-05-28T18:29+0000",
          "sign" : "aries",
          "date" : "2019-05-30T00:57+0000",
          "age" : 26,
          "timeZone" : 3,
          "moonPhase" : "phase4",
          "moonPhaseDate" : "2019-05-26T16:33+0000"
        },
        {
          "signDate" : "2019-05-31T04:44+0000",
          "sign" : "taurus",
          "age" : 27,
          "date" : "2019-05-31T01:25+0000",
          "timeZone" : 3,
          "moonPhase" : "phase4",
          "moonPhaseDate" : "2019-05-26T16:33+0000"
        },
        {
          "signDate" : "2019-05-31T04:44+0000",
          "sign" : "taurus",
          "date" : "2019-06-01T01:56+0000",
          "age" : 28,
          "timeZone" : 3,
          "moonPhase" : "phase4",
          "moonPhaseDate" : null
        },
        {
          "signDate" : "2019-06-02T11:51+0000",
          "sign" : "gemini",
          "date" : "2019-06-02T02:30+0000",
          "age" : 29,
          "timeZone" : 3,
          "moonPhase" : "phase4",
          "moonPhaseDate" : null
        },
        {
          "signDate" : "2019-06-02T11:51+0000",
          "sign" : "gemini",
          "date" : "2019-06-03T03:09+0000",
          "age" : 30,
          "timeZone" : 3,
          "moonPhase" : "newMoon",
          "moonPhaseDate" : "2019-06-03T10:02+0000"
        },
        {
          "signDate" : "2019-06-02T11:51+0000",
          "sign" : "gemini",
          "date" : "2019-06-03T10:02+0000",
          "age" : 1,
          "timeZone" : 3,
          "moonPhase" : "newMoon",
          "moonPhaseDate" : "2019-06-03T10:02+0000"
        },
        {
          "signDate" : "2019-06-04T16:18+0000",
          "sign" : "cancer",
          "age" : 2,
          "date" : "2019-06-04T03:55+0000",
          "timeZone" : 3,
          "moonPhase" : "phase1",
          "moonPhaseDate" : "2019-06-03T10:02+0000"
        },
        {
          "signDate" : "2019-06-04T16:18+0000",
          "sign" : "cancer",
          "age" : 3,
          "date" : "2019-06-05T04:49+0000",
          "timeZone" : 3,
          "moonPhase" : "phase1",
          "moonPhaseDate" : "2019-06-03T10:02+0000"
        },
        {
          "signDate" : "2019-06-06T19:14+0000",
          "sign" : "leo",
          "age" : 4,
          "date" : "2019-06-06T05:49+0000",
          "timeZone" : 3,
          "moonPhase" : "phase1",
          "moonPhaseDate" : "2019-06-03T10:02+0000"
        },
        {
          "signDate" : "2019-06-06T19:14+0000",
          "sign" : "leo",
          "date" : "2019-06-07T06:56+0000",
          "age" : 5,
          "timeZone" : 3,
          "moonPhase" : "phase1",
          "moonPhaseDate" : "2019-06-03T10:02+0000"
        },
        {
          "signDate" : "2019-06-06T19:14+0000",
          "sign" : "leo",
          "date" : "2019-06-08T08:05+0000",
          "age" : 6,
          "timeZone" : 3,
          "moonPhase" : "phase1",
          "moonPhaseDate" : "2019-06-03T10:02+0000"
        },
        {
          "signDate" : "2019-06-08T21:43+0000",
          "sign" : "virgo",
          "date" : "2019-06-09T09:15+0000",
          "age" : 7,
          "timeZone" : 3,
          "moonPhase" : "phase1",
          "moonPhaseDate" : "2019-06-03T10:02+0000"
        },
        {
          "signDate" : "2019-06-08T21:43+0000",
          "sign" : "virgo",
          "date" : "2019-06-10T10:24+0000",
          "age" : 8,
          "timeZone" : 3,
          "moonPhase" : "phase2",
          "moonPhaseDate" : "2019-06-10T05:59+0000"
        },
        {
          "signDate" : "2019-06-11T00:30+0000",
          "sign" : "libra",
          "date" : "2019-06-11T11:32+0000",
          "age" : 9,
          "timeZone" : 3,
          "moonPhase" : "phase2",
          "moonPhaseDate" : "2019-06-10T05:59+0000"
        },
        {
          "signDate" : "2019-06-11T00:30+0000",
          "age" : 10,
          "date" : "2019-06-12T12:39+0000",
          "sign" : "libra",
          "timeZone" : 3,
          "moonPhase" : "phase2",
          "moonPhaseDate" : "2019-06-10T05:59+0000"
        },
        {
          "signDate" : "2019-06-13T04:03+0000",
          "sign" : "scorpio",
          "date" : "2019-06-13T13:45+0000",
          "age" : 11,
          "timeZone" : 3,
          "moonPhase" : "phase2",
          "moonPhaseDate" : "2019-06-10T05:59+0000"
        },
        {
          "signDate" : "2019-06-13T04:03+0000",
          "sign" : "scorpio",
          "age" : 12,
          "date" : "2019-06-14T14:52+0000",
          "timeZone" : 3,
          "moonPhase" : "phase2",
          "moonPhaseDate" : "2019-06-10T05:59+0000"
        },
        {
          "signDate" : "2019-06-15T09:01+0000",
          "sign" : "sagittarius",
          "age" : 13,
          "date" : "2019-06-15T15:57+0000",
          "timeZone" : 3,
          "moonPhase" : "phase2",
          "moonPhaseDate" : "2019-06-10T05:59+0000"
        },
        {
          "signDate" : "2019-06-15T09:01+0000",
          "sign" : "sagittarius",
          "date" : "2019-06-16T17:00+0000",
          "age" : 14,
          "timeZone" : 3,
          "moonPhase" : "phase2",
          "moonPhaseDate" : "2019-06-10T05:59+0000"
        },
        {
          "signDate" : "2019-06-17T16:11+0000",
          "sign" : "capricorn",
          "age" : 15,
          "date" : "2019-06-17T18:00+0000",
          "timeZone" : 3,
          "moonPhase" : "fullMoon",
          "moonPhaseDate" : "2019-06-17T08:31+0000"
        },
        {
          "signDate" : "2019-06-17T16:11+0000",
          "sign" : "capricorn",
          "date" : "2019-06-18T18:54+0000",
          "age" : 16,
          "timeZone" : 3,
          "moonPhase" : "phase3",
          "moonPhaseDate" : "2019-06-17T08:31+0000"
        },
        {
          "signDate" : "2019-06-17T16:11+0000",
          "sign" : "capricorn",
          "age" : 17,
          "date" : "2019-06-19T19:42+0000",
          "timeZone" : 3,
          "moonPhase" : "phase3",
          "moonPhaseDate" : "2019-06-17T08:31+0000"
        },
        {
          "signDate" : "2019-06-20T02:01+0000",
          "sign" : "aquarius",
          "age" : 18,
          "date" : "2019-06-20T20:25+0000",
          "timeZone" : 3,
          "moonPhase" : "phase3",
          "moonPhaseDate" : "2019-06-17T08:31+0000"
        },
        {
          "signDate" : "2019-06-22T14:01+0000",
          "sign" : "pisces",
          "date" : "2019-06-21T21:01+0000",
          "age" : 19,
          "timeZone" : 3,
          "moonPhase" : "phase3",
          "moonPhaseDate" : "2019-06-17T08:31+0000"
        },
        {
          "signDate" : "2019-06-22T14:01+0000",
          "sign" : "pisces",
          "date" : "2019-06-22T21:34+0000",
          "age" : 20,
          "timeZone" : 3,
          "moonPhase" : "phase3",
          "moonPhaseDate" : "2019-06-17T08:31+0000"
        },
        {
          "signDate" : "2019-06-22T14:01+0000",
          "sign" : "pisces",
          "age" : 21,
          "date" : "2019-06-23T22:04+0000",
          "timeZone" : 3,
          "moonPhase" : "phase3",
          "moonPhaseDate" : "2019-06-17T08:31+0000"
        },
        {
          "signDate" : "2019-06-25T02:34+0000",
          "sign" : "aries",
          "age" : 22,
          "date" : "2019-06-24T22:31+0000",
          "timeZone" : 3,
          "moonPhase" : "phase4",
          "moonPhaseDate" : "2019-06-25T09:46+0000"
        },
        {
          "signDate" : "2019-06-25T02:34+0000",
          "sign" : "aries",
          "age" : 23,
          "date" : "2019-06-25T22:58+0000",
          "timeZone" : 3,
          "moonPhase" : "phase4",
          "moonPhaseDate" : "2019-06-25T09:46+0000"
        },
        {
          "signDate" : "2019-06-27T13:30+0000",
          "sign" : "taurus",
          "date" : "2019-06-26T23:25+0000",
          "age" : 24,
          "timeZone" : 3,
          "moonPhase" : "phase4",
          "moonPhaseDate" : "2019-06-25T09:46+0000"
        },
        {
          "signDate" : "2019-06-27T13:30+0000",
          "sign" : "taurus",
          "age" : 25,
          "date" : "2019-06-27T23:54+0000",
          "timeZone" : 3,
          "moonPhase" : "phase4",
          "moonPhaseDate" : "2019-06-25T09:46+0000"
        },
        {
          "signDate" : "2019-06-27T13:30+0000",
          "sign" : "taurus",
          "date" : "2019-06-29T00:25+0000",
          "age" : 26,
          "timeZone" : 3,
          "moonPhase" : "phase4",
          "moonPhaseDate" : "2019-06-25T09:46+0000"
        },
        {
          "signDate" : "2019-06-29T21:10+0000",
          "sign" : "gemini",
          "date" : "2019-06-30T01:02+0000",
          "age" : 27,
          "timeZone" : 3,
          "moonPhase" : "phase4",
          "moonPhaseDate" : "2019-06-25T09:46+0000"
        },
        {
          "signDate" : "2019-06-29T21:10+0000",
          "sign" : "gemini",
          "age" : 28,
          "date" : "2019-07-01T01:45+0000",
          "timeZone" : 3,
          "moonPhase" : "phase4",
          "moonPhaseDate" : null
        },
        {
          "signDate" : "2019-07-02T01:26+0000",
          "sign" : "cancer",
          "age" : 29,
          "date" : "2019-07-02T02:36+0000",
          "timeZone" : 3,
          "moonPhase" : "newMoon",
          "moonPhaseDate" : "2019-07-02T19:16+0000"
        },
        {
          "signDate" : "2019-07-02T01:26+0000",
          "sign" : "cancer",
          "date" : "2019-07-02T19:16+0000",
          "age" : 1,
          "timeZone" : 3,
          "moonPhase" : "newMoon",
          "moonPhaseDate" : "2019-07-02T19:16+0000"
        },
        {
          "signDate" : "2019-07-02T01:26+0000",
          "sign" : "cancer",
          "date" : "2019-07-03T03:34+0000",
          "age" : 2,
          "timeZone" : 3,
          "moonPhase" : "phase1",
          "moonPhaseDate" : "2019-07-02T19:16+0000"
        },
        {
          "signDate" : "2019-07-04T03:21+0000",
          "sign" : "leo",
          "date" : "2019-07-04T04:40+0000",
          "age" : 3,
          "timeZone" : 3,
          "moonPhase" : "phase1",
          "moonPhaseDate" : "2019-07-02T19:16+0000"
        },
        {
          "signDate" : "2019-07-04T03:21+0000",
          "sign" : "leo",
          "date" : "2019-07-05T05:51+0000",
          "age" : 4,
          "timeZone" : 3,
          "moonPhase" : "phase1",
          "moonPhaseDate" : "2019-07-02T19:16+0000"
        },
        {
          "signDate" : "2019-07-06T04:25+0000",
          "sign" : "virgo",
          "date" : "2019-07-06T07:03+0000",
          "age" : 5,
          "timeZone" : 3,
          "moonPhase" : "phase1",
          "moonPhaseDate" : "2019-07-02T19:16+0000"
        },
        {
          "signDate" : "2019-07-06T04:25+0000",
          "age" : 6,
          "date" : "2019-07-07T08:14+0000",
          "sign" : "virgo",
          "timeZone" : 3,
          "moonPhase" : "phase1",
          "moonPhaseDate" : "2019-07-02T19:16+0000"
        },
        {
          "signDate" : "2019-07-08T06:07+0000",
          "sign" : "libra",
          "date" : "2019-07-08T09:23+0000",
          "age" : 7,
          "timeZone" : 3,
          "moonPhase" : "phase1",
          "moonPhaseDate" : "2019-07-02T19:16+0000"
        },
        {
          "signDate" : "2019-07-08T06:07+0000",
          "sign" : "libra",
          "date" : "2019-07-09T10:32+0000",
          "age" : 8,
          "timeZone" : 3,
          "moonPhase" : "phase2",
          "moonPhaseDate" : "2019-07-09T10:55+0000"
        },
        {
          "signDate" : "2019-07-10T09:28+0000",
          "sign" : "scorpio",
          "date" : "2019-07-10T11:39+0000",
          "age" : 9,
          "timeZone" : 3,
          "moonPhase" : "phase2",
          "moonPhaseDate" : "2019-07-09T10:55+0000"
        },
        {
          "signDate" : "2019-07-10T09:28+0000",
          "age" : 10,
          "date" : "2019-07-11T12:44+0000",
          "sign" : "scorpio",
          "timeZone" : 3,
          "moonPhase" : "phase2",
          "moonPhaseDate" : "2019-07-09T10:55+0000"
        },
        {
          "signDate" : "2019-07-12T15:04+0000",
          "sign" : "sagittarius",
          "date" : "2019-07-12T13:49+0000",
          "age" : 11,
          "timeZone" : 3,
          "moonPhase" : "phase2",
          "moonPhaseDate" : "2019-07-09T10:55+0000"
        },
        {
          "signDate" : "2019-07-12T15:04+0000",
          "sign" : "sagittarius",
          "date" : "2019-07-13T14:51+0000",
          "age" : 12,
          "timeZone" : 3,
          "moonPhase" : "phase2",
          "moonPhaseDate" : "2019-07-09T10:55+0000"
        },
        {
          "signDate" : "2019-07-12T15:04+0000",
          "sign" : "sagittarius",
          "age" : 13,
          "date" : "2019-07-14T15:51+0000",
          "timeZone" : 3,
          "moonPhase" : "phase2",
          "moonPhaseDate" : "2019-07-09T10:55+0000"
        },
        {
          "signDate" : "2019-07-14T23:03+0000",
          "sign" : "capricorn",
          "date" : "2019-07-15T16:47+0000",
          "age" : 14,
          "timeZone" : 3,
          "moonPhase" : "phase2",
          "moonPhaseDate" : "2019-07-09T10:55+0000"
        },
        {
          "signDate" : "2019-07-14T23:03+0000",
          "sign" : "capricorn",
          "age" : 15,
          "date" : "2019-07-16T17:37+0000",
          "timeZone" : 3,
          "moonPhase" : "phase2",
          "moonPhaseDate" : "2019-07-09T10:55+0000"
        },
        {
          "signDate" : "2019-07-17T09:18+0000",
          "sign" : "aquarius",
          "date" : "2019-07-17T18:22+0000",
          "age" : 16,
          "timeZone" : 3,
          "moonPhase" : "fullMoon",
          "moonPhaseDate" : "2019-07-16T21:38+0000"
        },
        {
          "signDate" : "2019-07-17T09:18+0000",
          "sign" : "aquarius",
          "date" : "2019-07-18T19:00+0000",
          "age" : 17,
          "timeZone" : 3,
          "moonPhase" : "phase3",
          "moonPhaseDate" : "2019-07-16T21:38+0000"
        },
        {
          "signDate" : "2019-07-17T09:18+0000",
          "sign" : "aquarius",
          "date" : "2019-07-19T19:35+0000",
          "age" : 18,
          "timeZone" : 3,
          "moonPhase" : "phase3",
          "moonPhaseDate" : "2019-07-16T21:38+0000"
        },
        {
          "signDate" : "2019-07-19T21:19+0000",
          "age" : 19,
          "date" : "2019-07-20T20:05+0000",
          "sign" : "pisces",
          "timeZone" : 3,
          "moonPhase" : "phase3",
          "moonPhaseDate" : "2019-07-16T21:38+0000"
        },
        {
          "signDate" : "2019-07-19T21:19+0000",
          "sign" : "pisces",
          "age" : 20,
          "date" : "2019-07-21T20:33+0000",
          "timeZone" : 3,
          "moonPhase" : "phase3",
          "moonPhaseDate" : "2019-07-16T21:38+0000"
        },
        {
          "signDate" : "2019-07-19T21:19+0000",
          "sign" : "aries",
          "date" : "2019-07-22T21:00+0000",
          "age" : 21,
          "timeZone" : 3,
          "moonPhase" : "phase3",
          "moonPhaseDate" : "2019-07-16T21:38+0000"
        },
        {
          "signDate" : "2019-07-19T21:19+0000",
          "sign" : "aries",
          "date" : "2019-07-23T21:27+0000",
          "age" : 22,
          "timeZone" : 3,
          "moonPhase" : "phase3",
          "moonPhaseDate" : "2019-07-16T21:38+0000"
        },
        {
          "signDate" : "2019-07-24T21:40+0000",
          "age" : 23,
          "date" : "2019-07-24T21:54+0000",
          "sign" : "taurus",
          "timeZone" : 3,
          "moonPhase" : "phase4",
          "moonPhaseDate" : "2019-07-25T01:18+0000"
        },
        {
          "signDate" : "2019-07-24T21:40+0000",
          "sign" : "taurus",
          "date" : "2019-07-25T22:24+0000",
          "age" : 24,
          "timeZone" : 3,
          "moonPhase" : "phase4",
          "moonPhaseDate" : "2019-07-25T01:18+0000"
        },
        {
          "signDate" : "2019-07-27T06:28+0000",
          "sign" : "gemini",
          "date" : "2019-07-26T22:57+0000",
          "age" : 25,
          "timeZone" : 3,
          "moonPhase" : "phase4",
          "moonPhaseDate" : "2019-07-25T01:18+0000"
        },
        {
          "signDate" : "2019-07-27T06:28+0000",
          "sign" : "gemini",
          "date" : "2019-07-27T23:36+0000",
          "age" : 26,
          "timeZone" : 3,
          "moonPhase" : "phase4",
          "moonPhaseDate" : "2019-07-25T01:18+0000"
        },
        {
          "signDate" : "2019-07-29T11:30+0000",
          "age" : 27,
          "date" : "2019-07-29T00:21+0000",
          "sign" : "cancer",
          "timeZone" : 3,
          "moonPhase" : "phase4",
          "moonPhaseDate" : "2019-07-25T01:18+0000"
        },
        {
          "signDate" : "2019-07-29T11:30+0000",
          "sign" : "cancer",
          "date" : "2019-07-30T01:16+0000",
          "age" : 28,
          "timeZone" : 3,
          "moonPhase" : "phase4",
          "moonPhaseDate" : "2019-07-25T01:18+0000"
        },
        {
          "signDate" : "2019-07-31T13:18+0000",
          "sign" : "leo",
          "date" : "2019-07-31T02:19+0000",
          "age" : 29,
          "timeZone" : 3,
          "moonPhase" : "phase4",
          "moonPhaseDate" : "2019-07-25T01:18+0000"
        },
        {
          "signDate" : "2019-07-31T13:18+0000",
          "sign" : "leo",
          "date" : "2019-08-01T03:12+0000",
          "age" : 1,
          "timeZone" : 3,
          "moonPhase" : "newMoon",
          "moonPhaseDate" : "2019-08-01T03:12+0000"
        },
        {
          "signDate" : "2019-07-31T13:18+0000",
          "sign" : "leo",
          "age" : 2,
          "date" : "2019-08-01T03:29+0000",
          "timeZone" : 3,
          "moonPhase" : "newMoon",
          "moonPhaseDate" : "2019-08-01T03:12+0000"
        },
        {
          "signDate" : "2019-08-02T13:23+0000",
          "sign" : "virgo",
          "date" : "2019-08-02T04:42+0000",
          "age" : 3,
          "timeZone" : 3,
          "moonPhase" : "phase1",
          "moonPhaseDate" : "2019-08-01T03:12+0000"
        },
        {
          "signDate" : "2019-08-02T13:23+0000",
          "age" : 4,
          "date" : "2019-08-03T05:56+0000",
          "sign" : "virgo",
          "timeZone" : 3,
          "moonPhase" : "phase1",
          "moonPhaseDate" : "2019-08-01T03:12+0000"
        },
        {
          "signDate" : "2019-08-04T13:32+0000",
          "sign" : "libra",
          "date" : "2019-08-04T07:09+0000",
          "age" : 5,
          "timeZone" : 3,
          "moonPhase" : "phase1",
          "moonPhaseDate" : "2019-08-01T03:12+0000"
        },
        {
          "signDate" : "2019-08-04T13:32+0000",
          "sign" : "libra",
          "age" : 6,
          "date" : "2019-08-05T08:20+0000",
          "timeZone" : 3,
          "moonPhase" : "phase1",
          "moonPhaseDate" : "2019-08-01T03:12+0000"
        },
        {
          "signDate" : "2019-08-06T15:31+0000",
          "sign" : "scorpio",
          "date" : "2019-08-06T09:29+0000",
          "age" : 7,
          "timeZone" : 3,
          "moonPhase" : "phase1",
          "moonPhaseDate" : "2019-08-01T03:12+0000"
        },
        {
          "signDate" : "2019-08-06T15:31+0000",
          "sign" : "scorpio",
          "date" : "2019-08-07T10:36+0000",
          "age" : 8,
          "timeZone" : 3,
          "moonPhase" : "phase2",
          "moonPhaseDate" : "2019-08-07T17:31+0000"
        },
        {
          "signDate" : "2019-08-08T20:32+0000",
          "sign" : "sagittarius",
          "date" : "2019-08-08T11:42+0000",
          "age" : 9,
          "timeZone" : 3,
          "moonPhase" : "phase2",
          "moonPhaseDate" : "2019-08-07T17:31+0000"
        },
        {
          "signDate" : "2019-08-08T20:32+0000",
          "age" : 10,
          "date" : "2019-08-09T12:45+0000",
          "sign" : "sagittarius",
          "timeZone" : 3,
          "moonPhase" : "phase2",
          "moonPhaseDate" : "2019-08-07T17:31+0000"
        },
        {
          "signDate" : "2019-08-08T20:32+0000",
          "sign" : "sagittarius",
          "date" : "2019-08-10T13:46+0000",
          "age" : 11,
          "timeZone" : 3,
          "moonPhase" : "phase2",
          "moonPhaseDate" : "2019-08-07T17:31+0000"
        },
        {
          "signDate" : "2019-08-11T04:48+0000",
          "sign" : "capricorn",
          "date" : "2019-08-11T14:43+0000",
          "age" : 12,
          "timeZone" : 3,
          "moonPhase" : "phase2",
          "moonPhaseDate" : "2019-08-07T17:31+0000"
        },
        {
          "signDate" : "2019-08-11T04:48+0000",
          "sign" : "capricorn",
          "age" : 13,
          "date" : "2019-08-12T15:33+0000",
          "timeZone" : 3,
          "moonPhase" : "phase2",
          "moonPhaseDate" : "2019-08-07T17:31+0000"
        },
        {
          "signDate" : "2019-08-13T15:36+0000",
          "sign" : "aquarius",
          "age" : 14,
          "date" : "2019-08-13T16:20+0000",
          "timeZone" : 3,
          "moonPhase" : "phase2",
          "moonPhaseDate" : "2019-08-07T17:31+0000"
        },
        {
          "signDate" : "2019-08-13T15:36+0000",
          "sign" : "aquarius",
          "date" : "2019-08-14T16:59+0000",
          "age" : 15,
          "timeZone" : 3,
          "moonPhase" : "phase2",
          "moonPhaseDate" : "2019-08-07T17:31+0000"
        },
        {
          "signDate" : "2019-08-13T15:36+0000",
          "age" : 16,
          "date" : "2019-08-15T17:36+0000",
          "sign" : "aquarius",
          "timeZone" : 3,
          "moonPhase" : "fullMoon",
          "moonPhaseDate" : "2019-08-15T12:29+0000"
        },
        {
          "signDate" : "2019-08-16T03:50+0000",
          "sign" : "pisces",
          "date" : "2019-08-16T18:07+0000",
          "age" : 17,
          "timeZone" : 3,
          "moonPhase" : "phase3",
          "moonPhaseDate" : "2019-08-15T12:29+0000"
        },
        {
          "signDate" : "2019-08-16T03:50+0000",
          "sign" : "pisces",
          "date" : "2019-08-17T18:36+0000",
          "age" : 18,
          "timeZone" : 3,
          "moonPhase" : "phase3",
          "moonPhaseDate" : "2019-08-15T12:29+0000"
        },
        {
          "signDate" : "2019-08-18T16:32+0000",
          "sign" : "aries",
          "age" : 19,
          "date" : "2019-08-18T19:03+0000",
          "timeZone" : 3,
          "moonPhase" : "phase3",
          "moonPhaseDate" : "2019-08-15T12:29+0000"
        },
        {
          "signDate" : "2019-08-18T16:32+0000",
          "age" : 20,
          "date" : "2019-08-19T19:29+0000",
          "sign" : "aries",
          "timeZone" : 3,
          "moonPhase" : "phase3",
          "moonPhaseDate" : "2019-08-15T12:29+0000"
        },
        {
          "signDate" : "2019-08-18T16:32+0000",
          "sign" : "aries",
          "date" : "2019-08-20T19:56+0000",
          "age" : 21,
          "timeZone" : 3,
          "moonPhase" : "phase3",
          "moonPhaseDate" : "2019-08-15T12:29+0000"
        },
        {
          "signDate" : "2019-08-21T04:36+0000",
          "sign" : "taurus",
          "date" : "2019-08-21T20:24+0000",
          "age" : 22,
          "timeZone" : 3,
          "moonPhase" : "phase3",
          "moonPhaseDate" : "2019-08-15T12:29+0000"
        },
        {
          "signDate" : "2019-08-21T04:36+0000",
          "sign" : "taurus",
          "date" : "2019-08-22T20:55+0000",
          "age" : 23,
          "timeZone" : 3,
          "moonPhase" : "phase3",
          "moonPhaseDate" : "2019-08-15T12:29+0000"
        },
        {
          "signDate" : "2019-08-21T04:36+0000",
          "sign" : "gemini",
          "date" : "2019-08-23T21:30+0000",
          "age" : 24,
          "timeZone" : 3,
          "moonPhase" : "phase4",
          "moonPhaseDate" : "2019-08-23T14:56+0000"
        },
        {
          "signDate" : "2019-08-21T04:36+0000",
          "sign" : "gemini",
          "date" : "2019-08-24T22:12+0000",
          "age" : 25,
          "timeZone" : 3,
          "moonPhase" : "phase4",
          "moonPhaseDate" : "2019-08-23T14:56+0000"
        },
        {
          "signDate" : "2019-08-25T21:05+0000",
          "sign" : "cancer",
          "date" : "2019-08-25T23:00+0000",
          "age" : 26,
          "timeZone" : 3,
          "moonPhase" : "phase4",
          "moonPhaseDate" : "2019-08-23T14:56+0000"
        },
        {
          "signDate" : "2019-08-25T21:05+0000",
          "sign" : "cancer",
          "date" : "2019-08-26T23:58+0000",
          "age" : 27,
          "timeZone" : 3,
          "moonPhase" : "phase4",
          "moonPhaseDate" : "2019-08-23T14:56+0000"
        },
        {
          "signDate" : "2019-08-27T23:51+0000",
          "sign" : "leo",
          "date" : "2019-08-28T01:03+0000",
          "age" : 28,
          "timeZone" : 3,
          "moonPhase" : "phase4",
          "moonPhaseDate" : "2019-08-23T14:56+0000"
        },
        {
          "signDate" : "2019-08-27T23:51+0000",
          "sign" : "leo",
          "date" : "2019-08-29T02:15+0000",
          "age" : 29,
          "timeZone" : 3,
          "moonPhase" : "phase4",
          "moonPhaseDate" : "2019-08-23T14:56+0000"
        },
        {
          "signDate" : "2019-08-29T23:57+0000",
          "sign" : "virgo",
          "age" : 30,
          "date" : "2019-08-30T03:30+0000",
          "timeZone" : 3,
          "moonPhase" : "newMoon",
          "moonPhaseDate" : "2019-08-30T10:37+0000"
        },
        {
          "signDate" : "2019-08-29T23:57+0000",
          "sign" : "virgo",
          "date" : "2019-08-30T10:37+0000",
          "age" : 1,
          "timeZone" : 3,
          "moonPhase" : "newMoon",
          "moonPhaseDate" : "2019-08-30T10:37+0000"
        },
        {
          "signDate" : "2019-08-29T23:57+0000",
          "sign" : "virgo",
          "date" : "2019-08-31T04:45+0000",
          "age" : 2,
          "timeZone" : 3,
          "moonPhase" : "phase1",
          "moonPhaseDate" : "2019-08-30T10:37+0000"
        },
        {
          "signDate" : "2019-08-31T23:12+0000",
          "sign" : "libra",
          "date" : "2019-09-01T05:59+0000",
          "age" : 3,
          "timeZone" : 3,
          "moonPhase" : "phase1",
          "moonPhaseDate" : null
        },
        {
          "signDate" : "2019-08-31T23:12+0000",
          "age" : 4,
          "date" : "2019-09-02T07:12+0000",
          "sign" : "libra",
          "timeZone" : 3,
          "moonPhase" : "phase1",
          "moonPhaseDate" : null
        },
        {
          "signDate" : "2019-09-02T23:38+0000",
          "sign" : "scorpio",
          "date" : "2019-09-03T08:22+0000",
          "age" : 5,
          "timeZone" : 3,
          "moonPhase" : "phase1",
          "moonPhaseDate" : null
        },
        {
          "signDate" : "2019-09-02T23:38+0000",
          "sign" : "scorpio",
          "age" : 6,
          "date" : "2019-09-04T09:31+0000",
          "timeZone" : 3,
          "moonPhase" : "phase1",
          "moonPhaseDate" : null
        },
        {
          "signDate" : "2019-09-05T03:06+0000",
          "sign" : "sagittarius",
          "age" : 7,
          "date" : "2019-09-05T10:37+0000",
          "timeZone" : 3,
          "moonPhase" : "phase1",
          "moonPhaseDate" : null
        },
        {
          "signDate" : "2019-09-05T03:06+0000",
          "sign" : "sagittarius",
          "date" : "2019-09-06T11:40+0000",
          "age" : 8,
          "timeZone" : 3,
          "moonPhase" : "phase2",
          "moonPhaseDate" : "2019-09-06T03:10+0000"
        },
        {
          "signDate" : "2019-09-07T10:35+0000",
          "sign" : "capricorn",
          "date" : "2019-09-07T12:39+0000",
          "age" : 9,
          "timeZone" : 3,
          "moonPhase" : "phase2",
          "moonPhaseDate" : "2019-09-06T03:10+0000"
        },
        {
          "signDate" : "2019-09-07T10:35+0000",
          "sign" : "capricorn",
          "date" : "2019-09-08T13:32+0000",
          "age" : 10,
          "timeZone" : 3,
          "moonPhase" : "phase2",
          "moonPhaseDate" : "2019-09-06T03:10+0000"
        },
        {
          "signDate" : "2019-09-07T10:35+0000",
          "sign" : "capricorn",
          "date" : "2019-09-09T14:19+0000",
          "age" : 11,
          "timeZone" : 3,
          "moonPhase" : "phase2",
          "moonPhaseDate" : "2019-09-06T03:10+0000"
        },
        {
          "signDate" : "2019-09-09T21:25+0000",
          "sign" : "aquarius",
          "date" : "2019-09-10T15:01+0000",
          "age" : 12,
          "timeZone" : 3,
          "moonPhase" : "phase2",
          "moonPhaseDate" : "2019-09-06T03:10+0000"
        },
        {
          "signDate" : "2019-09-09T21:25+0000",
          "sign" : "aquarius",
          "date" : "2019-09-11T15:37+0000",
          "age" : 13,
          "timeZone" : 3,
          "moonPhase" : "phase2",
          "moonPhaseDate" : "2019-09-06T03:10+0000"
        },
        {
          "signDate" : "2019-09-12T09:53+0000",
          "sign" : "pisces",
          "age" : 14,
          "date" : "2019-09-12T16:10+0000",
          "timeZone" : 3,
          "moonPhase" : "phase2",
          "moonPhaseDate" : "2019-09-06T03:10+0000"
        },
        {
          "signDate" : "2019-09-12T09:53+0000",
          "sign" : "pisces",
          "date" : "2019-09-13T16:39+0000",
          "age" : 15,
          "timeZone" : 3,
          "moonPhase" : "phase2",
          "moonPhaseDate" : "2019-09-06T03:10+0000"
        },
        {
          "signDate" : "2019-09-12T09:53+0000",
          "age" : 16,
          "date" : "2019-09-14T17:06+0000",
          "sign" : "pisces",
          "timeZone" : 3,
          "moonPhase" : "fullMoon",
          "moonPhaseDate" : "2019-09-14T04:33+0000"
        },
        {
          "signDate" : "2019-09-14T22:32+0000",
          "sign" : "aries",
          "date" : "2019-09-15T17:33+0000",
          "age" : 17,
          "timeZone" : 3,
          "moonPhase" : "phase3",
          "moonPhaseDate" : "2019-09-14T04:33+0000"
        },
        {
          "signDate" : "2019-09-14T22:32+0000",
          "sign" : "aries",
          "age" : 18,
          "date" : "2019-09-16T17:59+0000",
          "timeZone" : 3,
          "moonPhase" : "phase3",
          "moonPhaseDate" : "2019-09-14T04:33+0000"
        },
        {
          "signDate" : "2019-09-17T10:30+0000",
          "sign" : "taurus",
          "date" : "2019-09-17T18:27+0000",
          "age" : 19,
          "timeZone" : 3,
          "moonPhase" : "phase3",
          "moonPhaseDate" : "2019-09-14T04:33+0000"
        },
        {
          "signDate" : "2019-09-17T10:30+0000",
          "sign" : "taurus",
          "date" : "2019-09-18T18:56+0000",
          "age" : 20,
          "timeZone" : 3,
          "moonPhase" : "phase3",
          "moonPhaseDate" : "2019-09-14T04:33+0000"
        },
        {
          "signDate" : "2019-09-19T20:58+0000",
          "sign" : "gemini",
          "date" : "2019-09-19T19:29+0000",
          "age" : 21,
          "timeZone" : 3,
          "moonPhase" : "phase3",
          "moonPhaseDate" : "2019-09-14T04:33+0000"
        },
        {
          "signDate" : "2019-09-19T20:58+0000",
          "age" : 22,
          "date" : "2019-09-20T20:07+0000",
          "sign" : "gemini",
          "timeZone" : 3,
          "moonPhase" : "phase3",
          "moonPhaseDate" : "2019-09-14T04:33+0000"
        },
        {
          "signDate" : "2019-09-19T20:58+0000",
          "sign" : "gemini",
          "date" : "2019-09-21T20:52+0000",
          "age" : 23,
          "timeZone" : 3,
          "moonPhase" : "phase3",
          "moonPhaseDate" : "2019-09-14T04:33+0000"
        },
        {
          "signDate" : "2019-09-19T20:58+0000",
          "age" : 24,
          "date" : "2019-09-22T21:44+0000",
          "sign" : "cancer",
          "timeZone" : 3,
          "moonPhase" : "phase4",
          "moonPhaseDate" : "2019-09-22T02:41+0000"
        },
        {
          "signDate" : "2019-09-24T09:19+0000",
          "age" : 25,
          "date" : "2019-09-23T22:44+0000",
          "sign" : "leo",
          "timeZone" : 3,
          "moonPhase" : "phase4",
          "moonPhaseDate" : "2019-09-22T02:41+0000"
        },
        {
          "signDate" : "2019-09-24T09:19+0000",
          "sign" : "leo",
          "date" : "2019-09-24T23:51+0000",
          "age" : 26,
          "timeZone" : 3,
          "moonPhase" : "phase4",
          "moonPhaseDate" : "2019-09-22T02:41+0000"
        },
        {
          "signDate" : "2019-09-26T10:35+0000",
          "sign" : "virgo",
          "date" : "2019-09-26T01:03+0000",
          "age" : 27,
          "timeZone" : 3,
          "moonPhase" : "phase4",
          "moonPhaseDate" : "2019-09-22T02:41+0000"
        },
        {
          "signDate" : "2019-09-26T10:35+0000",
          "sign" : "virgo",
          "date" : "2019-09-27T02:17+0000",
          "age" : 28,
          "timeZone" : 3,
          "moonPhase" : "phase4",
          "moonPhaseDate" : "2019-09-22T02:41+0000"
        },
        {
          "signDate" : "2019-09-28T10:04+0000",
          "sign" : "libra",
          "date" : "2019-09-28T03:32+0000",
          "age" : 29,
          "timeZone" : 3,
          "moonPhase" : "newMoon",
          "moonPhaseDate" : "2019-09-28T18:26+0000"
        },
        {
          "signDate" : "2019-09-28T10:04+0000",
          "age" : 1,
          "date" : "2019-09-28T18:26+0000",
          "sign" : "libra",
          "timeZone" : 3,
          "moonPhase" : "newMoon",
          "moonPhaseDate" : "2019-09-28T18:26+0000"
        },
        {
          "signDate" : "2019-09-28T10:04+0000",
          "sign" : "libra",
          "age" : 2,
          "date" : "2019-09-29T04:46+0000",
          "timeZone" : 3,
          "moonPhase" : "phase1",
          "moonPhaseDate" : "2019-09-28T18:26+0000"
        },
        {
          "signDate" : "2019-09-30T09:45+0000",
          "sign" : "scorpio",
          "date" : "2019-09-30T05:59+0000",
          "age" : 3,
          "timeZone" : 3,
          "moonPhase" : "phase1",
          "moonPhaseDate" : "2019-09-28T18:26+0000"
        },
        {
          "signDate" : "2019-09-30T09:45+0000",
          "sign" : "scorpio",
          "date" : "2019-10-01T07:11+0000",
          "age" : 4,
          "timeZone" : 3,
          "moonPhase" : "phase1",
          "moonPhaseDate" : null
        },
        {
          "signDate" : "2019-10-02T11:45+0000",
          "age" : 5,
          "date" : "2019-10-02T08:21+0000",
          "sign" : "sagittarius",
          "timeZone" : 3,
          "moonPhase" : "phase1",
          "moonPhaseDate" : null
        },
        {
          "signDate" : "2019-10-02T11:45+0000",
          "sign" : "sagittarius",
          "age" : 6,
          "date" : "2019-10-03T09:28+0000",
          "timeZone" : 3,
          "moonPhase" : "phase1",
          "moonPhaseDate" : null
        },
        {
          "signDate" : "2019-10-04T17:41+0000",
          "age" : 7,
          "date" : "2019-10-04T10:30+0000",
          "sign" : "capricorn",
          "timeZone" : 3,
          "moonPhase" : "phase1",
          "moonPhaseDate" : null
        },
        {
          "signDate" : "2019-10-04T17:41+0000",
          "sign" : "capricorn",
          "date" : "2019-10-05T11:27+0000",
          "age" : 8,
          "timeZone" : 3,
          "moonPhase" : "phase2",
          "moonPhaseDate" : "2019-10-05T16:47+0000"
        },
        {
          "signDate" : "2019-10-04T17:41+0000",
          "age" : 9,
          "date" : "2019-10-06T12:17+0000",
          "sign" : "capricorn",
          "timeZone" : 3,
          "moonPhase" : "phase2",
          "moonPhaseDate" : "2019-10-05T16:47+0000"
        },
        {
          "signDate" : "2019-10-07T03:43+0000",
          "age" : 10,
          "date" : "2019-10-07T13:01+0000",
          "sign" : "aquarius",
          "timeZone" : 3,
          "moonPhase" : "phase2",
          "moonPhaseDate" : "2019-10-05T16:47+0000"
        },
        {
          "signDate" : "2019-10-07T03:43+0000",
          "sign" : "aquarius",
          "date" : "2019-10-08T13:39+0000",
          "age" : 11,
          "timeZone" : 3,
          "moonPhase" : "phase2",
          "moonPhaseDate" : "2019-10-05T16:47+0000"
        },
        {
          "signDate" : "2019-10-09T16:08+0000",
          "sign" : "pisces",
          "age" : 12,
          "date" : "2019-10-09T14:13+0000",
          "timeZone" : 3,
          "moonPhase" : "phase2",
          "moonPhaseDate" : "2019-10-05T16:47+0000"
        },
        {
          "signDate" : "2019-10-09T16:08+0000",
          "age" : 13,
          "date" : "2019-10-10T14:43+0000",
          "sign" : "pisces",
          "timeZone" : 3,
          "moonPhase" : "phase2",
          "moonPhaseDate" : "2019-10-05T16:47+0000"
        },
        {
          "signDate" : "2019-10-09T16:08+0000",
          "sign" : "pisces",
          "date" : "2019-10-11T15:10+0000",
          "age" : 14,
          "timeZone" : 3,
          "moonPhase" : "phase2",
          "moonPhaseDate" : "2019-10-05T16:47+0000"
        },
        {
          "signDate" : "2019-10-12T04:46+0000",
          "sign" : "aries",
          "date" : "2019-10-12T15:37+0000",
          "age" : 15,
          "timeZone" : 3,
          "moonPhase" : "phase2",
          "moonPhaseDate" : "2019-10-05T16:47+0000"
        },
        {
          "signDate" : "2019-10-12T04:46+0000",
          "sign" : "aries",
          "age" : 16,
          "date" : "2019-10-13T16:03+0000",
          "timeZone" : 3,
          "moonPhase" : "phase2",
          "moonPhaseDate" : "2019-10-05T16:47+0000"
        },
        {
          "signDate" : "2019-10-14T16:23+0000",
          "sign" : "taurus",
          "date" : "2019-10-14T16:30+0000",
          "age" : 17,
          "timeZone" : 3,
          "moonPhase" : "fullMoon",
          "moonPhaseDate" : "2019-10-13T21:08+0000"
        },
        {
          "signDate" : "2019-10-14T16:23+0000",
          "sign" : "taurus",
          "date" : "2019-10-15T16:59+0000",
          "age" : 18,
          "timeZone" : 3,
          "moonPhase" : "phase3",
          "moonPhaseDate" : "2019-10-13T21:08+0000"
        },
        {
          "signDate" : "2019-10-14T16:23+0000",
          "age" : 19,
          "date" : "2019-10-16T17:31+0000",
          "sign" : "taurus",
          "timeZone" : 3,
          "moonPhase" : "phase3",
          "moonPhaseDate" : "2019-10-13T21:08+0000"
        },
        {
          "signDate" : "2019-10-17T02:29+0000",
          "sign" : "gemini",
          "date" : "2019-10-17T18:07+0000",
          "age" : 20,
          "timeZone" : 3,
          "moonPhase" : "phase3",
          "moonPhaseDate" : "2019-10-13T21:08+0000"
        },
        {
          "signDate" : "2019-10-17T02:29+0000",
          "sign" : "gemini",
          "date" : "2019-10-18T18:49+0000",
          "age" : 21,
          "timeZone" : 3,
          "moonPhase" : "phase3",
          "moonPhaseDate" : "2019-10-13T21:08+0000"
        },
        {
          "signDate" : "2019-10-19T10:42+0000",
          "sign" : "cancer",
          "date" : "2019-10-19T19:38+0000",
          "age" : 22,
          "timeZone" : 3,
          "moonPhase" : "phase3",
          "moonPhaseDate" : "2019-10-13T21:08+0000"
        },
        {
          "signDate" : "2019-10-19T10:42+0000",
          "age" : 23,
          "date" : "2019-10-20T20:34+0000",
          "sign" : "cancer",
          "timeZone" : 3,
          "moonPhase" : "phase3",
          "moonPhaseDate" : "2019-10-13T21:08+0000"
        },
        {
          "signDate" : "2019-10-19T10:42+0000",
          "sign" : "leo",
          "date" : "2019-10-21T21:37+0000",
          "age" : 24,
          "timeZone" : 3,
          "moonPhase" : "phase4",
          "moonPhaseDate" : "2019-10-21T12:39+0000"
        },
        {
          "signDate" : "2019-10-23T19:30+0000",
          "sign" : "virgo",
          "date" : "2019-10-22T22:45+0000",
          "age" : 25,
          "timeZone" : 3,
          "moonPhase" : "phase4",
          "moonPhaseDate" : "2019-10-21T12:39+0000"
        },
        {
          "signDate" : "2019-10-23T19:30+0000",
          "sign" : "virgo",
          "age" : 26,
          "date" : "2019-10-23T23:55+0000",
          "timeZone" : 3,
          "moonPhase" : "phase4",
          "moonPhaseDate" : "2019-10-21T12:39+0000"
        },
        {
          "signDate" : "2019-10-25T20:20+0000",
          "sign" : "libra",
          "date" : "2019-10-25T01:08+0000",
          "age" : 27,
          "timeZone" : 3,
          "moonPhase" : "phase4",
          "moonPhaseDate" : "2019-10-21T12:39+0000"
        },
        {
          "signDate" : "2019-10-25T20:20+0000",
          "sign" : "libra",
          "date" : "2019-10-26T02:20+0000",
          "age" : 28,
          "timeZone" : 3,
          "moonPhase" : "phase4",
          "moonPhaseDate" : "2019-10-21T12:39+0000"
        },
        {
          "signDate" : "2019-10-27T19:31+0000",
          "sign" : "scorpio",
          "date" : "2019-10-27T02:33+0000",
          "age" : 29,
          "timeZone" : 3,
          "moonPhase" : "phase4",
          "moonPhaseDate" : "2019-10-21T12:39+0000"
        },
        {
          "signDate" : "2019-10-27T19:31+0000",
          "sign" : "scorpio",
          "date" : "2019-10-28T02:38+0000",
          "age" : 1,
          "timeZone" : 3,
          "moonPhase" : "newMoon",
          "moonPhaseDate" : "2019-10-28T02:38+0000"
        },
        {
          "signDate" : "2019-10-27T19:31+0000",
          "sign" : "scorpio",
          "age" : 2,
          "date" : "2019-10-28T03:46+0000",
          "timeZone" : 3,
          "moonPhase" : "newMoon",
          "moonPhaseDate" : "2019-10-28T02:38+0000"
        },
        {
          "signDate" : "2019-10-28T21:00+0000",
          "sign" : "sagittarius",
          "date" : "2019-10-29T04:58+0000",
          "age" : 3,
          "timeZone" : 3,
          "moonPhase" : "phase1",
          "moonPhaseDate" : "2019-10-28T02:38+0000"
        },
        {
          "signDate" : "2019-10-28T21:00+0000",
          "sign" : "sagittarius",
          "age" : 4,
          "date" : "2019-10-30T06:08+0000",
          "timeZone" : 3,
          "moonPhase" : "phase1",
          "moonPhaseDate" : "2019-10-28T02:38+0000"
        },
        {
          "signDate" : "2019-10-28T21:00+0000",
          "sign" : "sagittarius",
          "age" : 5,
          "date" : "2019-10-31T07:15+0000",
          "timeZone" : 3,
          "moonPhase" : "phase1",
          "moonPhaseDate" : "2019-10-28T02:38+0000"
        },
        {
          "signDate" : "2019-11-01T01:38+0000",
          "sign" : "capricorn",
          "date" : "2019-11-01T08:16+0000",
          "age" : 6,
          "timeZone" : 3,
          "moonPhase" : "phase1",
          "moonPhaseDate" : null
        },
        {
          "signDate" : "2019-11-01T01:38+0000",
          "sign" : "capricorn",
          "date" : "2019-11-02T09:11+0000",
          "age" : 7,
          "timeZone" : 3,
          "moonPhase" : "phase1",
          "moonPhaseDate" : null
        },
        {
          "signDate" : "2019-11-03T10:21+0000",
          "sign" : "aquarius",
          "date" : "2019-11-03T09:58+0000",
          "age" : 8,
          "timeZone" : 3,
          "moonPhase" : "phase1",
          "moonPhaseDate" : null
        },
        {
          "signDate" : "2019-11-03T10:21+0000",
          "sign" : "aquarius",
          "age" : 9,
          "date" : "2019-11-04T10:39+0000",
          "timeZone" : 3,
          "moonPhase" : "phase2",
          "moonPhaseDate" : "2019-11-04T09:23+0000"
        },
        {
          "signDate" : "2019-11-03T10:21+0000",
          "age" : 10,
          "date" : "2019-11-05T11:14+0000",
          "sign" : "aquarius",
          "timeZone" : 3,
          "moonPhase" : "phase2",
          "moonPhaseDate" : "2019-11-04T09:23+0000"
        },
        {
          "signDate" : "2019-11-05T22:11+0000",
          "sign" : "pisces",
          "age" : 11,
          "date" : "2019-11-06T11:45+0000",
          "timeZone" : 3,
          "moonPhase" : "phase2",
          "moonPhaseDate" : "2019-11-04T09:23+0000"
        },
        {
          "signDate" : "2019-11-05T22:11+0000",
          "sign" : "pisces",
          "date" : "2019-11-07T12:13+0000",
          "age" : 12,
          "timeZone" : 3,
          "moonPhase" : "phase2",
          "moonPhaseDate" : "2019-11-04T09:23+0000"
        },
        {
          "signDate" : "2019-11-08T10:50+0000",
          "sign" : "aries",
          "date" : "2019-11-08T12:39+0000",
          "age" : 13,
          "timeZone" : 3,
          "moonPhase" : "phase2",
          "moonPhaseDate" : "2019-11-04T09:23+0000"
        },
        {
          "signDate" : "2019-11-08T10:50+0000",
          "sign" : "aries",
          "age" : 14,
          "date" : "2019-11-09T13:06+0000",
          "timeZone" : 3,
          "moonPhase" : "phase2",
          "moonPhaseDate" : "2019-11-04T09:23+0000"
        },
        {
          "signDate" : "2019-11-08T10:50+0000",
          "sign" : "aries",
          "date" : "2019-11-10T13:32+0000",
          "age" : 15,
          "timeZone" : 3,
          "moonPhase" : "phase2",
          "moonPhaseDate" : "2019-11-04T09:23+0000"
        },
        {
          "signDate" : "2019-11-10T22:19+0000",
          "sign" : "taurus",
          "date" : "2019-11-11T14:01+0000",
          "age" : 16,
          "timeZone" : 3,
          "moonPhase" : "phase2",
          "moonPhaseDate" : "2019-11-04T09:23+0000"
        },
        {
          "signDate" : "2019-11-10T22:19+0000",
          "sign" : "taurus",
          "age" : 17,
          "date" : "2019-11-12T14:31+0000",
          "timeZone" : 3,
          "moonPhase" : "fullMoon",
          "moonPhaseDate" : "2019-11-12T12:35+0000"
        },
        {
          "signDate" : "2019-11-13T07:45+0000",
          "sign" : "gemini",
          "age" : 18,
          "date" : "2019-11-13T15:06+0000",
          "timeZone" : 3,
          "moonPhase" : "phase3",
          "moonPhaseDate" : "2019-11-12T12:35+0000"
        },
        {
          "signDate" : "2019-11-13T07:45+0000",
          "sign" : "gemini",
          "date" : "2019-11-14T15:47+0000",
          "age" : 19,
          "timeZone" : 3,
          "moonPhase" : "phase3",
          "moonPhaseDate" : "2019-11-12T12:35+0000"
        },
        {
          "signDate" : "2019-11-15T15:12+0000",
          "sign" : "cancer",
          "date" : "2019-11-15T16:34+0000",
          "age" : 20,
          "timeZone" : 3,
          "moonPhase" : "phase3",
          "moonPhaseDate" : "2019-11-12T12:35+0000"
        },
        {
          "signDate" : "2019-11-15T15:12+0000",
          "age" : 21,
          "date" : "2019-11-16T17:28+0000",
          "sign" : "cancer",
          "timeZone" : 3,
          "moonPhase" : "phase3",
          "moonPhaseDate" : "2019-11-12T12:35+0000"
        },
        {
          "signDate" : "2019-11-17T20:54+0000",
          "sign" : "leo",
          "date" : "2019-11-17T18:29+0000",
          "age" : 22,
          "timeZone" : 3,
          "moonPhase" : "phase3",
          "moonPhaseDate" : "2019-11-12T12:35+0000"
        },
        {
          "signDate" : "2019-11-17T20:54+0000",
          "sign" : "leo",
          "date" : "2019-11-18T19:35+0000",
          "age" : 23,
          "timeZone" : 3,
          "moonPhase" : "phase3",
          "moonPhaseDate" : "2019-11-12T12:35+0000"
        },
        {
          "signDate" : "2019-11-17T20:54+0000",
          "sign" : "leo",
          "date" : "2019-11-19T20:43+0000",
          "age" : 24,
          "timeZone" : 3,
          "moonPhase" : "phase4",
          "moonPhaseDate" : "2019-11-19T20:11+0000"
        },
        {
          "signDate" : "2019-11-17T20:54+0000",
          "sign" : "virgo",
          "date" : "2019-11-20T21:53+0000",
          "age" : 25,
          "timeZone" : 3,
          "moonPhase" : "phase4",
          "moonPhaseDate" : "2019-11-19T20:11+0000"
        },
        {
          "signDate" : "2019-11-22T03:22+0000",
          "sign" : "libra",
          "date" : "2019-11-21T23:03+0000",
          "age" : 26,
          "timeZone" : 3,
          "moonPhase" : "phase4",
          "moonPhaseDate" : "2019-11-19T20:11+0000"
        },
        {
          "signDate" : "2019-11-22T03:22+0000",
          "sign" : "libra",
          "date" : "2019-11-23T00:13+0000",
          "age" : 27,
          "timeZone" : 3,
          "moonPhase" : "phase4",
          "moonPhaseDate" : "2019-11-19T20:11+0000"
        },
        {
          "signDate" : "2019-11-24T05:01+0000",
          "sign" : "scorpio",
          "date" : "2019-11-24T01:24+0000",
          "age" : 28,
          "timeZone" : 3,
          "moonPhase" : "phase4",
          "moonPhaseDate" : "2019-11-19T20:11+0000"
        },
        {
          "signDate" : "2019-11-24T05:01+0000",
          "sign" : "scorpio",
          "date" : "2019-11-25T02:34+0000",
          "age" : 29,
          "timeZone" : 3,
          "moonPhase" : "phase4",
          "moonPhaseDate" : "2019-11-19T20:11+0000"
        },
        {
          "signDate" : "2019-11-26T07:12+0000",
          "sign" : "sagittarius",
          "date" : "2019-11-26T03:45+0000",
          "age" : 30,
          "timeZone" : 3,
          "moonPhase" : "newMoon",
          "moonPhaseDate" : "2019-11-26T14:06+0000"
        },
        {
          "signDate" : "2019-11-26T07:12+0000",
          "sign" : "sagittarius",
          "date" : "2019-11-26T14:06+0000",
          "age" : 1,
          "timeZone" : 3,
          "moonPhase" : "newMoon",
          "moonPhaseDate" : "2019-11-26T14:06+0000"
        },
        {
          "signDate" : "2019-11-26T07:12+0000",
          "sign" : "sagittarius",
          "date" : "2019-11-27T04:54+0000",
          "age" : 2,
          "timeZone" : 3,
          "moonPhase" : "phase1",
          "moonPhaseDate" : "2019-11-26T14:06+0000"
        },
        {
          "signDate" : "2019-11-28T11:32+0000",
          "sign" : "capricorn",
          "date" : "2019-11-28T05:59+0000",
          "age" : 3,
          "timeZone" : 3,
          "moonPhase" : "phase1",
          "moonPhaseDate" : "2019-11-26T14:06+0000"
        },
        {
          "signDate" : "2019-11-28T11:32+0000",
          "sign" : "capricorn",
          "date" : "2019-11-29T06:58+0000",
          "age" : 4,
          "timeZone" : 3,
          "moonPhase" : "phase1",
          "moonPhaseDate" : "2019-11-26T14:06+0000"
        },
        {
          "signDate" : "2019-11-30T19:15+0000",
          "sign" : "aquarius",
          "date" : "2019-11-30T07:50+0000",
          "age" : 5,
          "timeZone" : 3,
          "moonPhase" : "phase1",
          "moonPhaseDate" : "2019-11-26T14:06+0000"
        },
        {
          "signDate" : "2019-11-30T19:15+0000",
          "sign" : "aquarius",
          "date" : "2019-12-01T08:35+0000",
          "age" : 6,
          "timeZone" : 3,
          "moonPhase" : "phase1",
          "moonPhaseDate" : null
        },
        {
          "signDate" : "2019-11-30T19:15+0000",
          "sign" : "aquarius",
          "date" : "2019-12-02T09:13+0000",
          "age" : 7,
          "timeZone" : 3,
          "moonPhase" : "phase1",
          "moonPhaseDate" : null
        },
        {
          "signDate" : "2019-12-03T06:14+0000",
          "age" : 8,
          "date" : "2019-12-03T09:46+0000",
          "sign" : "pisces",
          "timeZone" : 3,
          "moonPhase" : "phase1",
          "moonPhaseDate" : null
        },
        {
          "signDate" : "2019-12-03T06:14+0000",
          "sign" : "pisces",
          "date" : "2019-12-04T10:15+0000",
          "age" : 9,
          "timeZone" : 3,
          "moonPhase" : "phase2",
          "moonPhaseDate" : "2019-12-04T05:58+0000"
        },
        {
          "signDate" : "2019-12-05T18:46+0000",
          "sign" : "aries",
          "date" : "2019-12-05T10:42+0000",
          "age" : 10,
          "timeZone" : 3,
          "moonPhase" : "phase2",
          "moonPhaseDate" : "2019-12-04T05:58+0000"
        },
        {
          "signDate" : "2019-12-05T18:46+0000",
          "sign" : "aries",
          "age" : 11,
          "date" : "2019-12-06T11:08+0000",
          "timeZone" : 3,
          "moonPhase" : "phase2",
          "moonPhaseDate" : "2019-12-04T05:58+0000"
        },
        {
          "signDate" : "2019-12-05T18:46+0000",
          "age" : 12,
          "date" : "2019-12-07T11:34+0000",
          "sign" : "aries",
          "timeZone" : 3,
          "moonPhase" : "phase2",
          "moonPhaseDate" : "2019-12-04T05:58+0000"
        },
        {
          "signDate" : "2019-12-08T06:31+0000",
          "sign" : "taurus",
          "date" : "2019-12-08T12:01+0000",
          "age" : 13,
          "timeZone" : 3,
          "moonPhase" : "phase2",
          "moonPhaseDate" : "2019-12-04T05:58+0000"
        },
        {
          "signDate" : "2019-12-08T06:31+0000",
          "sign" : "taurus",
          "date" : "2019-12-09T12:31+0000",
          "age" : 14,
          "timeZone" : 3,
          "moonPhase" : "phase2",
          "moonPhaseDate" : "2019-12-04T05:58+0000"
        },
        {
          "signDate" : "2019-12-10T15:49+0000",
          "sign" : "gemini",
          "date" : "2019-12-10T13:04+0000",
          "age" : 15,
          "timeZone" : 3,
          "moonPhase" : "phase2",
          "moonPhaseDate" : "2019-12-04T05:58+0000"
        },
        {
          "signDate" : "2019-12-10T15:49+0000",
          "sign" : "gemini",
          "date" : "2019-12-11T13:42+0000",
          "age" : 16,
          "timeZone" : 3,
          "moonPhase" : "phase2",
          "moonPhaseDate" : "2019-12-04T05:58+0000"
        },
        {
          "signDate" : "2019-12-10T15:49+0000",
          "sign" : "gemini",
          "date" : "2019-12-12T14:27+0000",
          "age" : 17,
          "timeZone" : 3,
          "moonPhase" : "fullMoon",
          "moonPhaseDate" : "2019-12-12T04:12+0000"
        },
        {
          "signDate" : "2019-12-12T22:24+0000",
          "sign" : "cancer",
          "date" : "2019-12-13T15:20+0000",
          "age" : 18,
          "timeZone" : 3,
          "moonPhase" : "phase3",
          "moonPhaseDate" : "2019-12-12T04:12+0000"
        },
        {
          "signDate" : "2019-12-12T22:24+0000",
          "sign" : "cancer",
          "date" : "2019-12-14T16:20+0000",
          "age" : 19,
          "timeZone" : 3,
          "moonPhase" : "phase3",
          "moonPhaseDate" : "2019-12-12T04:12+0000"
        },
        {
          "signDate" : "2019-12-15T02:53+0000",
          "sign" : "leo",
          "age" : 20,
          "date" : "2019-12-15T17:26+0000",
          "timeZone" : 3,
          "moonPhase" : "phase3",
          "moonPhaseDate" : "2019-12-12T04:12+0000"
        },
        {
          "signDate" : "2019-12-15T02:53+0000",
          "sign" : "leo",
          "date" : "2019-12-16T18:35+0000",
          "age" : 21,
          "timeZone" : 3,
          "moonPhase" : "phase3",
          "moonPhaseDate" : "2019-12-12T04:12+0000"
        },
        {
          "signDate" : "2019-12-17T06:13+0000",
          "sign" : "virgo",
          "age" : 22,
          "date" : "2019-12-17T19:45+0000",
          "timeZone" : 3,
          "moonPhase" : "phase3",
          "moonPhaseDate" : "2019-12-12T04:12+0000"
        },
        {
          "signDate" : "2019-12-17T06:13+0000",
          "sign" : "virgo",
          "date" : "2019-12-18T20:54+0000",
          "age" : 23,
          "timeZone" : 3,
          "moonPhase" : "phase3",
          "moonPhaseDate" : "2019-12-12T04:12+0000"
        },
        {
          "signDate" : "2019-12-17T06:13+0000",
          "sign" : "libra",
          "date" : "2019-12-19T22:03+0000",
          "age" : 24,
          "timeZone" : 3,
          "moonPhase" : "phase4",
          "moonPhaseDate" : "2019-12-19T03:57+0000"
        },
        {
          "signDate" : "2019-12-21T12:01+0000",
          "sign" : "scorpio",
          "date" : "2019-12-20T23:11+0000",
          "age" : 25,
          "timeZone" : 3,
          "moonPhase" : "phase4",
          "moonPhaseDate" : "2019-12-19T03:57+0000"
        },
        {
          "signDate" : "2019-12-21T12:01+0000",
          "age" : 26,
          "date" : "2019-12-22T00:20+0000",
          "sign" : "scorpio",
          "timeZone" : 3,
          "moonPhase" : "phase4",
          "moonPhaseDate" : "2019-12-19T03:57+0000"
        },
        {
          "signDate" : "2019-12-23T15:37+0000",
          "sign" : "sagittarius",
          "age" : 27,
          "date" : "2019-12-23T01:28+0000",
          "timeZone" : 3,
          "moonPhase" : "phase4",
          "moonPhaseDate" : "2019-12-19T03:57+0000"
        },
        {
          "signDate" : "2019-12-23T15:37+0000",
          "age" : 28,
          "date" : "2019-12-24T02:36+0000",
          "sign" : "sagittarius",
          "timeZone" : 3,
          "moonPhase" : "phase4",
          "moonPhaseDate" : "2019-12-19T03:57+0000"
        },
        {
          "signDate" : "2019-12-25T20:46+0000",
          "sign" : "capricorn",
          "age" : 29,
          "date" : "2019-12-25T03:42+0000",
          "timeZone" : 3,
          "moonPhase" : "phase4",
          "moonPhaseDate" : "2019-12-19T03:57+0000"
        },
        {
          "signDate" : "2019-12-25T20:46+0000",
          "sign" : "capricorn",
          "date" : "2019-12-26T04:13+0000",
          "age" : 1,
          "timeZone" : 3,
          "moonPhase" : "newMoon",
          "moonPhaseDate" : "2019-12-26T04:13+0000"
        },
        {
          "signDate" : "2019-12-25T20:46+0000",
          "sign" : "capricorn",
          "date" : "2019-12-26T04:44+0000",
          "age" : 2,
          "timeZone" : 3,
          "moonPhase" : "newMoon",
          "moonPhaseDate" : "2019-12-26T04:13+0000"
        },
        {
          "signDate" : "2019-12-25T20:46+0000",
          "sign" : "capricorn",
          "date" : "2019-12-27T05:39+0000",
          "age" : 3,
          "timeZone" : 3,
          "moonPhase" : "phase1",
          "moonPhaseDate" : "2019-12-26T04:13+0000"
        },
        {
          "signDate" : "2019-12-28T04:21+0000",
          "sign" : "aquarius",
          "date" : "2019-12-28T06:28+0000",
          "age" : 4,
          "timeZone" : 3,
          "moonPhase" : "phase1",
          "moonPhaseDate" : "2019-12-26T04:13+0000"
        },
        {
          "signDate" : "2019-12-28T04:21+0000",
          "sign" : "aquarius",
          "date" : "2019-12-29T07:09+0000",
          "age" : 5,
          "timeZone" : 3,
          "moonPhase" : "phase1",
          "moonPhaseDate" : "2019-12-26T04:13+0000"
        },
        {
          "signDate" : "2019-12-30T14:43+0000",
          "sign" : "pisces",
          "date" : "2019-12-30T07:45+0000",
          "age" : 6,
          "timeZone" : 3,
          "moonPhase" : "phase1",
          "moonPhaseDate" : "2019-12-26T04:13+0000"
        },
        {
          "signDate" : "2019-12-30T14:43+0000",
          "sign" : "pisces",
          "date" : "2019-12-31T08:16+0000",
          "age" : 7,
          "timeZone" : 3,
          "moonPhase" : "phase1",
          "moonPhaseDate" : "2019-12-26T04:13+0000"
        },
        {
          "signDate" : "2019-12-30T14:43+0000",
          "sign" : "pisces",
          "age" : 8,
          "date" : "2020-01-01T08:44+0000",
          "timeZone" : 3,
          "moonPhase" : "phase1",
          "moonPhaseDate" : null
        },
        {
          "signDate" : "2020-01-02T03:01+0000",
          "sign" : "aries",
          "date" : "2020-01-02T09:10+0000",
          "age" : 9,
          "timeZone" : 3,
          "moonPhase" : "phase1",
          "moonPhaseDate" : null
        },
        {
          "signDate" : "2020-01-02T03:01+0000",
          "sign" : "aries",
          "date" : "2020-01-03T09:35+0000",
          "age" : 10,
          "timeZone" : 3,
          "moonPhase" : "phase2",
          "moonPhaseDate" : "2020-01-03T03:45+0000"
        },
        {
          "signDate" : "2020-01-04T15:15+0000",
          "sign" : "taurus",
          "date" : "2020-01-04T10:01+0000",
          "age" : 11,
          "timeZone" : 3,
          "moonPhase" : "phase2",
          "moonPhaseDate" : "2020-01-03T03:45+0000"
        },
        {
          "signDate" : "2020-01-04T15:15+0000",
          "sign" : "taurus",
          "date" : "2020-01-05T10:29+0000",
          "age" : 12,
          "timeZone" : 3,
          "moonPhase" : "phase2",
          "moonPhaseDate" : "2020-01-03T03:45+0000"
        },
        {
          "signDate" : "2020-01-04T15:15+0000",
          "sign" : "taurus",
          "date" : "2020-01-06T11:00+0000",
          "age" : 13,
          "timeZone" : 3,
          "moonPhase" : "phase2",
          "moonPhaseDate" : "2020-01-03T03:45+0000"
        },
        {
          "signDate" : "2020-01-07T01:13+0000",
          "sign" : "gemini",
          "date" : "2020-01-07T11:35+0000",
          "age" : 14,
          "timeZone" : 3,
          "moonPhase" : "phase2",
          "moonPhaseDate" : "2020-01-03T03:45+0000"
        },
        {
          "signDate" : "2020-01-07T01:13+0000",
          "age" : 15,
          "date" : "2020-01-08T12:17+0000",
          "sign" : "gemini",
          "timeZone" : 3,
          "moonPhase" : "phase2",
          "moonPhaseDate" : "2020-01-03T03:45+0000"
        },
        {
          "signDate" : "2020-01-09T07:45+0000",
          "sign" : "cancer",
          "age" : 16,
          "date" : "2020-01-09T13:07+0000",
          "timeZone" : 3,
          "moonPhase" : "phase2",
          "moonPhaseDate" : "2020-01-03T03:45+0000"
        },
        {
          "signDate" : "2020-01-09T07:45+0000",
          "sign" : "cancer",
          "date" : "2020-01-10T14:05+0000",
          "age" : 17,
          "timeZone" : 3,
          "moonPhase" : "fullMoon",
          "moonPhaseDate" : "2020-01-10T18:21+0000"
        },
        {
          "signDate" : "2020-01-11T11:16+0000",
          "sign" : "leo",
          "date" : "2020-01-11T15:10+0000",
          "age" : 18,
          "timeZone" : 3,
          "moonPhase" : "phase3",
          "moonPhaseDate" : "2020-01-10T18:21+0000"
        },
        {
          "signDate" : "2020-01-11T11:16+0000",
          "sign" : "leo",
          "date" : "2020-01-12T16:21+0000",
          "age" : 19,
          "timeZone" : 3,
          "moonPhase" : "phase3",
          "moonPhaseDate" : "2020-01-10T18:21+0000"
        },
        {
          "signDate" : "2020-01-13T13:05+0000",
          "sign" : "virgo",
          "date" : "2020-01-13T17:33+0000",
          "age" : 20,
          "timeZone" : 3,
          "moonPhase" : "phase3",
          "moonPhaseDate" : "2020-01-10T18:21+0000"
        },
        {
          "signDate" : "2020-01-13T13:05+0000",
          "sign" : "virgo",
          "age" : 21,
          "date" : "2020-01-14T18:44+0000",
          "timeZone" : 3,
          "moonPhase" : "phase3",
          "moonPhaseDate" : "2020-01-10T18:21+0000"
        },
        {
          "signDate" : "2020-01-15T14:42+0000",
          "sign" : "libra",
          "age" : 22,
          "date" : "2020-01-15T19:55+0000",
          "timeZone" : 3,
          "moonPhase" : "phase3",
          "moonPhaseDate" : "2020-01-10T18:21+0000"
        },
        {
          "signDate" : "2020-01-17T17:21+0000",
          "age" : 23,
          "date" : "2020-01-16T21:04+0000",
          "sign" : "scorpio",
          "timeZone" : 3,
          "moonPhase" : "phase4",
          "moonPhaseDate" : "2020-01-17T11:58+0000"
        },
        {
          "signDate" : "2020-01-17T17:21+0000",
          "sign" : "scorpio",
          "age" : 24,
          "date" : "2020-01-17T22:12+0000",
          "timeZone" : 3,
          "moonPhase" : "phase4",
          "moonPhaseDate" : "2020-01-17T11:58+0000"
        },
        {
          "signDate" : "2020-01-17T17:21+0000",
          "sign" : "scorpio",
          "age" : 25,
          "date" : "2020-01-18T23:20+0000",
          "timeZone" : 3,
          "moonPhase" : "phase4",
          "moonPhaseDate" : "2020-01-17T11:58+0000"
        },
        {
          "signDate" : "2020-01-19T21:43+0000",
          "sign" : "sagittarius",
          "date" : "2020-01-20T00:26+0000",
          "age" : 26,
          "timeZone" : 3,
          "moonPhase" : "phase4",
          "moonPhaseDate" : "2020-01-17T11:58+0000"
        },
        {
          "signDate" : "2020-01-19T21:43+0000",
          "sign" : "sagittarius",
          "date" : "2020-01-21T01:32+0000",
          "age" : 27,
          "timeZone" : 3,
          "moonPhase" : "phase4",
          "moonPhaseDate" : "2020-01-17T11:58+0000"
        },
        {
          "signDate" : "2020-01-22T04:02+0000",
          "sign" : "capricorn",
          "date" : "2020-01-22T02:34+0000",
          "age" : 28,
          "timeZone" : 3,
          "moonPhase" : "phase4",
          "moonPhaseDate" : "2020-01-17T11:58+0000"
        },
        {
          "signDate" : "2020-01-22T04:02+0000",
          "sign" : "capricorn",
          "date" : "2020-01-23T03:31+0000",
          "age" : 29,
          "timeZone" : 3,
          "moonPhase" : "phase4",
          "moonPhaseDate" : "2020-01-17T11:58+0000"
        },
        {
          "signDate" : "2020-01-24T12:22+0000",
          "sign" : "aquarius",
          "date" : "2020-01-24T04:21+0000",
          "age" : 30,
          "timeZone" : 3,
          "moonPhase" : "newMoon",
          "moonPhaseDate" : "2020-01-24T20:42+0000"
        },
        {
          "signDate" : "2020-01-24T12:22+0000",
          "sign" : "aquarius",
          "date" : "2020-01-24T20:42+0000",
          "age" : 1,
          "timeZone" : 3,
          "moonPhase" : "newMoon",
          "moonPhaseDate" : "2020-01-24T20:42+0000"
        },
        {
          "signDate" : "2020-01-24T12:22+0000",
          "age" : 2,
          "date" : "2020-01-25T05:05+0000",
          "sign" : "aquarius",
          "timeZone" : 3,
          "moonPhase" : "phase1",
          "moonPhaseDate" : "2020-01-24T20:42+0000"
        },
        {
          "signDate" : "2020-01-24T12:22+0000",
          "sign" : "aquarius",
          "age" : 3,
          "date" : "2020-01-26T05:43+0000",
          "timeZone" : 3,
          "moonPhase" : "phase1",
          "moonPhaseDate" : "2020-01-24T20:42+0000"
        },
        {
          "signDate" : "2020-01-26T22:45+0000",
          "sign" : "pisces",
          "age" : 4,
          "date" : "2020-01-27T06:16+0000",
          "timeZone" : 3,
          "moonPhase" : "phase1",
          "moonPhaseDate" : "2020-01-24T20:42+0000"
        },
        {
          "signDate" : "2020-01-26T22:45+0000",
          "sign" : "pisces",
          "date" : "2020-01-28T06:45+0000",
          "age" : 5,
          "timeZone" : 3,
          "moonPhase" : "phase1",
          "moonPhaseDate" : "2020-01-24T20:42+0000"
        },
        {
          "signDate" : "2020-01-29T10:51+0000",
          "sign" : "aries",
          "age" : 6,
          "date" : "2020-01-29T07:11+0000",
          "timeZone" : 3,
          "moonPhase" : "phase1",
          "moonPhaseDate" : "2020-01-24T20:42+0000"
        },
        {
          "signDate" : "2020-01-29T10:51+0000",
          "sign" : "aries",
          "date" : "2020-01-30T07:36+0000",
          "age" : 7,
          "timeZone" : 3,
          "moonPhase" : "phase1",
          "moonPhaseDate" : "2020-01-24T20:42+0000"
        },
        {
          "signDate" : "2020-01-29T10:51+0000",
          "sign" : "aries",
          "date" : "2020-01-31T08:02+0000",
          "age" : 8,
          "timeZone" : 3,
          "moonPhase" : "phase1",
          "moonPhaseDate" : "2020-01-24T20:42+0000"
        },
        {
          "signDate" : "2020-01-29T10:51+0000",
          "sign" : "aries",
          "date" : "2020-01-31T08:02+0000",
          "age" : 8,
          "timeZone" : 3,
          "moonPhase" : "phase1",
          "moonPhaseDate" : "2020-01-24T20:42+0000"
        }
      ],
      "cityName" : "Афины",
      "timeZone" : 3
    }
  ]
}