{
  "cities" : [
    {
      "moonDays" : [
        {
          "date" : "2019-05-01T01:10+0000",
          "signDate" : "2019-05-01T10:23+0000",
          "moonPhase" : null,
          "moonPhaseDate" : null,
          "sign" : "aries",
          "age" : 26,
          "timeZone" : 3
        },
        {
          "date" : "2019-05-02T01:39+0000",
          "signDate" : "2019-05-01T10:23+0000",
          "moonPhase" : null,
          "moonPhaseDate" : null,
          "age" : 27,
          "sign" : "aries",
          "timeZone" : 3
        },
        {
          "date" : "2019-05-03T02:09+0000",
          "signDate" : "2019-05-03T20:21+0000",
          "moonPhase" : null,
          "moonPhaseDate" : null,
          "age" : 28,
          "timeZone" : 3,
          "sign" : "taurus"
        },
        {
          "date" : "2019-05-04T02:41+0000",
          "signDate" : "2019-05-03T20:21+0000",
          "moonPhase" : null,
          "sign" : "taurus",
          "age" : 29,
          "timeZone" : 3,
          "moonPhaseDate" : null
        },
        {
          "date" : "2019-05-04T22:45+0000",
          "signDate" : "2019-05-03T20:21+0000",
          "moonPhase" : "newMoon",
          "moonPhaseDate" : "2019-05-04T22:45+0000",
          "age" : 1,
          "sign" : "taurus",
          "timeZone" : 3
        },
        {
          "date" : "2019-05-05T03:15+0000",
          "signDate" : "2019-05-03T20:21+0000",
          "moonPhase" : "newMoon",
          "moonPhaseDate" : "2019-05-04T22:45+0000",
          "age" : 2,
          "timeZone" : 3,
          "sign" : "taurus"
        },
        {
          "date" : "2019-05-06T03:53+0000",
          "signDate" : "2019-05-06T03:42+0000",
          "moonPhase" : "phase1",
          "moonPhaseDate" : "2019-05-04T22:45+0000",
          "sign" : "gemini",
          "timeZone" : 3,
          "age" : 3
        },
        {
          "date" : "2019-05-07T04:36+0000",
          "signDate" : "2019-05-06T03:42+0000",
          "moonPhase" : "phase1",
          "moonPhaseDate" : "2019-05-04T22:45+0000",
          "sign" : "gemini",
          "age" : 4,
          "timeZone" : 3
        },
        {
          "date" : "2019-05-08T05:24+0000",
          "signDate" : "2019-05-08T09:05+0000",
          "moonPhase" : "phase1",
          "moonPhaseDate" : "2019-05-04T22:45+0000",
          "age" : 5,
          "sign" : "cancer",
          "timeZone" : 3
        },
        {
          "date" : "2019-05-09T06:20+0000",
          "signDate" : "2019-05-08T09:05+0000",
          "moonPhase" : "phase1",
          "moonPhaseDate" : "2019-05-04T22:45+0000",
          "age" : 6,
          "sign" : "cancer",
          "timeZone" : 3
        },
        {
          "date" : "2019-05-10T07:21+0000",
          "signDate" : "2019-05-10T13:12+0000",
          "moonPhase" : "phase1",
          "moonPhaseDate" : "2019-05-04T22:45+0000",
          "sign" : "leo",
          "age" : 7,
          "timeZone" : 3
        },
        {
          "date" : "2019-05-11T08:25+0000",
          "signDate" : "2019-05-10T13:12+0000",
          "moonPhase" : "phase1",
          "sign" : "leo",
          "age" : 8,
          "timeZone" : 3,
          "moonPhaseDate" : "2019-05-04T22:45+0000"
        },
        {
          "date" : "2019-05-12T09:32+0000",
          "signDate" : "2019-05-12T16:23+0000",
          "moonPhase" : "phase2",
          "moonPhaseDate" : "2019-05-12T01:12+0000",
          "sign" : "virgo",
          "timeZone" : 3,
          "age" : 9
        },
        {
          "date" : "2019-05-13T10:39+0000",
          "signDate" : "2019-05-12T16:23+0000",
          "moonPhase" : "phase2",
          "moonPhaseDate" : "2019-05-12T01:12+0000",
          "age" : 10,
          "sign" : "virgo",
          "timeZone" : 3
        },
        {
          "date" : "2019-05-14T11:46+0000",
          "signDate" : "2019-05-14T18:53+0000",
          "moonPhase" : "phase2",
          "moonPhaseDate" : "2019-05-12T01:12+0000",
          "timeZone" : 3,
          "age" : 11,
          "sign" : "libra"
        },
        {
          "date" : "2019-05-15T12:52+0000",
          "signDate" : "2019-05-14T18:53+0000",
          "moonPhase" : "phase2",
          "moonPhaseDate" : "2019-05-12T01:12+0000",
          "timeZone" : 3,
          "sign" : "libra",
          "age" : 12
        },
        {
          "date" : "2019-05-16T13:58+0000",
          "signDate" : "2019-05-14T18:53+0000",
          "moonPhase" : "phase2",
          "moonPhaseDate" : "2019-05-12T01:12+0000",
          "timeZone" : 3,
          "age" : 13,
          "sign" : "libra"
        },
        {
          "date" : "2019-05-17T15:04+0000",
          "signDate" : "2019-05-16T21:25+0000",
          "moonPhase" : "phase2",
          "moonPhaseDate" : "2019-05-12T01:12+0000",
          "timeZone" : 3,
          "age" : 14,
          "sign" : "scorpio"
        },
        {
          "date" : "2019-05-18T16:09+0000",
          "signDate" : "2019-05-16T21:25+0000",
          "moonPhase" : "phase2",
          "moonPhaseDate" : "2019-05-12T01:12+0000",
          "timeZone" : 3,
          "age" : 15,
          "sign" : "scorpio"
        },
        {
          "date" : "2019-05-19T17:13+0000",
          "signDate" : "2019-05-19T01:19+0000",
          "moonPhase" : "fullMoon",
          "moonPhaseDate" : "2019-05-18T21:11+0000",
          "sign" : "sagittarius",
          "age" : 16,
          "timeZone" : 3
        },
        {
          "date" : "2019-05-20T18:14+0000",
          "signDate" : "2019-05-19T01:19+0000",
          "moonPhase" : "phase3",
          "moonPhaseDate" : "2019-05-18T21:11+0000",
          "sign" : "sagittarius",
          "age" : 17,
          "timeZone" : 3
        },
        {
          "date" : "2019-05-21T19:11+0000",
          "signDate" : "2019-05-21T07:56+0000",
          "moonPhase" : "phase3",
          "moonPhaseDate" : "2019-05-18T21:11+0000",
          "sign" : "capricorn",
          "age" : 18,
          "timeZone" : 3
        },
        {
          "date" : "2019-05-22T20:03+0000",
          "signDate" : "2019-05-21T07:56+0000",
          "moonPhase" : "phase3",
          "moonPhaseDate" : "2019-05-18T21:11+0000",
          "sign" : "capricorn",
          "age" : 19,
          "timeZone" : 3
        },
        {
          "date" : "2019-05-23T20:49+0000",
          "signDate" : "2019-05-23T17:51+0000",
          "moonPhase" : "phase3",
          "sign" : "aquarius",
          "timeZone" : 3,
          "age" : 20,
          "moonPhaseDate" : "2019-05-18T21:11+0000"
        },
        {
          "date" : "2019-05-24T21:29+0000",
          "signDate" : "2019-05-23T17:51+0000",
          "moonPhase" : "phase3",
          "moonPhaseDate" : "2019-05-18T21:11+0000",
          "sign" : "aquarius",
          "age" : 21,
          "timeZone" : 3
        },
        {
          "date" : "2019-05-25T22:07+0000",
          "signDate" : "2019-05-26T06:07+0000",
          "moonPhase" : "phase4",
          "moonPhaseDate" : "2019-05-26T16:33+0000",
          "age" : 22,
          "timeZone" : 3,
          "sign" : "pisces"
        },
        {
          "date" : "2019-05-26T22:40+0000",
          "signDate" : "2019-05-26T06:07+0000",
          "moonPhase" : "phase4",
          "moonPhaseDate" : "2019-05-26T16:33+0000",
          "timeZone" : 3,
          "age" : 23,
          "sign" : "pisces"
        },
        {
          "date" : "2019-05-27T23:11+0000",
          "signDate" : "2019-05-28T18:29+0000",
          "moonPhase" : "phase4",
          "moonPhaseDate" : "2019-05-26T16:33+0000",
          "timeZone" : 3,
          "age" : 24,
          "sign" : "aries"
        },
        {
          "date" : "2019-05-28T23:40+0000",
          "signDate" : "2019-05-28T18:29+0000",
          "moonPhase" : "phase4",
          "moonPhaseDate" : "2019-05-26T16:33+0000",
          "age" : 25,
          "sign" : "aries",
          "timeZone" : 3
        },
        {
          "date" : "2019-05-30T00:09+0000",
          "signDate" : "2019-05-28T18:29+0000",
          "moonPhase" : "phase4",
          "moonPhaseDate" : "2019-05-26T16:33+0000",
          "age" : 26,
          "sign" : "aries",
          "timeZone" : 3
        },
        {
          "date" : "2019-05-31T00:40+0000",
          "signDate" : "2019-05-31T04:44+0000",
          "moonPhase" : "phase4",
          "sign" : "taurus",
          "timeZone" : 3,
          "age" : 27,
          "moonPhaseDate" : "2019-05-26T16:33+0000"
        },
        {
          "date" : "2019-06-01T01:12+0000",
          "signDate" : "2019-05-31T04:44+0000",
          "moonPhase" : "phase4",
          "moonPhaseDate" : null,
          "sign" : "taurus",
          "age" : 28,
          "timeZone" : 3
        },
        {
          "date" : "2019-06-02T01:49+0000",
          "signDate" : "2019-06-02T11:51+0000",
          "moonPhase" : "phase4",
          "moonPhaseDate" : null,
          "age" : 29,
          "sign" : "gemini",
          "timeZone" : 3
        },
        {
          "date" : "2019-06-03T02:30+0000",
          "signDate" : "2019-06-02T11:51+0000",
          "moonPhase" : "newMoon",
          "sign" : "gemini",
          "timeZone" : 3,
          "age" : 30,
          "moonPhaseDate" : "2019-06-03T10:02+0000"
        },
        {
          "date" : "2019-06-03T10:02+0000",
          "signDate" : "2019-06-02T11:51+0000",
          "moonPhase" : "newMoon",
          "moonPhaseDate" : "2019-06-03T10:02+0000",
          "age" : 1,
          "timeZone" : 3,
          "sign" : "gemini"
        },
        {
          "date" : "2019-06-04T03:17+0000",
          "signDate" : "2019-06-04T16:18+0000",
          "moonPhase" : "phase1",
          "moonPhaseDate" : "2019-06-03T10:02+0000",
          "sign" : "cancer",
          "timeZone" : 3,
          "age" : 2
        },
        {
          "date" : "2019-06-05T04:11+0000",
          "signDate" : "2019-06-04T16:18+0000",
          "moonPhase" : "phase1",
          "moonPhaseDate" : "2019-06-03T10:02+0000",
          "age" : 3,
          "sign" : "cancer",
          "timeZone" : 3
        },
        {
          "date" : "2019-06-06T05:12+0000",
          "signDate" : "2019-06-06T19:14+0000",
          "moonPhase" : "phase1",
          "moonPhaseDate" : "2019-06-03T10:02+0000",
          "timeZone" : 3,
          "sign" : "leo",
          "age" : 4
        },
        {
          "date" : "2019-06-07T06:17+0000",
          "signDate" : "2019-06-06T19:14+0000",
          "moonPhase" : "phase1",
          "moonPhaseDate" : "2019-06-03T10:02+0000",
          "sign" : "leo",
          "age" : 5,
          "timeZone" : 3
        },
        {
          "date" : "2019-06-08T07:24+0000",
          "signDate" : "2019-06-06T19:14+0000",
          "moonPhase" : "phase1",
          "sign" : "leo",
          "timeZone" : 3,
          "age" : 6,
          "moonPhaseDate" : "2019-06-03T10:02+0000"
        },
        {
          "date" : "2019-06-09T08:32+0000",
          "signDate" : "2019-06-08T21:43+0000",
          "moonPhase" : "phase1",
          "moonPhaseDate" : "2019-06-03T10:02+0000",
          "sign" : "virgo",
          "age" : 7,
          "timeZone" : 3
        },
        {
          "date" : "2019-06-10T09:39+0000",
          "signDate" : "2019-06-08T21:43+0000",
          "moonPhase" : "phase2",
          "moonPhaseDate" : "2019-06-10T05:59+0000",
          "sign" : "virgo",
          "age" : 8,
          "timeZone" : 3
        },
        {
          "date" : "2019-06-11T10:44+0000",
          "signDate" : "2019-06-11T00:30+0000",
          "moonPhase" : "phase2",
          "moonPhaseDate" : "2019-06-10T05:59+0000",
          "sign" : "libra",
          "age" : 9,
          "timeZone" : 3
        },
        {
          "date" : "2019-06-12T11:49+0000",
          "signDate" : "2019-06-11T00:30+0000",
          "moonPhase" : "phase2",
          "moonPhaseDate" : "2019-06-10T05:59+0000",
          "sign" : "libra",
          "age" : 10,
          "timeZone" : 3
        },
        {
          "date" : "2019-06-13T12:53+0000",
          "signDate" : "2019-06-13T04:03+0000",
          "moonPhase" : "phase2",
          "moonPhaseDate" : "2019-06-10T05:59+0000",
          "age" : 11,
          "sign" : "scorpio",
          "timeZone" : 3
        },
        {
          "date" : "2019-06-14T13:56+0000",
          "signDate" : "2019-06-13T04:03+0000",
          "moonPhase" : "phase2",
          "moonPhaseDate" : "2019-06-10T05:59+0000",
          "sign" : "scorpio",
          "timeZone" : 3,
          "age" : 12
        },
        {
          "date" : "2019-06-15T15:00+0000",
          "signDate" : "2019-06-15T09:01+0000",
          "moonPhase" : "phase2",
          "moonPhaseDate" : "2019-06-10T05:59+0000",
          "sign" : "sagittarius",
          "timeZone" : 3,
          "age" : 13
        },
        {
          "date" : "2019-06-16T16:01+0000",
          "signDate" : "2019-06-15T09:01+0000",
          "moonPhase" : "phase2",
          "moonPhaseDate" : "2019-06-10T05:59+0000",
          "age" : 14,
          "timeZone" : 3,
          "sign" : "sagittarius"
        },
        {
          "date" : "2019-06-17T17:00+0000",
          "signDate" : "2019-06-17T16:11+0000",
          "moonPhase" : "fullMoon",
          "sign" : "capricorn",
          "age" : 15,
          "timeZone" : 3,
          "moonPhaseDate" : "2019-06-17T08:31+0000"
        },
        {
          "date" : "2019-06-18T17:54+0000",
          "signDate" : "2019-06-17T16:11+0000",
          "moonPhase" : "phase3",
          "sign" : "capricorn",
          "age" : 16,
          "timeZone" : 3,
          "moonPhaseDate" : "2019-06-17T08:31+0000"
        },
        {
          "date" : "2019-06-19T18:43+0000",
          "signDate" : "2019-06-17T16:11+0000",
          "moonPhase" : "phase3",
          "moonPhaseDate" : "2019-06-17T08:31+0000",
          "sign" : "capricorn",
          "age" : 17,
          "timeZone" : 3
        },
        {
          "date" : "2019-06-20T19:26+0000",
          "signDate" : "2019-06-20T02:01+0000",
          "moonPhase" : "phase3",
          "moonPhaseDate" : "2019-06-17T08:31+0000",
          "age" : 18,
          "timeZone" : 3,
          "sign" : "aquarius"
        },
        {
          "date" : "2019-06-21T20:04+0000",
          "signDate" : "2019-06-20T02:01+0000",
          "moonPhase" : "phase3",
          "moonPhaseDate" : "2019-06-17T08:31+0000",
          "sign" : "aquarius",
          "age" : 19,
          "timeZone" : 3
        },
        {
          "date" : "2019-06-22T20:40+0000",
          "signDate" : "2019-06-22T14:01+0000",
          "moonPhase" : "phase3",
          "moonPhaseDate" : "2019-06-17T08:31+0000",
          "sign" : "pisces",
          "timeZone" : 3,
          "age" : 20
        },
        {
          "date" : "2019-06-23T21:11+0000",
          "signDate" : "2019-06-22T14:01+0000",
          "moonPhase" : "phase3",
          "moonPhaseDate" : "2019-06-17T08:31+0000",
          "timeZone" : 3,
          "sign" : "pisces",
          "age" : 21
        },
        {
          "date" : "2019-06-24T21:41+0000",
          "signDate" : "2019-06-25T02:34+0000",
          "moonPhase" : "phase4",
          "moonPhaseDate" : "2019-06-25T09:46+0000",
          "age" : 22,
          "timeZone" : 3,
          "sign" : "aries"
        },
        {
          "date" : "2019-06-25T22:10+0000",
          "signDate" : "2019-06-25T02:34+0000",
          "moonPhase" : "phase4",
          "moonPhaseDate" : "2019-06-25T09:46+0000",
          "timeZone" : 3,
          "age" : 23,
          "sign" : "aries"
        },
        {
          "date" : "2019-06-26T22:39+0000",
          "signDate" : "2019-06-27T13:30+0000",
          "moonPhase" : "phase4",
          "moonPhaseDate" : "2019-06-25T09:46+0000",
          "age" : 24,
          "sign" : "taurus",
          "timeZone" : 3
        },
        {
          "date" : "2019-06-27T23:10+0000",
          "signDate" : "2019-06-27T13:30+0000",
          "moonPhase" : "phase4",
          "moonPhaseDate" : "2019-06-25T09:46+0000",
          "sign" : "taurus",
          "age" : 25,
          "timeZone" : 3
        },
        {
          "date" : "2019-06-28T23:44+0000",
          "signDate" : "2019-06-27T13:30+0000",
          "moonPhase" : "phase4",
          "moonPhaseDate" : "2019-06-25T09:46+0000",
          "sign" : "taurus",
          "age" : 26,
          "timeZone" : 3
        },
        {
          "date" : "2019-06-30T00:22+0000",
          "signDate" : "2019-06-29T21:10+0000",
          "moonPhase" : "phase4",
          "moonPhaseDate" : "2019-06-25T09:46+0000",
          "sign" : "gemini",
          "age" : 27,
          "timeZone" : 3
        },
        {
          "signDate" : "2019-06-29T21:10+0000",
          "timeZone" : 3,
          "date" : "2019-07-01T01:06+0000",
          "age" : 28,
          "moonPhase" : "phase4",
          "moonPhaseDate" : null,
          "sign" : "gemini"
        },
        {
          "signDate" : "2019-07-02T01:26+0000",
          "timeZone" : 3,
          "date" : "2019-07-02T01:58+0000",
          "moonPhase" : "newMoon",
          "age" : 29,
          "moonPhaseDate" : "2019-07-02T19:16+0000",
          "sign" : "cancer"
        },
        {
          "signDate" : "2019-07-02T01:26+0000",
          "timeZone" : 3,
          "date" : "2019-07-02T19:16+0000",
          "age" : 1,
          "moonPhase" : "newMoon",
          "moonPhaseDate" : "2019-07-02T19:16+0000",
          "sign" : "cancer"
        },
        {
          "signDate" : "2019-07-02T01:26+0000",
          "timeZone" : 3,
          "date" : "2019-07-03T02:57+0000",
          "moonPhase" : "phase1",
          "age" : 2,
          "moonPhaseDate" : "2019-07-02T19:16+0000",
          "sign" : "cancer"
        },
        {
          "signDate" : "2019-07-04T03:21+0000",
          "timeZone" : 3,
          "date" : "2019-07-04T04:02+0000",
          "age" : 3,
          "moonPhase" : "phase1",
          "moonPhaseDate" : "2019-07-02T19:16+0000",
          "sign" : "leo"
        },
        {
          "signDate" : "2019-07-04T03:21+0000",
          "timeZone" : 3,
          "date" : "2019-07-05T05:11+0000",
          "age" : 4,
          "moonPhase" : "phase1",
          "moonPhaseDate" : "2019-07-02T19:16+0000",
          "sign" : "leo"
        },
        {
          "signDate" : "2019-07-06T04:25+0000",
          "timeZone" : 3,
          "date" : "2019-07-06T06:21+0000",
          "age" : 5,
          "moonPhase" : "phase1",
          "moonPhaseDate" : "2019-07-02T19:16+0000",
          "sign" : "virgo"
        },
        {
          "signDate" : "2019-07-06T04:25+0000",
          "timeZone" : 3,
          "date" : "2019-07-07T07:29+0000",
          "age" : 6,
          "moonPhase" : "phase1",
          "moonPhaseDate" : "2019-07-02T19:16+0000",
          "sign" : "virgo"
        },
        {
          "signDate" : "2019-07-08T06:07+0000",
          "timeZone" : 3,
          "date" : "2019-07-08T08:37+0000",
          "age" : 7,
          "moonPhase" : "phase1",
          "moonPhaseDate" : "2019-07-02T19:16+0000",
          "sign" : "libra"
        },
        {
          "signDate" : "2019-07-08T06:07+0000",
          "timeZone" : 3,
          "date" : "2019-07-09T09:42+0000",
          "age" : 8,
          "moonPhase" : "phase2",
          "moonPhaseDate" : "2019-07-09T10:55+0000",
          "sign" : "libra"
        },
        {
          "signDate" : "2019-07-10T09:28+0000",
          "timeZone" : 3,
          "date" : "2019-07-10T10:46+0000",
          "age" : 9,
          "moonPhase" : "phase2",
          "moonPhaseDate" : "2019-07-09T10:55+0000",
          "sign" : "scorpio"
        },
        {
          "signDate" : "2019-07-10T09:28+0000",
          "timeZone" : 3,
          "date" : "2019-07-11T11:49+0000",
          "age" : 10,
          "moonPhase" : "phase2",
          "moonPhaseDate" : "2019-07-09T10:55+0000",
          "sign" : "scorpio"
        },
        {
          "signDate" : "2019-07-12T15:04+0000",
          "timeZone" : 3,
          "date" : "2019-07-12T12:52+0000",
          "age" : 11,
          "moonPhase" : "phase2",
          "moonPhaseDate" : "2019-07-09T10:55+0000",
          "sign" : "sagittarius"
        },
        {
          "signDate" : "2019-07-12T15:04+0000",
          "timeZone" : 3,
          "date" : "2019-07-13T13:53+0000",
          "age" : 12,
          "moonPhase" : "phase2",
          "moonPhaseDate" : "2019-07-09T10:55+0000",
          "sign" : "sagittarius"
        },
        {
          "signDate" : "2019-07-12T15:04+0000",
          "timeZone" : 3,
          "date" : "2019-07-14T14:52+0000",
          "moonPhase" : "phase2",
          "age" : 13,
          "moonPhaseDate" : "2019-07-09T10:55+0000",
          "sign" : "sagittarius"
        },
        {
          "signDate" : "2019-07-14T23:03+0000",
          "timeZone" : 3,
          "date" : "2019-07-15T15:47+0000",
          "age" : 14,
          "moonPhase" : "phase2",
          "moonPhaseDate" : "2019-07-09T10:55+0000",
          "sign" : "capricorn"
        },
        {
          "signDate" : "2019-07-14T23:03+0000",
          "timeZone" : 3,
          "date" : "2019-07-16T16:37+0000",
          "age" : 15,
          "moonPhase" : "phase2",
          "moonPhaseDate" : "2019-07-09T10:55+0000",
          "sign" : "capricorn"
        },
        {
          "signDate" : "2019-07-17T09:18+0000",
          "timeZone" : 3,
          "date" : "2019-07-17T17:23+0000",
          "age" : 16,
          "moonPhase" : "fullMoon",
          "moonPhaseDate" : "2019-07-16T21:38+0000",
          "sign" : "aquarius"
        },
        {
          "signDate" : "2019-07-17T09:18+0000",
          "timeZone" : 3,
          "date" : "2019-07-18T18:03+0000",
          "age" : 17,
          "moonPhase" : "phase3",
          "moonPhaseDate" : "2019-07-16T21:38+0000",
          "sign" : "aquarius"
        },
        {
          "signDate" : "2019-07-17T09:18+0000",
          "timeZone" : 3,
          "date" : "2019-07-19T18:39+0000",
          "age" : 18,
          "moonPhase" : "phase3",
          "moonPhaseDate" : "2019-07-16T21:38+0000",
          "sign" : "aquarius"
        },
        {
          "signDate" : "2019-07-19T21:19+0000",
          "timeZone" : 3,
          "date" : "2019-07-20T19:12+0000",
          "age" : 19,
          "moonPhase" : "phase3",
          "moonPhaseDate" : "2019-07-16T21:38+0000",
          "sign" : "pisces"
        },
        {
          "signDate" : "2019-07-19T21:19+0000",
          "timeZone" : 3,
          "date" : "2019-07-21T19:41+0000",
          "age" : 20,
          "moonPhase" : "phase3",
          "moonPhaseDate" : "2019-07-16T21:38+0000",
          "sign" : "pisces"
        },
        {
          "signDate" : "2019-07-22T10:01+0000",
          "timeZone" : 3,
          "date" : "2019-07-22T20:11+0000",
          "age" : 21,
          "moonPhase" : "phase3",
          "moonPhaseDate" : "2019-07-16T21:38+0000",
          "sign" : "aries"
        },
        {
          "signDate" : "2019-07-22T10:01+0000",
          "timeZone" : 3,
          "date" : "2019-07-23T20:40+0000",
          "age" : 22,
          "moonPhase" : "phase3",
          "moonPhaseDate" : "2019-07-16T21:38+0000",
          "sign" : "aries"
        },
        {
          "signDate" : "2019-07-24T21:40+0000",
          "timeZone" : 3,
          "date" : "2019-07-24T21:09+0000",
          "age" : 23,
          "moonPhase" : "phase4",
          "moonPhaseDate" : "2019-07-25T01:18+0000",
          "sign" : "taurus"
        },
        {
          "signDate" : "2019-07-24T21:40+0000",
          "timeZone" : 3,
          "date" : "2019-07-25T21:41+0000",
          "age" : 24,
          "moonPhase" : "phase4",
          "moonPhaseDate" : "2019-07-25T01:18+0000",
          "sign" : "taurus"
        },
        {
          "signDate" : "2019-07-27T06:28+0000",
          "timeZone" : 3,
          "date" : "2019-07-26T22:16+0000",
          "age" : 25,
          "moonPhase" : "phase4",
          "moonPhaseDate" : "2019-07-25T01:18+0000",
          "sign" : "gemini"
        },
        {
          "signDate" : "2019-07-27T06:28+0000",
          "timeZone" : 3,
          "date" : "2019-07-27T22:56+0000",
          "age" : 26,
          "moonPhase" : "phase4",
          "moonPhaseDate" : "2019-07-25T01:18+0000",
          "sign" : "gemini"
        },
        {
          "signDate" : "2019-07-29T11:30+0000",
          "timeZone" : 3,
          "date" : "2019-07-28T23:43+0000",
          "age" : 27,
          "moonPhase" : "phase4",
          "moonPhaseDate" : "2019-07-25T01:18+0000",
          "sign" : "cancer"
        },
        {
          "signDate" : "2019-07-29T11:30+0000",
          "timeZone" : 3,
          "date" : "2019-07-30T00:38+0000",
          "age" : 28,
          "moonPhase" : "phase4",
          "moonPhaseDate" : "2019-07-25T01:18+0000",
          "sign" : "cancer"
        },
        {
          "signDate" : "2019-07-31T13:18+0000",
          "timeZone" : 3,
          "date" : "2019-07-31T01:41+0000",
          "age" : 29,
          "moonPhase" : "phase4",
          "moonPhaseDate" : "2019-07-25T01:18+0000",
          "sign" : "leo"
        },
        {
          "signDate" : "2019-07-31T13:18+0000",
          "timeZone" : 3,
          "date" : "2019-08-01T02:49+0000",
          "age" : 30,
          "moonPhase" : "newMoon",
          "moonPhaseDate" : "2019-08-01T03:12+0000",
          "sign" : "leo"
        },
        {
          "signDate" : "2019-07-31T13:18+0000",
          "timeZone" : 3,
          "date" : "2019-08-01T03:12+0000",
          "age" : 1,
          "moonPhase" : "newMoon",
          "moonPhaseDate" : "2019-08-01T03:12+0000",
          "sign" : "leo"
        },
        {
          "signDate" : "2019-08-02T13:23+0000",
          "timeZone" : 3,
          "date" : "2019-08-02T04:01+0000",
          "age" : 2,
          "moonPhase" : "phase1",
          "moonPhaseDate" : "2019-08-01T03:12+0000",
          "sign" : "virgo"
        },
        {
          "signDate" : "2019-08-02T13:23+0000",
          "timeZone" : 3,
          "date" : "2019-08-03T05:12+0000",
          "age" : 3,
          "moonPhase" : "phase1",
          "moonPhaseDate" : "2019-08-01T03:12+0000",
          "sign" : "virgo"
        },
        {
          "signDate" : "2019-08-04T13:32+0000",
          "timeZone" : 3,
          "date" : "2019-08-04T06:23+0000",
          "age" : 4,
          "moonPhase" : "phase1",
          "moonPhaseDate" : "2019-08-01T03:12+0000",
          "sign" : "libra"
        },
        {
          "signDate" : "2019-08-04T13:32+0000",
          "timeZone" : 3,
          "date" : "2019-08-05T07:31+0000",
          "age" : 5,
          "moonPhase" : "phase1",
          "moonPhaseDate" : "2019-08-01T03:12+0000",
          "sign" : "libra"
        },
        {
          "signDate" : "2019-08-06T15:31+0000",
          "timeZone" : 3,
          "date" : "2019-08-06T08:37+0000",
          "age" : 6,
          "moonPhase" : "phase1",
          "moonPhaseDate" : "2019-08-01T03:12+0000",
          "sign" : "scorpio"
        },
        {
          "signDate" : "2019-08-06T15:31+0000",
          "timeZone" : 3,
          "date" : "2019-08-07T09:42+0000",
          "age" : 7,
          "moonPhase" : "phase2",
          "moonPhaseDate" : "2019-08-07T17:31+0000",
          "sign" : "scorpio"
        },
        {
          "signDate" : "2019-08-08T20:32+0000",
          "timeZone" : 3,
          "date" : "2019-08-08T10:46+0000",
          "age" : 8,
          "moonPhase" : "phase2",
          "moonPhaseDate" : "2019-08-07T17:31+0000",
          "sign" : "sagittarius"
        },
        {
          "signDate" : "2019-08-08T20:32+0000",
          "timeZone" : 3,
          "date" : "2019-08-09T11:47+0000",
          "age" : 9,
          "moonPhase" : "phase2",
          "moonPhaseDate" : "2019-08-07T17:31+0000",
          "sign" : "sagittarius"
        },
        {
          "signDate" : "2019-08-08T20:32+0000",
          "timeZone" : 3,
          "date" : "2019-08-10T12:47+0000",
          "age" : 10,
          "moonPhase" : "phase2",
          "moonPhaseDate" : "2019-08-07T17:31+0000",
          "sign" : "sagittarius"
        },
        {
          "signDate" : "2019-08-11T04:48+0000",
          "timeZone" : 3,
          "date" : "2019-08-11T13:43+0000",
          "age" : 11,
          "moonPhase" : "phase2",
          "moonPhaseDate" : "2019-08-07T17:31+0000",
          "sign" : "capricorn"
        },
        {
          "signDate" : "2019-08-11T04:48+0000",
          "timeZone" : 3,
          "date" : "2019-08-12T14:34+0000",
          "moonPhase" : "phase2",
          "age" : 12,
          "moonPhaseDate" : "2019-08-07T17:31+0000",
          "sign" : "capricorn"
        },
        {
          "signDate" : "2019-08-13T15:36+0000",
          "timeZone" : 3,
          "date" : "2019-08-13T15:21+0000",
          "age" : 13,
          "moonPhase" : "phase2",
          "moonPhaseDate" : "2019-08-07T17:31+0000",
          "sign" : "aquarius"
        },
        {
          "signDate" : "2019-08-13T15:36+0000",
          "timeZone" : 3,
          "date" : "2019-08-14T16:02+0000",
          "age" : 14,
          "moonPhase" : "phase2",
          "moonPhaseDate" : "2019-08-07T17:31+0000",
          "sign" : "aquarius"
        },
        {
          "signDate" : "2019-08-13T15:36+0000",
          "timeZone" : 3,
          "date" : "2019-08-15T16:40+0000",
          "age" : 15,
          "moonPhase" : "fullMoon",
          "moonPhaseDate" : "2019-08-15T12:29+0000",
          "sign" : "aquarius"
        },
        {
          "signDate" : "2019-08-16T03:50+0000",
          "timeZone" : 3,
          "date" : "2019-08-16T17:13+0000",
          "age" : 16,
          "moonPhase" : "phase3",
          "moonPhaseDate" : "2019-08-15T12:29+0000",
          "sign" : "pisces"
        },
        {
          "signDate" : "2019-08-16T03:50+0000",
          "timeZone" : 3,
          "date" : "2019-08-17T17:44+0000",
          "age" : 17,
          "moonPhase" : "phase3",
          "moonPhaseDate" : "2019-08-15T12:29+0000",
          "sign" : "pisces"
        },
        {
          "signDate" : "2019-08-18T16:32+0000",
          "timeZone" : 3,
          "date" : "2019-08-18T18:13+0000",
          "age" : 18,
          "moonPhase" : "phase3",
          "moonPhaseDate" : "2019-08-15T12:29+0000",
          "sign" : "aries"
        },
        {
          "signDate" : "2019-08-18T16:32+0000",
          "timeZone" : 3,
          "date" : "2019-08-19T18:41+0000",
          "age" : 19,
          "moonPhase" : "phase3",
          "moonPhaseDate" : "2019-08-15T12:29+0000",
          "sign" : "aries"
        },
        {
          "signDate" : "2019-08-18T16:32+0000",
          "timeZone" : 3,
          "date" : "2019-08-20T19:10+0000",
          "age" : 20,
          "moonPhase" : "phase3",
          "moonPhaseDate" : "2019-08-15T12:29+0000",
          "sign" : "aries"
        },
        {
          "signDate" : "2019-08-21T04:36+0000",
          "timeZone" : 3,
          "date" : "2019-08-21T19:40+0000",
          "age" : 21,
          "moonPhase" : "phase3",
          "moonPhaseDate" : "2019-08-15T12:29+0000",
          "sign" : "taurus"
        },
        {
          "signDate" : "2019-08-21T04:36+0000",
          "timeZone" : 3,
          "date" : "2019-08-22T20:13+0000",
          "age" : 22,
          "moonPhase" : "phase3",
          "moonPhaseDate" : "2019-08-15T12:29+0000",
          "sign" : "taurus"
        },
        {
          "signDate" : "2019-08-23T14:34+0000",
          "timeZone" : 3,
          "date" : "2019-08-23T20:50+0000",
          "age" : 23,
          "moonPhase" : "phase4",
          "moonPhaseDate" : "2019-08-23T14:56+0000",
          "sign" : "gemini"
        },
        {
          "signDate" : "2019-08-23T14:34+0000",
          "timeZone" : 3,
          "date" : "2019-08-24T21:33+0000",
          "age" : 24,
          "moonPhase" : "phase4",
          "moonPhaseDate" : "2019-08-23T14:56+0000",
          "sign" : "gemini"
        },
        {
          "signDate" : "2019-08-25T21:05+0000",
          "timeZone" : 3,
          "date" : "2019-08-25T22:23+0000",
          "age" : 25,
          "moonPhase" : "phase4",
          "moonPhaseDate" : "2019-08-23T14:56+0000",
          "sign" : "cancer"
        },
        {
          "signDate" : "2019-08-25T21:05+0000",
          "timeZone" : 3,
          "date" : "2019-08-26T23:20+0000",
          "age" : 26,
          "moonPhase" : "phase4",
          "moonPhaseDate" : "2019-08-23T14:56+0000",
          "sign" : "cancer"
        },
        {
          "signDate" : "2019-08-27T23:51+0000",
          "timeZone" : 3,
          "date" : "2019-08-28T00:25+0000",
          "moonPhase" : "phase4",
          "age" : 27,
          "moonPhaseDate" : "2019-08-23T14:56+0000",
          "sign" : "leo"
        },
        {
          "signDate" : "2019-08-27T23:51+0000",
          "timeZone" : 3,
          "date" : "2019-08-29T01:35+0000",
          "age" : 28,
          "moonPhase" : "phase4",
          "moonPhaseDate" : "2019-08-23T14:56+0000",
          "sign" : "leo"
        },
        {
          "signDate" : "2019-08-29T23:57+0000",
          "timeZone" : 3,
          "date" : "2019-08-30T02:47+0000",
          "age" : 29,
          "moonPhase" : "newMoon",
          "moonPhaseDate" : "2019-08-30T10:37+0000",
          "sign" : "virgo"
        },
        {
          "signDate" : "2019-08-29T23:57+0000",
          "timeZone" : 3,
          "date" : "2019-08-30T10:37+0000",
          "age" : 1,
          "moonPhase" : "newMoon",
          "moonPhaseDate" : "2019-08-30T10:37+0000",
          "sign" : "virgo"
        },
        {
          "signDate" : "2019-08-29T23:57+0000",
          "timeZone" : 3,
          "date" : "2019-08-31T04:00+0000",
          "age" : 2,
          "moonPhase" : "phase1",
          "moonPhaseDate" : "2019-08-30T10:37+0000",
          "sign" : "virgo"
        },
        {
          "signDate" : "2019-08-31T23:12+0000",
          "timeZone" : 3,
          "date" : "2019-09-01T05:11+0000",
          "age" : 3,
          "moonPhase" : "phase1",
          "moonPhaseDate" : null,
          "sign" : "libra"
        },
        {
          "signDate" : "2019-08-31T23:12+0000",
          "timeZone" : 3,
          "date" : "2019-09-02T06:21+0000",
          "age" : 4,
          "moonPhase" : "phase1",
          "moonPhaseDate" : null,
          "sign" : "libra"
        },
        {
          "signDate" : "2019-09-02T23:38+0000",
          "timeZone" : 3,
          "date" : "2019-09-03T07:29+0000",
          "age" : 5,
          "moonPhase" : "phase1",
          "moonPhaseDate" : null,
          "sign" : "scorpio"
        },
        {
          "signDate" : "2019-09-02T23:38+0000",
          "timeZone" : 3,
          "date" : "2019-09-04T08:35+0000",
          "age" : 6,
          "moonPhase" : "phase1",
          "moonPhaseDate" : null,
          "sign" : "scorpio"
        },
        {
          "signDate" : "2019-09-05T03:06+0000",
          "timeZone" : 3,
          "date" : "2019-09-05T09:39+0000",
          "age" : 7,
          "moonPhase" : "phase1",
          "moonPhaseDate" : null,
          "sign" : "sagittarius"
        },
        {
          "signDate" : "2019-09-05T03:06+0000",
          "timeZone" : 3,
          "date" : "2019-09-06T10:41+0000",
          "age" : 8,
          "moonPhase" : "phase2",
          "moonPhaseDate" : "2019-09-06T03:10+0000",
          "sign" : "sagittarius"
        },
        {
          "signDate" : "2019-09-07T10:35+0000",
          "timeZone" : 3,
          "date" : "2019-09-07T11:38+0000",
          "age" : 9,
          "moonPhase" : "phase2",
          "moonPhaseDate" : "2019-09-06T03:10+0000",
          "sign" : "capricorn"
        },
        {
          "signDate" : "2019-09-07T10:35+0000",
          "timeZone" : 3,
          "date" : "2019-09-08T12:32+0000",
          "age" : 10,
          "moonPhase" : "phase2",
          "moonPhaseDate" : "2019-09-06T03:10+0000",
          "sign" : "capricorn"
        },
        {
          "signDate" : "2019-09-07T10:35+0000",
          "timeZone" : 3,
          "date" : "2019-09-09T13:20+0000",
          "age" : 11,
          "moonPhase" : "phase2",
          "moonPhaseDate" : "2019-09-06T03:10+0000",
          "sign" : "capricorn"
        },
        {
          "signDate" : "2019-09-09T21:25+0000",
          "timeZone" : 3,
          "date" : "2019-09-10T14:02+0000",
          "age" : 12,
          "moonPhase" : "phase2",
          "moonPhaseDate" : "2019-09-06T03:10+0000",
          "sign" : "aquarius"
        },
        {
          "signDate" : "2019-09-09T21:25+0000",
          "timeZone" : 3,
          "date" : "2019-09-11T14:41+0000",
          "moonPhase" : "phase2",
          "age" : 13,
          "moonPhaseDate" : "2019-09-06T03:10+0000",
          "sign" : "aquarius"
        },
        {
          "signDate" : "2019-09-12T09:53+0000",
          "timeZone" : 3,
          "date" : "2019-09-12T15:15+0000",
          "age" : 14,
          "moonPhase" : "phase2",
          "moonPhaseDate" : "2019-09-06T03:10+0000",
          "sign" : "pisces"
        },
        {
          "signDate" : "2019-09-12T09:53+0000",
          "timeZone" : 3,
          "date" : "2019-09-13T15:47+0000",
          "age" : 15,
          "moonPhase" : "phase2",
          "moonPhaseDate" : "2019-09-06T03:10+0000",
          "sign" : "pisces"
        },
        {
          "signDate" : "2019-09-12T09:53+0000",
          "timeZone" : 3,
          "date" : "2019-09-14T16:16+0000",
          "age" : 16,
          "moonPhase" : "fullMoon",
          "moonPhaseDate" : "2019-09-14T04:33+0000",
          "sign" : "pisces"
        },
        {
          "signDate" : "2019-09-14T22:32+0000",
          "timeZone" : 3,
          "date" : "2019-09-15T16:44+0000",
          "moonPhase" : "phase3",
          "age" : 17,
          "moonPhaseDate" : "2019-09-14T04:33+0000",
          "sign" : "aries"
        },
        {
          "signDate" : "2019-09-14T22:32+0000",
          "timeZone" : 3,
          "date" : "2019-09-16T17:13+0000",
          "age" : 18,
          "moonPhase" : "phase3",
          "moonPhaseDate" : "2019-09-14T04:33+0000",
          "sign" : "aries"
        },
        {
          "signDate" : "2019-09-17T10:30+0000",
          "timeZone" : 3,
          "date" : "2019-09-17T17:42+0000",
          "age" : 19,
          "moonPhase" : "phase3",
          "moonPhaseDate" : "2019-09-14T04:33+0000",
          "sign" : "taurus"
        },
        {
          "signDate" : "2019-09-17T10:30+0000",
          "timeZone" : 3,
          "date" : "2019-09-18T18:14+0000",
          "age" : 20,
          "moonPhase" : "phase3",
          "moonPhaseDate" : "2019-09-14T04:33+0000",
          "sign" : "taurus"
        },
        {
          "signDate" : "2019-09-19T20:58+0000",
          "timeZone" : 3,
          "date" : "2019-09-19T18:49+0000",
          "age" : 21,
          "moonPhase" : "phase3",
          "moonPhaseDate" : "2019-09-14T04:33+0000",
          "sign" : "gemini"
        },
        {
          "signDate" : "2019-09-19T20:58+0000",
          "timeZone" : 3,
          "date" : "2019-09-20T19:29+0000",
          "age" : 22,
          "moonPhase" : "phase3",
          "moonPhaseDate" : "2019-09-14T04:33+0000",
          "sign" : "gemini"
        },
        {
          "signDate" : "2019-09-19T20:58+0000",
          "timeZone" : 3,
          "date" : "2019-09-21T20:14+0000",
          "age" : 23,
          "moonPhase" : "phase3",
          "moonPhaseDate" : "2019-09-14T04:33+0000",
          "sign" : "gemini"
        },
        {
          "signDate" : "2019-09-19T20:58+0000",
          "timeZone" : 3,
          "date" : "2019-09-22T21:07+0000",
          "moonPhase" : "phase4",
          "age" : 24,
          "moonPhaseDate" : "2019-09-22T02:41+0000",
          "sign" : "cancer"
        },
        {
          "signDate" : "2019-09-24T09:19+0000",
          "timeZone" : 3,
          "date" : "2019-09-23T22:06+0000",
          "age" : 25,
          "moonPhase" : "phase4",
          "moonPhaseDate" : "2019-09-22T02:41+0000",
          "sign" : "leo"
        },
        {
          "signDate" : "2019-09-24T09:19+0000",
          "timeZone" : 3,
          "date" : "2019-09-24T23:11+0000",
          "age" : 26,
          "moonPhase" : "phase4",
          "moonPhaseDate" : "2019-09-22T02:41+0000",
          "sign" : "leo"
        },
        {
          "signDate" : "2019-09-26T10:35+0000",
          "timeZone" : 3,
          "date" : "2019-09-26T00:22+0000",
          "age" : 27,
          "moonPhase" : "phase4",
          "moonPhaseDate" : "2019-09-22T02:41+0000",
          "sign" : "virgo"
        },
        {
          "signDate" : "2019-09-26T10:35+0000",
          "timeZone" : 3,
          "date" : "2019-09-27T01:34+0000",
          "age" : 28,
          "moonPhase" : "phase4",
          "moonPhaseDate" : "2019-09-22T02:41+0000",
          "sign" : "virgo"
        },
        {
          "signDate" : "2019-09-28T10:04+0000",
          "timeZone" : 3,
          "date" : "2019-09-28T02:45+0000",
          "age" : 29,
          "moonPhase" : "newMoon",
          "moonPhaseDate" : "2019-09-28T18:26+0000",
          "sign" : "libra"
        },
        {
          "signDate" : "2019-09-28T10:04+0000",
          "timeZone" : 3,
          "date" : "2019-09-28T18:26+0000",
          "moonPhase" : "newMoon",
          "age" : 1,
          "moonPhaseDate" : "2019-09-28T18:26+0000",
          "sign" : "libra"
        },
        {
          "signDate" : "2019-09-28T10:04+0000",
          "timeZone" : 3,
          "date" : "2019-09-29T03:57+0000",
          "moonPhase" : "phase1",
          "age" : 2,
          "moonPhaseDate" : "2019-09-28T18:26+0000",
          "sign" : "libra"
        },
        {
          "signDate" : "2019-09-30T09:45+0000",
          "timeZone" : 3,
          "date" : "2019-09-30T05:07+0000",
          "age" : 3,
          "moonPhase" : "phase1",
          "moonPhaseDate" : "2019-09-28T18:26+0000",
          "sign" : "scorpio"
        },
        {
          "signDate" : "2019-09-30T09:45+0000",
          "timeZone" : 3,
          "date" : "2019-10-01T06:16+0000",
          "age" : 4,
          "moonPhase" : "phase1",
          "moonPhaseDate" : null,
          "sign" : "scorpio"
        },
        {
          "signDate" : "2019-10-02T11:45+0000",
          "timeZone" : 3,
          "date" : "2019-10-02T07:24+0000",
          "age" : 5,
          "moonPhase" : "phase1",
          "moonPhaseDate" : null,
          "sign" : "sagittarius"
        },
        {
          "signDate" : "2019-10-02T11:45+0000",
          "timeZone" : 3,
          "date" : "2019-10-03T08:29+0000",
          "age" : 6,
          "moonPhase" : "phase1",
          "moonPhaseDate" : null,
          "sign" : "sagittarius"
        },
        {
          "signDate" : "2019-10-04T17:41+0000",
          "timeZone" : 3,
          "date" : "2019-10-04T09:30+0000",
          "age" : 7,
          "moonPhase" : "phase1",
          "moonPhaseDate" : null,
          "sign" : "capricorn"
        },
        {
          "signDate" : "2019-10-04T17:41+0000",
          "timeZone" : 3,
          "date" : "2019-10-05T10:27+0000",
          "age" : 8,
          "moonPhase" : "phase2",
          "moonPhaseDate" : "2019-10-05T16:47+0000",
          "sign" : "capricorn"
        },
        {
          "signDate" : "2019-10-04T17:41+0000",
          "timeZone" : 3,
          "date" : "2019-10-06T11:17+0000",
          "age" : 9,
          "moonPhase" : "phase2",
          "moonPhaseDate" : "2019-10-05T16:47+0000",
          "sign" : "capricorn"
        },
        {
          "signDate" : "2019-10-07T03:43+0000",
          "timeZone" : 3,
          "date" : "2019-10-07T12:02+0000",
          "moonPhase" : "phase2",
          "age" : 10,
          "moonPhaseDate" : "2019-10-05T16:47+0000",
          "sign" : "aquarius"
        },
        {
          "signDate" : "2019-10-07T03:43+0000",
          "timeZone" : 3,
          "date" : "2019-10-08T12:42+0000",
          "age" : 11,
          "moonPhase" : "phase2",
          "moonPhaseDate" : "2019-10-05T16:47+0000",
          "sign" : "aquarius"
        },
        {
          "signDate" : "2019-10-09T16:08+0000",
          "timeZone" : 3,
          "date" : "2019-10-09T13:17+0000",
          "age" : 12,
          "moonPhase" : "phase2",
          "moonPhaseDate" : "2019-10-05T16:47+0000",
          "sign" : "pisces"
        },
        {
          "signDate" : "2019-10-09T16:08+0000",
          "timeZone" : 3,
          "date" : "2019-10-10T13:49+0000",
          "age" : 13,
          "moonPhase" : "phase2",
          "moonPhaseDate" : "2019-10-05T16:47+0000",
          "sign" : "pisces"
        },
        {
          "signDate" : "2019-10-09T16:08+0000",
          "timeZone" : 3,
          "date" : "2019-10-11T14:19+0000",
          "age" : 14,
          "moonPhase" : "phase2",
          "moonPhaseDate" : "2019-10-05T16:47+0000",
          "sign" : "pisces"
        },
        {
          "signDate" : "2019-10-12T04:46+0000",
          "timeZone" : 3,
          "date" : "2019-10-12T14:48+0000",
          "moonPhase" : "phase2",
          "age" : 15,
          "moonPhaseDate" : "2019-10-05T16:47+0000",
          "sign" : "aries"
        },
        {
          "signDate" : "2019-10-12T04:46+0000",
          "timeZone" : 3,
          "date" : "2019-10-13T15:16+0000",
          "age" : 16,
          "moonPhase" : "phase2",
          "moonPhaseDate" : "2019-10-05T16:47+0000",
          "sign" : "aries"
        },
        {
          "signDate" : "2019-10-14T16:23+0000",
          "timeZone" : 3,
          "date" : "2019-10-14T15:45+0000",
          "age" : 17,
          "moonPhase" : "fullMoon",
          "moonPhaseDate" : "2019-10-13T21:08+0000",
          "sign" : "taurus"
        },
        {
          "signDate" : "2019-10-14T16:23+0000",
          "timeZone" : 3,
          "date" : "2019-10-15T16:16+0000",
          "age" : 18,
          "moonPhase" : "phase3",
          "moonPhaseDate" : "2019-10-13T21:08+0000",
          "sign" : "taurus"
        },
        {
          "signDate" : "2019-10-14T16:23+0000",
          "timeZone" : 3,
          "date" : "2019-10-16T16:50+0000",
          "moonPhase" : "phase3",
          "age" : 19,
          "moonPhaseDate" : "2019-10-13T21:08+0000",
          "sign" : "taurus"
        },
        {
          "signDate" : "2019-10-17T02:29+0000",
          "timeZone" : 3,
          "date" : "2019-10-17T17:28+0000",
          "moonPhase" : "phase3",
          "age" : 20,
          "moonPhaseDate" : "2019-10-13T21:08+0000",
          "sign" : "gemini"
        },
        {
          "signDate" : "2019-10-17T02:29+0000",
          "timeZone" : 3,
          "date" : "2019-10-18T18:11+0000",
          "age" : 21,
          "moonPhase" : "phase3",
          "moonPhaseDate" : "2019-10-13T21:08+0000",
          "sign" : "gemini"
        },
        {
          "signDate" : "2019-10-19T10:42+0000",
          "timeZone" : 3,
          "date" : "2019-10-19T19:01+0000",
          "age" : 22,
          "moonPhase" : "phase3",
          "moonPhaseDate" : "2019-10-13T21:08+0000",
          "sign" : "cancer"
        },
        {
          "signDate" : "2019-10-19T10:42+0000",
          "timeZone" : 3,
          "date" : "2019-10-20T19:57+0000",
          "age" : 23,
          "moonPhase" : "phase3",
          "moonPhaseDate" : "2019-10-13T21:08+0000",
          "sign" : "cancer"
        },
        {
          "signDate" : "2019-10-21T16:30+0000",
          "timeZone" : 3,
          "date" : "2019-10-21T20:58+0000",
          "age" : 24,
          "moonPhase" : "phase4",
          "moonPhaseDate" : "2019-10-21T12:39+0000",
          "sign" : "leo"
        },
        {
          "signDate" : "2019-10-23T19:30+0000",
          "timeZone" : 3,
          "date" : "2019-10-22T22:04+0000",
          "age" : 25,
          "moonPhase" : "phase4",
          "moonPhaseDate" : "2019-10-21T12:39+0000",
          "sign" : "virgo"
        },
        {
          "signDate" : "2019-10-23T19:30+0000",
          "timeZone" : 3,
          "date" : "2019-10-23T23:13+0000",
          "age" : 26,
          "moonPhase" : "phase4",
          "moonPhaseDate" : "2019-10-21T12:39+0000",
          "sign" : "virgo"
        },
        {
          "signDate" : "2019-10-25T20:20+0000",
          "timeZone" : 3,
          "date" : "2019-10-25T00:23+0000",
          "age" : 27,
          "moonPhase" : "phase4",
          "moonPhaseDate" : "2019-10-21T12:39+0000",
          "sign" : "libra"
        },
        {
          "signDate" : "2019-10-25T20:20+0000",
          "timeZone" : 3,
          "date" : "2019-10-26T01:32+0000",
          "age" : 28,
          "moonPhase" : "phase4",
          "moonPhaseDate" : "2019-10-21T12:39+0000",
          "sign" : "libra"
        },
        {
          "signDate" : "2019-10-27T19:31+0000",
          "timeZone" : 3,
          "date" : "2019-10-27T01:42+0000",
          "age" : 29,
          "moonPhase" : "phase4",
          "moonPhaseDate" : "2019-10-21T12:39+0000",
          "sign" : "scorpio"
        },
        {
          "signDate" : "2019-10-27T19:31+0000",
          "timeZone" : 3,
          "date" : "2019-10-28T02:38+0000",
          "moonPhase" : "newMoon",
          "age" : 1,
          "moonPhaseDate" : "2019-10-28T02:38+0000",
          "sign" : "scorpio"
        },
        {
          "signDate" : "2019-10-27T19:31+0000",
          "timeZone" : 3,
          "date" : "2019-10-28T02:52+0000",
          "age" : 2,
          "moonPhase" : "newMoon",
          "moonPhaseDate" : "2019-10-28T02:38+0000",
          "sign" : "scorpio"
        },
        {
          "signDate" : "2019-10-28T21:00+0000",
          "timeZone" : 3,
          "date" : "2019-10-29T04:01+0000",
          "age" : 3,
          "moonPhase" : "phase1",
          "moonPhaseDate" : "2019-10-28T02:38+0000",
          "sign" : "sagittarius"
        },
        {
          "signDate" : "2019-10-28T21:00+0000",
          "timeZone" : 3,
          "date" : "2019-10-30T05:10+0000",
          "age" : 4,
          "moonPhase" : "phase1",
          "moonPhaseDate" : "2019-10-28T02:38+0000",
          "sign" : "sagittarius"
        },
        {
          "signDate" : "2019-10-28T21:00+0000",
          "timeZone" : 3,
          "date" : "2019-10-31T06:15+0000",
          "age" : 5,
          "moonPhase" : "phase1",
          "moonPhaseDate" : "2019-10-28T02:38+0000",
          "sign" : "sagittarius"
        },
        {
          "signDate" : "2019-11-01T01:38+0000",
          "timeZone" : 3,
          "date" : "2019-11-01T07:15+0000",
          "age" : 6,
          "moonPhase" : "phase1",
          "moonPhaseDate" : null,
          "sign" : "capricorn"
        },
        {
          "signDate" : "2019-11-01T01:38+0000",
          "timeZone" : 3,
          "date" : "2019-11-02T08:10+0000",
          "age" : 7,
          "moonPhase" : "phase1",
          "moonPhaseDate" : null,
          "sign" : "capricorn"
        },
        {
          "signDate" : "2019-11-03T10:21+0000",
          "timeZone" : 3,
          "date" : "2019-11-03T08:58+0000",
          "age" : 8,
          "moonPhase" : "phase1",
          "moonPhaseDate" : null,
          "sign" : "aquarius"
        },
        {
          "signDate" : "2019-11-03T10:21+0000",
          "timeZone" : 3,
          "date" : "2019-11-04T09:41+0000",
          "age" : 9,
          "moonPhase" : "phase2",
          "moonPhaseDate" : "2019-11-04T09:23+0000",
          "sign" : "aquarius"
        },
        {
          "signDate" : "2019-11-03T10:21+0000",
          "timeZone" : 3,
          "date" : "2019-11-05T10:18+0000",
          "age" : 10,
          "moonPhase" : "phase2",
          "moonPhaseDate" : "2019-11-04T09:23+0000",
          "sign" : "aquarius"
        },
        {
          "signDate" : "2019-11-05T22:11+0000",
          "timeZone" : 3,
          "date" : "2019-11-06T10:51+0000",
          "age" : 11,
          "moonPhase" : "phase2",
          "moonPhaseDate" : "2019-11-04T09:23+0000",
          "sign" : "pisces"
        },
        {
          "signDate" : "2019-11-05T22:11+0000",
          "timeZone" : 3,
          "date" : "2019-11-07T11:21+0000",
          "age" : 12,
          "moonPhase" : "phase2",
          "moonPhaseDate" : "2019-11-04T09:23+0000",
          "sign" : "pisces"
        },
        {
          "signDate" : "2019-11-08T10:50+0000",
          "timeZone" : 3,
          "date" : "2019-11-08T11:50+0000",
          "age" : 13,
          "moonPhase" : "phase2",
          "moonPhaseDate" : "2019-11-04T09:23+0000",
          "sign" : "aries"
        },
        {
          "signDate" : "2019-11-08T10:50+0000",
          "timeZone" : 3,
          "date" : "2019-11-09T12:18+0000",
          "age" : 14,
          "moonPhase" : "phase2",
          "moonPhaseDate" : "2019-11-04T09:23+0000",
          "sign" : "aries"
        },
        {
          "signDate" : "2019-11-08T10:50+0000",
          "timeZone" : 3,
          "date" : "2019-11-10T12:47+0000",
          "age" : 15,
          "moonPhase" : "phase2",
          "moonPhaseDate" : "2019-11-04T09:23+0000",
          "sign" : "aries"
        },
        {
          "signDate" : "2019-11-10T22:19+0000",
          "timeZone" : 3,
          "date" : "2019-11-11T13:17+0000",
          "age" : 16,
          "moonPhase" : "phase2",
          "moonPhaseDate" : "2019-11-04T09:23+0000",
          "sign" : "taurus"
        },
        {
          "signDate" : "2019-11-10T22:19+0000",
          "timeZone" : 3,
          "date" : "2019-11-12T13:50+0000",
          "age" : 17,
          "moonPhase" : "fullMoon",
          "moonPhaseDate" : "2019-11-12T12:35+0000",
          "sign" : "taurus"
        },
        {
          "signDate" : "2019-11-13T07:45+0000",
          "timeZone" : 3,
          "date" : "2019-11-13T14:27+0000",
          "moonPhase" : "phase3",
          "age" : 18,
          "moonPhaseDate" : "2019-11-12T12:35+0000",
          "sign" : "gemini"
        },
        {
          "signDate" : "2019-11-13T07:45+0000",
          "timeZone" : 3,
          "date" : "2019-11-14T15:09+0000",
          "age" : 19,
          "moonPhase" : "phase3",
          "moonPhaseDate" : "2019-11-12T12:35+0000",
          "sign" : "gemini"
        },
        {
          "signDate" : "2019-11-15T15:12+0000",
          "timeZone" : 3,
          "date" : "2019-11-15T15:57+0000",
          "age" : 20,
          "moonPhase" : "phase3",
          "moonPhaseDate" : "2019-11-12T12:35+0000",
          "sign" : "cancer"
        },
        {
          "signDate" : "2019-11-15T15:12+0000",
          "timeZone" : 3,
          "date" : "2019-11-16T16:51+0000",
          "age" : 21,
          "moonPhase" : "phase3",
          "moonPhaseDate" : "2019-11-12T12:35+0000",
          "sign" : "cancer"
        },
        {
          "signDate" : "2019-11-17T20:54+0000",
          "timeZone" : 3,
          "date" : "2019-11-17T17:51+0000",
          "age" : 22,
          "moonPhase" : "phase3",
          "moonPhaseDate" : "2019-11-12T12:35+0000",
          "sign" : "leo"
        },
        {
          "signDate" : "2019-11-17T20:54+0000",
          "timeZone" : 3,
          "date" : "2019-11-18T18:56+0000",
          "age" : 23,
          "moonPhase" : "phase3",
          "moonPhaseDate" : "2019-11-12T12:35+0000",
          "sign" : "leo"
        },
        {
          "signDate" : "2019-11-17T20:54+0000",
          "timeZone" : 3,
          "date" : "2019-11-19T20:02+0000",
          "age" : 24,
          "moonPhase" : "phase4",
          "moonPhaseDate" : "2019-11-19T20:11+0000",
          "sign" : "leo"
        },
        {
          "signDate" : "2019-11-17T20:54+0000",
          "timeZone" : 3,
          "date" : "2019-11-20T21:09+0000",
          "age" : 25,
          "moonPhase" : "phase4",
          "moonPhaseDate" : "2019-11-19T20:11+0000",
          "sign" : "virgo"
        },
        {
          "signDate" : "2019-11-22T03:22+0000",
          "timeZone" : 3,
          "date" : "2019-11-21T22:17+0000",
          "age" : 26,
          "moonPhase" : "phase4",
          "moonPhaseDate" : "2019-11-19T20:11+0000",
          "sign" : "libra"
        },
        {
          "signDate" : "2019-11-22T03:22+0000",
          "timeZone" : 3,
          "date" : "2019-11-22T23:24+0000",
          "age" : 27,
          "moonPhase" : "phase4",
          "moonPhaseDate" : "2019-11-19T20:11+0000",
          "sign" : "libra"
        },
        {
          "signDate" : "2019-11-24T05:01+0000",
          "timeZone" : 3,
          "date" : "2019-11-24T00:32+0000",
          "age" : 28,
          "moonPhase" : "phase4",
          "moonPhaseDate" : "2019-11-19T20:11+0000",
          "sign" : "scorpio"
        },
        {
          "signDate" : "2019-11-24T05:01+0000",
          "timeZone" : 3,
          "date" : "2019-11-25T01:40+0000",
          "moonPhase" : "phase4",
          "age" : 29,
          "moonPhaseDate" : "2019-11-19T20:11+0000",
          "sign" : "scorpio"
        },
        {
          "signDate" : "2019-11-26T07:12+0000",
          "timeZone" : 3,
          "date" : "2019-11-26T02:48+0000",
          "moonPhase" : "newMoon",
          "age" : 30,
          "moonPhaseDate" : "2019-11-26T14:06+0000",
          "sign" : "sagittarius"
        },
        {
          "signDate" : "2019-11-26T07:12+0000",
          "timeZone" : 3,
          "date" : "2019-11-26T14:06+0000",
          "age" : 1,
          "moonPhase" : "newMoon",
          "moonPhaseDate" : "2019-11-26T14:06+0000",
          "sign" : "sagittarius"
        },
        {
          "signDate" : "2019-11-26T07:12+0000",
          "timeZone" : 3,
          "date" : "2019-11-27T03:55+0000",
          "age" : 2,
          "moonPhase" : "phase1",
          "moonPhaseDate" : "2019-11-26T14:06+0000",
          "sign" : "sagittarius"
        },
        {
          "signDate" : "2019-11-28T11:32+0000",
          "timeZone" : 3,
          "date" : "2019-11-28T04:58+0000",
          "age" : 3,
          "moonPhase" : "phase1",
          "moonPhaseDate" : "2019-11-26T14:06+0000",
          "sign" : "capricorn"
        },
        {
          "signDate" : "2019-11-28T11:32+0000",
          "timeZone" : 3,
          "date" : "2019-11-29T05:57+0000",
          "moonPhase" : "phase1",
          "age" : 4,
          "moonPhaseDate" : "2019-11-26T14:06+0000",
          "sign" : "capricorn"
        },
        {
          "signDate" : "2019-11-30T19:15+0000",
          "timeZone" : 3,
          "date" : "2019-11-30T06:50+0000",
          "moonPhase" : "phase1",
          "age" : 5,
          "moonPhaseDate" : "2019-11-26T14:06+0000",
          "sign" : "aquarius"
        },
        {
          "signDate" : "2019-11-30T19:15+0000",
          "timeZone" : 3,
          "date" : "2019-12-01T07:36+0000",
          "age" : 6,
          "moonPhase" : "phase1",
          "moonPhaseDate" : null,
          "sign" : "aquarius"
        },
        {
          "signDate" : "2019-11-30T19:15+0000",
          "timeZone" : 3,
          "date" : "2019-12-02T08:16+0000",
          "age" : 7,
          "moonPhase" : "phase1",
          "moonPhaseDate" : null,
          "sign" : "aquarius"
        },
        {
          "signDate" : "2019-12-03T06:14+0000",
          "timeZone" : 3,
          "date" : "2019-12-03T08:51+0000",
          "moonPhase" : "phase1",
          "age" : 8,
          "moonPhaseDate" : null,
          "sign" : "pisces"
        },
        {
          "signDate" : "2019-12-03T06:14+0000",
          "timeZone" : 3,
          "date" : "2019-12-04T09:22+0000",
          "age" : 9,
          "moonPhase" : "phase2",
          "moonPhaseDate" : "2019-12-04T05:58+0000",
          "sign" : "pisces"
        },
        {
          "signDate" : "2019-12-05T18:46+0000",
          "timeZone" : 3,
          "date" : "2019-12-05T09:52+0000",
          "age" : 10,
          "moonPhase" : "phase2",
          "moonPhaseDate" : "2019-12-04T05:58+0000",
          "sign" : "aries"
        },
        {
          "signDate" : "2019-12-05T18:46+0000",
          "timeZone" : 3,
          "date" : "2019-12-06T10:20+0000",
          "age" : 11,
          "moonPhase" : "phase2",
          "moonPhaseDate" : "2019-12-04T05:58+0000",
          "sign" : "aries"
        },
        {
          "signDate" : "2019-12-05T18:46+0000",
          "timeZone" : 3,
          "date" : "2019-12-07T10:48+0000",
          "age" : 12,
          "moonPhase" : "phase2",
          "moonPhaseDate" : "2019-12-04T05:58+0000",
          "sign" : "aries"
        },
        {
          "signDate" : "2019-12-08T06:31+0000",
          "timeZone" : 3,
          "date" : "2019-12-08T11:17+0000",
          "age" : 13,
          "moonPhase" : "phase2",
          "moonPhaseDate" : "2019-12-04T05:58+0000",
          "sign" : "taurus"
        },
        {
          "signDate" : "2019-12-08T06:31+0000",
          "timeZone" : 3,
          "date" : "2019-12-09T11:48+0000",
          "age" : 14,
          "moonPhase" : "phase2",
          "moonPhaseDate" : "2019-12-04T05:58+0000",
          "sign" : "taurus"
        },
        {
          "signDate" : "2019-12-10T15:49+0000",
          "timeZone" : 3,
          "date" : "2019-12-10T12:23+0000",
          "age" : 15,
          "moonPhase" : "phase2",
          "moonPhaseDate" : "2019-12-04T05:58+0000",
          "sign" : "gemini"
        },
        {
          "signDate" : "2019-12-10T15:49+0000",
          "timeZone" : 3,
          "date" : "2019-12-11T13:04+0000",
          "age" : 16,
          "moonPhase" : "phase2",
          "moonPhaseDate" : "2019-12-04T05:58+0000",
          "sign" : "gemini"
        },
        {
          "signDate" : "2019-12-10T15:49+0000",
          "timeZone" : 3,
          "date" : "2019-12-12T13:50+0000",
          "age" : 17,
          "moonPhase" : "fullMoon",
          "moonPhaseDate" : "2019-12-12T04:12+0000",
          "sign" : "gemini"
        },
        {
          "signDate" : "2019-12-12T22:24+0000",
          "timeZone" : 3,
          "date" : "2019-12-13T14:43+0000",
          "age" : 18,
          "moonPhase" : "phase3",
          "moonPhaseDate" : "2019-12-12T04:12+0000",
          "sign" : "cancer"
        },
        {
          "signDate" : "2019-12-12T22:24+0000",
          "timeZone" : 3,
          "date" : "2019-12-14T15:43+0000",
          "moonPhase" : "phase3",
          "age" : 19,
          "moonPhaseDate" : "2019-12-12T04:12+0000",
          "sign" : "cancer"
        },
        {
          "signDate" : "2019-12-15T02:53+0000",
          "timeZone" : 3,
          "date" : "2019-12-15T16:47+0000",
          "age" : 20,
          "moonPhase" : "phase3",
          "moonPhaseDate" : "2019-12-12T04:12+0000",
          "sign" : "leo"
        },
        {
          "signDate" : "2019-12-15T02:53+0000",
          "timeZone" : 3,
          "date" : "2019-12-16T17:54+0000",
          "moonPhase" : "phase3",
          "age" : 21,
          "moonPhaseDate" : "2019-12-12T04:12+0000",
          "sign" : "leo"
        },
        {
          "signDate" : "2019-12-17T06:13+0000",
          "timeZone" : 3,
          "date" : "2019-12-17T19:02+0000",
          "age" : 22,
          "moonPhase" : "phase3",
          "moonPhaseDate" : "2019-12-12T04:12+0000",
          "sign" : "virgo"
        },
        {
          "signDate" : "2019-12-17T06:13+0000",
          "timeZone" : 3,
          "date" : "2019-12-18T20:08+0000",
          "age" : 23,
          "moonPhase" : "phase3",
          "moonPhaseDate" : "2019-12-12T04:12+0000",
          "sign" : "virgo"
        },
        {
          "signDate" : "2019-12-17T06:13+0000",
          "timeZone" : 3,
          "date" : "2019-12-19T21:15+0000",
          "age" : 24,
          "moonPhase" : "phase4",
          "moonPhaseDate" : "2019-12-19T03:57+0000",
          "sign" : "libra"
        },
        {
          "signDate" : "2019-12-21T12:01+0000",
          "timeZone" : 3,
          "date" : "2019-12-20T22:20+0000",
          "age" : 25,
          "moonPhase" : "phase4",
          "moonPhaseDate" : "2019-12-19T03:57+0000",
          "sign" : "scorpio"
        },
        {
          "signDate" : "2019-12-21T12:01+0000",
          "timeZone" : 3,
          "date" : "2019-12-21T23:26+0000",
          "age" : 26,
          "moonPhase" : "phase4",
          "moonPhaseDate" : "2019-12-19T03:57+0000",
          "sign" : "scorpio"
        },
        {
          "signDate" : "2019-12-23T15:37+0000",
          "timeZone" : 3,
          "date" : "2019-12-23T00:32+0000",
          "age" : 27,
          "moonPhase" : "phase4",
          "moonPhaseDate" : "2019-12-19T03:57+0000",
          "sign" : "sagittarius"
        },
        {
          "signDate" : "2019-12-23T15:37+0000",
          "timeZone" : 3,
          "date" : "2019-12-24T01:38+0000",
          "age" : 28,
          "moonPhase" : "phase4",
          "moonPhaseDate" : "2019-12-19T03:57+0000",
          "sign" : "sagittarius"
        },
        {
          "signDate" : "2019-12-25T20:46+0000",
          "timeZone" : 3,
          "date" : "2019-12-25T02:42+0000",
          "age" : 29,
          "moonPhase" : "phase4",
          "moonPhaseDate" : "2019-12-19T03:57+0000",
          "sign" : "capricorn"
        },
        {
          "signDate" : "2019-12-25T20:46+0000",
          "timeZone" : 3,
          "date" : "2019-12-26T03:43+0000",
          "age" : 30,
          "moonPhase" : "newMoon",
          "moonPhaseDate" : "2019-12-26T04:13+0000",
          "sign" : "capricorn"
        },
        {
          "signDate" : "2019-12-25T20:46+0000",
          "timeZone" : 3,
          "date" : "2019-12-26T04:13+0000",
          "age" : 1,
          "moonPhase" : "newMoon",
          "moonPhaseDate" : "2019-12-26T04:13+0000",
          "sign" : "capricorn"
        },
        {
          "signDate" : "2019-12-25T20:46+0000",
          "timeZone" : 3,
          "date" : "2019-12-27T04:39+0000",
          "moonPhase" : "phase1",
          "age" : 2,
          "moonPhaseDate" : "2019-12-26T04:13+0000",
          "sign" : "capricorn"
        },
        {
          "signDate" : "2019-12-28T04:21+0000",
          "timeZone" : 3,
          "date" : "2019-12-28T05:28+0000",
          "age" : 3,
          "moonPhase" : "phase1",
          "moonPhaseDate" : "2019-12-26T04:13+0000",
          "sign" : "aquarius"
        },
        {
          "signDate" : "2019-12-28T04:21+0000",
          "timeZone" : 3,
          "date" : "2019-12-29T06:11+0000",
          "age" : 4,
          "moonPhase" : "phase1",
          "moonPhaseDate" : "2019-12-26T04:13+0000",
          "sign" : "aquarius"
        },
        {
          "signDate" : "2019-12-30T14:43+0000",
          "timeZone" : 3,
          "date" : "2019-12-30T06:49+0000",
          "age" : 5,
          "moonPhase" : "phase1",
          "moonPhaseDate" : "2019-12-26T04:13+0000",
          "sign" : "pisces"
        },
        {
          "signDate" : "2019-12-30T14:43+0000",
          "timeZone" : 3,
          "date" : "2019-12-31T07:22+0000",
          "age" : 6,
          "moonPhase" : "phase1",
          "moonPhaseDate" : "2019-12-26T04:13+0000",
          "sign" : "pisces"
        },
        {
          "signDate" : "2019-12-30T14:43+0000",
          "timeZone" : 3,
          "date" : "2020-01-01T07:51+0000",
          "age" : 7,
          "moonPhase" : "phase1",
          "moonPhaseDate" : null,
          "sign" : "pisces"
        },
        {
          "signDate" : "2020-01-02T03:01+0000",
          "timeZone" : 3,
          "date" : "2020-01-02T08:20+0000",
          "moonPhase" : "phase1",
          "age" : 8,
          "moonPhaseDate" : null,
          "sign" : "aries"
        },
        {
          "signDate" : "2020-01-02T03:01+0000",
          "timeZone" : 3,
          "date" : "2020-01-03T08:48+0000",
          "age" : 9,
          "moonPhase" : "phase2",
          "moonPhaseDate" : "2020-01-03T03:45+0000",
          "sign" : "aries"
        },
        {
          "signDate" : "2020-01-04T15:15+0000",
          "timeZone" : 3,
          "date" : "2020-01-04T09:16+0000",
          "age" : 10,
          "moonPhase" : "phase2",
          "moonPhaseDate" : "2020-01-03T03:45+0000",
          "sign" : "taurus"
        },
        {
          "signDate" : "2020-01-04T15:15+0000",
          "timeZone" : 3,
          "date" : "2020-01-05T09:46+0000",
          "age" : 11,
          "moonPhase" : "phase2",
          "moonPhaseDate" : "2020-01-03T03:45+0000",
          "sign" : "taurus"
        },
        {
          "signDate" : "2020-01-04T15:15+0000",
          "timeZone" : 3,
          "date" : "2020-01-06T10:19+0000",
          "age" : 12,
          "moonPhase" : "phase2",
          "moonPhaseDate" : "2020-01-03T03:45+0000",
          "sign" : "taurus"
        },
        {
          "signDate" : "2020-01-07T01:13+0000",
          "timeZone" : 3,
          "date" : "2020-01-07T10:56+0000",
          "age" : 13,
          "moonPhase" : "phase2",
          "moonPhaseDate" : "2020-01-03T03:45+0000",
          "sign" : "gemini"
        },
        {
          "signDate" : "2020-01-07T01:13+0000",
          "timeZone" : 3,
          "date" : "2020-01-08T11:39+0000",
          "moonPhase" : "phase2",
          "age" : 14,
          "moonPhaseDate" : "2020-01-03T03:45+0000",
          "sign" : "gemini"
        },
        {
          "signDate" : "2020-01-09T07:45+0000",
          "timeZone" : 3,
          "date" : "2020-01-09T12:30+0000",
          "age" : 15,
          "moonPhase" : "phase2",
          "moonPhaseDate" : "2020-01-03T03:45+0000",
          "sign" : "cancer"
        },
        {
          "signDate" : "2020-01-09T07:45+0000",
          "timeZone" : 3,
          "date" : "2020-01-10T13:28+0000",
          "age" : 16,
          "moonPhase" : "fullMoon",
          "moonPhaseDate" : "2020-01-10T18:21+0000",
          "sign" : "cancer"
        },
        {
          "signDate" : "2020-01-11T11:16+0000",
          "timeZone" : 3,
          "date" : "2020-01-11T14:32+0000",
          "age" : 17,
          "moonPhase" : "phase3",
          "moonPhaseDate" : "2020-01-10T18:21+0000",
          "sign" : "leo"
        },
        {
          "signDate" : "2020-01-11T11:16+0000",
          "timeZone" : 3,
          "date" : "2020-01-12T15:41+0000",
          "age" : 18,
          "moonPhase" : "phase3",
          "moonPhaseDate" : "2020-01-10T18:21+0000",
          "sign" : "leo"
        },
        {
          "signDate" : "2020-01-13T13:05+0000",
          "timeZone" : 3,
          "date" : "2020-01-13T16:50+0000",
          "moonPhase" : "phase3",
          "age" : 19,
          "moonPhaseDate" : "2020-01-10T18:21+0000",
          "sign" : "virgo"
        },
        {
          "signDate" : "2020-01-13T13:05+0000",
          "timeZone" : 3,
          "date" : "2020-01-14T17:59+0000",
          "age" : 20,
          "moonPhase" : "phase3",
          "moonPhaseDate" : "2020-01-10T18:21+0000",
          "sign" : "virgo"
        },
        {
          "signDate" : "2020-01-15T14:42+0000",
          "timeZone" : 3,
          "date" : "2020-01-15T19:07+0000",
          "age" : 21,
          "moonPhase" : "phase3",
          "moonPhaseDate" : "2020-01-10T18:21+0000",
          "sign" : "libra"
        },
        {
          "signDate" : "2020-01-15T14:42+0000",
          "timeZone" : 3,
          "date" : "2020-01-16T20:13+0000",
          "age" : 22,
          "moonPhase" : "phase3",
          "moonPhaseDate" : "2020-01-10T18:21+0000",
          "sign" : "libra"
        },
        {
          "signDate" : "2020-01-15T14:42+0000",
          "timeZone" : 3,
          "date" : "2020-01-17T21:19+0000",
          "moonPhase" : "phase4",
          "age" : 23,
          "moonPhaseDate" : "2020-01-17T11:58+0000",
          "sign" : "scorpio"
        },
        {
          "signDate" : "2020-01-15T14:42+0000",
          "timeZone" : 3,
          "date" : "2020-01-18T22:24+0000",
          "age" : 24,
          "moonPhase" : "phase4",
          "moonPhaseDate" : "2020-01-17T11:58+0000",
          "sign" : "scorpio"
        },
        {
          "signDate" : "2020-01-19T21:43+0000",
          "timeZone" : 3,
          "date" : "2020-01-19T23:29+0000",
          "age" : 25,
          "moonPhase" : "phase4",
          "moonPhaseDate" : "2020-01-17T11:58+0000",
          "sign" : "sagittarius"
        },
        {
          "signDate" : "2020-01-19T21:43+0000",
          "timeZone" : 3,
          "date" : "2020-01-21T00:32+0000",
          "age" : 26,
          "moonPhase" : "phase4",
          "moonPhaseDate" : "2020-01-17T11:58+0000",
          "sign" : "sagittarius"
        },
        {
          "signDate" : "2020-01-22T04:02+0000",
          "timeZone" : 3,
          "date" : "2020-01-22T01:33+0000",
          "age" : 27,
          "moonPhase" : "phase4",
          "moonPhaseDate" : "2020-01-17T11:58+0000",
          "sign" : "capricorn"
        },
        {
          "signDate" : "2020-01-22T04:02+0000",
          "timeZone" : 3,
          "date" : "2020-01-23T02:30+0000",
          "age" : 28,
          "moonPhase" : "phase4",
          "moonPhaseDate" : "2020-01-17T11:58+0000",
          "sign" : "capricorn"
        },
        {
          "signDate" : "2020-01-24T12:22+0000",
          "timeZone" : 3,
          "date" : "2020-01-24T03:21+0000",
          "age" : 29,
          "moonPhase" : "newMoon",
          "moonPhaseDate" : "2020-01-24T20:42+0000",
          "sign" : "aquarius"
        },
        {
          "signDate" : "2020-01-24T12:22+0000",
          "timeZone" : 3,
          "date" : "2020-01-24T20:42+0000",
          "age" : 1,
          "moonPhase" : "newMoon",
          "moonPhaseDate" : "2020-01-24T20:42+0000",
          "sign" : "aquarius"
        },
        {
          "signDate" : "2020-01-24T12:22+0000",
          "timeZone" : 3,
          "date" : "2020-01-25T04:06+0000",
          "age" : 2,
          "moonPhase" : "phase1",
          "moonPhaseDate" : "2020-01-24T20:42+0000",
          "sign" : "aquarius"
        },
        {
          "signDate" : "2020-01-24T12:22+0000",
          "timeZone" : 3,
          "date" : "2020-01-26T04:46+0000",
          "age" : 3,
          "moonPhase" : "phase1",
          "moonPhaseDate" : "2020-01-24T20:42+0000",
          "sign" : "aquarius"
        },
        {
          "signDate" : "2020-01-26T22:45+0000",
          "timeZone" : 3,
          "date" : "2020-01-27T05:21+0000",
          "moonPhase" : "phase1",
          "age" : 4,
          "moonPhaseDate" : "2020-01-24T20:42+0000",
          "sign" : "pisces"
        },
        {
          "signDate" : "2020-01-26T22:45+0000",
          "timeZone" : 3,
          "date" : "2020-01-28T05:52+0000",
          "age" : 5,
          "moonPhase" : "phase1",
          "moonPhaseDate" : "2020-01-24T20:42+0000",
          "sign" : "pisces"
        },
        {
          "signDate" : "2020-01-29T10:51+0000",
          "timeZone" : 3,
          "date" : "2020-01-29T06:21+0000",
          "moonPhase" : "phase1",
          "age" : 6,
          "moonPhaseDate" : "2020-01-24T20:42+0000",
          "sign" : "aries"
        },
        {
          "signDate" : "2020-01-29T10:51+0000",
          "timeZone" : 3,
          "date" : "2020-01-30T06:49+0000",
          "age" : 7,
          "moonPhase" : "phase1",
          "moonPhaseDate" : "2020-01-24T20:42+0000",
          "sign" : "aries"
        },
        {
          "signDate" : "2020-01-29T10:51+0000",
          "timeZone" : 3,
          "date" : "2020-01-31T07:16+0000",
          "age" : 8,
          "moonPhase" : "phase1",
          "moonPhaseDate" : "2020-01-24T20:42+0000",
          "sign" : "aries"
        },
        {
          "signDate" : "2020-01-29T10:51+0000",
          "timeZone" : 3,
          "date" : "2020-01-31T07:16+0000",
          "age" : 8,
          "moonPhase" : "phase1",
          "moonPhaseDate" : "2020-01-24T20:42+0000",
          "sign" : "aries"
        }
      ],
      "timeZone" : 3,
      "cityName" : "Бейрут"
    }
  ],
  "countryName" : "Ливан"
}