{
  "cities" : [
    {
      "timeZone" : 7,
      "moonDays" : [
        {
          "moonPhase" : null,
          "sign" : "aries",
          "signDate" : "2019-05-01T10:23+0000",
          "timeZone" : 7,
          "age" : 26,
          "moonPhaseDate" : null,
          "date" : "2019-04-30T20:32+0000"
        },
        {
          "moonPhase" : null,
          "sign" : "aries",
          "signDate" : "2019-05-01T10:23+0000",
          "timeZone" : 7,
          "age" : 27,
          "moonPhaseDate" : null,
          "date" : "2019-05-01T21:10+0000"
        },
        {
          "moonPhase" : null,
          "sign" : "aries",
          "signDate" : "2019-05-01T10:23+0000",
          "timeZone" : 7,
          "age" : 28,
          "moonPhaseDate" : null,
          "date" : "2019-05-02T21:48+0000"
        },
        {
          "moonPhase" : null,
          "sign" : "taurus",
          "signDate" : "2019-05-03T20:21+0000",
          "timeZone" : 7,
          "age" : 29,
          "moonPhaseDate" : null,
          "date" : "2019-05-03T22:28+0000"
        },
        {
          "moonPhase" : "newMoon",
          "sign" : "taurus",
          "signDate" : "2019-05-03T20:21+0000",
          "timeZone" : 7,
          "age" : 1,
          "moonPhaseDate" : "2019-05-04T22:45+0000",
          "date" : "2019-05-04T22:45+0000"
        },
        {
          "moonPhase" : "newMoon",
          "sign" : "taurus",
          "signDate" : "2019-05-03T20:21+0000",
          "timeZone" : 7,
          "age" : 2,
          "moonPhaseDate" : "2019-05-04T22:45+0000",
          "date" : "2019-05-04T23:09+0000"
        },
        {
          "moonPhase" : "phase1",
          "sign" : "gemini",
          "signDate" : "2019-05-06T03:42+0000",
          "timeZone" : 7,
          "age" : 3,
          "moonPhaseDate" : "2019-05-04T22:45+0000",
          "date" : "2019-05-05T23:54+0000"
        },
        {
          "moonPhase" : "phase1",
          "sign" : "gemini",
          "signDate" : "2019-05-06T03:42+0000",
          "timeZone" : 7,
          "age" : 4,
          "moonPhaseDate" : "2019-05-04T22:45+0000",
          "date" : "2019-05-07T00:43+0000"
        },
        {
          "moonPhase" : "phase1",
          "sign" : "cancer",
          "signDate" : "2019-05-08T09:05+0000",
          "timeZone" : 7,
          "age" : 5,
          "moonPhaseDate" : "2019-05-04T22:45+0000",
          "date" : "2019-05-08T01:35+0000"
        },
        {
          "moonPhase" : "phase1",
          "sign" : "cancer",
          "signDate" : "2019-05-08T09:05+0000",
          "timeZone" : 7,
          "age" : 6,
          "moonPhaseDate" : "2019-05-04T22:45+0000",
          "date" : "2019-05-09T02:32+0000"
        },
        {
          "moonPhase" : "phase1",
          "sign" : "leo",
          "signDate" : "2019-05-10T13:12+0000",
          "timeZone" : 7,
          "age" : 7,
          "moonPhaseDate" : "2019-05-04T22:45+0000",
          "date" : "2019-05-10T03:30+0000"
        },
        {
          "moonPhase" : "phase1",
          "sign" : "leo",
          "signDate" : "2019-05-10T13:12+0000",
          "timeZone" : 7,
          "age" : 8,
          "date" : "2019-05-11T04:30+0000",
          "moonPhaseDate" : "2019-05-04T22:45+0000"
        },
        {
          "moonPhase" : "phase2",
          "sign" : "virgo",
          "signDate" : "2019-05-12T16:23+0000",
          "timeZone" : 7,
          "age" : 9,
          "date" : "2019-05-12T05:30+0000",
          "moonPhaseDate" : "2019-05-12T01:12+0000"
        },
        {
          "moonPhase" : "phase2",
          "sign" : "virgo",
          "signDate" : "2019-05-12T16:23+0000",
          "timeZone" : 7,
          "age" : 10,
          "moonPhaseDate" : "2019-05-12T01:12+0000",
          "date" : "2019-05-13T06:29+0000"
        },
        {
          "moonPhase" : "phase2",
          "sign" : "virgo",
          "signDate" : "2019-05-12T16:23+0000",
          "timeZone" : 7,
          "age" : 11,
          "date" : "2019-05-14T07:26+0000",
          "moonPhaseDate" : "2019-05-12T01:12+0000"
        },
        {
          "moonPhase" : "phase2",
          "sign" : "libra",
          "signDate" : "2019-05-14T18:53+0000",
          "timeZone" : 7,
          "age" : 12,
          "moonPhaseDate" : "2019-05-12T01:12+0000",
          "date" : "2019-05-15T08:23+0000"
        },
        {
          "moonPhase" : "phase2",
          "sign" : "libra",
          "signDate" : "2019-05-14T18:53+0000",
          "timeZone" : 7,
          "age" : 13,
          "moonPhaseDate" : "2019-05-12T01:12+0000",
          "date" : "2019-05-16T09:19+0000"
        },
        {
          "moonPhase" : "phase2",
          "sign" : "scorpio",
          "signDate" : "2019-05-16T21:25+0000",
          "timeZone" : 7,
          "age" : 14,
          "date" : "2019-05-17T10:15+0000",
          "moonPhaseDate" : "2019-05-12T01:12+0000"
        },
        {
          "sign" : "scorpio",
          "moonPhase" : "phase2",
          "signDate" : "2019-05-16T21:25+0000",
          "timeZone" : 7,
          "age" : 15,
          "moonPhaseDate" : "2019-05-12T01:12+0000",
          "date" : "2019-05-18T11:11+0000"
        },
        {
          "moonPhase" : "fullMoon",
          "sign" : "sagittarius",
          "signDate" : "2019-05-19T01:19+0000",
          "timeZone" : 7,
          "age" : 16,
          "date" : "2019-05-19T12:08+0000",
          "moonPhaseDate" : "2019-05-18T21:11+0000"
        },
        {
          "moonPhase" : "phase3",
          "sign" : "sagittarius",
          "signDate" : "2019-05-19T01:19+0000",
          "timeZone" : 7,
          "age" : 17,
          "moonPhaseDate" : "2019-05-18T21:11+0000",
          "date" : "2019-05-20T13:04+0000"
        },
        {
          "moonPhase" : "phase3",
          "sign" : "capricorn",
          "signDate" : "2019-05-21T07:56+0000",
          "timeZone" : 7,
          "age" : 18,
          "moonPhaseDate" : "2019-05-18T21:11+0000",
          "date" : "2019-05-21T13:59+0000"
        },
        {
          "moonPhase" : "phase3",
          "sign" : "capricorn",
          "signDate" : "2019-05-21T07:56+0000",
          "timeZone" : 7,
          "age" : 19,
          "moonPhaseDate" : "2019-05-18T21:11+0000",
          "date" : "2019-05-22T14:52+0000"
        },
        {
          "moonPhase" : "phase3",
          "sign" : "capricorn",
          "signDate" : "2019-05-21T07:56+0000",
          "timeZone" : 7,
          "age" : 20,
          "moonPhaseDate" : "2019-05-18T21:11+0000",
          "date" : "2019-05-23T15:41+0000"
        },
        {
          "sign" : "aquarius",
          "moonPhase" : "phase3",
          "signDate" : "2019-05-23T17:51+0000",
          "timeZone" : 7,
          "age" : 21,
          "moonPhaseDate" : "2019-05-18T21:11+0000",
          "date" : "2019-05-24T16:27+0000"
        },
        {
          "moonPhase" : "phase4",
          "sign" : "pisces",
          "signDate" : "2019-05-26T06:07+0000",
          "timeZone" : 7,
          "age" : 22,
          "date" : "2019-05-25T17:10+0000",
          "moonPhaseDate" : "2019-05-26T16:33+0000"
        },
        {
          "sign" : "pisces",
          "moonPhase" : "phase4",
          "signDate" : "2019-05-26T06:07+0000",
          "timeZone" : 7,
          "age" : 23,
          "moonPhaseDate" : "2019-05-26T16:33+0000",
          "date" : "2019-05-26T17:51+0000"
        },
        {
          "moonPhase" : "phase4",
          "sign" : "pisces",
          "signDate" : "2019-05-26T06:07+0000",
          "timeZone" : 7,
          "age" : 24,
          "date" : "2019-05-27T18:29+0000",
          "moonPhaseDate" : "2019-05-26T16:33+0000"
        },
        {
          "moonPhase" : "phase4",
          "sign" : "aries",
          "signDate" : "2019-05-28T18:29+0000",
          "timeZone" : 7,
          "age" : 25,
          "moonPhaseDate" : "2019-05-26T16:33+0000",
          "date" : "2019-05-28T19:07+0000"
        },
        {
          "moonPhase" : "phase4",
          "sign" : "aries",
          "signDate" : "2019-05-28T18:29+0000",
          "timeZone" : 7,
          "age" : 26,
          "date" : "2019-05-29T19:45+0000",
          "moonPhaseDate" : "2019-05-26T16:33+0000"
        },
        {
          "moonPhase" : "phase4",
          "sign" : "taurus",
          "signDate" : "2019-05-31T04:44+0000",
          "timeZone" : 7,
          "age" : 27,
          "moonPhaseDate" : "2019-05-26T16:33+0000",
          "date" : "2019-05-30T20:23+0000"
        },
        {
          "moonPhase" : "phase4",
          "sign" : "taurus",
          "signDate" : "2019-05-31T04:44+0000",
          "timeZone" : 7,
          "age" : 28,
          "date" : "2019-05-31T21:04+0000",
          "moonPhaseDate" : null
        },
        {
          "moonPhase" : "phase4",
          "sign" : "gemini",
          "signDate" : "2019-06-02T11:51+0000",
          "timeZone" : 7,
          "age" : 29,
          "date" : "2019-06-01T21:47+0000",
          "moonPhaseDate" : null
        },
        {
          "moonPhase" : "newMoon",
          "sign" : "gemini",
          "signDate" : "2019-06-02T11:51+0000",
          "timeZone" : 7,
          "age" : 30,
          "moonPhaseDate" : "2019-06-03T10:02+0000",
          "date" : "2019-06-02T22:35+0000"
        },
        {
          "moonPhase" : "newMoon",
          "sign" : "gemini",
          "signDate" : "2019-06-02T11:51+0000",
          "timeZone" : 7,
          "age" : 1,
          "moonPhaseDate" : "2019-06-03T10:02+0000",
          "date" : "2019-06-03T10:02+0000"
        },
        {
          "moonPhase" : "phase1",
          "sign" : "cancer",
          "signDate" : "2019-06-04T16:18+0000",
          "timeZone" : 7,
          "age" : 2,
          "moonPhaseDate" : "2019-06-03T10:02+0000",
          "date" : "2019-06-03T23:27+0000"
        },
        {
          "moonPhase" : "phase1",
          "sign" : "cancer",
          "signDate" : "2019-06-04T16:18+0000",
          "timeZone" : 7,
          "age" : 3,
          "moonPhaseDate" : "2019-06-03T10:02+0000",
          "date" : "2019-06-05T00:23+0000"
        },
        {
          "moonPhase" : "phase1",
          "sign" : "cancer",
          "signDate" : "2019-06-04T16:18+0000",
          "timeZone" : 7,
          "age" : 4,
          "moonPhaseDate" : "2019-06-03T10:02+0000",
          "date" : "2019-06-06T01:22+0000"
        },
        {
          "sign" : "leo",
          "moonPhase" : "phase1",
          "signDate" : "2019-06-06T19:14+0000",
          "timeZone" : 7,
          "age" : 5,
          "moonPhaseDate" : "2019-06-03T10:02+0000",
          "date" : "2019-06-07T02:24+0000"
        },
        {
          "moonPhase" : "phase1",
          "sign" : "leo",
          "signDate" : "2019-06-06T19:14+0000",
          "timeZone" : 7,
          "age" : 6,
          "date" : "2019-06-08T03:25+0000",
          "moonPhaseDate" : "2019-06-03T10:02+0000"
        },
        {
          "moonPhase" : "phase1",
          "sign" : "virgo",
          "signDate" : "2019-06-08T21:43+0000",
          "timeZone" : 7,
          "age" : 7,
          "date" : "2019-06-09T04:24+0000",
          "moonPhaseDate" : "2019-06-03T10:02+0000"
        },
        {
          "moonPhase" : "phase2",
          "sign" : "virgo",
          "signDate" : "2019-06-08T21:43+0000",
          "timeZone" : 7,
          "age" : 8,
          "moonPhaseDate" : "2019-06-10T05:59+0000",
          "date" : "2019-06-10T05:22+0000"
        },
        {
          "moonPhase" : "phase2",
          "sign" : "libra",
          "signDate" : "2019-06-11T00:30+0000",
          "timeZone" : 7,
          "age" : 9,
          "date" : "2019-06-11T06:18+0000",
          "moonPhaseDate" : "2019-06-10T05:59+0000"
        },
        {
          "moonPhase" : "phase2",
          "sign" : "libra",
          "signDate" : "2019-06-11T00:30+0000",
          "timeZone" : 7,
          "age" : 10,
          "moonPhaseDate" : "2019-06-10T05:59+0000",
          "date" : "2019-06-12T07:13+0000"
        },
        {
          "moonPhase" : "phase2",
          "sign" : "scorpio",
          "signDate" : "2019-06-13T04:03+0000",
          "timeZone" : 7,
          "age" : 11,
          "moonPhaseDate" : "2019-06-10T05:59+0000",
          "date" : "2019-06-13T08:08+0000"
        },
        {
          "moonPhase" : "phase2",
          "sign" : "scorpio",
          "signDate" : "2019-06-13T04:03+0000",
          "timeZone" : 7,
          "age" : 12,
          "moonPhaseDate" : "2019-06-10T05:59+0000",
          "date" : "2019-06-14T09:02+0000"
        },
        {
          "moonPhase" : "phase2",
          "sign" : "sagittarius",
          "signDate" : "2019-06-15T09:01+0000",
          "timeZone" : 7,
          "age" : 13,
          "date" : "2019-06-15T09:58+0000",
          "moonPhaseDate" : "2019-06-10T05:59+0000"
        },
        {
          "moonPhase" : "phase2",
          "sign" : "sagittarius",
          "signDate" : "2019-06-15T09:01+0000",
          "timeZone" : 7,
          "age" : 14,
          "moonPhaseDate" : "2019-06-10T05:59+0000",
          "date" : "2019-06-16T10:53+0000"
        },
        {
          "moonPhase" : "fullMoon",
          "sign" : "capricorn",
          "signDate" : "2019-06-17T16:11+0000",
          "timeZone" : 7,
          "age" : 15,
          "moonPhaseDate" : "2019-06-17T08:31+0000",
          "date" : "2019-06-17T11:48+0000"
        },
        {
          "moonPhase" : "phase3",
          "sign" : "capricorn",
          "signDate" : "2019-06-17T16:11+0000",
          "timeZone" : 7,
          "age" : 16,
          "date" : "2019-06-18T12:41+0000",
          "moonPhaseDate" : "2019-06-17T08:31+0000"
        },
        {
          "moonPhase" : "phase3",
          "sign" : "capricorn",
          "signDate" : "2019-06-17T16:11+0000",
          "timeZone" : 7,
          "age" : 17,
          "moonPhaseDate" : "2019-06-17T08:31+0000",
          "date" : "2019-06-19T13:33+0000"
        },
        {
          "moonPhase" : "phase3",
          "sign" : "aquarius",
          "signDate" : "2019-06-20T02:01+0000",
          "timeZone" : 7,
          "age" : 18,
          "date" : "2019-06-20T14:21+0000",
          "moonPhaseDate" : "2019-06-17T08:31+0000"
        },
        {
          "moonPhase" : "phase3",
          "sign" : "aquarius",
          "signDate" : "2019-06-20T02:01+0000",
          "timeZone" : 7,
          "age" : 19,
          "date" : "2019-06-21T15:06+0000",
          "moonPhaseDate" : "2019-06-17T08:31+0000"
        },
        {
          "moonPhase" : "phase3",
          "sign" : "pisces",
          "signDate" : "2019-06-22T14:01+0000",
          "timeZone" : 7,
          "age" : 20,
          "date" : "2019-06-22T15:47+0000",
          "moonPhaseDate" : "2019-06-17T08:31+0000"
        },
        {
          "moonPhase" : "phase3",
          "sign" : "pisces",
          "signDate" : "2019-06-22T14:01+0000",
          "timeZone" : 7,
          "age" : 21,
          "date" : "2019-06-23T16:27+0000",
          "moonPhaseDate" : "2019-06-17T08:31+0000"
        },
        {
          "moonPhase" : "phase4",
          "sign" : "aries",
          "signDate" : "2019-06-25T02:34+0000",
          "timeZone" : 7,
          "age" : 22,
          "date" : "2019-06-24T17:04+0000",
          "moonPhaseDate" : "2019-06-25T09:46+0000"
        },
        {
          "moonPhase" : "phase4",
          "sign" : "aries",
          "signDate" : "2019-06-25T02:34+0000",
          "timeZone" : 7,
          "age" : 23,
          "moonPhaseDate" : "2019-06-25T09:46+0000",
          "date" : "2019-06-25T17:41+0000"
        },
        {
          "moonPhase" : "phase4",
          "sign" : "taurus",
          "signDate" : "2019-06-27T13:30+0000",
          "timeZone" : 7,
          "age" : 24,
          "moonPhaseDate" : "2019-06-25T09:46+0000",
          "date" : "2019-06-26T18:19+0000"
        },
        {
          "sign" : "taurus",
          "moonPhase" : "phase4",
          "signDate" : "2019-06-27T13:30+0000",
          "timeZone" : 7,
          "age" : 25,
          "moonPhaseDate" : "2019-06-25T09:46+0000",
          "date" : "2019-06-27T18:58+0000"
        },
        {
          "moonPhase" : "phase4",
          "sign" : "taurus",
          "signDate" : "2019-06-27T13:30+0000",
          "timeZone" : 7,
          "age" : 26,
          "moonPhaseDate" : "2019-06-25T09:46+0000",
          "date" : "2019-06-28T19:39+0000"
        },
        {
          "moonPhase" : "phase4",
          "sign" : "gemini",
          "signDate" : "2019-06-29T21:10+0000",
          "timeZone" : 7,
          "age" : 27,
          "moonPhaseDate" : "2019-06-25T09:46+0000",
          "date" : "2019-06-29T20:24+0000"
        },
        {
          "sign" : "gemini",
          "moonPhase" : "phase4",
          "signDate" : "2019-06-29T21:10+0000",
          "timeZone" : 7,
          "age" : 28,
          "moonPhaseDate" : null,
          "date" : "2019-06-30T21:14+0000"
        },
        {
          "moonPhase" : "phase4",
          "sign" : "cancer",
          "signDate" : "2019-07-02T01:26+0000",
          "timeZone" : 7,
          "age" : 29,
          "date" : "2019-07-01T22:09+0000",
          "moonPhaseDate" : null
        },
        {
          "sign" : "cancer",
          "moonPhase" : "newMoon",
          "signDate" : "2019-07-02T01:26+0000",
          "timeZone" : 7,
          "age" : 1,
          "moonPhaseDate" : "2019-07-02T19:16+0000",
          "date" : "2019-07-02T19:16+0000"
        },
        {
          "moonPhase" : "newMoon",
          "sign" : "cancer",
          "signDate" : "2019-07-02T01:26+0000",
          "timeZone" : 7,
          "age" : 2,
          "moonPhaseDate" : "2019-07-02T19:16+0000",
          "date" : "2019-07-02T23:08+0000"
        },
        {
          "moonPhase" : "phase1",
          "sign" : "leo",
          "signDate" : "2019-07-04T03:21+0000",
          "timeZone" : 7,
          "age" : 3,
          "moonPhaseDate" : "2019-07-02T19:16+0000",
          "date" : "2019-07-04T00:10+0000"
        },
        {
          "moonPhase" : "phase1",
          "sign" : "leo",
          "signDate" : "2019-07-04T03:21+0000",
          "timeZone" : 7,
          "age" : 4,
          "moonPhaseDate" : "2019-07-02T19:16+0000",
          "date" : "2019-07-05T01:14+0000"
        },
        {
          "moonPhase" : "phase1",
          "sign" : "virgo",
          "signDate" : "2019-07-06T04:25+0000",
          "timeZone" : 7,
          "age" : 5,
          "date" : "2019-07-06T02:16+0000",
          "moonPhaseDate" : "2019-07-02T19:16+0000"
        },
        {
          "moonPhase" : "phase1",
          "sign" : "virgo",
          "signDate" : "2019-07-06T04:25+0000",
          "timeZone" : 7,
          "age" : 6,
          "date" : "2019-07-07T03:16+0000",
          "moonPhaseDate" : "2019-07-02T19:16+0000"
        },
        {
          "sign" : "libra",
          "moonPhase" : "phase1",
          "signDate" : "2019-07-08T06:07+0000",
          "timeZone" : 7,
          "age" : 7,
          "moonPhaseDate" : "2019-07-02T19:16+0000",
          "date" : "2019-07-08T04:14+0000"
        },
        {
          "moonPhase" : "phase2",
          "sign" : "libra",
          "signDate" : "2019-07-08T06:07+0000",
          "timeZone" : 7,
          "age" : 8,
          "moonPhaseDate" : "2019-07-09T10:55+0000",
          "date" : "2019-07-09T05:09+0000"
        },
        {
          "moonPhase" : "phase2",
          "sign" : "scorpio",
          "signDate" : "2019-07-10T09:28+0000",
          "timeZone" : 7,
          "age" : 9,
          "moonPhaseDate" : "2019-07-09T10:55+0000",
          "date" : "2019-07-10T06:04+0000"
        },
        {
          "moonPhase" : "phase2",
          "sign" : "scorpio",
          "signDate" : "2019-07-10T09:28+0000",
          "timeZone" : 7,
          "age" : 10,
          "date" : "2019-07-11T06:58+0000",
          "moonPhaseDate" : "2019-07-09T10:55+0000"
        },
        {
          "moonPhase" : "phase2",
          "sign" : "sagittarius",
          "signDate" : "2019-07-12T15:04+0000",
          "timeZone" : 7,
          "age" : 11,
          "date" : "2019-07-12T07:52+0000",
          "moonPhaseDate" : "2019-07-09T10:55+0000"
        },
        {
          "moonPhase" : "phase2",
          "sign" : "sagittarius",
          "signDate" : "2019-07-12T15:04+0000",
          "timeZone" : 7,
          "age" : 12,
          "moonPhaseDate" : "2019-07-09T10:55+0000",
          "date" : "2019-07-13T08:47+0000"
        },
        {
          "moonPhase" : "phase2",
          "sign" : "sagittarius",
          "signDate" : "2019-07-12T15:04+0000",
          "timeZone" : 7,
          "age" : 13,
          "moonPhaseDate" : "2019-07-09T10:55+0000",
          "date" : "2019-07-14T09:41+0000"
        },
        {
          "moonPhase" : "phase2",
          "sign" : "capricorn",
          "signDate" : "2019-07-14T23:03+0000",
          "timeZone" : 7,
          "age" : 14,
          "date" : "2019-07-15T10:35+0000",
          "moonPhaseDate" : "2019-07-09T10:55+0000"
        },
        {
          "moonPhase" : "phase2",
          "sign" : "capricorn",
          "signDate" : "2019-07-14T23:03+0000",
          "timeZone" : 7,
          "age" : 15,
          "moonPhaseDate" : "2019-07-09T10:55+0000",
          "date" : "2019-07-16T11:27+0000"
        },
        {
          "moonPhase" : "fullMoon",
          "sign" : "aquarius",
          "signDate" : "2019-07-17T09:18+0000",
          "timeZone" : 7,
          "age" : 16,
          "date" : "2019-07-17T12:16+0000",
          "moonPhaseDate" : "2019-07-16T21:38+0000"
        },
        {
          "moonPhase" : "phase3",
          "sign" : "aquarius",
          "signDate" : "2019-07-17T09:18+0000",
          "timeZone" : 7,
          "age" : 17,
          "moonPhaseDate" : "2019-07-16T21:38+0000",
          "date" : "2019-07-18T13:01+0000"
        },
        {
          "moonPhase" : "phase3",
          "sign" : "aquarius",
          "signDate" : "2019-07-17T09:18+0000",
          "timeZone" : 7,
          "age" : 18,
          "moonPhaseDate" : "2019-07-16T21:38+0000",
          "date" : "2019-07-19T13:44+0000"
        },
        {
          "moonPhase" : "phase3",
          "sign" : "pisces",
          "signDate" : "2019-07-19T21:19+0000",
          "timeZone" : 7,
          "age" : 19,
          "moonPhaseDate" : "2019-07-16T21:38+0000",
          "date" : "2019-07-20T14:24+0000"
        },
        {
          "sign" : "pisces",
          "moonPhase" : "phase3",
          "signDate" : "2019-07-19T21:19+0000",
          "timeZone" : 7,
          "age" : 20,
          "moonPhaseDate" : "2019-07-16T21:38+0000",
          "date" : "2019-07-21T15:02+0000"
        },
        {
          "sign" : "aries",
          "moonPhase" : "phase3",
          "signDate" : "2019-07-22T10:01+0000",
          "timeZone" : 7,
          "age" : 21,
          "moonPhaseDate" : "2019-07-16T21:38+0000",
          "date" : "2019-07-22T15:39+0000"
        },
        {
          "moonPhase" : "phase3",
          "sign" : "aries",
          "signDate" : "2019-07-22T10:01+0000",
          "timeZone" : 7,
          "age" : 22,
          "date" : "2019-07-23T16:16+0000",
          "moonPhaseDate" : "2019-07-16T21:38+0000"
        },
        {
          "moonPhase" : "phase3",
          "sign" : "aries",
          "signDate" : "2019-07-22T10:01+0000",
          "timeZone" : 7,
          "age" : 23,
          "date" : "2019-07-24T16:54+0000",
          "moonPhaseDate" : "2019-07-16T21:38+0000"
        },
        {
          "moonPhase" : "phase4",
          "sign" : "taurus",
          "signDate" : "2019-07-22T10:01+0000",
          "timeZone" : 7,
          "age" : 24,
          "moonPhaseDate" : "2019-07-25T01:18+0000",
          "date" : "2019-07-25T17:33+0000"
        },
        {
          "moonPhase" : "phase4",
          "sign" : "gemini",
          "signDate" : "2019-07-27T06:28+0000",
          "timeZone" : 7,
          "age" : 25,
          "moonPhaseDate" : "2019-07-25T01:18+0000",
          "date" : "2019-07-26T18:15+0000"
        },
        {
          "moonPhase" : "phase4",
          "sign" : "gemini",
          "signDate" : "2019-07-27T06:28+0000",
          "timeZone" : 7,
          "age" : 26,
          "moonPhaseDate" : "2019-07-25T01:18+0000",
          "date" : "2019-07-27T19:02+0000"
        },
        {
          "moonPhase" : "phase4",
          "sign" : "cancer",
          "signDate" : "2019-07-29T11:30+0000",
          "timeZone" : 7,
          "age" : 27,
          "date" : "2019-07-28T19:53+0000",
          "moonPhaseDate" : "2019-07-25T01:18+0000"
        },
        {
          "moonPhase" : "phase4",
          "sign" : "cancer",
          "signDate" : "2019-07-29T11:30+0000",
          "timeZone" : 7,
          "age" : 28,
          "moonPhaseDate" : "2019-07-25T01:18+0000",
          "date" : "2019-07-29T20:50+0000"
        },
        {
          "moonPhase" : "phase4",
          "sign" : "leo",
          "signDate" : "2019-07-31T13:18+0000",
          "timeZone" : 7,
          "age" : 29,
          "date" : "2019-07-30T21:51+0000",
          "moonPhaseDate" : "2019-07-25T01:18+0000"
        },
        {
          "moonPhase" : "newMoon",
          "sign" : "leo",
          "signDate" : "2019-07-31T13:18+0000",
          "timeZone" : 7,
          "age" : 30,
          "date" : "2019-07-31T22:55+0000",
          "moonPhaseDate" : "2019-08-01T03:12+0000"
        },
        {
          "moonPhase" : "newMoon",
          "sign" : "leo",
          "signDate" : "2019-07-31T13:18+0000",
          "timeZone" : 7,
          "age" : 1,
          "date" : "2019-08-01T03:12+0000",
          "moonPhaseDate" : "2019-08-01T03:12+0000"
        },
        {
          "moonPhase" : "phase1",
          "sign" : "virgo",
          "signDate" : "2019-08-02T13:23+0000",
          "timeZone" : 7,
          "age" : 2,
          "date" : "2019-08-01T23:59+0000",
          "moonPhaseDate" : "2019-08-01T03:12+0000"
        },
        {
          "moonPhase" : "phase1",
          "sign" : "virgo",
          "signDate" : "2019-08-02T13:23+0000",
          "timeZone" : 7,
          "age" : 3,
          "date" : "2019-08-03T01:02+0000",
          "moonPhaseDate" : "2019-08-01T03:12+0000"
        },
        {
          "moonPhase" : "phase1",
          "sign" : "libra",
          "signDate" : "2019-08-04T13:32+0000",
          "timeZone" : 7,
          "age" : 4,
          "moonPhaseDate" : "2019-08-01T03:12+0000",
          "date" : "2019-08-04T02:03+0000"
        },
        {
          "moonPhase" : "phase1",
          "sign" : "libra",
          "signDate" : "2019-08-04T13:32+0000",
          "timeZone" : 7,
          "age" : 5,
          "moonPhaseDate" : "2019-08-01T03:12+0000",
          "date" : "2019-08-05T03:01+0000"
        },
        {
          "moonPhase" : "phase1",
          "sign" : "scorpio",
          "signDate" : "2019-08-06T15:31+0000",
          "timeZone" : 7,
          "age" : 6,
          "date" : "2019-08-06T03:58+0000",
          "moonPhaseDate" : "2019-08-01T03:12+0000"
        },
        {
          "sign" : "scorpio",
          "moonPhase" : "phase1",
          "signDate" : "2019-08-06T15:31+0000",
          "timeZone" : 7,
          "age" : 7,
          "moonPhaseDate" : "2019-08-01T03:12+0000",
          "date" : "2019-08-07T04:54+0000"
        },
        {
          "moonPhase" : "phase2",
          "sign" : "scorpio",
          "signDate" : "2019-08-06T15:31+0000",
          "timeZone" : 7,
          "age" : 8,
          "moonPhaseDate" : "2019-08-07T17:31+0000",
          "date" : "2019-08-08T05:48+0000"
        },
        {
          "moonPhase" : "phase2",
          "sign" : "sagittarius",
          "signDate" : "2019-08-08T20:32+0000",
          "timeZone" : 7,
          "age" : 9,
          "date" : "2019-08-09T06:43+0000",
          "moonPhaseDate" : "2019-08-07T17:31+0000"
        },
        {
          "moonPhase" : "phase2",
          "sign" : "sagittarius",
          "signDate" : "2019-08-08T20:32+0000",
          "timeZone" : 7,
          "age" : 10,
          "moonPhaseDate" : "2019-08-07T17:31+0000",
          "date" : "2019-08-10T07:37+0000"
        },
        {
          "sign" : "capricorn",
          "moonPhase" : "phase2",
          "signDate" : "2019-08-11T04:48+0000",
          "timeZone" : 7,
          "age" : 11,
          "moonPhaseDate" : "2019-08-07T17:31+0000",
          "date" : "2019-08-11T08:31+0000"
        },
        {
          "moonPhase" : "phase2",
          "sign" : "capricorn",
          "signDate" : "2019-08-11T04:48+0000",
          "timeZone" : 7,
          "age" : 12,
          "moonPhaseDate" : "2019-08-07T17:31+0000",
          "date" : "2019-08-12T09:23+0000"
        },
        {
          "moonPhase" : "phase2",
          "sign" : "aquarius",
          "signDate" : "2019-08-13T15:36+0000",
          "timeZone" : 7,
          "age" : 13,
          "date" : "2019-08-13T10:12+0000",
          "moonPhaseDate" : "2019-08-07T17:31+0000"
        },
        {
          "moonPhase" : "phase2",
          "sign" : "aquarius",
          "signDate" : "2019-08-13T15:36+0000",
          "timeZone" : 7,
          "age" : 14,
          "moonPhaseDate" : "2019-08-07T17:31+0000",
          "date" : "2019-08-14T10:59+0000"
        },
        {
          "sign" : "aquarius",
          "moonPhase" : "fullMoon",
          "signDate" : "2019-08-13T15:36+0000",
          "timeZone" : 7,
          "age" : 15,
          "moonPhaseDate" : "2019-08-15T12:29+0000",
          "date" : "2019-08-15T11:42+0000"
        },
        {
          "moonPhase" : "phase3",
          "sign" : "pisces",
          "signDate" : "2019-08-16T03:50+0000",
          "timeZone" : 7,
          "age" : 16,
          "moonPhaseDate" : "2019-08-15T12:29+0000",
          "date" : "2019-08-16T12:23+0000"
        },
        {
          "moonPhase" : "phase3",
          "sign" : "pisces",
          "signDate" : "2019-08-16T03:50+0000",
          "timeZone" : 7,
          "age" : 17,
          "date" : "2019-08-17T13:02+0000",
          "moonPhaseDate" : "2019-08-15T12:29+0000"
        },
        {
          "moonPhase" : "phase3",
          "sign" : "aries",
          "signDate" : "2019-08-18T16:32+0000",
          "timeZone" : 7,
          "age" : 18,
          "date" : "2019-08-18T13:39+0000",
          "moonPhaseDate" : "2019-08-15T12:29+0000"
        },
        {
          "sign" : "aries",
          "moonPhase" : "phase3",
          "signDate" : "2019-08-18T16:32+0000",
          "timeZone" : 7,
          "age" : 19,
          "moonPhaseDate" : "2019-08-15T12:29+0000",
          "date" : "2019-08-19T14:15+0000"
        },
        {
          "moonPhase" : "phase3",
          "sign" : "aries",
          "signDate" : "2019-08-18T16:32+0000",
          "timeZone" : 7,
          "age" : 20,
          "date" : "2019-08-20T14:52+0000",
          "moonPhaseDate" : "2019-08-15T12:29+0000"
        },
        {
          "moonPhase" : "phase3",
          "sign" : "taurus",
          "signDate" : "2019-08-21T04:36+0000",
          "timeZone" : 7,
          "age" : 21,
          "moonPhaseDate" : "2019-08-15T12:29+0000",
          "date" : "2019-08-21T15:30+0000"
        },
        {
          "moonPhase" : "phase3",
          "sign" : "taurus",
          "signDate" : "2019-08-21T04:36+0000",
          "timeZone" : 7,
          "age" : 22,
          "date" : "2019-08-22T16:10+0000",
          "moonPhaseDate" : "2019-08-15T12:29+0000"
        },
        {
          "moonPhase" : "phase4",
          "sign" : "gemini",
          "signDate" : "2019-08-23T14:34+0000",
          "timeZone" : 7,
          "age" : 23,
          "moonPhaseDate" : "2019-08-23T14:56+0000",
          "date" : "2019-08-23T16:54+0000"
        },
        {
          "moonPhase" : "phase4",
          "sign" : "gemini",
          "signDate" : "2019-08-23T14:34+0000",
          "timeZone" : 7,
          "age" : 24,
          "date" : "2019-08-24T17:42+0000",
          "moonPhaseDate" : "2019-08-23T14:56+0000"
        },
        {
          "moonPhase" : "phase4",
          "sign" : "cancer",
          "signDate" : "2019-08-25T21:05+0000",
          "timeZone" : 7,
          "age" : 25,
          "moonPhaseDate" : "2019-08-23T14:56+0000",
          "date" : "2019-08-25T18:34+0000"
        },
        {
          "moonPhase" : "phase4",
          "sign" : "cancer",
          "signDate" : "2019-08-25T21:05+0000",
          "timeZone" : 7,
          "age" : 26,
          "date" : "2019-08-26T19:32+0000",
          "moonPhaseDate" : "2019-08-23T14:56+0000"
        },
        {
          "moonPhase" : "phase4",
          "sign" : "leo",
          "signDate" : "2019-08-27T23:51+0000",
          "timeZone" : 7,
          "age" : 27,
          "date" : "2019-08-27T20:34+0000",
          "moonPhaseDate" : "2019-08-23T14:56+0000"
        },
        {
          "moonPhase" : "phase4",
          "sign" : "leo",
          "signDate" : "2019-08-27T23:51+0000",
          "timeZone" : 7,
          "age" : 28,
          "moonPhaseDate" : "2019-08-23T14:56+0000",
          "date" : "2019-08-28T21:38+0000"
        },
        {
          "moonPhase" : "newMoon",
          "sign" : "virgo",
          "signDate" : "2019-08-29T23:57+0000",
          "timeZone" : 7,
          "age" : 29,
          "moonPhaseDate" : "2019-08-30T10:37+0000",
          "date" : "2019-08-29T22:42+0000"
        },
        {
          "moonPhase" : "newMoon",
          "sign" : "virgo",
          "signDate" : "2019-08-29T23:57+0000",
          "timeZone" : 7,
          "age" : 1,
          "moonPhaseDate" : "2019-08-30T10:37+0000",
          "date" : "2019-08-30T10:37+0000"
        },
        {
          "sign" : "virgo",
          "moonPhase" : "phase1",
          "signDate" : "2019-08-29T23:57+0000",
          "timeZone" : 7,
          "age" : 2,
          "moonPhaseDate" : "2019-08-30T10:37+0000",
          "date" : "2019-08-30T23:45+0000"
        },
        {
          "moonPhase" : "phase1",
          "sign" : "libra",
          "signDate" : "2019-08-31T23:12+0000",
          "timeZone" : 7,
          "age" : 3,
          "date" : "2019-09-01T00:46+0000",
          "moonPhaseDate" : null
        },
        {
          "moonPhase" : "phase1",
          "sign" : "libra",
          "signDate" : "2019-08-31T23:12+0000",
          "timeZone" : 7,
          "age" : 4,
          "moonPhaseDate" : null,
          "date" : "2019-09-02T01:45+0000"
        },
        {
          "moonPhase" : "phase1",
          "sign" : "scorpio",
          "signDate" : "2019-09-02T23:38+0000",
          "timeZone" : 7,
          "age" : 5,
          "date" : "2019-09-03T02:43+0000",
          "moonPhaseDate" : null
        },
        {
          "sign" : "scorpio",
          "moonPhase" : "phase1",
          "signDate" : "2019-09-02T23:38+0000",
          "timeZone" : 7,
          "age" : 6,
          "moonPhaseDate" : null,
          "date" : "2019-09-04T03:40+0000"
        },
        {
          "signDate" : "2019-09-05T03:06+0000",
          "timeZone" : 7,
          "age" : 7,
          "moonPhase" : "phase1",
          "moonPhaseDate" : null,
          "date" : "2019-09-05T04:37+0000",
          "sign" : "sagittarius"
        },
        {
          "signDate" : "2019-09-05T03:06+0000",
          "timeZone" : 7,
          "age" : 8,
          "moonPhase" : "phase2",
          "moonPhaseDate" : "2019-09-06T03:10+0000",
          "date" : "2019-09-06T05:32+0000",
          "sign" : "sagittarius"
        },
        {
          "signDate" : "2019-09-07T10:35+0000",
          "timeZone" : 7,
          "moonPhaseDate" : "2019-09-06T03:10+0000",
          "moonPhase" : "phase2",
          "age" : 9,
          "date" : "2019-09-07T06:27+0000",
          "sign" : "capricorn"
        },
        {
          "signDate" : "2019-09-07T10:35+0000",
          "timeZone" : 7,
          "age" : 10,
          "moonPhaseDate" : "2019-09-06T03:10+0000",
          "moonPhase" : "phase2",
          "date" : "2019-09-08T07:20+0000",
          "sign" : "capricorn"
        },
        {
          "signDate" : "2019-09-07T10:35+0000",
          "timeZone" : 7,
          "age" : 11,
          "moonPhaseDate" : "2019-09-06T03:10+0000",
          "moonPhase" : "phase2",
          "date" : "2019-09-09T08:10+0000",
          "sign" : "capricorn"
        },
        {
          "signDate" : "2019-09-09T21:25+0000",
          "timeZone" : 7,
          "age" : 12,
          "moonPhaseDate" : "2019-09-06T03:10+0000",
          "moonPhase" : "phase2",
          "date" : "2019-09-10T08:57+0000",
          "sign" : "aquarius"
        },
        {
          "signDate" : "2019-09-09T21:25+0000",
          "timeZone" : 7,
          "moonPhaseDate" : "2019-09-06T03:10+0000",
          "age" : 13,
          "moonPhase" : "phase2",
          "date" : "2019-09-11T09:41+0000",
          "sign" : "aquarius"
        },
        {
          "signDate" : "2019-09-12T09:53+0000",
          "timeZone" : 7,
          "moonPhaseDate" : "2019-09-06T03:10+0000",
          "moonPhase" : "phase2",
          "age" : 14,
          "date" : "2019-09-12T10:23+0000",
          "sign" : "pisces"
        },
        {
          "signDate" : "2019-09-12T09:53+0000",
          "timeZone" : 7,
          "moonPhaseDate" : "2019-09-06T03:10+0000",
          "moonPhase" : "phase2",
          "age" : 15,
          "date" : "2019-09-13T11:02+0000",
          "sign" : "pisces"
        },
        {
          "signDate" : "2019-09-12T09:53+0000",
          "timeZone" : 7,
          "age" : 16,
          "moonPhase" : "fullMoon",
          "moonPhaseDate" : "2019-09-14T04:33+0000",
          "date" : "2019-09-14T11:39+0000",
          "sign" : "pisces"
        },
        {
          "signDate" : "2019-09-14T22:32+0000",
          "timeZone" : 7,
          "age" : 17,
          "moonPhase" : "phase3",
          "moonPhaseDate" : "2019-09-14T04:33+0000",
          "date" : "2019-09-15T12:16+0000",
          "sign" : "aries"
        },
        {
          "signDate" : "2019-09-14T22:32+0000",
          "timeZone" : 7,
          "moonPhaseDate" : "2019-09-14T04:33+0000",
          "moonPhase" : "phase3",
          "age" : 18,
          "date" : "2019-09-16T12:53+0000",
          "sign" : "aries"
        },
        {
          "signDate" : "2019-09-17T10:30+0000",
          "timeZone" : 7,
          "age" : 19,
          "moonPhase" : "phase3",
          "moonPhaseDate" : "2019-09-14T04:33+0000",
          "date" : "2019-09-17T13:29+0000",
          "sign" : "taurus"
        },
        {
          "signDate" : "2019-09-17T10:30+0000",
          "timeZone" : 7,
          "moonPhaseDate" : "2019-09-14T04:33+0000",
          "moonPhase" : "phase3",
          "age" : 20,
          "date" : "2019-09-18T14:09+0000",
          "sign" : "taurus"
        },
        {
          "signDate" : "2019-09-17T10:30+0000",
          "timeZone" : 7,
          "moonPhaseDate" : "2019-09-14T04:33+0000",
          "moonPhase" : "phase3",
          "age" : 21,
          "date" : "2019-09-19T14:51+0000",
          "sign" : "taurus"
        },
        {
          "signDate" : "2019-09-19T20:58+0000",
          "timeZone" : 7,
          "moonPhaseDate" : "2019-09-14T04:33+0000",
          "moonPhase" : "phase3",
          "age" : 22,
          "date" : "2019-09-20T15:36+0000",
          "sign" : "gemini"
        },
        {
          "signDate" : "2019-09-19T20:58+0000",
          "timeZone" : 7,
          "age" : 23,
          "moonPhaseDate" : "2019-09-14T04:33+0000",
          "moonPhase" : "phase3",
          "date" : "2019-09-21T16:26+0000",
          "sign" : "gemini"
        },
        {
          "signDate" : "2019-09-19T20:58+0000",
          "timeZone" : 7,
          "moonPhaseDate" : "2019-09-22T02:41+0000",
          "age" : 24,
          "moonPhase" : "phase4",
          "date" : "2019-09-22T17:20+0000",
          "sign" : "cancer"
        },
        {
          "signDate" : "2019-09-24T09:19+0000",
          "timeZone" : 7,
          "moonPhase" : "phase4",
          "age" : 25,
          "moonPhaseDate" : "2019-09-22T02:41+0000",
          "date" : "2019-09-23T18:18+0000",
          "sign" : "leo"
        },
        {
          "signDate" : "2019-09-24T09:19+0000",
          "timeZone" : 7,
          "age" : 26,
          "moonPhase" : "phase4",
          "moonPhaseDate" : "2019-09-22T02:41+0000",
          "date" : "2019-09-24T19:19+0000",
          "sign" : "leo"
        },
        {
          "signDate" : "2019-09-26T10:35+0000",
          "timeZone" : 7,
          "age" : 27,
          "moonPhase" : "phase4",
          "moonPhaseDate" : "2019-09-22T02:41+0000",
          "date" : "2019-09-25T20:21+0000",
          "sign" : "virgo"
        },
        {
          "signDate" : "2019-09-26T10:35+0000",
          "timeZone" : 7,
          "age" : 28,
          "moonPhase" : "phase4",
          "moonPhaseDate" : "2019-09-22T02:41+0000",
          "date" : "2019-09-26T21:24+0000",
          "sign" : "virgo"
        },
        {
          "signDate" : "2019-09-28T10:04+0000",
          "timeZone" : 7,
          "age" : 29,
          "moonPhase" : "phase4",
          "moonPhaseDate" : "2019-09-22T02:41+0000",
          "date" : "2019-09-27T22:25+0000",
          "sign" : "libra"
        },
        {
          "signDate" : "2019-09-28T10:04+0000",
          "timeZone" : 7,
          "moonPhaseDate" : "2019-09-28T18:26+0000",
          "age" : 1,
          "moonPhase" : "newMoon",
          "date" : "2019-09-28T18:26+0000",
          "sign" : "libra"
        },
        {
          "signDate" : "2019-09-28T10:04+0000",
          "timeZone" : 7,
          "moonPhaseDate" : "2019-09-28T18:26+0000",
          "age" : 2,
          "moonPhase" : "newMoon",
          "date" : "2019-09-28T23:26+0000",
          "sign" : "libra"
        },
        {
          "signDate" : "2019-09-30T09:45+0000",
          "timeZone" : 7,
          "age" : 3,
          "moonPhase" : "phase1",
          "moonPhaseDate" : "2019-09-28T18:26+0000",
          "date" : "2019-09-30T00:26+0000",
          "sign" : "scorpio"
        },
        {
          "signDate" : "2019-09-30T09:45+0000",
          "timeZone" : 7,
          "moonPhaseDate" : null,
          "moonPhase" : "phase1",
          "age" : 4,
          "date" : "2019-10-01T01:25+0000",
          "sign" : "scorpio"
        },
        {
          "signDate" : "2019-10-02T11:45+0000",
          "timeZone" : 7,
          "moonPhaseDate" : null,
          "moonPhase" : "phase1",
          "age" : 5,
          "date" : "2019-10-02T02:24+0000",
          "sign" : "sagittarius"
        },
        {
          "signDate" : "2019-10-02T11:45+0000",
          "timeZone" : 7,
          "moonPhaseDate" : null,
          "age" : 6,
          "moonPhase" : "phase1",
          "date" : "2019-10-03T03:22+0000",
          "sign" : "sagittarius"
        },
        {
          "signDate" : "2019-10-02T11:45+0000",
          "timeZone" : 7,
          "age" : 7,
          "moonPhase" : "phase1",
          "moonPhaseDate" : null,
          "date" : "2019-10-04T04:19+0000",
          "sign" : "sagittarius"
        },
        {
          "signDate" : "2019-10-04T17:41+0000",
          "timeZone" : 7,
          "moonPhaseDate" : "2019-10-05T16:47+0000",
          "age" : 8,
          "moonPhase" : "phase2",
          "date" : "2019-10-05T05:14+0000",
          "sign" : "capricorn"
        },
        {
          "signDate" : "2019-10-04T17:41+0000",
          "timeZone" : 7,
          "age" : 9,
          "moonPhase" : "phase2",
          "moonPhaseDate" : "2019-10-05T16:47+0000",
          "date" : "2019-10-06T06:06+0000",
          "sign" : "capricorn"
        },
        {
          "signDate" : "2019-10-07T03:43+0000",
          "timeZone" : 7,
          "age" : 10,
          "moonPhase" : "phase2",
          "moonPhaseDate" : "2019-10-05T16:47+0000",
          "date" : "2019-10-07T06:54+0000",
          "sign" : "aquarius"
        },
        {
          "signDate" : "2019-10-07T03:43+0000",
          "timeZone" : 7,
          "age" : 11,
          "moonPhase" : "phase2",
          "moonPhaseDate" : "2019-10-05T16:47+0000",
          "date" : "2019-10-08T07:40+0000",
          "sign" : "aquarius"
        },
        {
          "signDate" : "2019-10-09T16:08+0000",
          "timeZone" : 7,
          "age" : 12,
          "moonPhaseDate" : "2019-10-05T16:47+0000",
          "moonPhase" : "phase2",
          "date" : "2019-10-09T08:22+0000",
          "sign" : "pisces"
        },
        {
          "signDate" : "2019-10-09T16:08+0000",
          "timeZone" : 7,
          "moonPhase" : "phase2",
          "age" : 13,
          "moonPhaseDate" : "2019-10-05T16:47+0000",
          "date" : "2019-10-10T09:02+0000",
          "sign" : "pisces"
        },
        {
          "signDate" : "2019-10-09T16:08+0000",
          "timeZone" : 7,
          "age" : 14,
          "moonPhaseDate" : "2019-10-05T16:47+0000",
          "moonPhase" : "phase2",
          "date" : "2019-10-11T09:40+0000",
          "sign" : "pisces"
        },
        {
          "signDate" : "2019-10-12T04:46+0000",
          "timeZone" : 7,
          "moonPhaseDate" : "2019-10-05T16:47+0000",
          "moonPhase" : "phase2",
          "age" : 15,
          "date" : "2019-10-12T10:16+0000",
          "sign" : "aries"
        },
        {
          "signDate" : "2019-10-12T04:46+0000",
          "timeZone" : 7,
          "moonPhase" : "phase2",
          "age" : 16,
          "moonPhaseDate" : "2019-10-05T16:47+0000",
          "date" : "2019-10-13T10:53+0000",
          "sign" : "aries"
        },
        {
          "signDate" : "2019-10-14T16:23+0000",
          "timeZone" : 7,
          "age" : 17,
          "moonPhase" : "fullMoon",
          "moonPhaseDate" : "2019-10-13T21:08+0000",
          "date" : "2019-10-14T11:30+0000",
          "sign" : "taurus"
        },
        {
          "signDate" : "2019-10-14T16:23+0000",
          "timeZone" : 7,
          "age" : 18,
          "moonPhase" : "phase3",
          "moonPhaseDate" : "2019-10-13T21:08+0000",
          "date" : "2019-10-15T12:09+0000",
          "sign" : "taurus"
        },
        {
          "signDate" : "2019-10-14T16:23+0000",
          "timeZone" : 7,
          "age" : 19,
          "moonPhaseDate" : "2019-10-13T21:08+0000",
          "moonPhase" : "phase3",
          "date" : "2019-10-16T12:50+0000",
          "sign" : "taurus"
        },
        {
          "signDate" : "2019-10-17T02:29+0000",
          "timeZone" : 7,
          "age" : 20,
          "moonPhase" : "phase3",
          "moonPhaseDate" : "2019-10-13T21:08+0000",
          "date" : "2019-10-17T13:34+0000",
          "sign" : "gemini"
        },
        {
          "signDate" : "2019-10-17T02:29+0000",
          "timeZone" : 7,
          "age" : 21,
          "moonPhase" : "phase3",
          "moonPhaseDate" : "2019-10-13T21:08+0000",
          "date" : "2019-10-18T14:22+0000",
          "sign" : "gemini"
        },
        {
          "signDate" : "2019-10-19T10:42+0000",
          "timeZone" : 7,
          "moonPhaseDate" : "2019-10-13T21:08+0000",
          "age" : 22,
          "moonPhase" : "phase3",
          "date" : "2019-10-19T15:14+0000",
          "sign" : "cancer"
        },
        {
          "signDate" : "2019-10-19T10:42+0000",
          "timeZone" : 7,
          "moonPhaseDate" : "2019-10-13T21:08+0000",
          "moonPhase" : "phase3",
          "age" : 23,
          "date" : "2019-10-20T16:10+0000",
          "sign" : "cancer"
        },
        {
          "signDate" : "2019-10-19T10:42+0000",
          "timeZone" : 7,
          "moonPhaseDate" : "2019-10-21T12:39+0000",
          "moonPhase" : "phase4",
          "age" : 24,
          "date" : "2019-10-21T17:07+0000",
          "sign" : "leo"
        },
        {
          "signDate" : "2019-10-19T10:42+0000",
          "timeZone" : 7,
          "age" : 25,
          "moonPhaseDate" : "2019-10-21T12:39+0000",
          "moonPhase" : "phase4",
          "date" : "2019-10-22T18:08+0000",
          "sign" : "leo"
        },
        {
          "signDate" : "2019-10-23T19:30+0000",
          "timeZone" : 7,
          "moonPhase" : "phase4",
          "moonPhaseDate" : "2019-10-21T12:39+0000",
          "age" : 26,
          "date" : "2019-10-23T19:08+0000",
          "sign" : "virgo"
        },
        {
          "signDate" : "2019-10-23T19:30+0000",
          "timeZone" : 7,
          "age" : 27,
          "moonPhase" : "phase4",
          "moonPhaseDate" : "2019-10-21T12:39+0000",
          "date" : "2019-10-24T20:08+0000",
          "sign" : "virgo"
        },
        {
          "signDate" : "2019-10-25T20:20+0000",
          "timeZone" : 7,
          "moonPhaseDate" : "2019-10-21T12:39+0000",
          "moonPhase" : "phase4",
          "age" : 28,
          "date" : "2019-10-25T21:08+0000",
          "sign" : "libra"
        },
        {
          "signDate" : "2019-10-25T20:20+0000",
          "timeZone" : 7,
          "age" : 29,
          "moonPhase" : "phase4",
          "moonPhaseDate" : "2019-10-21T12:39+0000",
          "date" : "2019-10-26T22:07+0000",
          "sign" : "libra"
        },
        {
          "signDate" : "2019-10-27T20:31+0000",
          "timeZone" : 7,
          "age" : 30,
          "moonPhaseDate" : "2019-10-28T03:38+0000",
          "moonPhase" : "newMoon",
          "date" : "2019-10-27T23:06+0000",
          "sign" : "scorpio"
        },
        {
          "signDate" : "2019-10-27T20:31+0000",
          "timeZone" : 7,
          "age" : 1,
          "moonPhase" : "newMoon",
          "moonPhaseDate" : "2019-10-28T03:38+0000",
          "date" : "2019-10-28T03:38+0000",
          "sign" : "scorpio"
        },
        {
          "signDate" : "2019-10-27T20:31+0000",
          "timeZone" : 7,
          "age" : 2,
          "moonPhaseDate" : "2019-10-28T03:38+0000",
          "moonPhase" : "phase1",
          "date" : "2019-10-29T00:05+0000",
          "sign" : "scorpio"
        },
        {
          "signDate" : "2019-10-29T22:00+0000",
          "timeZone" : 7,
          "age" : 3,
          "moonPhase" : "phase1",
          "moonPhaseDate" : "2019-10-28T03:38+0000",
          "date" : "2019-10-30T01:05+0000",
          "sign" : "sagittarius"
        },
        {
          "signDate" : "2019-10-29T22:00+0000",
          "timeZone" : 7,
          "moonPhaseDate" : "2019-10-28T03:38+0000",
          "moonPhase" : "phase1",
          "age" : 4,
          "date" : "2019-10-31T02:04+0000",
          "sign" : "sagittarius"
        },
        {
          "signDate" : "2019-11-01T02:38+0000",
          "timeZone" : 7,
          "moonPhase" : "phase1",
          "age" : 5,
          "moonPhaseDate" : null,
          "date" : "2019-11-01T03:02+0000",
          "sign" : "capricorn"
        },
        {
          "signDate" : "2019-11-01T02:38+0000",
          "timeZone" : 7,
          "age" : 6,
          "moonPhaseDate" : null,
          "moonPhase" : "phase1",
          "date" : "2019-11-02T03:57+0000",
          "sign" : "capricorn"
        },
        {
          "signDate" : "2019-11-03T11:21+0000",
          "timeZone" : 7,
          "age" : 7,
          "moonPhase" : "phase1",
          "moonPhaseDate" : null,
          "date" : "2019-11-03T04:48+0000",
          "sign" : "aquarius"
        },
        {
          "signDate" : "2019-11-03T11:21+0000",
          "timeZone" : 7,
          "moonPhaseDate" : "2019-11-04T10:23+0000",
          "moonPhase" : "phase2",
          "age" : 8,
          "date" : "2019-11-04T05:36+0000",
          "sign" : "aquarius"
        },
        {
          "signDate" : "2019-11-03T11:21+0000",
          "timeZone" : 7,
          "moonPhaseDate" : "2019-11-04T10:23+0000",
          "moonPhase" : "phase2",
          "age" : 9,
          "date" : "2019-11-05T06:20+0000",
          "sign" : "aquarius"
        },
        {
          "signDate" : "2019-11-05T23:11+0000",
          "timeZone" : 7,
          "age" : 10,
          "moonPhaseDate" : "2019-11-04T10:23+0000",
          "moonPhase" : "phase2",
          "date" : "2019-11-06T07:00+0000",
          "sign" : "pisces"
        },
        {
          "signDate" : "2019-11-05T23:11+0000",
          "timeZone" : 7,
          "age" : 11,
          "moonPhaseDate" : "2019-11-04T10:23+0000",
          "moonPhase" : "phase2",
          "date" : "2019-11-07T07:39+0000",
          "sign" : "pisces"
        },
        {
          "signDate" : "2019-11-08T11:50+0000",
          "timeZone" : 7,
          "age" : 12,
          "moonPhaseDate" : "2019-11-04T10:23+0000",
          "moonPhase" : "phase2",
          "date" : "2019-11-08T08:16+0000",
          "sign" : "aries"
        },
        {
          "signDate" : "2019-11-08T11:50+0000",
          "timeZone" : 7,
          "age" : 13,
          "moonPhase" : "phase2",
          "moonPhaseDate" : "2019-11-04T10:23+0000",
          "date" : "2019-11-09T08:52+0000",
          "sign" : "aries"
        },
        {
          "signDate" : "2019-11-08T11:50+0000",
          "timeZone" : 7,
          "age" : 14,
          "moonPhaseDate" : "2019-11-04T10:23+0000",
          "moonPhase" : "phase2",
          "date" : "2019-11-10T09:29+0000",
          "sign" : "aries"
        },
        {
          "signDate" : "2019-11-10T23:19+0000",
          "timeZone" : 7,
          "age" : 15,
          "moonPhaseDate" : "2019-11-04T10:23+0000",
          "moonPhase" : "phase2",
          "date" : "2019-11-11T10:07+0000",
          "sign" : "taurus"
        },
        {
          "signDate" : "2019-11-10T23:19+0000",
          "timeZone" : 7,
          "age" : 16,
          "moonPhase" : "fullMoon",
          "moonPhaseDate" : "2019-11-12T13:35+0000",
          "date" : "2019-11-12T10:48+0000",
          "sign" : "taurus"
        },
        {
          "signDate" : "2019-11-13T08:45+0000",
          "timeZone" : 7,
          "moonPhaseDate" : "2019-11-12T13:35+0000",
          "moonPhase" : "phase3",
          "age" : 17,
          "date" : "2019-11-13T11:31+0000",
          "sign" : "gemini"
        },
        {
          "signDate" : "2019-11-13T08:45+0000",
          "timeZone" : 7,
          "age" : 18,
          "moonPhaseDate" : "2019-11-12T13:35+0000",
          "moonPhase" : "phase3",
          "date" : "2019-11-14T12:19+0000",
          "sign" : "gemini"
        },
        {
          "signDate" : "2019-11-15T16:12+0000",
          "timeZone" : 7,
          "moonPhase" : "phase3",
          "moonPhaseDate" : "2019-11-12T13:35+0000",
          "age" : 19,
          "date" : "2019-11-15T13:10+0000",
          "sign" : "cancer"
        },
        {
          "signDate" : "2019-11-15T16:12+0000",
          "timeZone" : 7,
          "age" : 20,
          "moonPhaseDate" : "2019-11-12T13:35+0000",
          "moonPhase" : "phase3",
          "date" : "2019-11-16T14:05+0000",
          "sign" : "cancer"
        },
        {
          "signDate" : "2019-11-15T16:12+0000",
          "timeZone" : 7,
          "age" : 21,
          "moonPhase" : "phase3",
          "moonPhaseDate" : "2019-11-12T13:35+0000",
          "date" : "2019-11-17T15:03+0000",
          "sign" : "cancer"
        },
        {
          "signDate" : "2019-11-17T21:54+0000",
          "timeZone" : 7,
          "moonPhase" : "phase3",
          "age" : 22,
          "moonPhaseDate" : "2019-11-12T13:35+0000",
          "date" : "2019-11-18T16:02+0000",
          "sign" : "leo"
        },
        {
          "signDate" : "2019-11-20T01:54+0000",
          "timeZone" : 7,
          "moonPhaseDate" : "2019-11-19T21:11+0000",
          "moonPhase" : "phase4",
          "age" : 23,
          "date" : "2019-11-19T17:01+0000",
          "sign" : "virgo"
        },
        {
          "signDate" : "2019-11-20T01:54+0000",
          "timeZone" : 7,
          "moonPhase" : "phase4",
          "moonPhaseDate" : "2019-11-19T21:11+0000",
          "age" : 24,
          "date" : "2019-11-20T17:59+0000",
          "sign" : "virgo"
        },
        {
          "signDate" : "2019-11-22T04:22+0000",
          "timeZone" : 7,
          "moonPhase" : "phase4",
          "moonPhaseDate" : "2019-11-19T21:11+0000",
          "age" : 25,
          "date" : "2019-11-21T18:57+0000",
          "sign" : "libra"
        },
        {
          "signDate" : "2019-11-22T04:22+0000",
          "timeZone" : 7,
          "moonPhaseDate" : "2019-11-19T21:11+0000",
          "moonPhase" : "phase4",
          "age" : 26,
          "date" : "2019-11-22T19:54+0000",
          "sign" : "libra"
        },
        {
          "signDate" : "2019-11-24T06:01+0000",
          "timeZone" : 7,
          "age" : 27,
          "moonPhaseDate" : "2019-11-19T21:11+0000",
          "moonPhase" : "phase4",
          "date" : "2019-11-23T20:51+0000",
          "sign" : "scorpio"
        },
        {
          "signDate" : "2019-11-24T06:01+0000",
          "timeZone" : 7,
          "moonPhaseDate" : "2019-11-19T21:11+0000",
          "age" : 28,
          "moonPhase" : "phase4",
          "date" : "2019-11-24T21:48+0000",
          "sign" : "scorpio"
        },
        {
          "signDate" : "2019-11-26T08:12+0000",
          "timeZone" : 7,
          "moonPhaseDate" : "2019-11-26T15:06+0000",
          "age" : 29,
          "moonPhase" : "newMoon",
          "date" : "2019-11-25T22:47+0000",
          "sign" : "sagittarius"
        },
        {
          "signDate" : "2019-11-26T08:12+0000",
          "timeZone" : 7,
          "age" : 1,
          "moonPhase" : "newMoon",
          "moonPhaseDate" : "2019-11-26T15:06+0000",
          "date" : "2019-11-26T15:06+0000",
          "sign" : "sagittarius"
        },
        {
          "signDate" : "2019-11-26T08:12+0000",
          "timeZone" : 7,
          "moonPhaseDate" : "2019-11-26T15:06+0000",
          "age" : 2,
          "moonPhase" : "phase1",
          "date" : "2019-11-26T23:46+0000",
          "sign" : "sagittarius"
        },
        {
          "signDate" : "2019-11-28T12:32+0000",
          "timeZone" : 7,
          "moonPhaseDate" : "2019-11-26T15:06+0000",
          "age" : 3,
          "moonPhase" : "phase1",
          "date" : "2019-11-28T00:46+0000",
          "sign" : "capricorn"
        },
        {
          "signDate" : "2019-11-28T12:32+0000",
          "timeZone" : 7,
          "age" : 4,
          "moonPhase" : "phase1",
          "moonPhaseDate" : "2019-11-26T15:06+0000",
          "date" : "2019-11-29T01:42+0000",
          "sign" : "capricorn"
        },
        {
          "signDate" : "2019-11-28T12:32+0000",
          "timeZone" : 7,
          "moonPhaseDate" : "2019-11-26T15:06+0000",
          "moonPhase" : "phase1",
          "age" : 5,
          "date" : "2019-11-30T02:37+0000",
          "sign" : "capricorn"
        },
        {
          "signDate" : "2019-11-30T20:15+0000",
          "timeZone" : 7,
          "age" : 6,
          "moonPhaseDate" : null,
          "moonPhase" : "phase1",
          "date" : "2019-12-01T03:28+0000",
          "sign" : "aquarius"
        },
        {
          "signDate" : "2019-11-30T20:15+0000",
          "timeZone" : 7,
          "moonPhase" : "phase1",
          "moonPhaseDate" : null,
          "age" : 7,
          "date" : "2019-12-02T04:14+0000",
          "sign" : "aquarius"
        },
        {
          "signDate" : "2019-12-03T07:14+0000",
          "timeZone" : 7,
          "moonPhaseDate" : null,
          "moonPhase" : "phase1",
          "age" : 8,
          "date" : "2019-12-03T04:57+0000",
          "sign" : "pisces"
        },
        {
          "signDate" : "2019-12-03T07:14+0000",
          "timeZone" : 7,
          "age" : 9,
          "moonPhase" : "phase2",
          "moonPhaseDate" : "2019-12-04T06:58+0000",
          "date" : "2019-12-04T05:36+0000",
          "sign" : "pisces"
        },
        {
          "signDate" : "2019-12-03T07:14+0000",
          "timeZone" : 7,
          "age" : 10,
          "moonPhaseDate" : "2019-12-04T06:58+0000",
          "moonPhase" : "phase2",
          "date" : "2019-12-05T06:14+0000",
          "sign" : "pisces"
        },
        {
          "signDate" : "2019-12-05T19:46+0000",
          "timeZone" : 7,
          "age" : 11,
          "moonPhaseDate" : "2019-12-04T06:58+0000",
          "moonPhase" : "phase2",
          "date" : "2019-12-06T06:50+0000",
          "sign" : "aries"
        },
        {
          "signDate" : "2019-12-05T19:46+0000",
          "timeZone" : 7,
          "moonPhaseDate" : "2019-12-04T06:58+0000",
          "age" : 12,
          "moonPhase" : "phase2",
          "date" : "2019-12-07T07:26+0000",
          "sign" : "aries"
        },
        {
          "signDate" : "2019-12-08T07:31+0000",
          "timeZone" : 7,
          "moonPhaseDate" : "2019-12-04T06:58+0000",
          "age" : 13,
          "moonPhase" : "phase2",
          "date" : "2019-12-08T08:04+0000",
          "sign" : "taurus"
        },
        {
          "signDate" : "2019-12-08T07:31+0000",
          "timeZone" : 7,
          "moonPhaseDate" : "2019-12-04T06:58+0000",
          "age" : 14,
          "moonPhase" : "phase2",
          "date" : "2019-12-09T08:43+0000",
          "sign" : "taurus"
        },
        {
          "signDate" : "2019-12-10T16:49+0000",
          "timeZone" : 7,
          "age" : 15,
          "moonPhase" : "phase2",
          "moonPhaseDate" : "2019-12-04T06:58+0000",
          "date" : "2019-12-10T09:25+0000",
          "sign" : "gemini"
        },
        {
          "signDate" : "2019-12-10T16:49+0000",
          "timeZone" : 7,
          "age" : 16,
          "moonPhase" : "phase2",
          "moonPhaseDate" : "2019-12-04T06:58+0000",
          "date" : "2019-12-11T10:11+0000",
          "sign" : "gemini"
        },
        {
          "signDate" : "2019-12-10T16:49+0000",
          "timeZone" : 7,
          "age" : 17,
          "moonPhase" : "fullMoon",
          "moonPhaseDate" : "2019-12-12T05:12+0000",
          "date" : "2019-12-12T11:02+0000",
          "sign" : "gemini"
        },
        {
          "signDate" : "2019-12-12T23:24+0000",
          "timeZone" : 7,
          "moonPhaseDate" : "2019-12-12T05:12+0000",
          "moonPhase" : "phase3",
          "age" : 18,
          "date" : "2019-12-13T11:57+0000",
          "sign" : "cancer"
        },
        {
          "signDate" : "2019-12-12T23:24+0000",
          "timeZone" : 7,
          "moonPhaseDate" : "2019-12-12T05:12+0000",
          "moonPhase" : "phase3",
          "age" : 19,
          "date" : "2019-12-14T12:56+0000",
          "sign" : "cancer"
        },
        {
          "signDate" : "2019-12-15T03:53+0000",
          "timeZone" : 7,
          "moonPhaseDate" : "2019-12-12T05:12+0000",
          "moonPhase" : "phase3",
          "age" : 20,
          "date" : "2019-12-15T13:56+0000",
          "sign" : "leo"
        },
        {
          "signDate" : "2019-12-15T03:53+0000",
          "timeZone" : 7,
          "moonPhaseDate" : "2019-12-12T05:12+0000",
          "moonPhase" : "phase3",
          "age" : 21,
          "date" : "2019-12-16T14:56+0000",
          "sign" : "leo"
        },
        {
          "signDate" : "2019-12-17T07:13+0000",
          "timeZone" : 7,
          "age" : 22,
          "moonPhaseDate" : "2019-12-12T05:12+0000",
          "moonPhase" : "phase3",
          "date" : "2019-12-17T15:55+0000",
          "sign" : "virgo"
        },
        {
          "signDate" : "2019-12-17T07:13+0000",
          "timeZone" : 7,
          "age" : 23,
          "moonPhase" : "phase3",
          "moonPhaseDate" : "2019-12-12T05:12+0000",
          "date" : "2019-12-18T16:52+0000",
          "sign" : "virgo"
        },
        {
          "signDate" : "2019-12-17T07:13+0000",
          "timeZone" : 7,
          "moonPhaseDate" : "2019-12-19T04:57+0000",
          "moonPhase" : "phase4",
          "age" : 24,
          "date" : "2019-12-19T17:48+0000",
          "sign" : "libra"
        },
        {
          "signDate" : "2019-12-21T13:01+0000",
          "timeZone" : 7,
          "age" : 25,
          "moonPhaseDate" : "2019-12-19T04:57+0000",
          "moonPhase" : "phase4",
          "date" : "2019-12-20T18:43+0000",
          "sign" : "scorpio"
        },
        {
          "signDate" : "2019-12-21T13:01+0000",
          "timeZone" : 7,
          "moonPhaseDate" : "2019-12-19T04:57+0000",
          "moonPhase" : "phase4",
          "age" : 26,
          "date" : "2019-12-21T19:39+0000",
          "sign" : "scorpio"
        },
        {
          "signDate" : "2019-12-23T16:37+0000",
          "timeZone" : 7,
          "moonPhaseDate" : "2019-12-19T04:57+0000",
          "moonPhase" : "phase4",
          "age" : 27,
          "date" : "2019-12-22T20:36+0000",
          "sign" : "sagittarius"
        },
        {
          "signDate" : "2019-12-23T16:37+0000",
          "timeZone" : 7,
          "moonPhase" : "phase4",
          "moonPhaseDate" : "2019-12-19T04:57+0000",
          "age" : 28,
          "date" : "2019-12-23T21:33+0000",
          "sign" : "sagittarius"
        },
        {
          "signDate" : "2019-12-23T16:37+0000",
          "timeZone" : 7,
          "moonPhaseDate" : "2019-12-19T04:57+0000",
          "moonPhase" : "phase4",
          "age" : 29,
          "date" : "2019-12-24T22:31+0000",
          "sign" : "sagittarius"
        },
        {
          "signDate" : "2019-12-25T21:46+0000",
          "timeZone" : 7,
          "moonPhaseDate" : "2019-12-26T05:13+0000",
          "moonPhase" : "newMoon",
          "age" : 30,
          "date" : "2019-12-25T23:29+0000",
          "sign" : "capricorn"
        },
        {
          "signDate" : "2019-12-25T21:46+0000",
          "timeZone" : 7,
          "moonPhaseDate" : "2019-12-26T05:13+0000",
          "moonPhase" : "newMoon",
          "age" : 1,
          "date" : "2019-12-26T05:13+0000",
          "sign" : "capricorn"
        },
        {
          "signDate" : "2019-12-25T21:46+0000",
          "timeZone" : 7,
          "moonPhase" : "phase1",
          "age" : 2,
          "moonPhaseDate" : "2019-12-26T05:13+0000",
          "date" : "2019-12-27T00:25+0000",
          "sign" : "capricorn"
        },
        {
          "signDate" : "2019-12-28T05:21+0000",
          "timeZone" : 7,
          "moonPhaseDate" : "2019-12-26T05:13+0000",
          "moonPhase" : "phase1",
          "age" : 3,
          "date" : "2019-12-28T01:17+0000",
          "sign" : "aquarius"
        },
        {
          "signDate" : "2019-12-28T05:21+0000",
          "timeZone" : 7,
          "moonPhaseDate" : "2019-12-26T05:13+0000",
          "age" : 4,
          "moonPhase" : "phase1",
          "date" : "2019-12-29T02:06+0000",
          "sign" : "aquarius"
        },
        {
          "signDate" : "2019-12-30T15:43+0000",
          "timeZone" : 7,
          "age" : 5,
          "moonPhase" : "phase1",
          "moonPhaseDate" : "2019-12-26T05:13+0000",
          "date" : "2019-12-30T02:51+0000",
          "sign" : "pisces"
        },
        {
          "signDate" : "2019-12-30T15:43+0000",
          "timeZone" : 7,
          "moonPhaseDate" : "2019-12-26T05:13+0000",
          "moonPhase" : "phase1",
          "age" : 6,
          "date" : "2019-12-31T03:32+0000",
          "sign" : "pisces"
        },
        {
          "signDate" : "2019-12-30T15:43+0000",
          "timeZone" : 7,
          "moonPhaseDate" : null,
          "moonPhase" : "phase1",
          "age" : 7,
          "date" : "2020-01-01T04:10+0000",
          "sign" : "pisces"
        },
        {
          "signDate" : "2020-01-02T04:01+0000",
          "timeZone" : 7,
          "moonPhaseDate" : null,
          "age" : 8,
          "moonPhase" : "phase1",
          "date" : "2020-01-02T04:47+0000",
          "sign" : "aries"
        },
        {
          "signDate" : "2020-01-02T04:01+0000",
          "timeZone" : 7,
          "age" : 9,
          "moonPhaseDate" : "2020-01-03T04:45+0000",
          "moonPhase" : "phase2",
          "date" : "2020-01-03T05:23+0000",
          "sign" : "aries"
        },
        {
          "signDate" : "2020-01-04T16:15+0000",
          "timeZone" : 7,
          "age" : 10,
          "moonPhase" : "phase2",
          "moonPhaseDate" : "2020-01-03T04:45+0000",
          "date" : "2020-01-04T05:59+0000",
          "sign" : "taurus"
        },
        {
          "signDate" : "2020-01-04T16:15+0000",
          "timeZone" : 7,
          "age" : 11,
          "moonPhase" : "phase2",
          "moonPhaseDate" : "2020-01-03T04:45+0000",
          "date" : "2020-01-05T06:37+0000",
          "sign" : "taurus"
        },
        {
          "signDate" : "2020-01-04T16:15+0000",
          "timeZone" : 7,
          "moonPhaseDate" : "2020-01-03T04:45+0000",
          "age" : 12,
          "moonPhase" : "phase2",
          "date" : "2020-01-06T07:17+0000",
          "sign" : "taurus"
        },
        {
          "signDate" : "2020-01-07T02:13+0000",
          "timeZone" : 7,
          "age" : 13,
          "moonPhaseDate" : "2020-01-03T04:45+0000",
          "moonPhase" : "phase2",
          "date" : "2020-01-07T08:01+0000",
          "sign" : "gemini"
        },
        {
          "signDate" : "2020-01-07T02:13+0000",
          "timeZone" : 7,
          "moonPhaseDate" : "2020-01-03T04:45+0000",
          "moonPhase" : "phase2",
          "age" : 14,
          "date" : "2020-01-08T08:50+0000",
          "sign" : "gemini"
        },
        {
          "signDate" : "2020-01-09T08:45+0000",
          "timeZone" : 7,
          "age" : 15,
          "moonPhaseDate" : "2020-01-03T04:45+0000",
          "moonPhase" : "phase2",
          "date" : "2020-01-09T09:43+0000",
          "sign" : "cancer"
        },
        {
          "signDate" : "2020-01-09T08:45+0000",
          "timeZone" : 7,
          "moonPhase" : "phase2",
          "moonPhaseDate" : "2020-01-03T04:45+0000",
          "age" : 16,
          "date" : "2020-01-10T10:41+0000",
          "sign" : "cancer"
        },
        {
          "signDate" : "2020-01-11T12:16+0000",
          "timeZone" : 7,
          "moonPhaseDate" : "2020-01-10T19:21+0000",
          "moonPhase" : "fullMoon",
          "age" : 17,
          "date" : "2020-01-11T11:42+0000",
          "sign" : "leo"
        },
        {
          "signDate" : "2020-01-11T12:16+0000",
          "timeZone" : 7,
          "moonPhaseDate" : "2020-01-10T19:21+0000",
          "age" : 18,
          "moonPhase" : "phase3",
          "date" : "2020-01-12T12:45+0000",
          "sign" : "leo"
        },
        {
          "signDate" : "2020-01-13T14:05+0000",
          "timeZone" : 7,
          "moonPhase" : "phase3",
          "age" : 19,
          "moonPhaseDate" : "2020-01-10T19:21+0000",
          "date" : "2020-01-13T13:46+0000",
          "sign" : "virgo"
        },
        {
          "signDate" : "2020-01-13T14:05+0000",
          "timeZone" : 7,
          "age" : 20,
          "moonPhaseDate" : "2020-01-10T19:21+0000",
          "moonPhase" : "phase3",
          "date" : "2020-01-14T14:46+0000",
          "sign" : "virgo"
        },
        {
          "signDate" : "2020-01-15T15:42+0000",
          "timeZone" : 7,
          "moonPhaseDate" : "2020-01-10T19:21+0000",
          "age" : 21,
          "moonPhase" : "phase3",
          "date" : "2020-01-15T15:43+0000",
          "sign" : "libra"
        },
        {
          "signDate" : "2020-01-15T15:42+0000",
          "timeZone" : 7,
          "age" : 22,
          "moonPhaseDate" : "2020-01-10T19:21+0000",
          "moonPhase" : "phase3",
          "date" : "2020-01-16T16:40+0000",
          "sign" : "libra"
        },
        {
          "signDate" : "2020-01-17T18:21+0000",
          "timeZone" : 7,
          "age" : 23,
          "moonPhase" : "phase4",
          "moonPhaseDate" : "2020-01-17T12:58+0000",
          "date" : "2020-01-17T17:35+0000",
          "sign" : "scorpio"
        },
        {
          "signDate" : "2020-01-17T18:21+0000",
          "timeZone" : 7,
          "moonPhaseDate" : "2020-01-17T12:58+0000",
          "moonPhase" : "phase4",
          "age" : 24,
          "date" : "2020-01-18T18:31+0000",
          "sign" : "scorpio"
        },
        {
          "signDate" : "2020-01-19T22:43+0000",
          "timeZone" : 7,
          "age" : 25,
          "moonPhaseDate" : "2020-01-17T12:58+0000",
          "moonPhase" : "phase4",
          "date" : "2020-01-19T19:27+0000",
          "sign" : "sagittarius"
        },
        {
          "signDate" : "2020-01-19T22:43+0000",
          "timeZone" : 7,
          "age" : 26,
          "moonPhaseDate" : "2020-01-17T12:58+0000",
          "moonPhase" : "phase4",
          "date" : "2020-01-20T20:23+0000",
          "sign" : "sagittarius"
        },
        {
          "signDate" : "2020-01-22T05:02+0000",
          "timeZone" : 7,
          "moonPhase" : "phase4",
          "age" : 27,
          "moonPhaseDate" : "2020-01-17T12:58+0000",
          "date" : "2020-01-21T21:20+0000",
          "sign" : "capricorn"
        },
        {
          "signDate" : "2020-01-22T05:02+0000",
          "timeZone" : 7,
          "moonPhase" : "phase4",
          "moonPhaseDate" : "2020-01-17T12:58+0000",
          "age" : 28,
          "date" : "2020-01-22T22:16+0000",
          "sign" : "capricorn"
        },
        {
          "signDate" : "2020-01-24T13:22+0000",
          "timeZone" : 7,
          "moonPhase" : "phase4",
          "age" : 29,
          "moonPhaseDate" : "2020-01-17T12:58+0000",
          "date" : "2020-01-23T23:09+0000",
          "sign" : "aquarius"
        },
        {
          "signDate" : "2020-01-24T13:22+0000",
          "timeZone" : 7,
          "age" : 1,
          "moonPhase" : "newMoon",
          "moonPhaseDate" : "2020-01-24T21:42+0000",
          "date" : "2020-01-24T21:42+0000",
          "sign" : "aquarius"
        },
        {
          "signDate" : "2020-01-24T13:22+0000",
          "timeZone" : 7,
          "age" : 2,
          "moonPhaseDate" : "2020-01-24T21:42+0000",
          "moonPhase" : "newMoon",
          "date" : "2020-01-24T23:59+0000",
          "sign" : "aquarius"
        },
        {
          "signDate" : "2020-01-24T13:22+0000",
          "timeZone" : 7,
          "age" : 3,
          "moonPhase" : "phase1",
          "moonPhaseDate" : "2020-01-24T21:42+0000",
          "date" : "2020-01-26T00:45+0000",
          "sign" : "aquarius"
        },
        {
          "signDate" : "2020-01-26T23:45+0000",
          "timeZone" : 7,
          "moonPhaseDate" : "2020-01-24T21:42+0000",
          "moonPhase" : "phase1",
          "age" : 4,
          "date" : "2020-01-27T01:28+0000",
          "sign" : "pisces"
        },
        {
          "signDate" : "2020-01-26T23:45+0000",
          "timeZone" : 7,
          "age" : 5,
          "moonPhase" : "phase1",
          "moonPhaseDate" : "2020-01-24T21:42+0000",
          "date" : "2020-01-28T02:07+0000",
          "sign" : "pisces"
        },
        {
          "signDate" : "2020-01-29T11:51+0000",
          "timeZone" : 7,
          "moonPhaseDate" : "2020-01-24T21:42+0000",
          "moonPhase" : "phase1",
          "age" : 6,
          "date" : "2020-01-29T02:45+0000",
          "sign" : "aries"
        },
        {
          "signDate" : "2020-01-29T11:51+0000",
          "timeZone" : 7,
          "moonPhaseDate" : "2020-01-24T21:42+0000",
          "age" : 7,
          "moonPhase" : "phase1",
          "date" : "2020-01-30T03:21+0000",
          "sign" : "aries"
        },
        {
          "signDate" : "2020-01-29T11:51+0000",
          "timeZone" : 7,
          "moonPhaseDate" : "2020-01-24T21:42+0000",
          "moonPhase" : "phase1",
          "age" : 8,
          "date" : "2020-01-31T03:56+0000",
          "sign" : "aries"
        },
        {
          "signDate" : "2020-01-29T11:51+0000",
          "timeZone" : 7,
          "age" : 8,
          "moonPhase" : "phase1",
          "moonPhaseDate" : "2020-01-24T21:42+0000",
          "date" : "2020-01-31T03:56+0000",
          "sign" : "aries"
        }
      ],
      "cityName" : "Бангкок"
    }
  ],
  "countryName" : "Таиланд"
}