{
  "cities" : [
    {
      "moonDays" : [
        {
          "moonPhaseDate" : null,
          "signDate" : "2019-05-01T10:23+0000",
          "sign" : "aries",
          "date" : "2019-05-01T00:33+0000",
          "moonPhase" : null,
          "timeZone" : 3,
          "age" : 26
        },
        {
          "moonPhaseDate" : null,
          "signDate" : "2019-05-01T10:23+0000",
          "sign" : "aries",
          "date" : "2019-05-02T01:02+0000",
          "moonPhase" : null,
          "timeZone" : 3,
          "age" : 27
        },
        {
          "sign" : "taurus",
          "moonPhaseDate" : null,
          "signDate" : "2019-05-03T20:21+0000",
          "date" : "2019-05-03T01:33+0000",
          "moonPhase" : null,
          "timeZone" : 3,
          "age" : 28
        },
        {
          "sign" : "taurus",
          "signDate" : "2019-05-03T20:21+0000",
          "moonPhaseDate" : null,
          "date" : "2019-05-04T02:05+0000",
          "moonPhase" : null,
          "timeZone" : 3,
          "age" : 29
        },
        {
          "sign" : "taurus",
          "moonPhaseDate" : "2019-05-04T22:45+0000",
          "signDate" : "2019-05-03T20:21+0000",
          "date" : "2019-05-04T22:45+0000",
          "moonPhase" : "newMoon",
          "timeZone" : 3,
          "age" : 1
        },
        {
          "age" : 2,
          "moonPhaseDate" : "2019-05-04T22:45+0000",
          "signDate" : "2019-05-03T20:21+0000",
          "date" : "2019-05-05T02:39+0000",
          "moonPhase" : "newMoon",
          "timeZone" : 3,
          "sign" : "taurus"
        },
        {
          "moonPhaseDate" : "2019-05-04T22:45+0000",
          "signDate" : "2019-05-06T03:42+0000",
          "sign" : "gemini",
          "date" : "2019-05-06T03:17+0000",
          "moonPhase" : "phase1",
          "timeZone" : 3,
          "age" : 3
        },
        {
          "age" : 4,
          "signDate" : "2019-05-06T03:42+0000",
          "moonPhaseDate" : "2019-05-04T22:45+0000",
          "date" : "2019-05-07T04:00+0000",
          "moonPhase" : "phase1",
          "timeZone" : 3,
          "sign" : "gemini"
        },
        {
          "moonPhaseDate" : "2019-05-04T22:45+0000",
          "sign" : "cancer",
          "signDate" : "2019-05-08T09:05+0000",
          "date" : "2019-05-08T04:49+0000",
          "moonPhase" : "phase1",
          "timeZone" : 3,
          "age" : 5
        },
        {
          "moonPhaseDate" : "2019-05-04T22:45+0000",
          "signDate" : "2019-05-08T09:05+0000",
          "sign" : "cancer",
          "date" : "2019-05-09T05:44+0000",
          "moonPhase" : "phase1",
          "timeZone" : 3,
          "age" : 6
        },
        {
          "sign" : "leo",
          "moonPhaseDate" : "2019-05-04T22:45+0000",
          "signDate" : "2019-05-10T13:12+0000",
          "date" : "2019-05-10T06:44+0000",
          "moonPhase" : "phase1",
          "timeZone" : 3,
          "age" : 7
        },
        {
          "age" : 8,
          "signDate" : "2019-05-10T13:12+0000",
          "moonPhaseDate" : "2019-05-04T22:45+0000",
          "date" : "2019-05-11T07:49+0000",
          "moonPhase" : "phase1",
          "timeZone" : 3,
          "sign" : "leo"
        },
        {
          "sign" : "virgo",
          "signDate" : "2019-05-12T16:23+0000",
          "moonPhaseDate" : "2019-05-12T01:12+0000",
          "date" : "2019-05-12T08:56+0000",
          "moonPhase" : "phase2",
          "timeZone" : 3,
          "age" : 9
        },
        {
          "moonPhaseDate" : "2019-05-12T01:12+0000",
          "sign" : "virgo",
          "signDate" : "2019-05-12T16:23+0000",
          "date" : "2019-05-13T10:03+0000",
          "moonPhase" : "phase2",
          "timeZone" : 3,
          "age" : 10
        },
        {
          "moonPhaseDate" : "2019-05-12T01:12+0000",
          "age" : 11,
          "signDate" : "2019-05-14T18:53+0000",
          "date" : "2019-05-14T11:09+0000",
          "moonPhase" : "phase2",
          "timeZone" : 3,
          "sign" : "libra"
        },
        {
          "sign" : "libra",
          "signDate" : "2019-05-14T18:53+0000",
          "moonPhaseDate" : "2019-05-12T01:12+0000",
          "date" : "2019-05-15T12:15+0000",
          "moonPhase" : "phase2",
          "timeZone" : 3,
          "age" : 12
        },
        {
          "moonPhaseDate" : "2019-05-12T01:12+0000",
          "signDate" : "2019-05-14T18:53+0000",
          "age" : 13,
          "date" : "2019-05-16T13:21+0000",
          "moonPhase" : "phase2",
          "timeZone" : 3,
          "sign" : "libra"
        },
        {
          "sign" : "scorpio",
          "moonPhaseDate" : "2019-05-12T01:12+0000",
          "signDate" : "2019-05-16T21:25+0000",
          "date" : "2019-05-17T14:26+0000",
          "moonPhase" : "phase2",
          "timeZone" : 3,
          "age" : 14
        },
        {
          "age" : 15,
          "signDate" : "2019-05-16T21:25+0000",
          "moonPhaseDate" : "2019-05-12T01:12+0000",
          "date" : "2019-05-18T15:31+0000",
          "moonPhase" : "phase2",
          "timeZone" : 3,
          "sign" : "scorpio"
        },
        {
          "moonPhaseDate" : "2019-05-18T21:11+0000",
          "signDate" : "2019-05-19T01:19+0000",
          "age" : 16,
          "date" : "2019-05-19T16:34+0000",
          "moonPhase" : "fullMoon",
          "timeZone" : 3,
          "sign" : "sagittarius"
        },
        {
          "sign" : "sagittarius",
          "moonPhaseDate" : "2019-05-18T21:11+0000",
          "signDate" : "2019-05-19T01:19+0000",
          "date" : "2019-05-20T17:35+0000",
          "moonPhase" : "phase3",
          "timeZone" : 3,
          "age" : 17
        },
        {
          "moonPhaseDate" : "2019-05-18T21:11+0000",
          "signDate" : "2019-05-21T07:56+0000",
          "sign" : "capricorn",
          "date" : "2019-05-21T18:32+0000",
          "moonPhase" : "phase3",
          "timeZone" : 3,
          "age" : 18
        },
        {
          "moonPhaseDate" : "2019-05-18T21:11+0000",
          "signDate" : "2019-05-21T07:56+0000",
          "age" : 19,
          "date" : "2019-05-22T19:25+0000",
          "moonPhase" : "phase3",
          "timeZone" : 3,
          "sign" : "capricorn"
        },
        {
          "age" : 20,
          "signDate" : "2019-05-23T17:51+0000",
          "moonPhaseDate" : "2019-05-18T21:11+0000",
          "date" : "2019-05-23T20:11+0000",
          "moonPhase" : "phase3",
          "timeZone" : 3,
          "sign" : "aquarius"
        },
        {
          "moonPhaseDate" : "2019-05-18T21:11+0000",
          "age" : 21,
          "signDate" : "2019-05-23T17:51+0000",
          "date" : "2019-05-24T20:52+0000",
          "moonPhase" : "phase3",
          "timeZone" : 3,
          "sign" : "aquarius"
        },
        {
          "moonPhaseDate" : "2019-05-26T16:33+0000",
          "age" : 22,
          "signDate" : "2019-05-26T06:07+0000",
          "date" : "2019-05-25T21:29+0000",
          "moonPhase" : "phase4",
          "timeZone" : 3,
          "sign" : "pisces"
        },
        {
          "moonPhaseDate" : "2019-05-26T16:33+0000",
          "age" : 23,
          "signDate" : "2019-05-26T06:07+0000",
          "date" : "2019-05-26T22:03+0000",
          "moonPhase" : "phase4",
          "timeZone" : 3,
          "sign" : "pisces"
        },
        {
          "moonPhaseDate" : "2019-05-26T16:33+0000",
          "sign" : "aries",
          "signDate" : "2019-05-28T18:29+0000",
          "date" : "2019-05-27T22:34+0000",
          "moonPhase" : "phase4",
          "timeZone" : 3,
          "age" : 24
        },
        {
          "moonPhaseDate" : "2019-05-26T16:33+0000",
          "signDate" : "2019-05-28T18:29+0000",
          "age" : 25,
          "date" : "2019-05-28T23:04+0000",
          "moonPhase" : "phase4",
          "timeZone" : 3,
          "sign" : "aries"
        },
        {
          "moonPhaseDate" : "2019-05-26T16:33+0000",
          "signDate" : "2019-05-28T18:29+0000",
          "sign" : "aries",
          "date" : "2019-05-29T23:33+0000",
          "moonPhase" : "phase4",
          "timeZone" : 3,
          "age" : 26
        },
        {
          "sign" : "taurus",
          "moonPhaseDate" : "2019-05-26T16:33+0000",
          "signDate" : "2019-05-31T04:44+0000",
          "date" : "2019-05-31T00:04+0000",
          "moonPhase" : "phase4",
          "timeZone" : 3,
          "age" : 27
        },
        {
          "moonPhaseDate" : null,
          "age" : 28,
          "signDate" : "2019-05-31T04:44+0000",
          "date" : "2019-06-01T00:37+0000",
          "moonPhase" : "phase4",
          "timeZone" : 3,
          "sign" : "taurus"
        },
        {
          "age" : 29,
          "moonPhaseDate" : null,
          "signDate" : "2019-06-02T11:51+0000",
          "date" : "2019-06-02T01:13+0000",
          "moonPhase" : "phase4",
          "timeZone" : 3,
          "sign" : "gemini"
        },
        {
          "moonPhaseDate" : "2019-06-03T10:02+0000",
          "age" : 30,
          "signDate" : "2019-06-02T11:51+0000",
          "date" : "2019-06-03T01:54+0000",
          "moonPhase" : "newMoon",
          "timeZone" : 3,
          "sign" : "gemini"
        },
        {
          "moonPhaseDate" : "2019-06-03T10:02+0000",
          "signDate" : "2019-06-02T11:51+0000",
          "age" : 1,
          "date" : "2019-06-03T10:02+0000",
          "moonPhase" : "newMoon",
          "timeZone" : 3,
          "sign" : "gemini"
        },
        {
          "age" : 2,
          "signDate" : "2019-06-04T16:18+0000",
          "moonPhaseDate" : "2019-06-03T10:02+0000",
          "date" : "2019-06-04T02:41+0000",
          "moonPhase" : "phase1",
          "timeZone" : 3,
          "sign" : "cancer"
        },
        {
          "sign" : "cancer",
          "signDate" : "2019-06-04T16:18+0000",
          "moonPhaseDate" : "2019-06-03T10:02+0000",
          "date" : "2019-06-05T03:35+0000",
          "moonPhase" : "phase1",
          "timeZone" : 3,
          "age" : 3
        },
        {
          "moonPhaseDate" : "2019-06-03T10:02+0000",
          "signDate" : "2019-06-06T19:14+0000",
          "age" : 4,
          "date" : "2019-06-06T04:36+0000",
          "moonPhase" : "phase1",
          "timeZone" : 3,
          "sign" : "leo"
        },
        {
          "sign" : "leo",
          "signDate" : "2019-06-06T19:14+0000",
          "moonPhaseDate" : "2019-06-03T10:02+0000",
          "date" : "2019-06-07T05:41+0000",
          "moonPhase" : "phase1",
          "timeZone" : 3,
          "age" : 5
        },
        {
          "age" : 6,
          "signDate" : "2019-06-06T19:14+0000",
          "moonPhaseDate" : "2019-06-03T10:02+0000",
          "date" : "2019-06-08T06:48+0000",
          "moonPhase" : "phase1",
          "timeZone" : 3,
          "sign" : "leo"
        },
        {
          "age" : 7,
          "sign" : "virgo",
          "signDate" : "2019-06-08T21:43+0000",
          "date" : "2019-06-09T07:55+0000",
          "moonPhase" : "phase1",
          "timeZone" : 3,
          "moonPhaseDate" : "2019-06-03T10:02+0000"
        },
        {
          "sign" : "virgo",
          "signDate" : "2019-06-08T21:43+0000",
          "age" : 8,
          "date" : "2019-06-10T09:02+0000",
          "moonPhase" : "phase2",
          "timeZone" : 3,
          "moonPhaseDate" : "2019-06-10T05:59+0000"
        },
        {
          "age" : 9,
          "moonPhaseDate" : "2019-06-10T05:59+0000",
          "signDate" : "2019-06-11T00:30+0000",
          "date" : "2019-06-11T10:07+0000",
          "moonPhase" : "phase2",
          "timeZone" : 3,
          "sign" : "libra"
        },
        {
          "sign" : "libra",
          "signDate" : "2019-06-11T00:30+0000",
          "age" : 10,
          "date" : "2019-06-12T11:11+0000",
          "moonPhase" : "phase2",
          "timeZone" : 3,
          "moonPhaseDate" : "2019-06-10T05:59+0000"
        },
        {
          "sign" : "scorpio",
          "moonPhaseDate" : "2019-06-10T05:59+0000",
          "signDate" : "2019-06-13T04:03+0000",
          "date" : "2019-06-13T12:15+0000",
          "moonPhase" : "phase2",
          "timeZone" : 3,
          "age" : 11
        },
        {
          "moonPhaseDate" : "2019-06-10T05:59+0000",
          "signDate" : "2019-06-13T04:03+0000",
          "age" : 12,
          "date" : "2019-06-14T13:19+0000",
          "moonPhase" : "phase2",
          "timeZone" : 3,
          "sign" : "scorpio"
        },
        {
          "moonPhaseDate" : "2019-06-10T05:59+0000",
          "age" : 13,
          "signDate" : "2019-06-15T09:01+0000",
          "date" : "2019-06-15T14:21+0000",
          "moonPhase" : "phase2",
          "timeZone" : 3,
          "sign" : "sagittarius"
        },
        {
          "moonPhaseDate" : "2019-06-10T05:59+0000",
          "sign" : "sagittarius",
          "signDate" : "2019-06-15T09:01+0000",
          "date" : "2019-06-16T15:23+0000",
          "moonPhase" : "phase2",
          "timeZone" : 3,
          "age" : 14
        },
        {
          "age" : 15,
          "signDate" : "2019-06-17T16:11+0000",
          "moonPhaseDate" : "2019-06-17T08:31+0000",
          "date" : "2019-06-17T16:21+0000",
          "moonPhase" : "fullMoon",
          "timeZone" : 3,
          "sign" : "capricorn"
        },
        {
          "sign" : "capricorn",
          "signDate" : "2019-06-17T16:11+0000",
          "moonPhaseDate" : "2019-06-17T08:31+0000",
          "date" : "2019-06-18T17:16+0000",
          "moonPhase" : "phase3",
          "timeZone" : 3,
          "age" : 16
        },
        {
          "moonPhaseDate" : "2019-06-17T08:31+0000",
          "age" : 17,
          "signDate" : "2019-06-17T16:11+0000",
          "date" : "2019-06-19T18:05+0000",
          "moonPhase" : "phase3",
          "timeZone" : 3,
          "sign" : "capricorn"
        },
        {
          "sign" : "aquarius",
          "signDate" : "2019-06-20T02:01+0000",
          "moonPhaseDate" : "2019-06-17T08:31+0000",
          "date" : "2019-06-20T18:49+0000",
          "moonPhase" : "phase3",
          "timeZone" : 3,
          "age" : 18
        },
        {
          "moonPhaseDate" : "2019-06-17T08:31+0000",
          "signDate" : "2019-06-20T02:01+0000",
          "age" : 19,
          "date" : "2019-06-21T19:27+0000",
          "moonPhase" : "phase3",
          "timeZone" : 3,
          "sign" : "aquarius"
        },
        {
          "sign" : "pisces",
          "moonPhaseDate" : "2019-06-17T08:31+0000",
          "signDate" : "2019-06-22T14:01+0000",
          "date" : "2019-06-22T20:02+0000",
          "moonPhase" : "phase3",
          "timeZone" : 3,
          "age" : 20
        },
        {
          "sign" : "pisces",
          "signDate" : "2019-06-22T14:01+0000",
          "moonPhaseDate" : "2019-06-17T08:31+0000",
          "date" : "2019-06-23T20:34+0000",
          "moonPhase" : "phase3",
          "timeZone" : 3,
          "age" : 21
        },
        {
          "sign" : "aries",
          "signDate" : "2019-06-25T02:34+0000",
          "moonPhaseDate" : "2019-06-25T09:46+0000",
          "date" : "2019-06-24T21:04+0000",
          "moonPhase" : "phase4",
          "timeZone" : 3,
          "age" : 22
        },
        {
          "moonPhaseDate" : "2019-06-25T09:46+0000",
          "signDate" : "2019-06-25T02:34+0000",
          "sign" : "aries",
          "date" : "2019-06-25T21:33+0000",
          "moonPhase" : "phase4",
          "timeZone" : 3,
          "age" : 23
        },
        {
          "age" : 24,
          "moonPhaseDate" : "2019-06-25T09:46+0000",
          "signDate" : "2019-06-27T13:30+0000",
          "date" : "2019-06-26T22:03+0000",
          "moonPhase" : "phase4",
          "timeZone" : 3,
          "sign" : "taurus"
        },
        {
          "sign" : "taurus",
          "signDate" : "2019-06-27T13:30+0000",
          "moonPhaseDate" : "2019-06-25T09:46+0000",
          "date" : "2019-06-27T22:34+0000",
          "moonPhase" : "phase4",
          "timeZone" : 3,
          "age" : 25
        },
        {
          "moonPhaseDate" : "2019-06-25T09:46+0000",
          "age" : 26,
          "signDate" : "2019-06-27T13:30+0000",
          "date" : "2019-06-28T23:08+0000",
          "moonPhase" : "phase4",
          "timeZone" : 3,
          "sign" : "taurus"
        },
        {
          "moonPhaseDate" : "2019-06-25T09:46+0000",
          "signDate" : "2019-06-29T21:10+0000",
          "sign" : "gemini",
          "date" : "2019-06-29T23:46+0000",
          "moonPhase" : "phase4",
          "timeZone" : 3,
          "age" : 27
        },
        {
          "age" : 28,
          "signDate" : "2019-06-29T21:10+0000",
          "moonPhaseDate" : null,
          "date" : "2019-07-01T00:31+0000",
          "moonPhase" : "phase4",
          "timeZone" : 3,
          "sign" : "gemini"
        },
        {
          "moonPhaseDate" : "2019-07-02T19:16+0000",
          "signDate" : "2019-07-02T01:26+0000",
          "sign" : "cancer",
          "date" : "2019-07-02T01:22+0000",
          "moonPhase" : "newMoon",
          "timeZone" : 3,
          "age" : 29
        },
        {
          "moonPhaseDate" : "2019-07-02T19:16+0000",
          "signDate" : "2019-07-02T01:26+0000",
          "sign" : "cancer",
          "date" : "2019-07-02T19:16+0000",
          "moonPhase" : "newMoon",
          "timeZone" : 3,
          "age" : 1
        },
        {
          "moonPhaseDate" : "2019-07-02T19:16+0000",
          "signDate" : "2019-07-02T01:26+0000",
          "age" : 2,
          "date" : "2019-07-03T02:21+0000",
          "moonPhase" : "phase1",
          "timeZone" : 3,
          "sign" : "cancer"
        },
        {
          "moonPhaseDate" : "2019-07-02T19:16+0000",
          "signDate" : "2019-07-04T03:21+0000",
          "sign" : "leo",
          "date" : "2019-07-04T03:26+0000",
          "moonPhase" : "phase1",
          "timeZone" : 3,
          "age" : 3
        },
        {
          "sign" : "leo",
          "signDate" : "2019-07-04T03:21+0000",
          "moonPhaseDate" : "2019-07-02T19:16+0000",
          "date" : "2019-07-05T04:34+0000",
          "moonPhase" : "phase1",
          "timeZone" : 3,
          "age" : 4
        },
        {
          "sign" : "virgo",
          "signDate" : "2019-07-06T04:25+0000",
          "moonPhaseDate" : "2019-07-02T19:16+0000",
          "date" : "2019-07-06T05:44+0000",
          "moonPhase" : "phase1",
          "timeZone" : 3,
          "age" : 5
        },
        {
          "age" : 6,
          "moonPhaseDate" : "2019-07-02T19:16+0000",
          "signDate" : "2019-07-06T04:25+0000",
          "date" : "2019-07-07T06:53+0000",
          "moonPhase" : "phase1",
          "timeZone" : 3,
          "sign" : "virgo"
        },
        {
          "sign" : "libra",
          "moonPhaseDate" : "2019-07-02T19:16+0000",
          "signDate" : "2019-07-08T06:07+0000",
          "date" : "2019-07-08T07:59+0000",
          "moonPhase" : "phase1",
          "timeZone" : 3,
          "age" : 7
        },
        {
          "age" : 8,
          "signDate" : "2019-07-08T06:07+0000",
          "sign" : "libra",
          "date" : "2019-07-09T09:05+0000",
          "moonPhase" : "phase2",
          "timeZone" : 3,
          "moonPhaseDate" : "2019-07-09T10:55+0000"
        },
        {
          "sign" : "scorpio",
          "moonPhaseDate" : "2019-07-09T10:55+0000",
          "signDate" : "2019-07-10T09:28+0000",
          "date" : "2019-07-10T10:08+0000",
          "moonPhase" : "phase2",
          "timeZone" : 3,
          "age" : 9
        },
        {
          "age" : 10,
          "signDate" : "2019-07-10T09:28+0000",
          "moonPhaseDate" : "2019-07-09T10:55+0000",
          "date" : "2019-07-11T11:11+0000",
          "moonPhase" : "phase2",
          "timeZone" : 3,
          "sign" : "scorpio"
        },
        {
          "moonPhaseDate" : "2019-07-09T10:55+0000",
          "age" : 11,
          "signDate" : "2019-07-12T15:04+0000",
          "date" : "2019-07-12T12:14+0000",
          "moonPhase" : "phase2",
          "timeZone" : 3,
          "sign" : "sagittarius"
        },
        {
          "moonPhaseDate" : "2019-07-09T10:55+0000",
          "sign" : "sagittarius",
          "signDate" : "2019-07-12T15:04+0000",
          "date" : "2019-07-13T13:15+0000",
          "moonPhase" : "phase2",
          "timeZone" : 3,
          "age" : 12
        },
        {
          "age" : 13,
          "signDate" : "2019-07-12T15:04+0000",
          "moonPhaseDate" : "2019-07-09T10:55+0000",
          "date" : "2019-07-14T14:13+0000",
          "moonPhase" : "phase2",
          "timeZone" : 3,
          "sign" : "sagittarius"
        },
        {
          "moonPhaseDate" : "2019-07-09T10:55+0000",
          "signDate" : "2019-07-14T23:03+0000",
          "age" : 14,
          "date" : "2019-07-15T15:09+0000",
          "moonPhase" : "phase2",
          "timeZone" : 3,
          "sign" : "capricorn"
        },
        {
          "sign" : "capricorn",
          "signDate" : "2019-07-14T23:03+0000",
          "age" : 15,
          "date" : "2019-07-16T15:59+0000",
          "moonPhase" : "phase2",
          "timeZone" : 3,
          "moonPhaseDate" : "2019-07-09T10:55+0000"
        },
        {
          "moonPhaseDate" : "2019-07-16T21:38+0000",
          "age" : 16,
          "signDate" : "2019-07-17T09:18+0000",
          "date" : "2019-07-17T16:45+0000",
          "moonPhase" : "fullMoon",
          "timeZone" : 3,
          "sign" : "aquarius"
        },
        {
          "sign" : "aquarius",
          "moonPhaseDate" : "2019-07-16T21:38+0000",
          "signDate" : "2019-07-17T09:18+0000",
          "date" : "2019-07-18T17:26+0000",
          "moonPhase" : "phase3",
          "timeZone" : 3,
          "age" : 17
        },
        {
          "moonPhaseDate" : "2019-07-16T21:38+0000",
          "sign" : "aquarius",
          "signDate" : "2019-07-17T09:18+0000",
          "date" : "2019-07-19T18:02+0000",
          "moonPhase" : "phase3",
          "timeZone" : 3,
          "age" : 18
        },
        {
          "sign" : "pisces",
          "signDate" : "2019-07-19T21:19+0000",
          "moonPhaseDate" : "2019-07-16T21:38+0000",
          "date" : "2019-07-20T18:35+0000",
          "moonPhase" : "phase3",
          "timeZone" : 3,
          "age" : 19
        },
        {
          "sign" : "pisces",
          "moonPhaseDate" : "2019-07-16T21:38+0000",
          "signDate" : "2019-07-19T21:19+0000",
          "date" : "2019-07-21T19:05+0000",
          "moonPhase" : "phase3",
          "timeZone" : 3,
          "age" : 20
        },
        {
          "moonPhaseDate" : "2019-07-16T21:38+0000",
          "sign" : "aries",
          "signDate" : "2019-07-22T10:01+0000",
          "date" : "2019-07-22T19:34+0000",
          "moonPhase" : "phase3",
          "timeZone" : 3,
          "age" : 21
        },
        {
          "moonPhaseDate" : "2019-07-16T21:38+0000",
          "sign" : "aries",
          "signDate" : "2019-07-22T10:01+0000",
          "date" : "2019-07-23T20:03+0000",
          "moonPhase" : "phase3",
          "timeZone" : 3,
          "age" : 22
        },
        {
          "age" : 23,
          "moonPhaseDate" : "2019-07-16T21:38+0000",
          "signDate" : "2019-07-22T10:01+0000",
          "date" : "2019-07-24T20:33+0000",
          "moonPhase" : "phase3",
          "timeZone" : 3,
          "sign" : "aries"
        },
        {
          "moonPhaseDate" : "2019-07-25T01:18+0000",
          "signDate" : "2019-07-22T10:01+0000",
          "age" : 24,
          "date" : "2019-07-25T21:05+0000",
          "moonPhase" : "phase4",
          "timeZone" : 3,
          "sign" : "taurus"
        },
        {
          "moonPhaseDate" : "2019-07-25T01:18+0000",
          "signDate" : "2019-07-27T06:28+0000",
          "sign" : "gemini",
          "date" : "2019-07-26T21:40+0000",
          "moonPhase" : "phase4",
          "timeZone" : 3,
          "age" : 25
        },
        {
          "sign" : "gemini",
          "moonPhaseDate" : "2019-07-25T01:18+0000",
          "signDate" : "2019-07-27T06:28+0000",
          "date" : "2019-07-27T22:21+0000",
          "moonPhase" : "phase4",
          "timeZone" : 3,
          "age" : 26
        },
        {
          "sign" : "cancer",
          "moonPhaseDate" : "2019-07-25T01:18+0000",
          "signDate" : "2019-07-29T11:30+0000",
          "date" : "2019-07-28T23:08+0000",
          "moonPhase" : "phase4",
          "timeZone" : 3,
          "age" : 27
        },
        {
          "moonPhaseDate" : "2019-07-25T01:18+0000",
          "age" : 28,
          "signDate" : "2019-07-29T11:30+0000",
          "date" : "2019-07-30T00:02+0000",
          "moonPhase" : "phase4",
          "timeZone" : 3,
          "sign" : "cancer"
        },
        {
          "age" : 29,
          "signDate" : "2019-07-31T13:18+0000",
          "sign" : "leo",
          "date" : "2019-07-31T01:05+0000",
          "moonPhase" : "phase4",
          "timeZone" : 3,
          "moonPhaseDate" : "2019-07-25T01:18+0000"
        },
        {
          "sign" : "leo",
          "signDate" : "2019-07-31T13:18+0000",
          "moonPhaseDate" : "2019-08-01T03:12+0000",
          "date" : "2019-08-01T02:13+0000",
          "moonPhase" : "newMoon",
          "timeZone" : 3,
          "age" : 30
        },
        {
          "age" : 1,
          "moonPhaseDate" : "2019-08-01T03:12+0000",
          "signDate" : "2019-07-31T13:18+0000",
          "date" : "2019-08-01T03:12+0000",
          "moonPhase" : "newMoon",
          "timeZone" : 3,
          "sign" : "leo"
        },
        {
          "sign" : "virgo",
          "moonPhaseDate" : "2019-08-01T03:12+0000",
          "signDate" : "2019-08-02T13:23+0000",
          "date" : "2019-08-02T03:24+0000",
          "moonPhase" : "phase1",
          "timeZone" : 3,
          "age" : 2
        },
        {
          "sign" : "virgo",
          "moonPhaseDate" : "2019-08-01T03:12+0000",
          "signDate" : "2019-08-02T13:23+0000",
          "date" : "2019-08-03T04:36+0000",
          "moonPhase" : "phase1",
          "timeZone" : 3,
          "age" : 3
        },
        {
          "moonPhaseDate" : "2019-08-01T03:12+0000",
          "signDate" : "2019-08-04T13:32+0000",
          "sign" : "libra",
          "date" : "2019-08-04T05:46+0000",
          "moonPhase" : "phase1",
          "timeZone" : 3,
          "age" : 4
        },
        {
          "moonPhaseDate" : "2019-08-01T03:12+0000",
          "sign" : "libra",
          "signDate" : "2019-08-04T13:32+0000",
          "date" : "2019-08-05T06:54+0000",
          "moonPhase" : "phase1",
          "timeZone" : 3,
          "age" : 5
        },
        {
          "age" : 6,
          "signDate" : "2019-08-06T15:31+0000",
          "moonPhaseDate" : "2019-08-01T03:12+0000",
          "date" : "2019-08-06T08:00+0000",
          "moonPhase" : "phase1",
          "timeZone" : 3,
          "sign" : "scorpio"
        },
        {
          "moonPhaseDate" : "2019-08-07T17:31+0000",
          "sign" : "scorpio",
          "signDate" : "2019-08-06T15:31+0000",
          "date" : "2019-08-07T09:04+0000",
          "moonPhase" : "phase2",
          "timeZone" : 3,
          "age" : 7
        },
        {
          "moonPhaseDate" : "2019-08-07T17:31+0000",
          "sign" : "sagittarius",
          "signDate" : "2019-08-08T20:32+0000",
          "date" : "2019-08-08T10:08+0000",
          "moonPhase" : "phase2",
          "timeZone" : 3,
          "age" : 8
        },
        {
          "moonPhaseDate" : "2019-08-07T17:31+0000",
          "signDate" : "2019-08-08T20:32+0000",
          "age" : 9,
          "date" : "2019-08-09T11:09+0000",
          "moonPhase" : "phase2",
          "timeZone" : 3,
          "sign" : "sagittarius"
        },
        {
          "sign" : "sagittarius",
          "signDate" : "2019-08-08T20:32+0000",
          "age" : 10,
          "date" : "2019-08-10T12:08+0000",
          "moonPhase" : "phase2",
          "timeZone" : 3,
          "moonPhaseDate" : "2019-08-07T17:31+0000"
        },
        {
          "moonPhaseDate" : "2019-08-07T17:31+0000",
          "signDate" : "2019-08-11T04:48+0000",
          "age" : 11,
          "date" : "2019-08-11T13:04+0000",
          "moonPhase" : "phase2",
          "timeZone" : 3,
          "sign" : "capricorn"
        },
        {
          "moonPhaseDate" : "2019-08-07T17:31+0000",
          "age" : 12,
          "signDate" : "2019-08-11T04:48+0000",
          "date" : "2019-08-12T13:56+0000",
          "moonPhase" : "phase2",
          "timeZone" : 3,
          "sign" : "capricorn"
        },
        {
          "moonPhaseDate" : "2019-08-07T17:31+0000",
          "signDate" : "2019-08-13T15:36+0000",
          "age" : 13,
          "date" : "2019-08-13T14:43+0000",
          "moonPhase" : "phase2",
          "timeZone" : 3,
          "sign" : "aquarius"
        },
        {
          "moonPhaseDate" : "2019-08-07T17:31+0000",
          "signDate" : "2019-08-13T15:36+0000",
          "age" : 14,
          "date" : "2019-08-14T15:25+0000",
          "moonPhase" : "phase2",
          "timeZone" : 3,
          "sign" : "aquarius"
        },
        {
          "sign" : "aquarius",
          "moonPhaseDate" : "2019-08-15T12:29+0000",
          "signDate" : "2019-08-13T15:36+0000",
          "date" : "2019-08-15T16:02+0000",
          "moonPhase" : "fullMoon",
          "timeZone" : 3,
          "age" : 15
        },
        {
          "moonPhaseDate" : "2019-08-15T12:29+0000",
          "signDate" : "2019-08-16T03:50+0000",
          "sign" : "pisces",
          "date" : "2019-08-16T16:35+0000",
          "moonPhase" : "phase3",
          "timeZone" : 3,
          "age" : 16
        },
        {
          "age" : 17,
          "moonPhaseDate" : "2019-08-15T12:29+0000",
          "signDate" : "2019-08-16T03:50+0000",
          "date" : "2019-08-17T17:07+0000",
          "moonPhase" : "phase3",
          "timeZone" : 3,
          "sign" : "pisces"
        },
        {
          "age" : 18,
          "moonPhaseDate" : "2019-08-15T12:29+0000",
          "signDate" : "2019-08-18T16:32+0000",
          "date" : "2019-08-18T17:36+0000",
          "moonPhase" : "phase3",
          "timeZone" : 3,
          "sign" : "aries"
        },
        {
          "moonPhaseDate" : "2019-08-15T12:29+0000",
          "signDate" : "2019-08-18T16:32+0000",
          "sign" : "aries",
          "date" : "2019-08-19T18:05+0000",
          "moonPhase" : "phase3",
          "timeZone" : 3,
          "age" : 19
        },
        {
          "moonPhaseDate" : "2019-08-15T12:29+0000",
          "signDate" : "2019-08-18T16:32+0000",
          "age" : 20,
          "date" : "2019-08-20T18:34+0000",
          "moonPhase" : "phase3",
          "timeZone" : 3,
          "sign" : "aries"
        },
        {
          "sign" : "taurus",
          "moonPhaseDate" : "2019-08-15T12:29+0000",
          "signDate" : "2019-08-21T04:36+0000",
          "date" : "2019-08-21T19:05+0000",
          "moonPhase" : "phase3",
          "timeZone" : 3,
          "age" : 21
        },
        {
          "moonPhaseDate" : "2019-08-15T12:29+0000",
          "sign" : "taurus",
          "signDate" : "2019-08-21T04:36+0000",
          "date" : "2019-08-22T19:38+0000",
          "moonPhase" : "phase3",
          "timeZone" : 3,
          "age" : 22
        },
        {
          "age" : 23,
          "moonPhaseDate" : "2019-08-23T14:56+0000",
          "signDate" : "2019-08-23T14:34+0000",
          "date" : "2019-08-23T20:15+0000",
          "moonPhase" : "phase4",
          "timeZone" : 3,
          "sign" : "gemini"
        },
        {
          "moonPhaseDate" : "2019-08-23T14:56+0000",
          "signDate" : "2019-08-23T14:34+0000",
          "sign" : "gemini",
          "date" : "2019-08-24T20:57+0000",
          "moonPhase" : "phase4",
          "timeZone" : 3,
          "age" : 24
        },
        {
          "sign" : "cancer",
          "signDate" : "2019-08-25T21:05+0000",
          "age" : 25,
          "date" : "2019-08-25T21:47+0000",
          "moonPhase" : "phase4",
          "timeZone" : 3,
          "moonPhaseDate" : "2019-08-23T14:56+0000"
        },
        {
          "moonPhaseDate" : "2019-08-23T14:56+0000",
          "sign" : "cancer",
          "signDate" : "2019-08-25T21:05+0000",
          "date" : "2019-08-26T22:44+0000",
          "moonPhase" : "phase4",
          "timeZone" : 3,
          "age" : 26
        },
        {
          "moonPhaseDate" : "2019-08-23T14:56+0000",
          "age" : 27,
          "signDate" : "2019-08-27T23:51+0000",
          "date" : "2019-08-27T23:49+0000",
          "moonPhase" : "phase4",
          "timeZone" : 3,
          "sign" : "leo"
        },
        {
          "age" : 28,
          "moonPhaseDate" : "2019-08-23T14:56+0000",
          "signDate" : "2019-08-27T23:51+0000",
          "date" : "2019-08-29T00:58+0000",
          "moonPhase" : "phase4",
          "timeZone" : 3,
          "sign" : "leo"
        },
        {
          "moonPhaseDate" : "2019-08-30T10:37+0000",
          "signDate" : "2019-08-29T23:57+0000",
          "age" : 29,
          "date" : "2019-08-30T02:11+0000",
          "moonPhase" : "newMoon",
          "timeZone" : 3,
          "sign" : "virgo"
        },
        {
          "sign" : "virgo",
          "moonPhaseDate" : "2019-08-30T10:37+0000",
          "signDate" : "2019-08-29T23:57+0000",
          "date" : "2019-08-30T10:37+0000",
          "moonPhase" : "newMoon",
          "timeZone" : 3,
          "age" : 1
        },
        {
          "moonPhaseDate" : "2019-08-30T10:37+0000",
          "age" : 2,
          "signDate" : "2019-08-29T23:57+0000",
          "date" : "2019-08-31T03:23+0000",
          "moonPhase" : "phase1",
          "timeZone" : 3,
          "sign" : "virgo"
        },
        {
          "moonPhaseDate" : null,
          "signDate" : "2019-08-31T23:12+0000",
          "sign" : "libra",
          "date" : "2019-09-01T04:34+0000",
          "moonPhase" : "phase1",
          "timeZone" : 3,
          "age" : 3
        },
        {
          "moonPhaseDate" : null,
          "age" : 4,
          "signDate" : "2019-08-31T23:12+0000",
          "date" : "2019-09-02T05:44+0000",
          "moonPhase" : "phase1",
          "timeZone" : 3,
          "sign" : "libra"
        },
        {
          "sign" : "scorpio",
          "moonPhaseDate" : null,
          "signDate" : "2019-09-02T23:38+0000",
          "date" : "2019-09-03T06:51+0000",
          "moonPhase" : "phase1",
          "timeZone" : 3,
          "age" : 5
        },
        {
          "sign" : "scorpio",
          "moonPhaseDate" : null,
          "signDate" : "2019-09-02T23:38+0000",
          "date" : "2019-09-04T07:57+0000",
          "moonPhase" : "phase1",
          "timeZone" : 3,
          "age" : 6
        },
        {
          "moonPhaseDate" : null,
          "age" : 7,
          "signDate" : "2019-09-05T03:06+0000",
          "date" : "2019-09-05T09:01+0000",
          "moonPhase" : "phase1",
          "timeZone" : 3,
          "sign" : "sagittarius"
        },
        {
          "sign" : "sagittarius",
          "moonPhaseDate" : "2019-09-06T03:10+0000",
          "signDate" : "2019-09-05T03:06+0000",
          "date" : "2019-09-06T10:02+0000",
          "moonPhase" : "phase2",
          "timeZone" : 3,
          "age" : 8
        },
        {
          "moonPhaseDate" : "2019-09-06T03:10+0000",
          "age" : 9,
          "signDate" : "2019-09-07T10:35+0000",
          "date" : "2019-09-07T11:00+0000",
          "moonPhase" : "phase2",
          "timeZone" : 3,
          "sign" : "capricorn"
        },
        {
          "age" : 10,
          "moonPhaseDate" : "2019-09-06T03:10+0000",
          "signDate" : "2019-09-07T10:35+0000",
          "date" : "2019-09-08T11:53+0000",
          "moonPhase" : "phase2",
          "timeZone" : 3,
          "sign" : "capricorn"
        },
        {
          "moonPhaseDate" : "2019-09-06T03:10+0000",
          "sign" : "capricorn",
          "signDate" : "2019-09-07T10:35+0000",
          "date" : "2019-09-09T12:42+0000",
          "moonPhase" : "phase2",
          "timeZone" : 3,
          "age" : 11
        },
        {
          "moonPhaseDate" : "2019-09-06T03:10+0000",
          "age" : 12,
          "signDate" : "2019-09-09T21:25+0000",
          "date" : "2019-09-10T13:25+0000",
          "moonPhase" : "phase2",
          "timeZone" : 3,
          "sign" : "aquarius"
        },
        {
          "moonPhaseDate" : "2019-09-06T03:10+0000",
          "sign" : "aquarius",
          "signDate" : "2019-09-09T21:25+0000",
          "date" : "2019-09-11T14:03+0000",
          "moonPhase" : "phase2",
          "timeZone" : 3,
          "age" : 13
        },
        {
          "moonPhaseDate" : "2019-09-06T03:10+0000",
          "age" : 14,
          "signDate" : "2019-09-12T09:53+0000",
          "date" : "2019-09-12T14:38+0000",
          "moonPhase" : "phase2",
          "timeZone" : 3,
          "sign" : "pisces"
        },
        {
          "sign" : "pisces",
          "moonPhaseDate" : "2019-09-06T03:10+0000",
          "signDate" : "2019-09-12T09:53+0000",
          "date" : "2019-09-13T15:10+0000",
          "moonPhase" : "phase2",
          "timeZone" : 3,
          "age" : 15
        },
        {
          "sign" : "pisces",
          "signDate" : "2019-09-12T09:53+0000",
          "moonPhaseDate" : "2019-09-14T04:33+0000",
          "date" : "2019-09-14T15:39+0000",
          "moonPhase" : "fullMoon",
          "timeZone" : 3,
          "age" : 16
        },
        {
          "moonPhaseDate" : "2019-09-14T04:33+0000",
          "sign" : "aries",
          "signDate" : "2019-09-14T22:32+0000",
          "date" : "2019-09-15T16:08+0000",
          "moonPhase" : "phase3",
          "timeZone" : 3,
          "age" : 17
        },
        {
          "moonPhaseDate" : "2019-09-14T04:33+0000",
          "age" : 18,
          "signDate" : "2019-09-14T22:32+0000",
          "date" : "2019-09-16T16:37+0000",
          "moonPhase" : "phase3",
          "timeZone" : 3,
          "sign" : "aries"
        },
        {
          "age" : 19,
          "signDate" : "2019-09-17T10:30+0000",
          "moonPhaseDate" : "2019-09-14T04:33+0000",
          "date" : "2019-09-17T17:06+0000",
          "moonPhase" : "phase3",
          "timeZone" : 3,
          "sign" : "taurus"
        },
        {
          "sign" : "taurus",
          "signDate" : "2019-09-17T10:30+0000",
          "age" : 20,
          "date" : "2019-09-18T17:38+0000",
          "moonPhase" : "phase3",
          "timeZone" : 3,
          "moonPhaseDate" : "2019-09-14T04:33+0000"
        },
        {
          "sign" : "gemini",
          "moonPhaseDate" : "2019-09-14T04:33+0000",
          "signDate" : "2019-09-19T20:58+0000",
          "date" : "2019-09-19T18:13+0000",
          "moonPhase" : "phase3",
          "timeZone" : 3,
          "age" : 21
        },
        {
          "age" : 22,
          "moonPhaseDate" : "2019-09-14T04:33+0000",
          "signDate" : "2019-09-19T20:58+0000",
          "date" : "2019-09-20T18:53+0000",
          "moonPhase" : "phase3",
          "timeZone" : 3,
          "sign" : "gemini"
        },
        {
          "moonPhaseDate" : "2019-09-14T04:33+0000",
          "signDate" : "2019-09-19T20:58+0000",
          "age" : 23,
          "date" : "2019-09-21T19:38+0000",
          "moonPhase" : "phase3",
          "timeZone" : 3,
          "sign" : "gemini"
        },
        {
          "moonPhaseDate" : "2019-09-22T02:41+0000",
          "signDate" : "2019-09-22T04:52+0000",
          "age" : 24,
          "date" : "2019-09-22T20:31+0000",
          "moonPhase" : "phase4",
          "timeZone" : 3,
          "sign" : "cancer"
        },
        {
          "moonPhaseDate" : "2019-09-22T02:41+0000",
          "signDate" : "2019-09-24T09:19+0000",
          "sign" : "leo",
          "date" : "2019-09-23T21:30+0000",
          "moonPhase" : "phase4",
          "timeZone" : 3,
          "age" : 25
        },
        {
          "sign" : "leo",
          "signDate" : "2019-09-24T09:19+0000",
          "moonPhaseDate" : "2019-09-22T02:41+0000",
          "date" : "2019-09-24T22:36+0000",
          "moonPhase" : "phase4",
          "timeZone" : 3,
          "age" : 26
        },
        {
          "age" : 27,
          "signDate" : "2019-09-26T10:35+0000",
          "moonPhaseDate" : "2019-09-22T02:41+0000",
          "date" : "2019-09-25T23:45+0000",
          "moonPhase" : "phase4",
          "timeZone" : 3,
          "sign" : "virgo"
        },
        {
          "moonPhaseDate" : "2019-09-22T02:41+0000",
          "sign" : "virgo",
          "signDate" : "2019-09-26T10:35+0000",
          "date" : "2019-09-27T00:57+0000",
          "moonPhase" : "phase4",
          "timeZone" : 3,
          "age" : 28
        },
        {
          "moonPhaseDate" : "2019-09-28T18:26+0000",
          "age" : 29,
          "signDate" : "2019-09-28T10:04+0000",
          "date" : "2019-09-28T02:08+0000",
          "moonPhase" : "newMoon",
          "timeZone" : 3,
          "sign" : "libra"
        },
        {
          "age" : 1,
          "signDate" : "2019-09-28T10:04+0000",
          "sign" : "libra",
          "date" : "2019-09-28T18:26+0000",
          "moonPhase" : "newMoon",
          "timeZone" : 3,
          "moonPhaseDate" : "2019-09-28T18:26+0000"
        },
        {
          "moonPhaseDate" : "2019-09-28T18:26+0000",
          "age" : 2,
          "signDate" : "2019-09-28T10:04+0000",
          "date" : "2019-09-29T03:19+0000",
          "moonPhase" : "phase1",
          "timeZone" : 3,
          "sign" : "libra"
        },
        {
          "moonPhaseDate" : "2019-09-28T18:26+0000",
          "age" : 3,
          "signDate" : "2019-09-30T09:45+0000",
          "date" : "2019-09-30T04:29+0000",
          "moonPhase" : "phase1",
          "timeZone" : 3,
          "sign" : "scorpio"
        },
        {
          "age" : 4,
          "signDate" : "2019-09-30T09:45+0000",
          "moonPhaseDate" : null,
          "date" : "2019-10-01T05:38+0000",
          "moonPhase" : "phase1",
          "timeZone" : 3,
          "sign" : "scorpio"
        },
        {
          "sign" : "sagittarius",
          "moonPhaseDate" : null,
          "signDate" : "2019-10-02T11:45+0000",
          "date" : "2019-10-02T06:46+0000",
          "moonPhase" : "phase1",
          "timeZone" : 3,
          "age" : 5
        },
        {
          "sign" : "sagittarius",
          "signDate" : "2019-10-02T11:45+0000",
          "moonPhaseDate" : null,
          "date" : "2019-10-03T07:51+0000",
          "moonPhase" : "phase1",
          "timeZone" : 3,
          "age" : 6
        },
        {
          "age" : 7,
          "moonPhaseDate" : null,
          "signDate" : "2019-10-04T17:41+0000",
          "date" : "2019-10-04T08:52+0000",
          "moonPhase" : "phase1",
          "timeZone" : 3,
          "sign" : "capricorn"
        },
        {
          "sign" : "capricorn",
          "moonPhaseDate" : "2019-10-05T16:47+0000",
          "signDate" : "2019-10-04T17:41+0000",
          "date" : "2019-10-05T09:48+0000",
          "moonPhase" : "phase2",
          "timeZone" : 3,
          "age" : 8
        },
        {
          "age" : 9,
          "signDate" : "2019-10-04T17:41+0000",
          "sign" : "capricorn",
          "date" : "2019-10-06T10:39+0000",
          "moonPhase" : "phase2",
          "timeZone" : 3,
          "moonPhaseDate" : "2019-10-05T16:47+0000"
        },
        {
          "age" : 10,
          "signDate" : "2019-10-07T03:43+0000",
          "moonPhaseDate" : "2019-10-05T16:47+0000",
          "date" : "2019-10-07T11:24+0000",
          "moonPhase" : "phase2",
          "timeZone" : 3,
          "sign" : "aquarius"
        },
        {
          "moonPhaseDate" : "2019-10-05T16:47+0000",
          "age" : 11,
          "signDate" : "2019-10-07T03:43+0000",
          "date" : "2019-10-08T12:04+0000",
          "moonPhase" : "phase2",
          "timeZone" : 3,
          "sign" : "aquarius"
        },
        {
          "moonPhaseDate" : "2019-10-05T16:47+0000",
          "sign" : "pisces",
          "signDate" : "2019-10-09T16:08+0000",
          "date" : "2019-10-09T12:40+0000",
          "moonPhase" : "phase2",
          "timeZone" : 3,
          "age" : 12
        },
        {
          "age" : 13,
          "moonPhaseDate" : "2019-10-05T16:47+0000",
          "signDate" : "2019-10-09T16:08+0000",
          "date" : "2019-10-10T13:12+0000",
          "moonPhase" : "phase2",
          "timeZone" : 3,
          "sign" : "pisces"
        },
        {
          "moonPhaseDate" : "2019-10-05T16:47+0000",
          "signDate" : "2019-10-09T16:08+0000",
          "age" : 14,
          "date" : "2019-10-11T13:42+0000",
          "moonPhase" : "phase2",
          "timeZone" : 3,
          "sign" : "pisces"
        },
        {
          "age" : 15,
          "moonPhaseDate" : "2019-10-05T16:47+0000",
          "signDate" : "2019-10-12T04:46+0000",
          "date" : "2019-10-12T14:11+0000",
          "moonPhase" : "phase2",
          "timeZone" : 3,
          "sign" : "aries"
        },
        {
          "sign" : "aries",
          "moonPhaseDate" : "2019-10-05T16:47+0000",
          "signDate" : "2019-10-12T04:46+0000",
          "date" : "2019-10-13T14:40+0000",
          "moonPhase" : "phase2",
          "timeZone" : 3,
          "age" : 16
        },
        {
          "age" : 17,
          "moonPhaseDate" : "2019-10-13T21:08+0000",
          "signDate" : "2019-10-14T16:23+0000",
          "date" : "2019-10-14T15:09+0000",
          "moonPhase" : "fullMoon",
          "timeZone" : 3,
          "sign" : "taurus"
        },
        {
          "age" : 18,
          "signDate" : "2019-10-14T16:23+0000",
          "moonPhaseDate" : "2019-10-13T21:08+0000",
          "date" : "2019-10-15T15:40+0000",
          "moonPhase" : "phase3",
          "timeZone" : 3,
          "sign" : "taurus"
        },
        {
          "sign" : "taurus",
          "moonPhaseDate" : "2019-10-13T21:08+0000",
          "signDate" : "2019-10-14T16:23+0000",
          "date" : "2019-10-16T16:14+0000",
          "moonPhase" : "phase3",
          "timeZone" : 3,
          "age" : 19
        },
        {
          "moonPhaseDate" : "2019-10-13T21:08+0000",
          "signDate" : "2019-10-17T02:29+0000",
          "age" : 20,
          "date" : "2019-10-17T16:52+0000",
          "moonPhase" : "phase3",
          "timeZone" : 3,
          "sign" : "gemini"
        },
        {
          "moonPhaseDate" : "2019-10-13T21:08+0000",
          "age" : 21,
          "signDate" : "2019-10-17T02:29+0000",
          "date" : "2019-10-18T17:35+0000",
          "moonPhase" : "phase3",
          "timeZone" : 3,
          "sign" : "gemini"
        },
        {
          "age" : 22,
          "moonPhaseDate" : "2019-10-13T21:08+0000",
          "signDate" : "2019-10-19T10:42+0000",
          "date" : "2019-10-19T18:25+0000",
          "moonPhase" : "phase3",
          "timeZone" : 3,
          "sign" : "cancer"
        },
        {
          "age" : 23,
          "moonPhaseDate" : "2019-10-13T21:08+0000",
          "signDate" : "2019-10-19T10:42+0000",
          "date" : "2019-10-20T19:21+0000",
          "moonPhase" : "phase3",
          "timeZone" : 3,
          "sign" : "cancer"
        },
        {
          "moonPhaseDate" : "2019-10-21T12:39+0000",
          "signDate" : "2019-10-21T16:30+0000",
          "age" : 24,
          "date" : "2019-10-21T20:22+0000",
          "moonPhase" : "phase4",
          "timeZone" : 3,
          "sign" : "leo"
        },
        {
          "sign" : "virgo",
          "moonPhaseDate" : "2019-10-21T12:39+0000",
          "signDate" : "2019-10-23T19:30+0000",
          "date" : "2019-10-22T21:28+0000",
          "moonPhase" : "phase4",
          "timeZone" : 3,
          "age" : 25
        },
        {
          "sign" : "virgo",
          "moonPhaseDate" : "2019-10-21T12:39+0000",
          "signDate" : "2019-10-23T19:30+0000",
          "date" : "2019-10-23T22:36+0000",
          "moonPhase" : "phase4",
          "timeZone" : 3,
          "age" : 26
        },
        {
          "moonPhaseDate" : "2019-10-21T12:39+0000",
          "signDate" : "2019-10-25T20:20+0000",
          "age" : 27,
          "date" : "2019-10-24T23:46+0000",
          "moonPhase" : "phase4",
          "timeZone" : 3,
          "sign" : "libra"
        },
        {
          "moonPhaseDate" : "2019-10-21T12:39+0000",
          "signDate" : "2019-10-25T20:20+0000",
          "sign" : "libra",
          "date" : "2019-10-26T00:55+0000",
          "moonPhase" : "phase4",
          "timeZone" : 3,
          "age" : 28
        },
        {
          "moonPhaseDate" : "2019-10-21T12:39+0000",
          "signDate" : "2019-10-27T20:31+0000",
          "age" : 29,
          "date" : "2019-10-27T02:05+0000",
          "moonPhase" : "phase4",
          "timeZone" : 3,
          "sign" : "scorpio"
        },
        {
          "moonPhaseDate" : "2019-10-28T03:38+0000",
          "signDate" : "2019-10-27T20:31+0000",
          "age" : 30,
          "date" : "2019-10-28T03:14+0000",
          "moonPhase" : "newMoon",
          "timeZone" : 3,
          "sign" : "scorpio"
        },
        {
          "sign" : "scorpio",
          "moonPhaseDate" : "2019-10-28T03:38+0000",
          "signDate" : "2019-10-27T20:31+0000",
          "date" : "2019-10-28T03:38+0000",
          "moonPhase" : "newMoon",
          "timeZone" : 3,
          "age" : 1
        },
        {
          "age" : 2,
          "moonPhaseDate" : "2019-10-28T03:38+0000",
          "signDate" : "2019-10-27T20:31+0000",
          "date" : "2019-10-29T04:23+0000",
          "moonPhase" : "phase1",
          "timeZone" : 3,
          "sign" : "scorpio"
        },
        {
          "sign" : "sagittarius",
          "signDate" : "2019-10-29T22:00+0000",
          "moonPhaseDate" : "2019-10-28T03:38+0000",
          "date" : "2019-10-30T05:31+0000",
          "moonPhase" : "phase1",
          "timeZone" : 3,
          "age" : 3
        },
        {
          "moonPhaseDate" : "2019-10-28T03:38+0000",
          "sign" : "sagittarius",
          "signDate" : "2019-10-29T22:00+0000",
          "date" : "2019-10-31T06:36+0000",
          "moonPhase" : "phase1",
          "timeZone" : 3,
          "age" : 4
        },
        {
          "age" : 5,
          "signDate" : "2019-11-01T02:38+0000",
          "moonPhaseDate" : null,
          "date" : "2019-11-01T07:37+0000",
          "moonPhase" : "phase1",
          "timeZone" : 3,
          "sign" : "capricorn"
        },
        {
          "moonPhaseDate" : null,
          "age" : 6,
          "signDate" : "2019-11-01T02:38+0000",
          "date" : "2019-11-02T08:32+0000",
          "moonPhase" : "phase1",
          "timeZone" : 3,
          "sign" : "capricorn"
        },
        {
          "age" : 7,
          "moonPhaseDate" : null,
          "signDate" : "2019-11-03T11:21+0000",
          "date" : "2019-11-03T09:21+0000",
          "moonPhase" : "phase1",
          "timeZone" : 3,
          "sign" : "aquarius"
        },
        {
          "moonPhaseDate" : "2019-11-04T10:23+0000",
          "sign" : "aquarius",
          "signDate" : "2019-11-03T11:21+0000",
          "date" : "2019-11-04T10:03+0000",
          "moonPhase" : "phase2",
          "timeZone" : 3,
          "age" : 8
        },
        {
          "moonPhaseDate" : "2019-11-04T10:23+0000",
          "age" : 9,
          "signDate" : "2019-11-03T11:21+0000",
          "date" : "2019-11-05T10:40+0000",
          "moonPhase" : "phase2",
          "timeZone" : 3,
          "sign" : "aquarius"
        },
        {
          "age" : 10,
          "sign" : "pisces",
          "signDate" : "2019-11-05T23:11+0000",
          "date" : "2019-11-06T11:14+0000",
          "moonPhase" : "phase2",
          "timeZone" : 3,
          "moonPhaseDate" : "2019-11-04T10:23+0000"
        },
        {
          "sign" : "pisces",
          "signDate" : "2019-11-05T23:11+0000",
          "age" : 11,
          "date" : "2019-11-07T11:45+0000",
          "moonPhase" : "phase2",
          "timeZone" : 3,
          "moonPhaseDate" : "2019-11-04T10:23+0000"
        },
        {
          "moonPhaseDate" : "2019-11-04T10:23+0000",
          "sign" : "aries",
          "signDate" : "2019-11-08T11:50+0000",
          "date" : "2019-11-08T12:13+0000",
          "moonPhase" : "phase2",
          "timeZone" : 3,
          "age" : 12
        },
        {
          "moonPhaseDate" : "2019-11-04T10:23+0000",
          "age" : 13,
          "signDate" : "2019-11-08T11:50+0000",
          "date" : "2019-11-09T12:42+0000",
          "moonPhase" : "phase2",
          "timeZone" : 3,
          "sign" : "aries"
        },
        {
          "sign" : "aries",
          "signDate" : "2019-11-08T11:50+0000",
          "moonPhaseDate" : "2019-11-04T10:23+0000",
          "date" : "2019-11-10T13:11+0000",
          "moonPhase" : "phase2",
          "timeZone" : 3,
          "age" : 14
        },
        {
          "age" : 15,
          "signDate" : "2019-11-10T23:19+0000",
          "sign" : "taurus",
          "date" : "2019-11-11T13:41+0000",
          "moonPhase" : "phase2",
          "timeZone" : 3,
          "moonPhaseDate" : "2019-11-04T10:23+0000"
        },
        {
          "age" : 16,
          "moonPhaseDate" : "2019-11-12T13:35+0000",
          "signDate" : "2019-11-10T23:19+0000",
          "date" : "2019-11-12T14:14+0000",
          "moonPhase" : "fullMoon",
          "timeZone" : 3,
          "sign" : "taurus"
        },
        {
          "moonPhaseDate" : "2019-11-12T13:35+0000",
          "signDate" : "2019-11-13T08:45+0000",
          "age" : 17,
          "date" : "2019-11-13T14:51+0000",
          "moonPhase" : "phase3",
          "timeZone" : 3,
          "sign" : "gemini"
        },
        {
          "moonPhaseDate" : "2019-11-12T13:35+0000",
          "signDate" : "2019-11-13T08:45+0000",
          "sign" : "gemini",
          "date" : "2019-11-14T15:33+0000",
          "moonPhase" : "phase3",
          "timeZone" : 3,
          "age" : 18
        },
        {
          "moonPhaseDate" : "2019-11-12T13:35+0000",
          "signDate" : "2019-11-15T16:12+0000",
          "sign" : "cancer",
          "date" : "2019-11-15T16:20+0000",
          "moonPhase" : "phase3",
          "timeZone" : 3,
          "age" : 19
        },
        {
          "moonPhaseDate" : "2019-11-12T13:35+0000",
          "age" : 20,
          "signDate" : "2019-11-15T16:12+0000",
          "date" : "2019-11-16T17:15+0000",
          "moonPhase" : "phase3",
          "timeZone" : 3,
          "sign" : "cancer"
        },
        {
          "sign" : "cancer",
          "moonPhaseDate" : "2019-11-12T13:35+0000",
          "signDate" : "2019-11-15T16:12+0000",
          "date" : "2019-11-17T18:15+0000",
          "moonPhase" : "phase3",
          "timeZone" : 3,
          "age" : 21
        },
        {
          "moonPhaseDate" : "2019-11-12T13:35+0000",
          "sign" : "leo",
          "signDate" : "2019-11-17T21:54+0000",
          "date" : "2019-11-18T19:19+0000",
          "moonPhase" : "phase3",
          "timeZone" : 3,
          "age" : 22
        },
        {
          "moonPhaseDate" : "2019-11-12T13:35+0000",
          "sign" : "leo",
          "signDate" : "2019-11-17T21:54+0000",
          "date" : "2019-11-19T20:25+0000",
          "moonPhase" : "phase3",
          "timeZone" : 3,
          "age" : 23
        },
        {
          "moonPhaseDate" : "2019-11-19T21:11+0000",
          "signDate" : "2019-11-17T21:54+0000",
          "sign" : "virgo",
          "date" : "2019-11-20T21:32+0000",
          "moonPhase" : "phase4",
          "timeZone" : 3,
          "age" : 24
        },
        {
          "age" : 25,
          "moonPhaseDate" : "2019-11-19T21:11+0000",
          "signDate" : "2019-11-22T04:22+0000",
          "date" : "2019-11-21T22:40+0000",
          "moonPhase" : "phase4",
          "timeZone" : 3,
          "sign" : "libra"
        },
        {
          "sign" : "libra",
          "moonPhaseDate" : "2019-11-19T21:11+0000",
          "signDate" : "2019-11-22T04:22+0000",
          "date" : "2019-11-22T23:47+0000",
          "moonPhase" : "phase4",
          "timeZone" : 3,
          "age" : 26
        },
        {
          "moonPhaseDate" : "2019-11-19T21:11+0000",
          "age" : 27,
          "signDate" : "2019-11-24T06:01+0000",
          "date" : "2019-11-24T00:54+0000",
          "moonPhase" : "phase4",
          "timeZone" : 3,
          "sign" : "scorpio"
        },
        {
          "sign" : "scorpio",
          "moonPhaseDate" : "2019-11-19T21:11+0000",
          "signDate" : "2019-11-24T06:01+0000",
          "date" : "2019-11-25T02:02+0000",
          "moonPhase" : "phase4",
          "timeZone" : 3,
          "age" : 28
        },
        {
          "age" : 29,
          "moonPhaseDate" : "2019-11-26T15:06+0000",
          "signDate" : "2019-11-26T08:12+0000",
          "date" : "2019-11-26T03:10+0000",
          "moonPhase" : "newMoon",
          "timeZone" : 3,
          "sign" : "sagittarius"
        },
        {
          "moonPhaseDate" : "2019-11-26T15:06+0000",
          "signDate" : "2019-11-26T08:12+0000",
          "age" : 1,
          "date" : "2019-11-26T15:06+0000",
          "moonPhase" : "newMoon",
          "timeZone" : 3,
          "sign" : "sagittarius"
        },
        {
          "moonPhaseDate" : "2019-11-26T15:06+0000",
          "signDate" : "2019-11-26T08:12+0000",
          "age" : 2,
          "date" : "2019-11-27T04:16+0000",
          "moonPhase" : "phase1",
          "timeZone" : 3,
          "sign" : "sagittarius"
        },
        {
          "age" : 3,
          "moonPhaseDate" : "2019-11-26T15:06+0000",
          "signDate" : "2019-11-28T12:32+0000",
          "date" : "2019-11-28T05:20+0000",
          "moonPhase" : "phase1",
          "timeZone" : 3,
          "sign" : "capricorn"
        },
        {
          "age" : 4,
          "signDate" : "2019-11-28T12:32+0000",
          "moonPhaseDate" : "2019-11-26T15:06+0000",
          "date" : "2019-11-29T06:19+0000",
          "moonPhase" : "phase1",
          "timeZone" : 3,
          "sign" : "capricorn"
        },
        {
          "sign" : "aquarius",
          "moonPhaseDate" : "2019-11-26T15:06+0000",
          "signDate" : "2019-11-30T20:15+0000",
          "date" : "2019-11-30T07:12+0000",
          "moonPhase" : "phase1",
          "timeZone" : 3,
          "age" : 5
        },
        {
          "age" : 6,
          "signDate" : "2019-11-30T20:15+0000",
          "moonPhaseDate" : null,
          "date" : "2019-12-01T07:58+0000",
          "moonPhase" : "phase1",
          "timeZone" : 3,
          "sign" : "aquarius"
        },
        {
          "sign" : "aquarius",
          "signDate" : "2019-11-30T20:15+0000",
          "moonPhaseDate" : null,
          "date" : "2019-12-02T08:38+0000",
          "moonPhase" : "phase1",
          "timeZone" : 3,
          "age" : 7
        },
        {
          "age" : 8,
          "moonPhaseDate" : null,
          "signDate" : "2019-12-03T07:14+0000",
          "date" : "2019-12-03T09:14+0000",
          "moonPhase" : "phase1",
          "timeZone" : 3,
          "sign" : "pisces"
        },
        {
          "sign" : "pisces",
          "signDate" : "2019-12-03T07:14+0000",
          "age" : 9,
          "date" : "2019-12-04T09:45+0000",
          "moonPhase" : "phase2",
          "timeZone" : 3,
          "moonPhaseDate" : "2019-12-04T06:58+0000"
        },
        {
          "sign" : "aries",
          "signDate" : "2019-12-05T19:46+0000",
          "age" : 10,
          "date" : "2019-12-05T10:15+0000",
          "moonPhase" : "phase2",
          "timeZone" : 3,
          "moonPhaseDate" : "2019-12-04T06:58+0000"
        },
        {
          "age" : 11,
          "moonPhaseDate" : "2019-12-04T06:58+0000",
          "signDate" : "2019-12-05T19:46+0000",
          "date" : "2019-12-06T10:43+0000",
          "moonPhase" : "phase2",
          "timeZone" : 3,
          "sign" : "aries"
        },
        {
          "age" : 12,
          "sign" : "aries",
          "signDate" : "2019-12-05T19:46+0000",
          "date" : "2019-12-07T11:11+0000",
          "moonPhase" : "phase2",
          "timeZone" : 3,
          "moonPhaseDate" : "2019-12-04T06:58+0000"
        },
        {
          "sign" : "taurus",
          "moonPhaseDate" : "2019-12-04T06:58+0000",
          "signDate" : "2019-12-08T07:31+0000",
          "date" : "2019-12-08T11:41+0000",
          "moonPhase" : "phase2",
          "timeZone" : 3,
          "age" : 13
        },
        {
          "moonPhaseDate" : "2019-12-04T06:58+0000",
          "age" : 14,
          "signDate" : "2019-12-08T07:31+0000",
          "date" : "2019-12-09T12:12+0000",
          "moonPhase" : "phase2",
          "timeZone" : 3,
          "sign" : "taurus"
        },
        {
          "moonPhaseDate" : "2019-12-04T06:58+0000",
          "age" : 15,
          "signDate" : "2019-12-10T16:49+0000",
          "date" : "2019-12-10T12:48+0000",
          "moonPhase" : "phase2",
          "timeZone" : 3,
          "sign" : "gemini"
        },
        {
          "moonPhaseDate" : "2019-12-04T06:58+0000",
          "signDate" : "2019-12-10T16:49+0000",
          "sign" : "gemini",
          "date" : "2019-12-11T13:28+0000",
          "moonPhase" : "phase2",
          "timeZone" : 3,
          "age" : 16
        },
        {
          "age" : 17,
          "moonPhaseDate" : "2019-12-12T05:12+0000",
          "signDate" : "2019-12-10T16:49+0000",
          "date" : "2019-12-12T14:14+0000",
          "moonPhase" : "fullMoon",
          "timeZone" : 3,
          "sign" : "gemini"
        },
        {
          "age" : 18,
          "signDate" : "2019-12-12T23:24+0000",
          "moonPhaseDate" : "2019-12-12T05:12+0000",
          "date" : "2019-12-13T15:07+0000",
          "moonPhase" : "phase3",
          "timeZone" : 3,
          "sign" : "cancer"
        },
        {
          "age" : 19,
          "moonPhaseDate" : "2019-12-12T05:12+0000",
          "signDate" : "2019-12-12T23:24+0000",
          "date" : "2019-12-14T16:07+0000",
          "moonPhase" : "phase3",
          "timeZone" : 3,
          "sign" : "cancer"
        },
        {
          "moonPhaseDate" : "2019-12-12T05:12+0000",
          "signDate" : "2019-12-15T03:53+0000",
          "sign" : "leo",
          "date" : "2019-12-15T17:11+0000",
          "moonPhase" : "phase3",
          "timeZone" : 3,
          "age" : 20
        },
        {
          "age" : 21,
          "signDate" : "2019-12-15T03:53+0000",
          "moonPhaseDate" : "2019-12-12T05:12+0000",
          "date" : "2019-12-16T18:18+0000",
          "moonPhase" : "phase3",
          "timeZone" : 3,
          "sign" : "leo"
        },
        {
          "sign" : "virgo",
          "moonPhaseDate" : "2019-12-12T05:12+0000",
          "signDate" : "2019-12-17T07:13+0000",
          "date" : "2019-12-17T19:25+0000",
          "moonPhase" : "phase3",
          "timeZone" : 3,
          "age" : 22
        },
        {
          "moonPhaseDate" : "2019-12-12T05:12+0000",
          "sign" : "virgo",
          "signDate" : "2019-12-17T07:13+0000",
          "date" : "2019-12-18T20:32+0000",
          "moonPhase" : "phase3",
          "timeZone" : 3,
          "age" : 23
        },
        {
          "moonPhaseDate" : "2019-12-19T04:57+0000",
          "age" : 24,
          "signDate" : "2019-12-17T07:13+0000",
          "date" : "2019-12-19T21:37+0000",
          "moonPhase" : "phase4",
          "timeZone" : 3,
          "sign" : "libra"
        },
        {
          "moonPhaseDate" : "2019-12-19T04:57+0000",
          "signDate" : "2019-12-21T13:01+0000",
          "age" : 25,
          "date" : "2019-12-20T22:43+0000",
          "moonPhase" : "phase4",
          "timeZone" : 3,
          "sign" : "scorpio"
        },
        {
          "age" : 26,
          "moonPhaseDate" : "2019-12-19T04:57+0000",
          "signDate" : "2019-12-21T13:01+0000",
          "date" : "2019-12-21T23:48+0000",
          "moonPhase" : "phase4",
          "timeZone" : 3,
          "sign" : "scorpio"
        },
        {
          "moonPhaseDate" : "2019-12-19T04:57+0000",
          "sign" : "sagittarius",
          "signDate" : "2019-12-23T16:37+0000",
          "date" : "2019-12-23T00:54+0000",
          "moonPhase" : "phase4",
          "timeZone" : 3,
          "age" : 27
        },
        {
          "sign" : "sagittarius",
          "signDate" : "2019-12-23T16:37+0000",
          "moonPhaseDate" : "2019-12-19T04:57+0000",
          "date" : "2019-12-24T02:00+0000",
          "moonPhase" : "phase4",
          "timeZone" : 3,
          "age" : 28
        },
        {
          "age" : 29,
          "moonPhaseDate" : "2019-12-19T04:57+0000",
          "signDate" : "2019-12-23T16:37+0000",
          "date" : "2019-12-25T03:04+0000",
          "moonPhase" : "phase4",
          "timeZone" : 3,
          "sign" : "sagittarius"
        },
        {
          "age" : 30,
          "sign" : "capricorn",
          "signDate" : "2019-12-25T21:46+0000",
          "date" : "2019-12-26T04:05+0000",
          "moonPhase" : "newMoon",
          "timeZone" : 3,
          "moonPhaseDate" : "2019-12-26T05:13+0000"
        },
        {
          "age" : 1,
          "moonPhaseDate" : "2019-12-26T05:13+0000",
          "signDate" : "2019-12-25T21:46+0000",
          "date" : "2019-12-26T05:13+0000",
          "moonPhase" : "newMoon",
          "timeZone" : 3,
          "sign" : "capricorn"
        },
        {
          "age" : 2,
          "moonPhaseDate" : "2019-12-26T05:13+0000",
          "signDate" : "2019-12-25T21:46+0000",
          "date" : "2019-12-27T05:00+0000",
          "moonPhase" : "phase1",
          "timeZone" : 3,
          "sign" : "capricorn"
        },
        {
          "moonPhaseDate" : "2019-12-26T05:13+0000",
          "signDate" : "2019-12-28T05:21+0000",
          "age" : 3,
          "date" : "2019-12-28T05:50+0000",
          "moonPhase" : "phase1",
          "timeZone" : 3,
          "sign" : "aquarius"
        },
        {
          "sign" : "aquarius",
          "moonPhaseDate" : "2019-12-26T05:13+0000",
          "signDate" : "2019-12-28T05:21+0000",
          "date" : "2019-12-29T06:33+0000",
          "moonPhase" : "phase1",
          "timeZone" : 3,
          "age" : 4
        },
        {
          "age" : 5,
          "signDate" : "2019-12-30T15:43+0000",
          "moonPhaseDate" : "2019-12-26T05:13+0000",
          "date" : "2019-12-30T07:11+0000",
          "moonPhase" : "phase1",
          "timeZone" : 3,
          "sign" : "pisces"
        },
        {
          "age" : 6,
          "moonPhaseDate" : "2019-12-26T05:13+0000",
          "signDate" : "2019-12-30T15:43+0000",
          "date" : "2019-12-31T07:45+0000",
          "moonPhase" : "phase1",
          "timeZone" : 3,
          "sign" : "pisces"
        },
        {
          "moonPhaseDate" : null,
          "signDate" : "2019-12-30T15:43+0000",
          "age" : 7,
          "date" : "2020-01-01T08:15+0000",
          "moonPhase" : "phase1",
          "timeZone" : 3,
          "sign" : "pisces"
        },
        {
          "age" : 8,
          "moonPhaseDate" : null,
          "signDate" : "2020-01-02T04:01+0000",
          "date" : "2020-01-02T08:44+0000",
          "moonPhase" : "phase1",
          "timeZone" : 3,
          "sign" : "aries"
        },
        {
          "age" : 9,
          "moonPhaseDate" : "2020-01-03T04:45+0000",
          "signDate" : "2020-01-02T04:01+0000",
          "date" : "2020-01-03T09:12+0000",
          "moonPhase" : "phase2",
          "timeZone" : 3,
          "sign" : "aries"
        },
        {
          "moonPhaseDate" : "2020-01-03T04:45+0000",
          "sign" : "taurus",
          "signDate" : "2020-01-04T16:15+0000",
          "date" : "2020-01-04T09:40+0000",
          "moonPhase" : "phase2",
          "timeZone" : 3,
          "age" : 10
        },
        {
          "moonPhaseDate" : "2020-01-03T04:45+0000",
          "signDate" : "2020-01-04T16:15+0000",
          "age" : 11,
          "date" : "2020-01-05T10:10+0000",
          "moonPhase" : "phase2",
          "timeZone" : 3,
          "sign" : "taurus"
        },
        {
          "sign" : "taurus",
          "moonPhaseDate" : "2020-01-03T04:45+0000",
          "signDate" : "2020-01-04T16:15+0000",
          "date" : "2020-01-06T10:43+0000",
          "moonPhase" : "phase2",
          "timeZone" : 3,
          "age" : 12
        },
        {
          "age" : 13,
          "moonPhaseDate" : "2020-01-03T04:45+0000",
          "signDate" : "2020-01-07T02:13+0000",
          "date" : "2020-01-07T11:20+0000",
          "moonPhase" : "phase2",
          "timeZone" : 3,
          "sign" : "gemini"
        },
        {
          "moonPhaseDate" : "2020-01-03T04:45+0000",
          "sign" : "gemini",
          "signDate" : "2020-01-07T02:13+0000",
          "date" : "2020-01-08T12:04+0000",
          "moonPhase" : "phase2",
          "timeZone" : 3,
          "age" : 14
        },
        {
          "age" : 15,
          "signDate" : "2020-01-09T08:45+0000",
          "moonPhaseDate" : "2020-01-03T04:45+0000",
          "date" : "2020-01-09T12:54+0000",
          "moonPhase" : "phase2",
          "timeZone" : 3,
          "sign" : "cancer"
        },
        {
          "age" : 16,
          "moonPhaseDate" : "2020-01-10T19:21+0000",
          "signDate" : "2020-01-09T08:45+0000",
          "date" : "2020-01-10T13:52+0000",
          "moonPhase" : "fullMoon",
          "timeZone" : 3,
          "sign" : "cancer"
        },
        {
          "moonPhaseDate" : "2020-01-10T19:21+0000",
          "age" : 17,
          "signDate" : "2020-01-11T12:16+0000",
          "date" : "2020-01-11T14:56+0000",
          "moonPhase" : "phase3",
          "timeZone" : 3,
          "sign" : "leo"
        },
        {
          "sign" : "leo",
          "moonPhaseDate" : "2020-01-10T19:21+0000",
          "signDate" : "2020-01-11T12:16+0000",
          "date" : "2020-01-12T16:04+0000",
          "moonPhase" : "phase3",
          "timeZone" : 3,
          "age" : 18
        },
        {
          "moonPhaseDate" : "2020-01-10T19:21+0000",
          "sign" : "virgo",
          "signDate" : "2020-01-13T14:05+0000",
          "date" : "2020-01-13T17:14+0000",
          "moonPhase" : "phase3",
          "timeZone" : 3,
          "age" : 19
        },
        {
          "moonPhaseDate" : "2020-01-10T19:21+0000",
          "signDate" : "2020-01-13T14:05+0000",
          "sign" : "virgo",
          "date" : "2020-01-14T18:22+0000",
          "moonPhase" : "phase3",
          "timeZone" : 3,
          "age" : 20
        },
        {
          "age" : 21,
          "signDate" : "2020-01-15T15:42+0000",
          "moonPhaseDate" : "2020-01-10T19:21+0000",
          "date" : "2020-01-15T19:30+0000",
          "moonPhase" : "phase3",
          "timeZone" : 3,
          "sign" : "libra"
        },
        {
          "moonPhaseDate" : "2020-01-10T19:21+0000",
          "age" : 22,
          "signDate" : "2020-01-15T15:42+0000",
          "date" : "2020-01-16T20:36+0000",
          "moonPhase" : "phase3",
          "timeZone" : 3,
          "sign" : "libra"
        },
        {
          "moonPhaseDate" : "2020-01-17T12:58+0000",
          "sign" : "scorpio",
          "signDate" : "2020-01-15T15:42+0000",
          "date" : "2020-01-17T21:41+0000",
          "moonPhase" : "phase4",
          "timeZone" : 3,
          "age" : 23
        },
        {
          "age" : 24,
          "moonPhaseDate" : "2020-01-17T12:58+0000",
          "signDate" : "2020-01-15T15:42+0000",
          "date" : "2020-01-18T22:46+0000",
          "moonPhase" : "phase4",
          "timeZone" : 3,
          "sign" : "scorpio"
        },
        {
          "sign" : "sagittarius",
          "moonPhaseDate" : "2020-01-17T12:58+0000",
          "signDate" : "2020-01-19T22:43+0000",
          "date" : "2020-01-19T23:51+0000",
          "moonPhase" : "phase4",
          "timeZone" : 3,
          "age" : 25
        },
        {
          "sign" : "sagittarius",
          "signDate" : "2020-01-19T22:43+0000",
          "moonPhaseDate" : "2020-01-17T12:58+0000",
          "date" : "2020-01-21T00:54+0000",
          "moonPhase" : "phase4",
          "timeZone" : 3,
          "age" : 26
        },
        {
          "sign" : "capricorn",
          "signDate" : "2020-01-22T05:02+0000",
          "age" : 27,
          "date" : "2020-01-22T01:55+0000",
          "moonPhase" : "phase4",
          "timeZone" : 3,
          "moonPhaseDate" : "2020-01-17T12:58+0000"
        },
        {
          "age" : 28,
          "sign" : "capricorn",
          "signDate" : "2020-01-22T05:02+0000",
          "date" : "2020-01-23T02:52+0000",
          "moonPhase" : "phase4",
          "timeZone" : 3,
          "moonPhaseDate" : "2020-01-17T12:58+0000"
        },
        {
          "age" : 29,
          "moonPhaseDate" : "2020-01-17T12:58+0000",
          "signDate" : "2020-01-24T13:22+0000",
          "date" : "2020-01-24T03:43+0000",
          "moonPhase" : "phase4",
          "timeZone" : 3,
          "sign" : "aquarius"
        },
        {
          "age" : 1,
          "moonPhaseDate" : "2020-01-24T21:42+0000",
          "signDate" : "2020-01-24T13:22+0000",
          "date" : "2020-01-24T21:42+0000",
          "moonPhase" : "newMoon",
          "timeZone" : 3,
          "sign" : "aquarius"
        },
        {
          "moonPhaseDate" : "2020-01-24T21:42+0000",
          "sign" : "aquarius",
          "signDate" : "2020-01-24T13:22+0000",
          "date" : "2020-01-25T04:28+0000",
          "moonPhase" : "newMoon",
          "timeZone" : 3,
          "age" : 2
        },
        {
          "moonPhaseDate" : "2020-01-24T21:42+0000",
          "age" : 3,
          "signDate" : "2020-01-24T13:22+0000",
          "date" : "2020-01-26T05:08+0000",
          "moonPhase" : "phase1",
          "timeZone" : 3,
          "sign" : "aquarius"
        },
        {
          "moonPhaseDate" : "2020-01-24T21:42+0000",
          "signDate" : "2020-01-26T23:45+0000",
          "sign" : "pisces",
          "date" : "2020-01-27T05:44+0000",
          "moonPhase" : "phase1",
          "timeZone" : 3,
          "age" : 4
        },
        {
          "moonPhaseDate" : "2020-01-24T21:42+0000",
          "age" : 5,
          "signDate" : "2020-01-26T23:45+0000",
          "date" : "2020-01-28T06:15+0000",
          "moonPhase" : "phase1",
          "timeZone" : 3,
          "sign" : "pisces"
        },
        {
          "age" : 6,
          "signDate" : "2020-01-29T11:51+0000",
          "sign" : "aries",
          "date" : "2020-01-29T06:44+0000",
          "moonPhase" : "phase1",
          "timeZone" : 3,
          "moonPhaseDate" : "2020-01-24T21:42+0000"
        },
        {
          "moonPhaseDate" : "2020-01-24T21:42+0000",
          "sign" : "aries",
          "signDate" : "2020-01-29T11:51+0000",
          "date" : "2020-01-30T07:12+0000",
          "moonPhase" : "phase1",
          "timeZone" : 3,
          "age" : 7
        },
        {
          "sign" : "aries",
          "age" : 8,
          "signDate" : "2020-01-29T11:51+0000",
          "date" : "2020-01-31T07:40+0000",
          "moonPhase" : "phase1",
          "timeZone" : 3,
          "moonPhaseDate" : "2020-01-24T21:42+0000"
        },
        {
          "age" : 8,
          "moonPhaseDate" : "2020-01-24T21:42+0000",
          "signDate" : "2020-01-29T11:51+0000",
          "date" : "2020-01-31T07:40+0000",
          "moonPhase" : "phase1",
          "timeZone" : 3,
          "sign" : "aries"
        }
      ],
      "timeZone" : 3,
      "cityName" : "Багдад"
    }
  ],
  "countryName" : "Ирак"
}