{
  "countryName" : "Азербайджан",
  "cities" : [
    {
      "timeZone" : 5,
      "cityName" : "Баку",
      "moonDays" : [
        {
          "date" : "2019-05-01T00:16+0000",
          "timeZone" : 5,
          "signDate" : "2019-05-01T10:23+0000",
          "moonPhaseDate" : null,
          "moonPhase" : null,
          "age" : 26,
          "sign" : "aries"
        },
        {
          "date" : "2019-05-02T00:42+0000",
          "timeZone" : 5,
          "signDate" : "2019-05-01T10:23+0000",
          "moonPhaseDate" : null,
          "moonPhase" : null,
          "age" : 27,
          "sign" : "aries"
        },
        {
          "date" : "2019-05-03T01:08+0000",
          "timeZone" : 5,
          "signDate" : "2019-05-01T10:23+0000",
          "moonPhaseDate" : null,
          "moonPhase" : null,
          "sign" : "aries",
          "age" : 28
        },
        {
          "date" : "2019-05-04T01:36+0000",
          "timeZone" : 5,
          "signDate" : "2019-05-03T20:21+0000",
          "moonPhaseDate" : null,
          "moonPhase" : null,
          "age" : 29,
          "sign" : "taurus"
        },
        {
          "date" : "2019-05-04T22:45+0000",
          "timeZone" : 5,
          "signDate" : "2019-05-03T20:21+0000",
          "moonPhaseDate" : "2019-05-04T22:45+0000",
          "moonPhase" : "newMoon",
          "age" : 1,
          "sign" : "taurus"
        },
        {
          "date" : "2019-05-05T02:07+0000",
          "timeZone" : 5,
          "signDate" : "2019-05-03T20:21+0000",
          "moonPhaseDate" : "2019-05-04T22:45+0000",
          "moonPhase" : "newMoon",
          "age" : 2,
          "sign" : "taurus"
        },
        {
          "date" : "2019-05-06T02:41+0000",
          "timeZone" : 5,
          "signDate" : "2019-05-06T03:42+0000",
          "moonPhaseDate" : "2019-05-04T22:45+0000",
          "moonPhase" : "phase1",
          "age" : 3,
          "sign" : "gemini"
        },
        {
          "date" : "2019-05-07T03:21+0000",
          "timeZone" : 5,
          "signDate" : "2019-05-06T03:42+0000",
          "moonPhaseDate" : "2019-05-04T22:45+0000",
          "moonPhase" : "phase1",
          "sign" : "gemini",
          "age" : 4
        },
        {
          "date" : "2019-05-08T04:07+0000",
          "timeZone" : 5,
          "signDate" : "2019-05-08T09:05+0000",
          "moonPhaseDate" : "2019-05-04T22:45+0000",
          "moonPhase" : "phase1",
          "age" : 5,
          "sign" : "cancer"
        },
        {
          "date" : "2019-05-09T05:01+0000",
          "timeZone" : 5,
          "signDate" : "2019-05-08T09:05+0000",
          "moonPhaseDate" : "2019-05-04T22:45+0000",
          "moonPhase" : "phase1",
          "age" : 6,
          "sign" : "cancer"
        },
        {
          "date" : "2019-05-10T06:03+0000",
          "timeZone" : 5,
          "signDate" : "2019-05-10T13:12+0000",
          "moonPhaseDate" : "2019-05-04T22:45+0000",
          "moonPhase" : "phase1",
          "age" : 7,
          "sign" : "leo"
        },
        {
          "date" : "2019-05-11T07:09+0000",
          "timeZone" : 5,
          "signDate" : "2019-05-10T13:12+0000",
          "moonPhaseDate" : "2019-05-04T22:45+0000",
          "moonPhase" : "phase1",
          "age" : 8,
          "sign" : "leo"
        },
        {
          "date" : "2019-05-12T08:19+0000",
          "timeZone" : 5,
          "signDate" : "2019-05-12T16:23+0000",
          "moonPhaseDate" : "2019-05-12T01:12+0000",
          "moonPhase" : "phase2",
          "age" : 9,
          "sign" : "virgo"
        },
        {
          "date" : "2019-05-13T09:30+0000",
          "timeZone" : 5,
          "signDate" : "2019-05-12T16:23+0000",
          "moonPhaseDate" : "2019-05-12T01:12+0000",
          "moonPhase" : "phase2",
          "age" : 10,
          "sign" : "virgo"
        },
        {
          "date" : "2019-05-14T10:41+0000",
          "timeZone" : 5,
          "signDate" : "2019-05-14T18:53+0000",
          "moonPhaseDate" : "2019-05-12T01:12+0000",
          "moonPhase" : "phase2",
          "age" : 11,
          "sign" : "libra"
        },
        {
          "date" : "2019-05-15T11:52+0000",
          "timeZone" : 5,
          "signDate" : "2019-05-14T18:53+0000",
          "moonPhaseDate" : "2019-05-12T01:12+0000",
          "moonPhase" : "phase2",
          "age" : 12,
          "sign" : "libra"
        },
        {
          "date" : "2019-05-16T13:02+0000",
          "timeZone" : 5,
          "signDate" : "2019-05-14T18:53+0000",
          "moonPhaseDate" : "2019-05-12T01:12+0000",
          "moonPhase" : "phase2",
          "age" : 13,
          "sign" : "libra"
        },
        {
          "date" : "2019-05-17T14:12+0000",
          "timeZone" : 5,
          "signDate" : "2019-05-16T21:25+0000",
          "moonPhaseDate" : "2019-05-12T01:12+0000",
          "moonPhase" : "phase2",
          "age" : 14,
          "sign" : "scorpio"
        },
        {
          "date" : "2019-05-18T15:21+0000",
          "timeZone" : 5,
          "signDate" : "2019-05-16T21:25+0000",
          "moonPhaseDate" : "2019-05-12T01:12+0000",
          "moonPhase" : "phase2",
          "age" : 15,
          "sign" : "scorpio"
        },
        {
          "date" : "2019-05-19T16:28+0000",
          "timeZone" : 5,
          "signDate" : "2019-05-19T01:19+0000",
          "moonPhaseDate" : "2019-05-18T21:11+0000",
          "moonPhase" : "fullMoon",
          "age" : 16,
          "sign" : "sagittarius"
        },
        {
          "date" : "2019-05-20T17:31+0000",
          "timeZone" : 5,
          "signDate" : "2019-05-19T01:19+0000",
          "moonPhaseDate" : "2019-05-18T21:11+0000",
          "moonPhase" : "phase3",
          "age" : 17,
          "sign" : "sagittarius"
        },
        {
          "date" : "2019-05-21T18:29+0000",
          "timeZone" : 5,
          "signDate" : "2019-05-21T07:56+0000",
          "moonPhaseDate" : "2019-05-18T21:11+0000",
          "moonPhase" : "phase3",
          "age" : 18,
          "sign" : "capricorn"
        },
        {
          "date" : "2019-05-22T19:22+0000",
          "timeZone" : 5,
          "signDate" : "2019-05-23T17:51+0000",
          "moonPhaseDate" : "2019-05-18T21:11+0000",
          "moonPhase" : "phase3",
          "age" : 19,
          "sign" : "aquarius"
        },
        {
          "date" : "2019-05-23T20:07+0000",
          "timeZone" : 5,
          "signDate" : "2019-05-23T17:51+0000",
          "moonPhaseDate" : "2019-05-18T21:11+0000",
          "moonPhase" : "phase3",
          "age" : 20,
          "sign" : "aquarius"
        },
        {
          "date" : "2019-05-24T20:46+0000",
          "timeZone" : 5,
          "signDate" : "2019-05-23T17:51+0000",
          "moonPhaseDate" : "2019-05-18T21:11+0000",
          "moonPhase" : "phase3",
          "age" : 21,
          "sign" : "aquarius"
        },
        {
          "date" : "2019-05-25T21:20+0000",
          "timeZone" : 5,
          "signDate" : "2019-05-26T06:07+0000",
          "moonPhaseDate" : "2019-05-26T16:33+0000",
          "moonPhase" : "phase4",
          "age" : 22,
          "sign" : "pisces"
        },
        {
          "date" : "2019-05-26T21:50+0000",
          "timeZone" : 5,
          "signDate" : "2019-05-26T06:07+0000",
          "moonPhaseDate" : "2019-05-26T16:33+0000",
          "moonPhase" : "phase4",
          "age" : 23,
          "sign" : "pisces"
        },
        {
          "date" : "2019-05-27T22:18+0000",
          "timeZone" : 5,
          "signDate" : "2019-05-28T18:29+0000",
          "moonPhaseDate" : "2019-05-26T16:33+0000",
          "moonPhase" : "phase4",
          "age" : 24,
          "sign" : "aries"
        },
        {
          "date" : "2019-05-28T22:44+0000",
          "timeZone" : 5,
          "signDate" : "2019-05-28T18:29+0000",
          "moonPhaseDate" : "2019-05-26T16:33+0000",
          "moonPhase" : "phase4",
          "age" : 25,
          "sign" : "aries"
        },
        {
          "date" : "2019-05-29T23:10+0000",
          "timeZone" : 5,
          "signDate" : "2019-05-28T18:29+0000",
          "moonPhaseDate" : "2019-05-26T16:33+0000",
          "moonPhase" : "phase4",
          "age" : 26,
          "sign" : "aries"
        },
        {
          "date" : "2019-05-30T23:37+0000",
          "timeZone" : 5,
          "signDate" : "2019-05-31T04:44+0000",
          "moonPhaseDate" : "2019-05-26T16:33+0000",
          "moonPhase" : "phase4",
          "sign" : "taurus",
          "age" : 27
        },
        {
          "date" : "2019-06-01T00:06+0000",
          "timeZone" : 5,
          "signDate" : "2019-05-31T04:44+0000",
          "moonPhaseDate" : null,
          "moonPhase" : "phase4",
          "age" : 28,
          "sign" : "taurus"
        },
        {
          "date" : "2019-06-02T00:38+0000",
          "timeZone" : 5,
          "signDate" : "2019-06-02T11:51+0000",
          "moonPhaseDate" : null,
          "moonPhase" : "phase4",
          "sign" : "gemini",
          "age" : 29
        },
        {
          "date" : "2019-06-03T01:16+0000",
          "timeZone" : 5,
          "signDate" : "2019-06-02T11:51+0000",
          "moonPhaseDate" : "2019-06-03T10:02+0000",
          "moonPhase" : "newMoon",
          "age" : 30,
          "sign" : "gemini"
        },
        {
          "date" : "2019-06-03T10:02+0000",
          "timeZone" : 5,
          "signDate" : "2019-06-02T11:51+0000",
          "moonPhaseDate" : "2019-06-03T10:02+0000",
          "moonPhase" : "newMoon",
          "age" : 1,
          "sign" : "gemini"
        },
        {
          "date" : "2019-06-04T02:00+0000",
          "timeZone" : 5,
          "signDate" : "2019-06-04T16:18+0000",
          "moonPhaseDate" : "2019-06-03T10:02+0000",
          "moonPhase" : "phase1",
          "age" : 2,
          "sign" : "cancer"
        },
        {
          "date" : "2019-06-05T02:53+0000",
          "timeZone" : 5,
          "signDate" : "2019-06-04T16:18+0000",
          "moonPhaseDate" : "2019-06-03T10:02+0000",
          "moonPhase" : "phase1",
          "age" : 3,
          "sign" : "cancer"
        },
        {
          "date" : "2019-06-06T03:53+0000",
          "timeZone" : 5,
          "signDate" : "2019-06-04T16:18+0000",
          "moonPhaseDate" : "2019-06-03T10:02+0000",
          "moonPhase" : "phase1",
          "age" : 4,
          "sign" : "cancer"
        },
        {
          "date" : "2019-06-07T05:00+0000",
          "timeZone" : 5,
          "signDate" : "2019-06-06T19:14+0000",
          "moonPhaseDate" : "2019-06-03T10:02+0000",
          "moonPhase" : "phase1",
          "age" : 5,
          "sign" : "leo"
        },
        {
          "date" : "2019-06-08T06:10+0000",
          "timeZone" : 5,
          "signDate" : "2019-06-06T19:14+0000",
          "moonPhaseDate" : "2019-06-03T10:02+0000",
          "moonPhase" : "phase1",
          "age" : 6,
          "sign" : "leo"
        },
        {
          "date" : "2019-06-09T07:21+0000",
          "timeZone" : 5,
          "signDate" : "2019-06-08T21:43+0000",
          "moonPhaseDate" : "2019-06-03T10:02+0000",
          "moonPhase" : "phase1",
          "sign" : "virgo",
          "age" : 7
        },
        {
          "date" : "2019-06-10T08:32+0000",
          "timeZone" : 5,
          "signDate" : "2019-06-08T21:43+0000",
          "moonPhaseDate" : "2019-06-10T05:59+0000",
          "moonPhase" : "phase2",
          "age" : 8,
          "sign" : "virgo"
        },
        {
          "date" : "2019-06-11T09:42+0000",
          "timeZone" : 5,
          "signDate" : "2019-06-11T00:30+0000",
          "moonPhaseDate" : "2019-06-10T05:59+0000",
          "moonPhase" : "phase2",
          "age" : 9,
          "sign" : "libra"
        },
        {
          "date" : "2019-06-12T10:51+0000",
          "timeZone" : 5,
          "signDate" : "2019-06-11T00:30+0000",
          "moonPhaseDate" : "2019-06-10T05:59+0000",
          "moonPhase" : "phase2",
          "age" : 10,
          "sign" : "libra"
        },
        {
          "date" : "2019-06-13T11:59+0000",
          "timeZone" : 5,
          "signDate" : "2019-06-13T04:03+0000",
          "moonPhaseDate" : "2019-06-10T05:59+0000",
          "moonPhase" : "phase2",
          "age" : 11,
          "sign" : "scorpio"
        },
        {
          "date" : "2019-06-14T13:07+0000",
          "timeZone" : 5,
          "signDate" : "2019-06-13T04:03+0000",
          "moonPhaseDate" : "2019-06-10T05:59+0000",
          "moonPhase" : "phase2",
          "age" : 12,
          "sign" : "scorpio"
        },
        {
          "date" : "2019-06-15T14:13+0000",
          "timeZone" : 5,
          "signDate" : "2019-06-15T09:01+0000",
          "moonPhaseDate" : "2019-06-10T05:59+0000",
          "moonPhase" : "phase2",
          "sign" : "sagittarius",
          "age" : 13
        },
        {
          "date" : "2019-06-16T15:18+0000",
          "timeZone" : 5,
          "signDate" : "2019-06-15T09:01+0000",
          "moonPhaseDate" : "2019-06-10T05:59+0000",
          "moonPhase" : "phase2",
          "age" : 14,
          "sign" : "sagittarius"
        },
        {
          "date" : "2019-06-17T16:18+0000",
          "timeZone" : 5,
          "signDate" : "2019-06-17T16:11+0000",
          "moonPhaseDate" : "2019-06-17T08:31+0000",
          "moonPhase" : "fullMoon",
          "age" : 15,
          "sign" : "capricorn"
        },
        {
          "date" : "2019-06-18T17:13+0000",
          "timeZone" : 5,
          "signDate" : "2019-06-17T16:11+0000",
          "moonPhaseDate" : "2019-06-17T08:31+0000",
          "moonPhase" : "phase3",
          "age" : 16,
          "sign" : "capricorn"
        },
        {
          "date" : "2019-06-19T18:01+0000",
          "timeZone" : 5,
          "signDate" : "2019-06-17T16:11+0000",
          "moonPhaseDate" : "2019-06-17T08:31+0000",
          "moonPhase" : "phase3",
          "age" : 17,
          "sign" : "capricorn"
        },
        {
          "date" : "2019-06-20T18:44+0000",
          "timeZone" : 5,
          "signDate" : "2019-06-20T02:01+0000",
          "moonPhaseDate" : "2019-06-17T08:31+0000",
          "moonPhase" : "phase3",
          "age" : 18,
          "sign" : "aquarius"
        },
        {
          "date" : "2019-06-21T19:20+0000",
          "timeZone" : 5,
          "signDate" : "2019-06-22T14:01+0000",
          "moonPhaseDate" : "2019-06-17T08:31+0000",
          "moonPhase" : "phase3",
          "age" : 19,
          "sign" : "pisces"
        },
        {
          "date" : "2019-06-22T19:51+0000",
          "timeZone" : 5,
          "signDate" : "2019-06-22T14:01+0000",
          "moonPhaseDate" : "2019-06-17T08:31+0000",
          "moonPhase" : "phase3",
          "age" : 20,
          "sign" : "pisces"
        },
        {
          "date" : "2019-06-23T20:20+0000",
          "timeZone" : 5,
          "signDate" : "2019-06-22T14:01+0000",
          "moonPhaseDate" : "2019-06-17T08:31+0000",
          "moonPhase" : "phase3",
          "age" : 21,
          "sign" : "pisces"
        },
        {
          "age" : 22,
          "signDate" : "2019-06-25T02:34+0000",
          "timeZone" : 5,
          "sign" : "aries",
          "date" : "2019-06-24T20:46+0000",
          "moonPhase" : "phase4",
          "moonPhaseDate" : "2019-06-25T09:46+0000"
        },
        {
          "moonPhaseDate" : "2019-06-25T09:46+0000",
          "timeZone" : 5,
          "moonPhase" : "phase4",
          "date" : "2019-06-25T21:12+0000",
          "age" : 23,
          "signDate" : "2019-06-25T02:34+0000",
          "sign" : "aries"
        },
        {
          "moonPhaseDate" : "2019-06-25T09:46+0000",
          "moonPhase" : "phase4",
          "timeZone" : 5,
          "date" : "2019-06-26T21:38+0000",
          "age" : 24,
          "signDate" : "2019-06-27T13:30+0000",
          "sign" : "taurus"
        },
        {
          "moonPhaseDate" : "2019-06-25T09:46+0000",
          "timeZone" : 5,
          "moonPhase" : "phase4",
          "date" : "2019-06-27T22:05+0000",
          "age" : 25,
          "signDate" : "2019-06-27T13:30+0000",
          "sign" : "taurus"
        },
        {
          "sign" : "taurus",
          "timeZone" : 5,
          "moonPhase" : "phase4",
          "date" : "2019-06-28T22:35+0000",
          "age" : 26,
          "signDate" : "2019-06-27T13:30+0000",
          "moonPhaseDate" : "2019-06-25T09:46+0000"
        },
        {
          "sign" : "gemini",
          "timeZone" : 5,
          "moonPhase" : "phase4",
          "date" : "2019-06-29T23:10+0000",
          "age" : 27,
          "signDate" : "2019-06-29T21:10+0000",
          "moonPhaseDate" : "2019-06-25T09:46+0000"
        },
        {
          "sign" : "gemini",
          "timeZone" : 5,
          "moonPhase" : "phase4",
          "date" : "2019-06-30T23:51+0000",
          "age" : 28,
          "signDate" : "2019-06-29T21:10+0000",
          "moonPhaseDate" : null
        },
        {
          "moonPhaseDate" : null,
          "timeZone" : 5,
          "moonPhase" : "phase4",
          "date" : "2019-07-02T00:40+0000",
          "age" : 29,
          "signDate" : "2019-07-02T01:26+0000",
          "sign" : "cancer"
        },
        {
          "moonPhaseDate" : "2019-07-02T19:16+0000",
          "timeZone" : 5,
          "moonPhase" : "newMoon",
          "date" : "2019-07-02T19:16+0000",
          "age" : 1,
          "signDate" : "2019-07-02T01:26+0000",
          "sign" : "cancer"
        },
        {
          "moonPhaseDate" : "2019-07-02T19:16+0000",
          "timeZone" : 5,
          "moonPhase" : "newMoon",
          "date" : "2019-07-03T01:38+0000",
          "age" : 2,
          "signDate" : "2019-07-02T01:26+0000",
          "sign" : "cancer"
        },
        {
          "moonPhaseDate" : "2019-07-02T19:16+0000",
          "timeZone" : 5,
          "moonPhase" : "phase1",
          "date" : "2019-07-04T02:44+0000",
          "age" : 3,
          "signDate" : "2019-07-04T03:21+0000",
          "sign" : "leo"
        },
        {
          "moonPhaseDate" : "2019-07-02T19:16+0000",
          "timeZone" : 5,
          "moonPhase" : "phase1",
          "date" : "2019-07-05T03:55+0000",
          "age" : 4,
          "signDate" : "2019-07-04T03:21+0000",
          "sign" : "leo"
        },
        {
          "moonPhaseDate" : "2019-07-02T19:16+0000",
          "moonPhase" : "phase1",
          "timeZone" : 5,
          "date" : "2019-07-06T05:09+0000",
          "age" : 5,
          "signDate" : "2019-07-06T04:25+0000",
          "sign" : "virgo"
        },
        {
          "moonPhaseDate" : "2019-07-02T19:16+0000",
          "timeZone" : 5,
          "moonPhase" : "phase1",
          "date" : "2019-07-07T06:22+0000",
          "age" : 6,
          "signDate" : "2019-07-06T04:25+0000",
          "sign" : "virgo"
        },
        {
          "moonPhaseDate" : "2019-07-02T19:16+0000",
          "timeZone" : 5,
          "moonPhase" : "phase1",
          "date" : "2019-07-08T07:33+0000",
          "age" : 7,
          "signDate" : "2019-07-08T06:07+0000",
          "sign" : "libra"
        },
        {
          "moonPhaseDate" : "2019-07-09T10:55+0000",
          "moonPhase" : "phase2",
          "timeZone" : 5,
          "date" : "2019-07-09T08:43+0000",
          "age" : 8,
          "signDate" : "2019-07-08T06:07+0000",
          "sign" : "libra"
        },
        {
          "moonPhaseDate" : "2019-07-09T10:55+0000",
          "timeZone" : 5,
          "moonPhase" : "phase2",
          "date" : "2019-07-10T09:51+0000",
          "age" : 9,
          "signDate" : "2019-07-10T09:28+0000",
          "sign" : "scorpio"
        },
        {
          "moonPhaseDate" : "2019-07-09T10:55+0000",
          "timeZone" : 5,
          "moonPhase" : "phase2",
          "date" : "2019-07-11T10:58+0000",
          "age" : 10,
          "signDate" : "2019-07-10T09:28+0000",
          "sign" : "scorpio"
        },
        {
          "moonPhaseDate" : "2019-07-09T10:55+0000",
          "timeZone" : 5,
          "moonPhase" : "phase2",
          "date" : "2019-07-12T12:04+0000",
          "age" : 11,
          "signDate" : "2019-07-12T15:04+0000",
          "sign" : "sagittarius"
        },
        {
          "moonPhaseDate" : "2019-07-09T10:55+0000",
          "timeZone" : 5,
          "moonPhase" : "phase2",
          "date" : "2019-07-13T13:09+0000",
          "age" : 12,
          "signDate" : "2019-07-12T15:04+0000",
          "sign" : "sagittarius"
        },
        {
          "moonPhaseDate" : "2019-07-09T10:55+0000",
          "timeZone" : 5,
          "moonPhase" : "phase2",
          "date" : "2019-07-14T14:10+0000",
          "age" : 13,
          "signDate" : "2019-07-12T15:04+0000",
          "sign" : "sagittarius"
        },
        {
          "moonPhaseDate" : "2019-07-09T10:55+0000",
          "timeZone" : 5,
          "moonPhase" : "phase2",
          "date" : "2019-07-15T15:06+0000",
          "age" : 14,
          "signDate" : "2019-07-14T23:03+0000",
          "sign" : "capricorn"
        },
        {
          "moonPhaseDate" : "2019-07-09T10:55+0000",
          "timeZone" : 5,
          "moonPhase" : "phase2",
          "date" : "2019-07-16T15:56+0000",
          "age" : 15,
          "signDate" : "2019-07-14T23:03+0000",
          "sign" : "capricorn"
        },
        {
          "moonPhaseDate" : "2019-07-16T21:38+0000",
          "timeZone" : 5,
          "moonPhase" : "fullMoon",
          "date" : "2019-07-17T16:41+0000",
          "age" : 16,
          "signDate" : "2019-07-17T09:18+0000",
          "sign" : "aquarius"
        },
        {
          "moonPhaseDate" : "2019-07-16T21:38+0000",
          "timeZone" : 5,
          "moonPhase" : "phase3",
          "date" : "2019-07-18T17:19+0000",
          "age" : 17,
          "signDate" : "2019-07-17T09:18+0000",
          "sign" : "aquarius"
        },
        {
          "moonPhaseDate" : "2019-07-16T21:38+0000",
          "timeZone" : 5,
          "moonPhase" : "phase3",
          "date" : "2019-07-19T17:52+0000",
          "age" : 18,
          "signDate" : "2019-07-17T09:18+0000",
          "sign" : "aquarius"
        },
        {
          "moonPhaseDate" : "2019-07-16T21:38+0000",
          "moonPhase" : "phase3",
          "timeZone" : 5,
          "date" : "2019-07-20T18:22+0000",
          "age" : 19,
          "signDate" : "2019-07-19T21:19+0000",
          "sign" : "pisces"
        },
        {
          "moonPhaseDate" : "2019-07-16T21:38+0000",
          "moonPhase" : "phase3",
          "timeZone" : 5,
          "date" : "2019-07-21T18:49+0000",
          "age" : 20,
          "signDate" : "2019-07-19T21:19+0000",
          "sign" : "pisces"
        },
        {
          "moonPhaseDate" : "2019-07-16T21:38+0000",
          "timeZone" : 5,
          "moonPhase" : "phase3",
          "date" : "2019-07-22T19:14+0000",
          "age" : 21,
          "signDate" : "2019-07-19T21:19+0000",
          "sign" : "aries"
        },
        {
          "moonPhaseDate" : "2019-07-16T21:38+0000",
          "timeZone" : 5,
          "moonPhase" : "phase3",
          "date" : "2019-07-23T19:40+0000",
          "age" : 22,
          "signDate" : "2019-07-19T21:19+0000",
          "sign" : "aries"
        },
        {
          "moonPhaseDate" : "2019-07-25T01:18+0000",
          "timeZone" : 5,
          "moonPhase" : "phase4",
          "date" : "2019-07-24T20:06+0000",
          "age" : 23,
          "signDate" : "2019-07-24T21:40+0000",
          "sign" : "taurus"
        },
        {
          "moonPhaseDate" : "2019-07-25T01:18+0000",
          "timeZone" : 5,
          "moonPhase" : "phase4",
          "date" : "2019-07-25T20:34+0000",
          "age" : 24,
          "signDate" : "2019-07-24T21:40+0000",
          "sign" : "taurus"
        },
        {
          "moonPhaseDate" : "2019-07-25T01:18+0000",
          "timeZone" : 5,
          "moonPhase" : "phase4",
          "date" : "2019-07-26T21:05+0000",
          "age" : 25,
          "signDate" : "2019-07-27T06:28+0000",
          "sign" : "gemini"
        },
        {
          "moonPhaseDate" : "2019-07-25T01:18+0000",
          "timeZone" : 5,
          "moonPhase" : "phase4",
          "date" : "2019-07-27T21:42+0000",
          "age" : 26,
          "signDate" : "2019-07-27T06:28+0000",
          "sign" : "gemini"
        },
        {
          "sign" : "cancer",
          "timeZone" : 5,
          "moonPhase" : "phase4",
          "date" : "2019-07-28T22:27+0000",
          "age" : 27,
          "signDate" : "2019-07-29T11:30+0000",
          "moonPhaseDate" : "2019-07-25T01:18+0000"
        },
        {
          "moonPhaseDate" : "2019-07-25T01:18+0000",
          "moonPhase" : "phase4",
          "timeZone" : 5,
          "date" : "2019-07-29T23:20+0000",
          "age" : 28,
          "signDate" : "2019-07-29T11:30+0000",
          "sign" : "cancer"
        },
        {
          "moonPhaseDate" : "2019-07-25T01:18+0000",
          "timeZone" : 5,
          "moonPhase" : "phase4",
          "date" : "2019-07-31T00:22+0000",
          "age" : 29,
          "signDate" : "2019-07-31T13:18+0000",
          "sign" : "leo"
        },
        {
          "moonPhaseDate" : "2019-08-01T03:12+0000",
          "timeZone" : 5,
          "moonPhase" : "newMoon",
          "date" : "2019-08-01T01:32+0000",
          "age" : 30,
          "signDate" : "2019-07-31T13:18+0000",
          "sign" : "leo"
        },
        {
          "sign" : "leo",
          "timeZone" : 5,
          "moonPhase" : "newMoon",
          "date" : "2019-08-01T03:12+0000",
          "age" : 1,
          "signDate" : "2019-07-31T13:18+0000",
          "moonPhaseDate" : "2019-08-01T03:12+0000"
        },
        {
          "moonPhaseDate" : "2019-08-01T03:12+0000",
          "timeZone" : 5,
          "moonPhase" : "phase1",
          "date" : "2019-08-02T02:47+0000",
          "age" : 2,
          "signDate" : "2019-08-02T13:23+0000",
          "sign" : "virgo"
        },
        {
          "moonPhaseDate" : "2019-08-01T03:12+0000",
          "timeZone" : 5,
          "moonPhase" : "phase1",
          "date" : "2019-08-03T04:03+0000",
          "age" : 3,
          "signDate" : "2019-08-02T13:23+0000",
          "sign" : "virgo"
        },
        {
          "moonPhaseDate" : "2019-08-01T03:12+0000",
          "moonPhase" : "phase1",
          "timeZone" : 5,
          "date" : "2019-08-04T05:18+0000",
          "age" : 4,
          "signDate" : "2019-08-04T13:32+0000",
          "sign" : "libra"
        },
        {
          "moonPhaseDate" : "2019-08-01T03:12+0000",
          "timeZone" : 5,
          "moonPhase" : "phase1",
          "date" : "2019-08-05T06:30+0000",
          "age" : 5,
          "signDate" : "2019-08-04T13:32+0000",
          "sign" : "libra"
        },
        {
          "moonPhaseDate" : "2019-08-01T03:12+0000",
          "timeZone" : 5,
          "moonPhase" : "phase1",
          "date" : "2019-08-06T07:41+0000",
          "age" : 6,
          "signDate" : "2019-08-06T15:31+0000",
          "sign" : "scorpio"
        },
        {
          "moonPhaseDate" : "2019-08-07T17:31+0000",
          "timeZone" : 5,
          "moonPhase" : "phase2",
          "date" : "2019-08-07T08:50+0000",
          "age" : 7,
          "signDate" : "2019-08-06T15:31+0000",
          "sign" : "scorpio"
        },
        {
          "moonPhaseDate" : "2019-08-07T17:31+0000",
          "timeZone" : 5,
          "moonPhase" : "phase2",
          "date" : "2019-08-08T09:57+0000",
          "age" : 8,
          "signDate" : "2019-08-06T15:31+0000",
          "sign" : "scorpio"
        },
        {
          "moonPhaseDate" : "2019-08-07T17:31+0000",
          "timeZone" : 5,
          "moonPhase" : "phase2",
          "date" : "2019-08-09T11:02+0000",
          "age" : 9,
          "signDate" : "2019-08-08T20:32+0000",
          "sign" : "sagittarius"
        },
        {
          "moonPhaseDate" : "2019-08-07T17:31+0000",
          "timeZone" : 5,
          "moonPhase" : "phase2",
          "date" : "2019-08-10T12:04+0000",
          "age" : 10,
          "signDate" : "2019-08-08T20:32+0000",
          "sign" : "sagittarius"
        },
        {
          "moonPhaseDate" : "2019-08-07T17:31+0000",
          "moonPhase" : "phase2",
          "timeZone" : 5,
          "date" : "2019-08-11T13:01+0000",
          "age" : 11,
          "signDate" : "2019-08-11T04:48+0000",
          "sign" : "capricorn"
        },
        {
          "moonPhaseDate" : "2019-08-07T17:31+0000",
          "moonPhase" : "phase2",
          "timeZone" : 5,
          "date" : "2019-08-12T13:53+0000",
          "age" : 12,
          "signDate" : "2019-08-11T04:48+0000",
          "sign" : "capricorn"
        },
        {
          "moonPhaseDate" : "2019-08-07T17:31+0000",
          "moonPhase" : "phase2",
          "timeZone" : 5,
          "date" : "2019-08-13T14:39+0000",
          "age" : 13,
          "signDate" : "2019-08-13T15:36+0000",
          "sign" : "aquarius"
        },
        {
          "moonPhaseDate" : "2019-08-07T17:31+0000",
          "timeZone" : 5,
          "moonPhase" : "phase2",
          "date" : "2019-08-14T15:19+0000",
          "age" : 14,
          "signDate" : "2019-08-13T15:36+0000",
          "sign" : "aquarius"
        },
        {
          "moonPhaseDate" : "2019-08-15T12:29+0000",
          "timeZone" : 5,
          "moonPhase" : "fullMoon",
          "date" : "2019-08-15T15:54+0000",
          "age" : 15,
          "signDate" : "2019-08-13T15:36+0000",
          "sign" : "aquarius"
        },
        {
          "sign" : "pisces",
          "timeZone" : 5,
          "moonPhase" : "phase3",
          "date" : "2019-08-16T16:24+0000",
          "age" : 16,
          "signDate" : "2019-08-16T03:50+0000",
          "moonPhaseDate" : "2019-08-15T12:29+0000"
        },
        {
          "sign" : "pisces",
          "timeZone" : 5,
          "moonPhase" : "phase3",
          "date" : "2019-08-17T16:52+0000",
          "age" : 17,
          "signDate" : "2019-08-16T03:50+0000",
          "moonPhaseDate" : "2019-08-15T12:29+0000"
        },
        {
          "moonPhaseDate" : "2019-08-15T12:29+0000",
          "moonPhase" : "phase3",
          "timeZone" : 5,
          "date" : "2019-08-18T17:18+0000",
          "age" : 18,
          "signDate" : "2019-08-18T16:32+0000",
          "sign" : "aries"
        },
        {
          "sign" : "aries",
          "timeZone" : 5,
          "moonPhase" : "phase3",
          "date" : "2019-08-19T17:43+0000",
          "age" : 19,
          "signDate" : "2019-08-18T16:32+0000",
          "moonPhaseDate" : "2019-08-15T12:29+0000"
        },
        {
          "moonPhaseDate" : "2019-08-15T12:29+0000",
          "timeZone" : 5,
          "moonPhase" : "phase3",
          "date" : "2019-08-20T18:08+0000",
          "age" : 20,
          "signDate" : "2019-08-18T16:32+0000",
          "sign" : "aries"
        },
        {
          "sign" : "taurus",
          "timeZone" : 5,
          "moonPhase" : "phase3",
          "date" : "2019-08-21T18:35+0000",
          "age" : 21,
          "signDate" : "2019-08-21T04:36+0000",
          "moonPhaseDate" : "2019-08-15T12:29+0000"
        },
        {
          "moonPhaseDate" : "2019-08-23T14:56+0000",
          "moonPhase" : "phase4",
          "timeZone" : 5,
          "date" : "2019-08-22T19:04+0000",
          "age" : 22,
          "signDate" : "2019-08-23T14:34+0000",
          "sign" : "gemini"
        },
        {
          "moonPhaseDate" : "2019-08-23T14:56+0000",
          "timeZone" : 5,
          "moonPhase" : "phase4",
          "date" : "2019-08-23T19:38+0000",
          "age" : 23,
          "signDate" : "2019-08-23T14:34+0000",
          "sign" : "gemini"
        },
        {
          "sign" : "gemini",
          "timeZone" : 5,
          "moonPhase" : "phase4",
          "date" : "2019-08-24T20:17+0000",
          "age" : 24,
          "signDate" : "2019-08-23T14:34+0000",
          "moonPhaseDate" : "2019-08-23T14:56+0000"
        },
        {
          "moonPhaseDate" : "2019-08-23T14:56+0000",
          "timeZone" : 5,
          "moonPhase" : "phase4",
          "date" : "2019-08-25T21:05+0000",
          "age" : 25,
          "signDate" : "2019-08-25T21:05+0000",
          "sign" : "cancer"
        },
        {
          "moonPhaseDate" : "2019-08-23T14:56+0000",
          "timeZone" : 5,
          "moonPhase" : "phase4",
          "date" : "2019-08-26T22:02+0000",
          "age" : 26,
          "signDate" : "2019-08-25T21:05+0000",
          "sign" : "cancer"
        },
        {
          "moonPhaseDate" : "2019-08-23T14:56+0000",
          "moonPhase" : "phase4",
          "timeZone" : 5,
          "date" : "2019-08-27T23:07+0000",
          "age" : 27,
          "signDate" : "2019-08-27T23:51+0000",
          "sign" : "leo"
        },
        {
          "sign" : "leo",
          "timeZone" : 5,
          "moonPhase" : "phase4",
          "date" : "2019-08-29T00:19+0000",
          "age" : 28,
          "signDate" : "2019-08-27T23:51+0000",
          "moonPhaseDate" : "2019-08-23T14:56+0000"
        },
        {
          "moonPhaseDate" : "2019-08-30T10:37+0000",
          "timeZone" : 5,
          "moonPhase" : "newMoon",
          "date" : "2019-08-30T01:36+0000",
          "age" : 29,
          "signDate" : "2019-08-29T23:57+0000",
          "sign" : "virgo"
        },
        {
          "moonPhaseDate" : "2019-08-30T10:37+0000",
          "timeZone" : 5,
          "moonPhase" : "newMoon",
          "date" : "2019-08-30T10:37+0000",
          "age" : 1,
          "signDate" : "2019-08-29T23:57+0000",
          "sign" : "virgo"
        },
        {
          "moonPhaseDate" : "2019-08-30T10:37+0000",
          "timeZone" : 5,
          "moonPhase" : "phase1",
          "date" : "2019-08-31T02:53+0000",
          "age" : 2,
          "signDate" : "2019-08-29T23:57+0000",
          "sign" : "virgo"
        },
        {
          "moonPhaseDate" : null,
          "timeZone" : 5,
          "moonPhase" : "phase1",
          "date" : "2019-09-01T04:09+0000",
          "age" : 3,
          "signDate" : "2019-08-31T23:12+0000",
          "sign" : "libra"
        },
        {
          "moonPhaseDate" : null,
          "moonPhase" : "phase1",
          "timeZone" : 5,
          "date" : "2019-09-02T05:23+0000",
          "age" : 4,
          "signDate" : "2019-08-31T23:12+0000",
          "sign" : "libra"
        },
        {
          "moonPhaseDate" : null,
          "moonPhase" : "phase1",
          "timeZone" : 5,
          "date" : "2019-09-03T06:35+0000",
          "age" : 5,
          "signDate" : "2019-09-02T23:38+0000",
          "sign" : "scorpio"
        },
        {
          "moonPhaseDate" : null,
          "timeZone" : 5,
          "moonPhase" : "phase1",
          "date" : "2019-09-04T07:46+0000",
          "age" : 6,
          "signDate" : "2019-09-02T23:38+0000",
          "sign" : "scorpio"
        },
        {
          "moonPhaseDate" : null,
          "moonPhase" : "phase1",
          "timeZone" : 5,
          "date" : "2019-09-05T08:53+0000",
          "age" : 7,
          "signDate" : "2019-09-05T03:06+0000",
          "sign" : "sagittarius"
        },
        {
          "moonPhaseDate" : "2019-09-06T03:10+0000",
          "timeZone" : 5,
          "moonPhase" : "phase2",
          "date" : "2019-09-06T09:57+0000",
          "age" : 8,
          "signDate" : "2019-09-05T03:06+0000",
          "sign" : "sagittarius"
        },
        {
          "sign" : "capricorn",
          "timeZone" : 5,
          "moonPhase" : "phase2",
          "date" : "2019-09-07T10:57+0000",
          "age" : 9,
          "signDate" : "2019-09-07T10:35+0000",
          "moonPhaseDate" : "2019-09-06T03:10+0000"
        },
        {
          "sign" : "capricorn",
          "timeZone" : 5,
          "moonPhase" : "phase2",
          "date" : "2019-09-08T11:51+0000",
          "age" : 10,
          "signDate" : "2019-09-07T10:35+0000",
          "moonPhaseDate" : "2019-09-06T03:10+0000"
        },
        {
          "moonPhaseDate" : "2019-09-06T03:10+0000",
          "timeZone" : 5,
          "moonPhase" : "phase2",
          "date" : "2019-09-09T12:38+0000",
          "age" : 11,
          "signDate" : "2019-09-07T10:35+0000",
          "sign" : "capricorn"
        },
        {
          "moonPhaseDate" : "2019-09-06T03:10+0000",
          "timeZone" : 5,
          "moonPhase" : "phase2",
          "date" : "2019-09-10T13:20+0000",
          "age" : 12,
          "signDate" : "2019-09-09T21:25+0000",
          "sign" : "aquarius"
        },
        {
          "moonPhaseDate" : "2019-09-06T03:10+0000",
          "timeZone" : 5,
          "moonPhase" : "phase2",
          "date" : "2019-09-11T13:56+0000",
          "age" : 13,
          "signDate" : "2019-09-09T21:25+0000",
          "sign" : "aquarius"
        },
        {
          "sign" : "pisces",
          "timeZone" : 5,
          "moonPhase" : "phase2",
          "date" : "2019-09-12T14:27+0000",
          "age" : 14,
          "signDate" : "2019-09-12T09:53+0000",
          "moonPhaseDate" : "2019-09-06T03:10+0000"
        },
        {
          "sign" : "pisces",
          "timeZone" : 5,
          "moonPhase" : "phase2",
          "date" : "2019-09-13T14:55+0000",
          "age" : 15,
          "signDate" : "2019-09-12T09:53+0000",
          "moonPhaseDate" : "2019-09-06T03:10+0000"
        },
        {
          "moonPhaseDate" : "2019-09-14T04:33+0000",
          "moonPhase" : "fullMoon",
          "timeZone" : 5,
          "date" : "2019-09-14T15:22+0000",
          "age" : 16,
          "signDate" : "2019-09-12T09:53+0000",
          "sign" : "pisces"
        },
        {
          "moonPhaseDate" : "2019-09-14T04:33+0000",
          "timeZone" : 5,
          "moonPhase" : "phase3",
          "date" : "2019-09-15T15:47+0000",
          "age" : 17,
          "signDate" : "2019-09-14T22:32+0000",
          "sign" : "aries"
        },
        {
          "moonPhaseDate" : "2019-09-14T04:33+0000",
          "timeZone" : 5,
          "moonPhase" : "phase3",
          "date" : "2019-09-16T16:12+0000",
          "age" : 18,
          "signDate" : "2019-09-14T22:32+0000",
          "sign" : "aries"
        },
        {
          "moonPhaseDate" : "2019-09-14T04:33+0000",
          "timeZone" : 5,
          "moonPhase" : "phase3",
          "date" : "2019-09-17T16:38+0000",
          "age" : 19,
          "signDate" : "2019-09-17T10:30+0000",
          "sign" : "taurus"
        },
        {
          "moonPhaseDate" : "2019-09-14T04:33+0000",
          "moonPhase" : "phase3",
          "timeZone" : 5,
          "date" : "2019-09-18T17:06+0000",
          "age" : 20,
          "signDate" : "2019-09-17T10:30+0000",
          "sign" : "taurus"
        },
        {
          "moonPhaseDate" : "2019-09-14T04:33+0000",
          "timeZone" : 5,
          "moonPhase" : "phase3",
          "date" : "2019-09-19T17:37+0000",
          "age" : 21,
          "signDate" : "2019-09-17T10:30+0000",
          "sign" : "taurus"
        },
        {
          "sign" : "gemini",
          "timeZone" : 5,
          "moonPhase" : "phase3",
          "date" : "2019-09-20T18:14+0000",
          "age" : 22,
          "signDate" : "2019-09-19T20:58+0000",
          "moonPhaseDate" : "2019-09-14T04:33+0000"
        },
        {
          "moonPhaseDate" : "2019-09-14T04:33+0000",
          "timeZone" : 5,
          "moonPhase" : "phase3",
          "date" : "2019-09-21T18:57+0000",
          "age" : 23,
          "signDate" : "2019-09-19T20:58+0000",
          "sign" : "gemini"
        },
        {
          "sign" : "cancer",
          "timeZone" : 5,
          "moonPhase" : "phase4",
          "date" : "2019-09-22T19:48+0000",
          "age" : 24,
          "signDate" : "2019-09-19T20:58+0000",
          "moonPhaseDate" : "2019-09-22T02:41+0000"
        },
        {
          "moonPhaseDate" : "2019-09-22T02:41+0000",
          "timeZone" : 5,
          "moonPhase" : "phase4",
          "date" : "2019-09-23T20:48+0000",
          "age" : 25,
          "signDate" : "2019-09-24T09:19+0000",
          "sign" : "leo"
        },
        {
          "moonPhaseDate" : "2019-09-22T02:41+0000",
          "moonPhase" : "phase4",
          "timeZone" : 5,
          "date" : "2019-09-24T21:55+0000",
          "age" : 26,
          "signDate" : "2019-09-24T09:19+0000",
          "sign" : "leo"
        },
        {
          "moonPhaseDate" : "2019-09-22T02:41+0000",
          "timeZone" : 5,
          "moonPhase" : "phase4",
          "date" : "2019-09-25T23:08+0000",
          "age" : 27,
          "signDate" : "2019-09-26T10:35+0000",
          "sign" : "virgo"
        },
        {
          "moonPhaseDate" : "2019-09-22T02:41+0000",
          "timeZone" : 5,
          "moonPhase" : "phase4",
          "date" : "2019-09-27T00:24+0000",
          "age" : 28,
          "signDate" : "2019-09-26T10:35+0000",
          "sign" : "virgo"
        },
        {
          "moonPhaseDate" : "2019-09-28T18:26+0000",
          "timeZone" : 5,
          "moonPhase" : "newMoon",
          "date" : "2019-09-28T01:40+0000",
          "age" : 29,
          "signDate" : "2019-09-28T10:04+0000",
          "sign" : "libra"
        },
        {
          "moonPhaseDate" : "2019-09-28T18:26+0000",
          "timeZone" : 5,
          "moonPhase" : "newMoon",
          "date" : "2019-09-28T18:26+0000",
          "age" : 1,
          "signDate" : "2019-09-28T10:04+0000",
          "sign" : "libra"
        },
        {
          "moonPhaseDate" : "2019-09-28T18:26+0000",
          "timeZone" : 5,
          "moonPhase" : "phase1",
          "date" : "2019-09-29T02:56+0000",
          "age" : 2,
          "signDate" : "2019-09-28T10:04+0000",
          "sign" : "libra"
        },
        {
          "moonPhaseDate" : "2019-09-28T18:26+0000",
          "timeZone" : 5,
          "moonPhase" : "phase1",
          "date" : "2019-09-30T04:11+0000",
          "age" : 3,
          "signDate" : "2019-09-30T09:45+0000",
          "sign" : "scorpio"
        },
        {
          "moonPhaseDate" : null,
          "timeZone" : 5,
          "moonPhase" : "phase1",
          "date" : "2019-10-01T05:25+0000",
          "age" : 4,
          "signDate" : "2019-09-30T09:45+0000",
          "sign" : "scorpio"
        },
        {
          "moonPhaseDate" : null,
          "timeZone" : 5,
          "moonPhase" : "phase1",
          "date" : "2019-10-02T06:37+0000",
          "age" : 5,
          "signDate" : "2019-10-02T11:45+0000",
          "sign" : "sagittarius"
        },
        {
          "moonPhaseDate" : null,
          "timeZone" : 5,
          "moonPhase" : "phase1",
          "date" : "2019-10-03T07:45+0000",
          "age" : 6,
          "signDate" : "2019-10-02T11:45+0000",
          "sign" : "sagittarius"
        },
        {
          "moonPhaseDate" : null,
          "timeZone" : 5,
          "moonPhase" : "phase1",
          "date" : "2019-10-04T08:49+0000",
          "age" : 7,
          "signDate" : "2019-10-04T17:41+0000",
          "sign" : "capricorn"
        },
        {
          "moonPhaseDate" : "2019-10-05T16:47+0000",
          "moonPhase" : "phase2",
          "timeZone" : 5,
          "date" : "2019-10-05T09:46+0000",
          "age" : 8,
          "signDate" : "2019-10-04T17:41+0000",
          "sign" : "capricorn"
        },
        {
          "moonPhaseDate" : "2019-10-05T16:47+0000",
          "timeZone" : 5,
          "moonPhase" : "phase2",
          "date" : "2019-10-06T10:36+0000",
          "age" : 9,
          "signDate" : "2019-10-04T17:41+0000",
          "sign" : "capricorn"
        },
        {
          "moonPhaseDate" : "2019-10-05T16:47+0000",
          "timeZone" : 5,
          "moonPhase" : "phase2",
          "date" : "2019-10-07T11:20+0000",
          "age" : 10,
          "signDate" : "2019-10-07T03:43+0000",
          "sign" : "aquarius"
        },
        {
          "moonPhaseDate" : "2019-10-05T16:47+0000",
          "timeZone" : 5,
          "moonPhase" : "phase2",
          "date" : "2019-10-08T11:58+0000",
          "age" : 11,
          "signDate" : "2019-10-07T03:43+0000",
          "sign" : "aquarius"
        },
        {
          "moonPhaseDate" : "2019-10-05T16:47+0000",
          "timeZone" : 5,
          "moonPhase" : "phase2",
          "date" : "2019-10-09T12:30+0000",
          "age" : 12,
          "signDate" : "2019-10-09T16:08+0000",
          "sign" : "pisces"
        },
        {
          "moonPhaseDate" : "2019-10-05T16:47+0000",
          "timeZone" : 5,
          "moonPhase" : "phase2",
          "date" : "2019-10-10T12:59+0000",
          "age" : 13,
          "signDate" : "2019-10-09T16:08+0000",
          "sign" : "pisces"
        },
        {
          "moonPhaseDate" : "2019-10-05T16:47+0000",
          "timeZone" : 5,
          "moonPhase" : "phase2",
          "date" : "2019-10-11T13:26+0000",
          "age" : 14,
          "signDate" : "2019-10-09T16:08+0000",
          "sign" : "pisces"
        },
        {
          "moonPhaseDate" : "2019-10-05T16:47+0000",
          "moonPhase" : "phase2",
          "timeZone" : 5,
          "date" : "2019-10-12T13:51+0000",
          "age" : 15,
          "signDate" : "2019-10-12T04:46+0000",
          "sign" : "aries"
        },
        {
          "moonPhaseDate" : "2019-10-05T16:47+0000",
          "timeZone" : 5,
          "moonPhase" : "phase2",
          "date" : "2019-10-13T14:16+0000",
          "age" : 16,
          "signDate" : "2019-10-12T04:46+0000",
          "sign" : "aries"
        },
        {
          "sign" : "taurus",
          "timeZone" : 5,
          "moonPhase" : "fullMoon",
          "date" : "2019-10-14T14:41+0000",
          "age" : 17,
          "signDate" : "2019-10-14T16:23+0000",
          "moonPhaseDate" : "2019-10-13T21:08+0000"
        },
        {
          "moonPhaseDate" : "2019-10-13T21:08+0000",
          "timeZone" : 5,
          "moonPhase" : "phase3",
          "date" : "2019-10-15T15:09+0000",
          "age" : 18,
          "signDate" : "2019-10-14T16:23+0000",
          "sign" : "taurus"
        },
        {
          "sign" : "taurus",
          "timeZone" : 5,
          "moonPhase" : "phase3",
          "date" : "2019-10-16T15:39+0000",
          "age" : 19,
          "signDate" : "2019-10-14T16:23+0000",
          "moonPhaseDate" : "2019-10-13T21:08+0000"
        },
        {
          "moonPhaseDate" : "2019-10-13T21:08+0000",
          "timeZone" : 5,
          "moonPhase" : "phase3",
          "date" : "2019-10-17T16:14+0000",
          "age" : 20,
          "signDate" : "2019-10-17T02:29+0000",
          "sign" : "gemini"
        },
        {
          "moonPhaseDate" : "2019-10-13T21:08+0000",
          "timeZone" : 5,
          "moonPhase" : "phase3",
          "date" : "2019-10-18T16:54+0000",
          "age" : 21,
          "signDate" : "2019-10-17T02:29+0000",
          "sign" : "gemini"
        },
        {
          "sign" : "cancer",
          "timeZone" : 5,
          "moonPhase" : "phase3",
          "date" : "2019-10-19T17:42+0000",
          "age" : 22,
          "signDate" : "2019-10-19T10:42+0000",
          "moonPhaseDate" : "2019-10-13T21:08+0000"
        },
        {
          "moonPhaseDate" : "2019-10-13T21:08+0000",
          "timeZone" : 5,
          "moonPhase" : "phase3",
          "date" : "2019-10-20T18:38+0000",
          "age" : 23,
          "signDate" : "2019-10-19T10:42+0000",
          "sign" : "cancer"
        },
        {
          "sign" : "leo",
          "timeZone" : 5,
          "moonPhase" : "phase4",
          "date" : "2019-10-21T19:40+0000",
          "age" : 24,
          "signDate" : "2019-10-19T10:42+0000",
          "moonPhaseDate" : "2019-10-21T12:39+0000"
        },
        {
          "moonPhaseDate" : "2019-10-21T12:39+0000",
          "timeZone" : 5,
          "moonPhase" : "phase4",
          "date" : "2019-10-22T20:49+0000",
          "age" : 25,
          "signDate" : "2019-10-19T10:42+0000",
          "sign" : "leo"
        },
        {
          "sign" : "virgo",
          "timeZone" : 5,
          "moonPhase" : "phase4",
          "date" : "2019-10-23T22:01+0000",
          "age" : 26,
          "signDate" : "2019-10-23T19:30+0000",
          "moonPhaseDate" : "2019-10-21T12:39+0000"
        },
        {
          "moonPhaseDate" : "2019-10-21T12:39+0000",
          "timeZone" : 5,
          "moonPhase" : "phase4",
          "date" : "2019-10-24T23:15+0000",
          "age" : 27,
          "signDate" : "2019-10-23T19:30+0000",
          "sign" : "virgo"
        },
        {
          "moonPhaseDate" : "2019-10-21T12:39+0000",
          "timeZone" : 5,
          "moonPhase" : "phase4",
          "date" : "2019-10-26T00:30+0000",
          "age" : 28,
          "signDate" : "2019-10-25T20:20+0000",
          "sign" : "libra"
        },
        {
          "moonPhaseDate" : "2019-10-21T12:39+0000",
          "timeZone" : 5,
          "moonPhase" : "phase4",
          "date" : "2019-10-27T01:44+0000",
          "age" : 29,
          "signDate" : "2019-10-25T20:20+0000",
          "sign" : "libra"
        },
        {
          "moonPhaseDate" : "2019-10-28T02:38+0000",
          "timeZone" : 5,
          "moonPhase" : "newMoon",
          "date" : "2019-10-28T01:58+0000",
          "age" : 30,
          "signDate" : "2019-10-27T19:31+0000",
          "sign" : "scorpio"
        },
        {
          "moonPhaseDate" : "2019-10-28T02:38+0000",
          "timeZone" : 5,
          "moonPhase" : "newMoon",
          "date" : "2019-10-28T02:38+0000",
          "age" : 1,
          "signDate" : "2019-10-27T19:31+0000",
          "sign" : "scorpio"
        },
        {
          "moonPhaseDate" : "2019-10-28T02:38+0000",
          "timeZone" : 5,
          "moonPhase" : "phase1",
          "date" : "2019-10-29T03:12+0000",
          "age" : 2,
          "signDate" : "2019-10-27T19:31+0000",
          "sign" : "scorpio"
        },
        {
          "moonPhaseDate" : "2019-10-28T02:38+0000",
          "timeZone" : 5,
          "moonPhase" : "phase1",
          "date" : "2019-10-30T04:24+0000",
          "age" : 3,
          "signDate" : "2019-10-29T21:00+0000",
          "sign" : "sagittarius"
        },
        {
          "sign" : "sagittarius",
          "timeZone" : 5,
          "moonPhase" : "phase1",
          "date" : "2019-10-31T05:32+0000",
          "age" : 4,
          "signDate" : "2019-10-29T21:00+0000",
          "moonPhaseDate" : "2019-10-28T02:38+0000"
        },
        {
          "moonPhaseDate" : null,
          "timeZone" : 5,
          "moonPhase" : "phase1",
          "date" : "2019-11-01T06:35+0000",
          "age" : 5,
          "signDate" : "2019-11-01T01:38+0000",
          "sign" : "capricorn"
        },
        {
          "moonPhaseDate" : null,
          "timeZone" : 5,
          "moonPhase" : "phase1",
          "date" : "2019-11-02T07:30+0000",
          "age" : 6,
          "signDate" : "2019-11-01T01:38+0000",
          "sign" : "capricorn"
        },
        {
          "moonPhaseDate" : null,
          "timeZone" : 5,
          "moonPhase" : "phase1",
          "date" : "2019-11-03T08:17+0000",
          "age" : 7,
          "signDate" : "2019-11-03T10:21+0000",
          "sign" : "aquarius"
        },
        {
          "moonPhaseDate" : "2019-11-04T09:23+0000",
          "timeZone" : 5,
          "moonPhase" : "phase2",
          "date" : "2019-11-04T08:58+0000",
          "age" : 8,
          "signDate" : "2019-11-03T10:21+0000",
          "sign" : "aquarius"
        },
        {
          "moonPhaseDate" : "2019-11-04T09:23+0000",
          "moonPhase" : "phase2",
          "timeZone" : 5,
          "date" : "2019-11-05T09:32+0000",
          "age" : 9,
          "signDate" : "2019-11-03T10:21+0000",
          "sign" : "aquarius"
        },
        {
          "moonPhaseDate" : "2019-11-04T09:23+0000",
          "moonPhase" : "phase2",
          "timeZone" : 5,
          "date" : "2019-11-06T10:02+0000",
          "age" : 10,
          "signDate" : "2019-11-05T22:11+0000",
          "sign" : "pisces"
        },
        {
          "moonPhaseDate" : "2019-11-04T09:23+0000",
          "timeZone" : 5,
          "moonPhase" : "phase2",
          "date" : "2019-11-07T10:30+0000",
          "age" : 11,
          "signDate" : "2019-11-05T22:11+0000",
          "sign" : "pisces"
        },
        {
          "moonPhaseDate" : "2019-11-04T09:23+0000",
          "timeZone" : 5,
          "moonPhase" : "phase2",
          "date" : "2019-11-08T10:55+0000",
          "age" : 12,
          "signDate" : "2019-11-08T10:50+0000",
          "sign" : "aries"
        },
        {
          "moonPhaseDate" : "2019-11-04T09:23+0000",
          "timeZone" : 5,
          "moonPhase" : "phase2",
          "date" : "2019-11-09T11:19+0000",
          "age" : 13,
          "signDate" : "2019-11-08T10:50+0000",
          "sign" : "aries"
        },
        {
          "moonPhaseDate" : "2019-11-04T09:23+0000",
          "timeZone" : 5,
          "moonPhase" : "phase2",
          "date" : "2019-11-10T11:44+0000",
          "age" : 14,
          "signDate" : "2019-11-08T10:50+0000",
          "sign" : "aries"
        },
        {
          "moonPhaseDate" : "2019-11-04T09:23+0000",
          "timeZone" : 5,
          "moonPhase" : "phase2",
          "date" : "2019-11-11T12:10+0000",
          "age" : 15,
          "signDate" : "2019-11-10T22:19+0000",
          "sign" : "taurus"
        },
        {
          "sign" : "taurus",
          "timeZone" : 5,
          "moonPhase" : "fullMoon",
          "date" : "2019-11-12T12:40+0000",
          "age" : 16,
          "signDate" : "2019-11-10T22:19+0000",
          "moonPhaseDate" : "2019-11-12T12:35+0000"
        },
        {
          "moonPhaseDate" : "2019-11-12T12:35+0000",
          "timeZone" : 5,
          "moonPhase" : "phase3",
          "date" : "2019-11-13T13:14+0000",
          "age" : 17,
          "signDate" : "2019-11-13T07:45+0000",
          "sign" : "gemini"
        },
        {
          "sign" : "gemini",
          "timeZone" : 5,
          "moonPhase" : "phase3",
          "date" : "2019-11-14T13:52+0000",
          "age" : 18,
          "signDate" : "2019-11-13T07:45+0000",
          "moonPhaseDate" : "2019-11-12T12:35+0000"
        },
        {
          "moonPhaseDate" : "2019-11-12T12:35+0000",
          "timeZone" : 5,
          "moonPhase" : "phase3",
          "date" : "2019-11-15T14:38+0000",
          "age" : 19,
          "signDate" : "2019-11-15T15:12+0000",
          "sign" : "cancer"
        },
        {
          "sign" : "cancer",
          "timeZone" : 5,
          "moonPhase" : "phase3",
          "date" : "2019-11-16T15:31+0000",
          "age" : 20,
          "signDate" : "2019-11-15T15:12+0000",
          "moonPhaseDate" : "2019-11-12T12:35+0000"
        },
        {
          "moonPhaseDate" : "2019-11-12T12:35+0000",
          "timeZone" : 5,
          "moonPhase" : "phase3",
          "date" : "2019-11-17T16:33+0000",
          "age" : 21,
          "signDate" : "2019-11-15T15:12+0000",
          "sign" : "cancer"
        },
        {
          "moonPhaseDate" : "2019-11-12T12:35+0000",
          "timeZone" : 5,
          "moonPhase" : "phase3",
          "date" : "2019-11-18T17:39+0000",
          "age" : 22,
          "signDate" : "2019-11-17T20:54+0000",
          "sign" : "leo"
        },
        {
          "moonPhaseDate" : "2019-11-12T12:35+0000",
          "timeZone" : 5,
          "moonPhase" : "phase3",
          "date" : "2019-11-19T18:49+0000",
          "age" : 23,
          "signDate" : "2019-11-17T20:54+0000",
          "sign" : "leo"
        },
        {
          "moonPhaseDate" : "2019-11-19T20:11+0000",
          "moonPhase" : "phase4",
          "timeZone" : 5,
          "date" : "2019-11-20T20:00+0000",
          "age" : 24,
          "signDate" : "2019-11-17T20:54+0000",
          "sign" : "virgo"
        },
        {
          "moonPhaseDate" : "2019-11-19T20:11+0000",
          "moonPhase" : "phase4",
          "timeZone" : 5,
          "date" : "2019-11-21T21:12+0000",
          "age" : 25,
          "signDate" : "2019-11-22T03:22+0000",
          "sign" : "libra"
        },
        {
          "sign" : "libra",
          "timeZone" : 5,
          "moonPhase" : "phase4",
          "date" : "2019-11-22T22:24+0000",
          "age" : 26,
          "signDate" : "2019-11-22T03:22+0000",
          "moonPhaseDate" : "2019-11-19T20:11+0000"
        },
        {
          "moonPhaseDate" : "2019-11-19T20:11+0000",
          "timeZone" : 5,
          "moonPhase" : "phase4",
          "date" : "2019-11-23T23:36+0000",
          "age" : 27,
          "signDate" : "2019-11-24T05:01+0000",
          "sign" : "scorpio"
        },
        {
          "moonPhaseDate" : "2019-11-19T20:11+0000",
          "moonPhase" : "phase4",
          "timeZone" : 5,
          "date" : "2019-11-25T00:48+0000",
          "age" : 28,
          "signDate" : "2019-11-24T05:01+0000",
          "sign" : "scorpio"
        },
        {
          "moonPhaseDate" : "2019-11-26T14:06+0000",
          "timeZone" : 5,
          "moonPhase" : "newMoon",
          "date" : "2019-11-26T02:00+0000",
          "age" : 29,
          "signDate" : "2019-11-26T07:12+0000",
          "sign" : "sagittarius"
        },
        {
          "moonPhaseDate" : "2019-11-26T14:06+0000",
          "timeZone" : 5,
          "moonPhase" : "newMoon",
          "date" : "2019-11-26T14:06+0000",
          "age" : 1,
          "signDate" : "2019-11-26T07:12+0000",
          "sign" : "sagittarius"
        },
        {
          "moonPhaseDate" : "2019-11-26T14:06+0000",
          "timeZone" : 5,
          "moonPhase" : "phase1",
          "date" : "2019-11-27T03:11+0000",
          "age" : 2,
          "signDate" : "2019-11-26T07:12+0000",
          "sign" : "sagittarius"
        },
        {
          "moonPhaseDate" : "2019-11-26T14:06+0000",
          "moonPhase" : "phase1",
          "timeZone" : 5,
          "date" : "2019-11-28T04:17+0000",
          "age" : 3,
          "signDate" : "2019-11-28T11:32+0000",
          "sign" : "capricorn"
        },
        {
          "moonPhaseDate" : "2019-11-26T14:06+0000",
          "timeZone" : 5,
          "moonPhase" : "phase1",
          "date" : "2019-11-29T05:17+0000",
          "age" : 4,
          "signDate" : "2019-11-28T11:32+0000",
          "sign" : "capricorn"
        },
        {
          "moonPhaseDate" : "2019-11-26T14:06+0000",
          "timeZone" : 5,
          "moonPhase" : "phase1",
          "date" : "2019-11-30T06:10+0000",
          "age" : 5,
          "signDate" : "2019-11-28T11:32+0000",
          "sign" : "capricorn"
        },
        {
          "moonPhaseDate" : null,
          "moonPhase" : "phase1",
          "timeZone" : 5,
          "date" : "2019-12-01T06:54+0000",
          "age" : 6,
          "signDate" : "2019-11-30T19:15+0000",
          "sign" : "aquarius"
        },
        {
          "moonPhaseDate" : null,
          "timeZone" : 5,
          "moonPhase" : "phase1",
          "date" : "2019-12-02T07:32+0000",
          "age" : 7,
          "signDate" : "2019-11-30T19:15+0000",
          "sign" : "aquarius"
        },
        {
          "moonPhaseDate" : null,
          "timeZone" : 5,
          "moonPhase" : "phase1",
          "date" : "2019-12-03T08:04+0000",
          "age" : 8,
          "signDate" : "2019-12-03T06:14+0000",
          "sign" : "pisces"
        },
        {
          "moonPhaseDate" : "2019-12-04T05:58+0000",
          "timeZone" : 5,
          "moonPhase" : "phase2",
          "date" : "2019-12-04T08:32+0000",
          "age" : 9,
          "signDate" : "2019-12-03T06:14+0000",
          "sign" : "pisces"
        },
        {
          "moonPhaseDate" : "2019-12-04T05:58+0000",
          "timeZone" : 5,
          "moonPhase" : "phase2",
          "date" : "2019-12-05T08:58+0000",
          "age" : 10,
          "signDate" : "2019-12-05T18:46+0000",
          "sign" : "aries"
        },
        {
          "moonPhaseDate" : "2019-12-04T05:58+0000",
          "moonPhase" : "phase2",
          "timeZone" : 5,
          "date" : "2019-12-06T09:22+0000",
          "age" : 11,
          "signDate" : "2019-12-05T18:46+0000",
          "sign" : "aries"
        },
        {
          "moonPhaseDate" : "2019-12-04T05:58+0000",
          "timeZone" : 5,
          "moonPhase" : "phase2",
          "date" : "2019-12-07T09:47+0000",
          "age" : 12,
          "signDate" : "2019-12-05T18:46+0000",
          "sign" : "aries"
        },
        {
          "moonPhaseDate" : "2019-12-04T05:58+0000",
          "timeZone" : 5,
          "moonPhase" : "phase2",
          "date" : "2019-12-08T10:12+0000",
          "age" : 13,
          "signDate" : "2019-12-08T06:31+0000",
          "sign" : "taurus"
        },
        {
          "moonPhaseDate" : "2019-12-04T05:58+0000",
          "timeZone" : 5,
          "moonPhase" : "phase2",
          "date" : "2019-12-09T10:40+0000",
          "age" : 14,
          "signDate" : "2019-12-08T06:31+0000",
          "sign" : "taurus"
        },
        {
          "moonPhaseDate" : "2019-12-04T05:58+0000",
          "timeZone" : 5,
          "moonPhase" : "phase2",
          "date" : "2019-12-10T11:12+0000",
          "age" : 15,
          "signDate" : "2019-12-10T15:49+0000",
          "sign" : "gemini"
        },
        {
          "moonPhaseDate" : "2019-12-04T05:58+0000",
          "timeZone" : 5,
          "moonPhase" : "phase2",
          "date" : "2019-12-11T11:48+0000",
          "age" : 16,
          "signDate" : "2019-12-10T15:49+0000",
          "sign" : "gemini"
        },
        {
          "sign" : "gemini",
          "timeZone" : 5,
          "moonPhase" : "fullMoon",
          "date" : "2019-12-12T12:32+0000",
          "age" : 17,
          "signDate" : "2019-12-10T15:49+0000",
          "moonPhaseDate" : "2019-12-12T04:12+0000"
        },
        {
          "moonPhaseDate" : "2019-12-12T04:12+0000",
          "moonPhase" : "phase3",
          "timeZone" : 5,
          "date" : "2019-12-13T13:23+0000",
          "age" : 18,
          "signDate" : "2019-12-12T22:24+0000",
          "sign" : "cancer"
        },
        {
          "moonPhaseDate" : "2019-12-12T04:12+0000",
          "moonPhase" : "phase3",
          "timeZone" : 5,
          "date" : "2019-12-14T14:24+0000",
          "age" : 19,
          "signDate" : "2019-12-12T22:24+0000",
          "sign" : "cancer"
        },
        {
          "moonPhaseDate" : "2019-12-12T04:12+0000",
          "timeZone" : 5,
          "moonPhase" : "phase3",
          "date" : "2019-12-15T15:30+0000",
          "age" : 20,
          "signDate" : "2019-12-15T02:53+0000",
          "sign" : "leo"
        },
        {
          "moonPhaseDate" : "2019-12-12T04:12+0000",
          "timeZone" : 5,
          "moonPhase" : "phase3",
          "date" : "2019-12-16T16:40+0000",
          "age" : 21,
          "signDate" : "2019-12-15T02:53+0000",
          "sign" : "leo"
        },
        {
          "moonPhaseDate" : "2019-12-12T04:12+0000",
          "timeZone" : 5,
          "moonPhase" : "phase3",
          "date" : "2019-12-17T17:51+0000",
          "age" : 22,
          "signDate" : "2019-12-17T06:13+0000",
          "sign" : "virgo"
        },
        {
          "moonPhaseDate" : "2019-12-19T03:57+0000",
          "timeZone" : 5,
          "moonPhase" : "phase4",
          "date" : "2019-12-18T19:02+0000",
          "age" : 23,
          "signDate" : "2019-12-19T09:05+0000",
          "sign" : "libra"
        },
        {
          "moonPhaseDate" : "2019-12-19T03:57+0000",
          "moonPhase" : "phase4",
          "timeZone" : 5,
          "date" : "2019-12-19T20:13+0000",
          "age" : 24,
          "signDate" : "2019-12-19T09:05+0000",
          "sign" : "libra"
        },
        {
          "moonPhaseDate" : "2019-12-19T03:57+0000",
          "timeZone" : 5,
          "moonPhase" : "phase4",
          "date" : "2019-12-20T21:23+0000",
          "age" : 25,
          "signDate" : "2019-12-21T12:01+0000",
          "sign" : "scorpio"
        },
        {
          "moonPhaseDate" : "2019-12-19T03:57+0000",
          "moonPhase" : "phase4",
          "timeZone" : 5,
          "date" : "2019-12-21T22:32+0000",
          "age" : 26,
          "signDate" : "2019-12-21T12:01+0000",
          "sign" : "scorpio"
        },
        {
          "moonPhaseDate" : "2019-12-19T03:57+0000",
          "moonPhase" : "phase4",
          "timeZone" : 5,
          "date" : "2019-12-22T23:43+0000",
          "age" : 27,
          "signDate" : "2019-12-23T15:37+0000",
          "sign" : "sagittarius"
        },
        {
          "moonPhaseDate" : "2019-12-19T03:57+0000",
          "moonPhase" : "phase4",
          "timeZone" : 5,
          "date" : "2019-12-24T00:53+0000",
          "age" : 28,
          "signDate" : "2019-12-23T15:37+0000",
          "sign" : "sagittarius"
        },
        {
          "moonPhaseDate" : "2019-12-19T03:57+0000",
          "timeZone" : 5,
          "moonPhase" : "phase4",
          "date" : "2019-12-25T02:00+0000",
          "age" : 29,
          "signDate" : "2019-12-23T15:37+0000",
          "sign" : "sagittarius"
        },
        {
          "moonPhaseDate" : "2019-12-26T04:13+0000",
          "timeZone" : 5,
          "moonPhase" : "newMoon",
          "date" : "2019-12-26T03:03+0000",
          "age" : 30,
          "signDate" : "2019-12-25T20:46+0000",
          "sign" : "capricorn"
        },
        {
          "moonPhaseDate" : "2019-12-26T04:13+0000",
          "timeZone" : 5,
          "moonPhase" : "newMoon",
          "date" : "2019-12-26T04:13+0000",
          "age" : 1,
          "signDate" : "2019-12-25T20:46+0000",
          "sign" : "capricorn"
        },
        {
          "moonPhaseDate" : "2019-12-26T04:13+0000",
          "timeZone" : 5,
          "moonPhase" : "phase1",
          "date" : "2019-12-27T03:59+0000",
          "age" : 2,
          "signDate" : "2019-12-25T20:46+0000",
          "sign" : "capricorn"
        },
        {
          "moonPhaseDate" : "2019-12-26T04:13+0000",
          "timeZone" : 5,
          "moonPhase" : "phase1",
          "date" : "2019-12-28T04:47+0000",
          "age" : 3,
          "signDate" : "2019-12-28T04:21+0000",
          "sign" : "aquarius"
        },
        {
          "sign" : "aquarius",
          "timeZone" : 5,
          "moonPhase" : "phase1",
          "date" : "2019-12-29T05:28+0000",
          "age" : 4,
          "signDate" : "2019-12-28T04:21+0000",
          "moonPhaseDate" : "2019-12-26T04:13+0000"
        },
        {
          "moonPhaseDate" : "2019-12-26T04:13+0000",
          "timeZone" : 5,
          "moonPhase" : "phase1",
          "date" : "2019-12-30T06:03+0000",
          "age" : 5,
          "signDate" : "2019-12-30T14:43+0000",
          "sign" : "pisces"
        },
        {
          "moonPhaseDate" : "2019-12-26T04:13+0000",
          "moonPhase" : "phase1",
          "timeZone" : 5,
          "date" : "2019-12-31T06:33+0000",
          "age" : 6,
          "signDate" : "2019-12-30T14:43+0000",
          "sign" : "pisces"
        },
        {
          "moonPhaseDate" : null,
          "timeZone" : 5,
          "moonPhase" : "phase1",
          "date" : "2020-01-01T07:00+0000",
          "age" : 7,
          "signDate" : "2019-12-30T14:43+0000",
          "sign" : "pisces"
        },
        {
          "moonPhaseDate" : null,
          "moonPhase" : "phase1",
          "timeZone" : 5,
          "date" : "2020-01-02T07:25+0000",
          "age" : 8,
          "signDate" : "2020-01-02T03:01+0000",
          "sign" : "aries"
        },
        {
          "moonPhaseDate" : "2020-01-03T03:45+0000",
          "timeZone" : 5,
          "moonPhase" : "phase2",
          "date" : "2020-01-03T07:49+0000",
          "age" : 9,
          "signDate" : "2020-01-02T03:01+0000",
          "sign" : "aries"
        },
        {
          "sign" : "taurus",
          "timeZone" : 5,
          "moonPhase" : "phase2",
          "date" : "2020-01-04T08:13+0000",
          "age" : 10,
          "signDate" : "2020-01-04T15:15+0000",
          "moonPhaseDate" : "2020-01-03T03:45+0000"
        },
        {
          "moonPhaseDate" : "2020-01-03T03:45+0000",
          "timeZone" : 5,
          "moonPhase" : "phase2",
          "date" : "2020-01-05T08:40+0000",
          "age" : 11,
          "signDate" : "2020-01-04T15:15+0000",
          "sign" : "taurus"
        },
        {
          "moonPhaseDate" : "2020-01-03T03:45+0000",
          "timeZone" : 5,
          "moonPhase" : "phase2",
          "date" : "2020-01-06T09:09+0000",
          "age" : 12,
          "signDate" : "2020-01-04T15:15+0000",
          "sign" : "taurus"
        },
        {
          "moonPhaseDate" : "2020-01-03T03:45+0000",
          "timeZone" : 5,
          "moonPhase" : "phase2",
          "date" : "2020-01-07T09:42+0000",
          "age" : 13,
          "signDate" : "2020-01-07T01:13+0000",
          "sign" : "gemini"
        },
        {
          "moonPhaseDate" : "2020-01-03T03:45+0000",
          "moonPhase" : "phase2",
          "timeZone" : 5,
          "date" : "2020-01-08T10:23+0000",
          "age" : 14,
          "signDate" : "2020-01-07T01:13+0000",
          "sign" : "gemini"
        },
        {
          "moonPhaseDate" : "2020-01-03T03:45+0000",
          "timeZone" : 5,
          "moonPhase" : "phase2",
          "date" : "2020-01-09T11:11+0000",
          "age" : 15,
          "signDate" : "2020-01-09T07:45+0000",
          "sign" : "cancer"
        },
        {
          "moonPhaseDate" : "2020-01-10T18:21+0000",
          "timeZone" : 5,
          "moonPhase" : "fullMoon",
          "date" : "2020-01-10T12:08+0000",
          "age" : 16,
          "signDate" : "2020-01-09T07:45+0000",
          "sign" : "cancer"
        },
        {
          "sign" : "leo",
          "timeZone" : 5,
          "moonPhase" : "phase3",
          "date" : "2020-01-11T13:14+0000",
          "age" : 17,
          "signDate" : "2020-01-11T11:16+0000",
          "moonPhaseDate" : "2020-01-10T18:21+0000"
        },
        {
          "moonPhaseDate" : "2020-01-10T18:21+0000",
          "timeZone" : 5,
          "moonPhase" : "phase3",
          "date" : "2020-01-12T14:25+0000",
          "age" : 18,
          "signDate" : "2020-01-11T11:16+0000",
          "sign" : "leo"
        },
        {
          "moonPhaseDate" : "2020-01-10T18:21+0000",
          "timeZone" : 5,
          "moonPhase" : "phase3",
          "date" : "2020-01-13T15:38+0000",
          "age" : 19,
          "signDate" : "2020-01-13T13:05+0000",
          "sign" : "virgo"
        },
        {
          "sign" : "virgo",
          "timeZone" : 5,
          "moonPhase" : "phase3",
          "date" : "2020-01-14T16:52+0000",
          "age" : 20,
          "signDate" : "2020-01-13T13:05+0000",
          "moonPhaseDate" : "2020-01-10T18:21+0000"
        },
        {
          "moonPhaseDate" : "2020-01-10T18:21+0000",
          "timeZone" : 5,
          "moonPhase" : "phase3",
          "date" : "2020-01-15T18:04+0000",
          "age" : 21,
          "signDate" : "2020-01-15T14:42+0000",
          "sign" : "libra"
        },
        {
          "moonPhaseDate" : "2020-01-17T11:58+0000",
          "timeZone" : 5,
          "moonPhase" : "phase4",
          "date" : "2020-01-16T19:15+0000",
          "age" : 22,
          "signDate" : "2020-01-17T17:21+0000",
          "sign" : "scorpio"
        },
        {
          "moonPhaseDate" : "2020-01-17T11:58+0000",
          "timeZone" : 5,
          "moonPhase" : "phase4",
          "date" : "2020-01-17T20:25+0000",
          "age" : 23,
          "signDate" : "2020-01-17T17:21+0000",
          "sign" : "scorpio"
        },
        {
          "moonPhaseDate" : "2020-01-17T11:58+0000",
          "timeZone" : 5,
          "moonPhase" : "phase4",
          "date" : "2020-01-18T21:34+0000",
          "age" : 24,
          "signDate" : "2020-01-17T17:21+0000",
          "sign" : "scorpio"
        },
        {
          "moonPhaseDate" : "2020-01-17T11:58+0000",
          "timeZone" : 5,
          "moonPhase" : "phase4",
          "date" : "2020-01-19T22:43+0000",
          "age" : 25,
          "signDate" : "2020-01-19T21:43+0000",
          "sign" : "sagittarius"
        },
        {
          "sign" : "sagittarius",
          "timeZone" : 5,
          "moonPhase" : "phase4",
          "date" : "2020-01-20T23:49+0000",
          "age" : 26,
          "signDate" : "2020-01-19T21:43+0000",
          "moonPhaseDate" : "2020-01-17T11:58+0000"
        },
        {
          "moonPhaseDate" : "2020-01-17T11:58+0000",
          "moonPhase" : "phase4",
          "timeZone" : 5,
          "date" : "2020-01-22T00:52+0000",
          "age" : 27,
          "signDate" : "2020-01-22T04:02+0000",
          "sign" : "capricorn"
        },
        {
          "moonPhaseDate" : "2020-01-17T11:58+0000",
          "timeZone" : 5,
          "moonPhase" : "phase4",
          "date" : "2020-01-23T01:50+0000",
          "age" : 28,
          "signDate" : "2020-01-22T04:02+0000",
          "sign" : "capricorn"
        },
        {
          "moonPhaseDate" : "2020-01-17T11:58+0000",
          "timeZone" : 5,
          "moonPhase" : "phase4",
          "date" : "2020-01-24T02:41+0000",
          "age" : 29,
          "signDate" : "2020-01-24T12:22+0000",
          "sign" : "aquarius"
        },
        {
          "moonPhaseDate" : "2020-01-24T20:42+0000",
          "timeZone" : 5,
          "moonPhase" : "newMoon",
          "date" : "2020-01-24T20:42+0000",
          "age" : 1,
          "signDate" : "2020-01-24T12:22+0000",
          "sign" : "aquarius"
        },
        {
          "moonPhaseDate" : "2020-01-24T20:42+0000",
          "timeZone" : 5,
          "moonPhase" : "newMoon",
          "date" : "2020-01-25T03:24+0000",
          "age" : 2,
          "signDate" : "2020-01-24T12:22+0000",
          "sign" : "aquarius"
        },
        {
          "moonPhaseDate" : "2020-01-24T20:42+0000",
          "timeZone" : 5,
          "moonPhase" : "phase1",
          "date" : "2020-01-26T04:01+0000",
          "age" : 3,
          "signDate" : "2020-01-24T12:22+0000",
          "sign" : "aquarius"
        },
        {
          "moonPhaseDate" : "2020-01-24T20:42+0000",
          "moonPhase" : "phase1",
          "timeZone" : 5,
          "date" : "2020-01-27T04:33+0000",
          "age" : 4,
          "signDate" : "2020-01-26T22:45+0000",
          "sign" : "pisces"
        },
        {
          "moonPhaseDate" : "2020-01-24T20:42+0000",
          "timeZone" : 5,
          "moonPhase" : "phase1",
          "date" : "2020-01-28T05:01+0000",
          "age" : 5,
          "signDate" : "2020-01-26T22:45+0000",
          "sign" : "pisces"
        },
        {
          "moonPhaseDate" : "2020-01-24T20:42+0000",
          "moonPhase" : "phase1",
          "timeZone" : 5,
          "date" : "2020-01-29T05:27+0000",
          "age" : 6,
          "signDate" : "2020-01-29T10:51+0000",
          "sign" : "aries"
        },
        {
          "moonPhaseDate" : "2020-01-24T20:42+0000",
          "moonPhase" : "phase1",
          "timeZone" : 5,
          "date" : "2020-01-30T05:51+0000",
          "age" : 7,
          "signDate" : "2020-01-29T10:51+0000",
          "sign" : "aries"
        },
        {
          "sign" : "aries",
          "timeZone" : 5,
          "moonPhase" : "phase1",
          "date" : "2020-01-31T06:15+0000",
          "age" : 8,
          "signDate" : "2020-01-29T10:51+0000",
          "moonPhaseDate" : "2020-01-24T20:42+0000"
        },
        {
          "moonPhaseDate" : "2020-01-24T20:42+0000",
          "timeZone" : 5,
          "moonPhase" : "phase1",
          "date" : "2020-01-31T06:15+0000",
          "age" : 8,
          "signDate" : "2020-01-29T10:51+0000",
          "sign" : "aries"
        }
      ]
    }
  ]
}