{
  "cities" : [
    {
      "timeZone" : 2,
      "moonDays" : [
        {
          "timeZone" : 2,
          "age" : 26,
          "moonPhase" : null,
          "moonPhaseDate" : null,
          "signDate" : "2019-05-01T10:23+0000",
          "sign" : "aries",
          "date" : "2019-05-01T02:27+0000"
        },
        {
          "timeZone" : 2,
          "age" : 27,
          "moonPhase" : null,
          "moonPhaseDate" : null,
          "signDate" : "2019-05-01T10:23+0000",
          "sign" : "aries",
          "date" : "2019-05-02T02:49+0000"
        },
        {
          "timeZone" : 2,
          "age" : 28,
          "moonPhase" : null,
          "moonPhaseDate" : null,
          "signDate" : "2019-05-03T20:21+0000",
          "sign" : "taurus",
          "date" : "2019-05-03T03:11+0000"
        },
        {
          "timeZone" : 2,
          "age" : 29,
          "moonPhase" : null,
          "moonPhaseDate" : null,
          "signDate" : "2019-05-03T20:21+0000",
          "sign" : "taurus",
          "date" : "2019-05-04T03:34+0000"
        },
        {
          "timeZone" : 2,
          "moonPhase" : "newMoon",
          "age" : 1,
          "moonPhaseDate" : "2019-05-04T22:45+0000",
          "signDate" : "2019-05-03T20:21+0000",
          "sign" : "taurus",
          "date" : "2019-05-04T22:45+0000"
        },
        {
          "timeZone" : 2,
          "moonPhase" : "newMoon",
          "age" : 2,
          "moonPhaseDate" : "2019-05-04T22:45+0000",
          "signDate" : "2019-05-03T20:21+0000",
          "sign" : "taurus",
          "date" : "2019-05-05T04:00+0000"
        },
        {
          "timeZone" : 2,
          "moonPhase" : "phase1",
          "age" : 3,
          "moonPhaseDate" : "2019-05-04T22:45+0000",
          "signDate" : "2019-05-06T03:42+0000",
          "sign" : "gemini",
          "date" : "2019-05-06T04:30+0000"
        },
        {
          "timeZone" : 2,
          "age" : 4,
          "moonPhase" : "phase1",
          "moonPhaseDate" : "2019-05-04T22:45+0000",
          "signDate" : "2019-05-06T03:42+0000",
          "sign" : "gemini",
          "date" : "2019-05-07T05:05+0000"
        },
        {
          "timeZone" : 2,
          "age" : 5,
          "moonPhase" : "phase1",
          "moonPhaseDate" : "2019-05-04T22:45+0000",
          "signDate" : "2019-05-08T09:05+0000",
          "sign" : "cancer",
          "date" : "2019-05-08T05:50+0000"
        },
        {
          "timeZone" : 2,
          "age" : 6,
          "moonPhase" : "phase1",
          "moonPhaseDate" : "2019-05-04T22:45+0000",
          "signDate" : "2019-05-08T09:05+0000",
          "sign" : "cancer",
          "date" : "2019-05-09T06:44+0000"
        },
        {
          "timeZone" : 2,
          "age" : 7,
          "moonPhase" : "phase1",
          "moonPhaseDate" : "2019-05-04T22:45+0000",
          "signDate" : "2019-05-10T13:12+0000",
          "sign" : "leo",
          "date" : "2019-05-10T07:47+0000"
        },
        {
          "timeZone" : 2,
          "age" : 8,
          "moonPhase" : "phase1",
          "moonPhaseDate" : "2019-05-04T22:45+0000",
          "signDate" : "2019-05-10T13:12+0000",
          "sign" : "leo",
          "date" : "2019-05-11T08:57+0000"
        },
        {
          "timeZone" : 2,
          "age" : 9,
          "moonPhase" : "phase2",
          "moonPhaseDate" : "2019-05-12T01:12+0000",
          "signDate" : "2019-05-12T16:23+0000",
          "sign" : "virgo",
          "date" : "2019-05-12T10:12+0000"
        },
        {
          "timeZone" : 2,
          "age" : 10,
          "moonPhase" : "phase2",
          "moonPhaseDate" : "2019-05-12T01:12+0000",
          "signDate" : "2019-05-12T16:23+0000",
          "sign" : "virgo",
          "date" : "2019-05-13T11:28+0000"
        },
        {
          "timeZone" : 2,
          "age" : 11,
          "moonPhase" : "phase2",
          "moonPhaseDate" : "2019-05-12T01:12+0000",
          "signDate" : "2019-05-14T18:53+0000",
          "sign" : "libra",
          "date" : "2019-05-14T12:45+0000"
        },
        {
          "timeZone" : 2,
          "age" : 12,
          "moonPhase" : "phase2",
          "moonPhaseDate" : "2019-05-12T01:12+0000",
          "signDate" : "2019-05-14T18:53+0000",
          "sign" : "libra",
          "date" : "2019-05-15T14:01+0000"
        },
        {
          "timeZone" : 2,
          "age" : 13,
          "moonPhase" : "phase2",
          "moonPhaseDate" : "2019-05-12T01:12+0000",
          "signDate" : "2019-05-16T21:25+0000",
          "sign" : "scorpio",
          "date" : "2019-05-16T15:17+0000"
        },
        {
          "timeZone" : 2,
          "age" : 14,
          "moonPhase" : "phase2",
          "moonPhaseDate" : "2019-05-12T01:12+0000",
          "signDate" : "2019-05-16T21:25+0000",
          "sign" : "scorpio",
          "date" : "2019-05-17T16:32+0000"
        },
        {
          "timeZone" : 2,
          "age" : 15,
          "moonPhase" : "fullMoon",
          "moonPhaseDate" : "2019-05-18T21:11+0000",
          "signDate" : "2019-05-16T21:25+0000",
          "sign" : "scorpio",
          "date" : "2019-05-18T17:46+0000"
        },
        {
          "timeZone" : 2,
          "age" : 16,
          "moonPhase" : "phase3",
          "moonPhaseDate" : "2019-05-18T21:11+0000",
          "signDate" : "2019-05-19T01:19+0000",
          "sign" : "sagittarius",
          "date" : "2019-05-19T18:57+0000"
        },
        {
          "timeZone" : 2,
          "age" : 17,
          "moonPhase" : "phase3",
          "moonPhaseDate" : "2019-05-18T21:11+0000",
          "signDate" : "2019-05-19T01:19+0000",
          "sign" : "sagittarius",
          "date" : "2019-05-20T20:04+0000"
        },
        {
          "timeZone" : 2,
          "age" : 18,
          "moonPhase" : "phase3",
          "moonPhaseDate" : "2019-05-18T21:11+0000",
          "signDate" : "2019-05-21T07:56+0000",
          "sign" : "capricorn",
          "date" : "2019-05-21T21:03+0000"
        },
        {
          "timeZone" : 2,
          "age" : 19,
          "moonPhase" : "phase3",
          "moonPhaseDate" : "2019-05-18T21:11+0000",
          "signDate" : "2019-05-21T07:56+0000",
          "sign" : "capricorn",
          "date" : "2019-05-22T21:54+0000"
        },
        {
          "timeZone" : 2,
          "age" : 20,
          "moonPhase" : "phase3",
          "moonPhaseDate" : "2019-05-18T21:11+0000",
          "signDate" : "2019-05-21T07:56+0000",
          "sign" : "aquarius",
          "date" : "2019-05-23T22:37+0000"
        },
        {
          "timeZone" : 2,
          "age" : 21,
          "moonPhase" : "phase3",
          "moonPhaseDate" : "2019-05-18T21:11+0000",
          "signDate" : "2019-05-21T07:56+0000",
          "sign" : "aquarius",
          "date" : "2019-05-24T23:13+0000"
        },
        {
          "timeZone" : 2,
          "age" : 22,
          "moonPhase" : "phase4",
          "moonPhaseDate" : "2019-05-26T16:33+0000",
          "signDate" : "2019-05-26T06:07+0000",
          "sign" : "pisces",
          "date" : "2019-05-25T23:43+0000"
        },
        {
          "timeZone" : 2,
          "age" : 23,
          "moonPhase" : "phase4",
          "moonPhaseDate" : "2019-05-26T16:33+0000",
          "signDate" : "2019-05-26T06:07+0000",
          "sign" : "pisces",
          "date" : "2019-05-27T00:08+0000"
        },
        {
          "timeZone" : 2,
          "age" : 24,
          "moonPhase" : "phase4",
          "moonPhaseDate" : "2019-05-26T16:33+0000",
          "signDate" : "2019-05-28T18:29+0000",
          "sign" : "aries",
          "date" : "2019-05-28T00:31+0000"
        },
        {
          "timeZone" : 2,
          "moonPhase" : "phase4",
          "age" : 25,
          "moonPhaseDate" : "2019-05-26T16:33+0000",
          "signDate" : "2019-05-28T18:29+0000",
          "sign" : "aries",
          "date" : "2019-05-29T00:53+0000"
        },
        {
          "timeZone" : 2,
          "age" : 26,
          "moonPhase" : "phase4",
          "moonPhaseDate" : "2019-05-26T16:33+0000",
          "signDate" : "2019-05-28T18:29+0000",
          "sign" : "aries",
          "date" : "2019-05-30T01:14+0000"
        },
        {
          "timeZone" : 2,
          "moonPhase" : "phase4",
          "age" : 27,
          "moonPhaseDate" : "2019-05-26T16:33+0000",
          "signDate" : "2019-05-31T04:44+0000",
          "sign" : "taurus",
          "date" : "2019-05-31T01:36+0000"
        },
        {
          "timeZone" : 2,
          "age" : 28,
          "moonPhase" : "phase4",
          "moonPhaseDate" : null,
          "signDate" : "2019-05-31T04:44+0000",
          "sign" : "taurus",
          "date" : "2019-06-01T02:01+0000"
        },
        {
          "timeZone" : 2,
          "age" : 29,
          "moonPhase" : "phase4",
          "moonPhaseDate" : null,
          "signDate" : "2019-06-02T11:51+0000",
          "sign" : "gemini",
          "date" : "2019-06-02T02:29+0000"
        },
        {
          "timeZone" : 2,
          "moonPhase" : "newMoon",
          "age" : 30,
          "moonPhaseDate" : "2019-06-03T10:02+0000",
          "signDate" : "2019-06-02T11:51+0000",
          "sign" : "gemini",
          "date" : "2019-06-03T03:03+0000"
        },
        {
          "timeZone" : 2,
          "age" : 1,
          "moonPhase" : "newMoon",
          "moonPhaseDate" : "2019-06-03T10:02+0000",
          "signDate" : "2019-06-02T11:51+0000",
          "sign" : "gemini",
          "date" : "2019-06-03T10:02+0000"
        },
        {
          "timeZone" : 2,
          "age" : 2,
          "moonPhase" : "phase1",
          "moonPhaseDate" : "2019-06-03T10:02+0000",
          "signDate" : "2019-06-04T16:18+0000",
          "sign" : "cancer",
          "date" : "2019-06-04T03:44+0000"
        },
        {
          "timeZone" : 2,
          "age" : 3,
          "moonPhase" : "phase1",
          "moonPhaseDate" : "2019-06-03T10:02+0000",
          "signDate" : "2019-06-04T16:18+0000",
          "sign" : "cancer",
          "date" : "2019-06-05T04:35+0000"
        },
        {
          "timeZone" : 2,
          "age" : 4,
          "moonPhase" : "phase1",
          "moonPhaseDate" : "2019-06-03T10:02+0000",
          "signDate" : "2019-06-06T19:14+0000",
          "sign" : "leo",
          "date" : "2019-06-06T05:36+0000"
        },
        {
          "timeZone" : 2,
          "age" : 5,
          "moonPhase" : "phase1",
          "moonPhaseDate" : "2019-06-03T10:02+0000",
          "signDate" : "2019-06-06T19:14+0000",
          "sign" : "leo",
          "date" : "2019-06-07T06:46+0000"
        },
        {
          "timeZone" : 2,
          "age" : 6,
          "moonPhase" : "phase1",
          "moonPhaseDate" : "2019-06-03T10:02+0000",
          "signDate" : "2019-06-08T21:43+0000",
          "sign" : "virgo",
          "date" : "2019-06-08T08:01+0000"
        },
        {
          "timeZone" : 2,
          "moonPhase" : "phase1",
          "age" : 7,
          "moonPhaseDate" : "2019-06-03T10:02+0000",
          "signDate" : "2019-06-08T21:43+0000",
          "sign" : "virgo",
          "date" : "2019-06-09T09:17+0000"
        },
        {
          "timeZone" : 2,
          "age" : 8,
          "moonPhase" : "phase2",
          "moonPhaseDate" : "2019-06-10T05:59+0000",
          "signDate" : "2019-06-08T21:43+0000",
          "sign" : "virgo",
          "date" : "2019-06-10T10:34+0000"
        },
        {
          "timeZone" : 2,
          "moonPhase" : "phase2",
          "age" : 9,
          "moonPhaseDate" : "2019-06-10T05:59+0000",
          "signDate" : "2019-06-11T00:30+0000",
          "sign" : "libra",
          "date" : "2019-06-11T11:49+0000"
        },
        {
          "timeZone" : 2,
          "age" : 10,
          "moonPhase" : "phase2",
          "moonPhaseDate" : "2019-06-10T05:59+0000",
          "signDate" : "2019-06-11T00:30+0000",
          "sign" : "libra",
          "date" : "2019-06-12T13:04+0000"
        },
        {
          "timeZone" : 2,
          "moonPhase" : "phase2",
          "age" : 11,
          "moonPhaseDate" : "2019-06-10T05:59+0000",
          "signDate" : "2019-06-13T04:03+0000",
          "sign" : "scorpio",
          "date" : "2019-06-13T14:17+0000"
        },
        {
          "timeZone" : 2,
          "moonPhase" : "phase2",
          "age" : 12,
          "moonPhaseDate" : "2019-06-10T05:59+0000",
          "signDate" : "2019-06-13T04:03+0000",
          "sign" : "scorpio",
          "date" : "2019-06-14T15:30+0000"
        },
        {
          "timeZone" : 2,
          "age" : 13,
          "moonPhase" : "phase2",
          "moonPhaseDate" : "2019-06-10T05:59+0000",
          "signDate" : "2019-06-15T09:01+0000",
          "sign" : "sagittarius",
          "date" : "2019-06-15T16:41+0000"
        },
        {
          "timeZone" : 2,
          "age" : 14,
          "moonPhase" : "phase2",
          "moonPhaseDate" : "2019-06-10T05:59+0000",
          "signDate" : "2019-06-15T09:01+0000",
          "sign" : "sagittarius",
          "date" : "2019-06-16T17:49+0000"
        },
        {
          "timeZone" : 2,
          "moonPhase" : "fullMoon",
          "age" : 15,
          "moonPhaseDate" : "2019-06-17T08:31+0000",
          "signDate" : "2019-06-17T16:11+0000",
          "sign" : "capricorn",
          "date" : "2019-06-17T18:52+0000"
        },
        {
          "timeZone" : 2,
          "age" : 16,
          "moonPhase" : "phase3",
          "moonPhaseDate" : "2019-06-17T08:31+0000",
          "signDate" : "2019-06-17T16:11+0000",
          "sign" : "capricorn",
          "date" : "2019-06-18T19:47+0000"
        },
        {
          "timeZone" : 2,
          "age" : 17,
          "moonPhase" : "phase3",
          "moonPhaseDate" : "2019-06-17T08:31+0000",
          "signDate" : "2019-06-17T16:11+0000",
          "sign" : "capricorn",
          "date" : "2019-06-19T20:33+0000"
        },
        {
          "timeZone" : 2,
          "age" : 18,
          "moonPhase" : "phase3",
          "moonPhaseDate" : "2019-06-17T08:31+0000",
          "signDate" : "2019-06-20T02:01+0000",
          "sign" : "aquarius",
          "date" : "2019-06-20T21:12+0000"
        },
        {
          "timeZone" : 2,
          "age" : 19,
          "moonPhase" : "phase3",
          "moonPhaseDate" : "2019-06-17T08:31+0000",
          "signDate" : "2019-06-20T02:01+0000",
          "sign" : "aquarius",
          "date" : "2019-06-21T21:44+0000"
        },
        {
          "timeZone" : 2,
          "age" : 20,
          "moonPhase" : "phase3",
          "moonPhaseDate" : "2019-06-17T08:31+0000",
          "signDate" : "2019-06-20T02:01+0000",
          "sign" : "pisces",
          "date" : "2019-06-22T22:11+0000"
        },
        {
          "timeZone" : 2,
          "age" : 21,
          "moonPhase" : "phase3",
          "moonPhaseDate" : "2019-06-17T08:31+0000",
          "signDate" : "2019-06-20T02:01+0000",
          "sign" : "pisces",
          "date" : "2019-06-23T22:35+0000"
        },
        {
          "timeZone" : 2,
          "age" : 22,
          "moonPhase" : "phase4",
          "moonPhaseDate" : "2019-06-25T09:46+0000",
          "signDate" : "2019-06-25T02:34+0000",
          "sign" : "aries",
          "date" : "2019-06-24T22:57+0000"
        },
        {
          "timeZone" : 2,
          "age" : 23,
          "moonPhase" : "phase4",
          "moonPhaseDate" : "2019-06-25T09:46+0000",
          "signDate" : "2019-06-25T02:34+0000",
          "sign" : "aries",
          "date" : "2019-06-25T23:18+0000"
        },
        {
          "timeZone" : 2,
          "age" : 24,
          "moonPhase" : "phase4",
          "moonPhaseDate" : "2019-06-25T09:46+0000",
          "signDate" : "2019-06-27T13:30+0000",
          "sign" : "taurus",
          "date" : "2019-06-26T23:39+0000"
        },
        {
          "timeZone" : 2,
          "age" : 25,
          "moonPhase" : "phase4",
          "moonPhaseDate" : "2019-06-25T09:46+0000",
          "signDate" : "2019-06-27T13:30+0000",
          "sign" : "taurus",
          "date" : "2019-06-28T00:02+0000"
        },
        {
          "timeZone" : 2,
          "age" : 26,
          "moonPhase" : "phase4",
          "moonPhaseDate" : "2019-06-25T09:46+0000",
          "signDate" : "2019-06-29T21:10+0000",
          "sign" : "gemini",
          "date" : "2019-06-29T00:28+0000"
        },
        {
          "timeZone" : 2,
          "age" : 27,
          "moonPhase" : "phase4",
          "moonPhaseDate" : "2019-06-25T09:46+0000",
          "signDate" : "2019-06-29T21:10+0000",
          "sign" : "gemini",
          "date" : "2019-06-30T00:58+0000"
        },
        {
          "timeZone" : 2,
          "age" : 28,
          "moonPhase" : "phase4",
          "moonPhaseDate" : null,
          "signDate" : "2019-06-29T21:10+0000",
          "sign" : "gemini",
          "date" : "2019-07-01T01:36+0000"
        },
        {
          "timeZone" : 2,
          "age" : 29,
          "moonPhase" : "newMoon",
          "moonPhaseDate" : "2019-07-02T19:16+0000",
          "signDate" : "2019-07-02T01:26+0000",
          "sign" : "cancer",
          "date" : "2019-07-02T02:23+0000"
        },
        {
          "timeZone" : 2,
          "age" : 1,
          "moonPhase" : "newMoon",
          "moonPhaseDate" : "2019-07-02T19:16+0000",
          "signDate" : "2019-07-02T01:26+0000",
          "sign" : "cancer",
          "date" : "2019-07-02T19:16+0000"
        },
        {
          "timeZone" : 2,
          "age" : 2,
          "moonPhase" : "phase1",
          "moonPhaseDate" : "2019-07-02T19:16+0000",
          "signDate" : "2019-07-02T01:26+0000",
          "sign" : "cancer",
          "date" : "2019-07-03T03:21+0000"
        },
        {
          "timeZone" : 2,
          "age" : 3,
          "moonPhase" : "phase1",
          "moonPhaseDate" : "2019-07-02T19:16+0000",
          "signDate" : "2019-07-04T03:21+0000",
          "sign" : "leo",
          "date" : "2019-07-04T04:29+0000"
        },
        {
          "timeZone" : 2,
          "age" : 4,
          "moonPhase" : "phase1",
          "moonPhaseDate" : "2019-07-02T19:16+0000",
          "signDate" : "2019-07-04T03:21+0000",
          "sign" : "leo",
          "date" : "2019-07-05T05:44+0000"
        },
        {
          "timeZone" : 2,
          "age" : 5,
          "moonPhase" : "phase1",
          "moonPhaseDate" : "2019-07-02T19:16+0000",
          "signDate" : "2019-07-06T04:25+0000",
          "sign" : "virgo",
          "date" : "2019-07-06T07:03+0000"
        },
        {
          "timeZone" : 2,
          "age" : 6,
          "moonPhase" : "phase1",
          "moonPhaseDate" : "2019-07-02T19:16+0000",
          "signDate" : "2019-07-06T04:25+0000",
          "sign" : "virgo",
          "date" : "2019-07-07T08:21+0000"
        },
        {
          "timeZone" : 2,
          "age" : 7,
          "moonPhase" : "phase1",
          "moonPhaseDate" : "2019-07-02T19:16+0000",
          "signDate" : "2019-07-08T06:07+0000",
          "sign" : "libra",
          "date" : "2019-07-08T09:39+0000"
        },
        {
          "timeZone" : 2,
          "age" : 8,
          "moonPhase" : "phase2",
          "moonPhaseDate" : "2019-07-09T10:55+0000",
          "signDate" : "2019-07-08T06:07+0000",
          "sign" : "libra",
          "date" : "2019-07-09T10:54+0000"
        },
        {
          "timeZone" : 2,
          "age" : 9,
          "moonPhase" : "phase2",
          "moonPhaseDate" : "2019-07-09T10:55+0000",
          "signDate" : "2019-07-10T09:28+0000",
          "sign" : "scorpio",
          "date" : "2019-07-10T12:08+0000"
        },
        {
          "timeZone" : 2,
          "age" : 10,
          "moonPhase" : "phase2",
          "moonPhaseDate" : "2019-07-09T10:55+0000",
          "signDate" : "2019-07-10T09:28+0000",
          "sign" : "scorpio",
          "date" : "2019-07-11T13:20+0000"
        },
        {
          "timeZone" : 2,
          "age" : 11,
          "moonPhase" : "phase2",
          "moonPhaseDate" : "2019-07-09T10:55+0000",
          "signDate" : "2019-07-12T15:04+0000",
          "sign" : "sagittarius",
          "date" : "2019-07-12T14:31+0000"
        },
        {
          "timeZone" : 2,
          "age" : 12,
          "moonPhase" : "phase2",
          "moonPhaseDate" : "2019-07-09T10:55+0000",
          "signDate" : "2019-07-12T15:04+0000",
          "sign" : "sagittarius",
          "date" : "2019-07-13T15:39+0000"
        },
        {
          "timeZone" : 2,
          "age" : 13,
          "moonPhase" : "phase2",
          "moonPhaseDate" : "2019-07-09T10:55+0000",
          "signDate" : "2019-07-12T15:04+0000",
          "sign" : "sagittarius",
          "date" : "2019-07-14T16:42+0000"
        },
        {
          "timeZone" : 2,
          "age" : 14,
          "moonPhase" : "phase2",
          "moonPhaseDate" : "2019-07-09T10:55+0000",
          "signDate" : "2019-07-14T23:03+0000",
          "sign" : "capricorn",
          "date" : "2019-07-15T17:40+0000"
        },
        {
          "timeZone" : 2,
          "age" : 15,
          "moonPhase" : "fullMoon",
          "moonPhaseDate" : "2019-07-16T21:38+0000",
          "signDate" : "2019-07-14T23:03+0000",
          "sign" : "capricorn",
          "date" : "2019-07-16T18:29+0000"
        },
        {
          "timeZone" : 2,
          "age" : 16,
          "moonPhase" : "phase3",
          "moonPhaseDate" : "2019-07-16T21:38+0000",
          "signDate" : "2019-07-17T09:18+0000",
          "sign" : "aquarius",
          "date" : "2019-07-17T19:10+0000"
        },
        {
          "timeZone" : 2,
          "age" : 17,
          "moonPhase" : "phase3",
          "moonPhaseDate" : "2019-07-16T21:38+0000",
          "signDate" : "2019-07-17T09:18+0000",
          "sign" : "aquarius",
          "date" : "2019-07-18T19:45+0000"
        },
        {
          "timeZone" : 2,
          "moonPhase" : "phase3",
          "age" : 18,
          "moonPhaseDate" : "2019-07-16T21:38+0000",
          "signDate" : "2019-07-19T21:19+0000",
          "sign" : "pisces",
          "date" : "2019-07-19T20:14+0000"
        },
        {
          "timeZone" : 2,
          "age" : 19,
          "moonPhase" : "phase3",
          "moonPhaseDate" : "2019-07-16T21:38+0000",
          "signDate" : "2019-07-19T21:19+0000",
          "sign" : "pisces",
          "date" : "2019-07-20T20:39+0000"
        },
        {
          "timeZone" : 2,
          "age" : 20,
          "moonPhase" : "phase3",
          "moonPhaseDate" : "2019-07-16T21:38+0000",
          "signDate" : "2019-07-19T21:19+0000",
          "sign" : "pisces",
          "date" : "2019-07-21T21:01+0000"
        },
        {
          "timeZone" : 2,
          "age" : 21,
          "moonPhase" : "phase3",
          "moonPhaseDate" : "2019-07-16T21:38+0000",
          "signDate" : "2019-07-22T10:01+0000",
          "sign" : "aries",
          "date" : "2019-07-22T21:22+0000"
        },
        {
          "timeZone" : 2,
          "age" : 22,
          "moonPhase" : "phase3",
          "moonPhaseDate" : "2019-07-16T21:38+0000",
          "signDate" : "2019-07-22T10:01+0000",
          "sign" : "aries",
          "date" : "2019-07-23T21:43+0000"
        },
        {
          "timeZone" : 2,
          "moonPhase" : "phase4",
          "age" : 23,
          "moonPhaseDate" : "2019-07-25T01:18+0000",
          "signDate" : "2019-07-22T10:01+0000",
          "sign" : "taurus",
          "date" : "2019-07-24T22:05+0000"
        },
        {
          "timeZone" : 2,
          "age" : 24,
          "moonPhase" : "phase4",
          "moonPhaseDate" : "2019-07-25T01:18+0000",
          "signDate" : "2019-07-22T10:01+0000",
          "sign" : "taurus",
          "date" : "2019-07-25T22:28+0000"
        },
        {
          "timeZone" : 2,
          "age" : 25,
          "moonPhase" : "phase4",
          "moonPhaseDate" : "2019-07-25T01:18+0000",
          "signDate" : "2019-07-27T06:28+0000",
          "sign" : "gemini",
          "date" : "2019-07-26T22:56+0000"
        },
        {
          "timeZone" : 2,
          "age" : 26,
          "moonPhase" : "phase4",
          "moonPhaseDate" : "2019-07-25T01:18+0000",
          "signDate" : "2019-07-27T06:28+0000",
          "sign" : "gemini",
          "date" : "2019-07-27T23:29+0000"
        },
        {
          "timeZone" : 2,
          "age" : 27,
          "moonPhase" : "phase4",
          "moonPhaseDate" : "2019-07-25T01:18+0000",
          "signDate" : "2019-07-29T11:30+0000",
          "sign" : "cancer",
          "date" : "2019-07-29T00:10+0000"
        },
        {
          "timeZone" : 2,
          "age" : 28,
          "moonPhase" : "phase4",
          "moonPhaseDate" : "2019-07-25T01:18+0000",
          "signDate" : "2019-07-29T11:30+0000",
          "sign" : "cancer",
          "date" : "2019-07-30T01:02+0000"
        },
        {
          "timeZone" : 2,
          "age" : 29,
          "moonPhase" : "phase4",
          "moonPhaseDate" : "2019-07-25T01:18+0000",
          "signDate" : "2019-07-31T13:18+0000",
          "sign" : "leo",
          "date" : "2019-07-31T02:06+0000"
        },
        {
          "timeZone" : 2,
          "age" : 1,
          "moonPhase" : "newMoon",
          "moonPhaseDate" : "2019-08-01T03:12+0000",
          "signDate" : "2019-07-31T13:18+0000",
          "sign" : "leo",
          "date" : "2019-08-01T03:12+0000"
        },
        {
          "timeZone" : 2,
          "age" : 2,
          "moonPhase" : "newMoon",
          "moonPhaseDate" : "2019-08-01T03:12+0000",
          "signDate" : "2019-07-31T13:18+0000",
          "sign" : "leo",
          "date" : "2019-08-01T03:19+0000"
        },
        {
          "timeZone" : 2,
          "age" : 3,
          "moonPhase" : "phase1",
          "moonPhaseDate" : "2019-08-01T03:12+0000",
          "signDate" : "2019-08-02T13:23+0000",
          "sign" : "virgo",
          "date" : "2019-08-02T04:39+0000"
        },
        {
          "timeZone" : 2,
          "age" : 4,
          "moonPhase" : "phase1",
          "moonPhaseDate" : "2019-08-01T03:12+0000",
          "signDate" : "2019-08-02T13:23+0000",
          "sign" : "virgo",
          "date" : "2019-08-03T06:01+0000"
        },
        {
          "timeZone" : 2,
          "moonPhase" : "phase1",
          "age" : 5,
          "moonPhaseDate" : "2019-08-01T03:12+0000",
          "signDate" : "2019-08-04T13:32+0000",
          "sign" : "libra",
          "date" : "2019-08-04T07:21+0000"
        },
        {
          "timeZone" : 2,
          "age" : 6,
          "moonPhase" : "phase1",
          "moonPhaseDate" : "2019-08-01T03:12+0000",
          "signDate" : "2019-08-04T13:32+0000",
          "sign" : "libra",
          "date" : "2019-08-05T08:40+0000"
        },
        {
          "timeZone" : 2,
          "age" : 7,
          "moonPhase" : "phase1",
          "moonPhaseDate" : "2019-08-01T03:12+0000",
          "signDate" : "2019-08-06T15:31+0000",
          "sign" : "scorpio",
          "date" : "2019-08-06T09:55+0000"
        },
        {
          "timeZone" : 2,
          "age" : 8,
          "moonPhase" : "phase2",
          "moonPhaseDate" : "2019-08-07T17:31+0000",
          "signDate" : "2019-08-06T15:31+0000",
          "sign" : "scorpio",
          "date" : "2019-08-07T11:10+0000"
        },
        {
          "timeZone" : 2,
          "age" : 9,
          "moonPhase" : "phase2",
          "moonPhaseDate" : "2019-08-07T17:31+0000",
          "signDate" : "2019-08-08T20:32+0000",
          "sign" : "sagittarius",
          "date" : "2019-08-08T12:22+0000"
        },
        {
          "timeZone" : 2,
          "age" : 10,
          "moonPhase" : "phase2",
          "moonPhaseDate" : "2019-08-07T17:31+0000",
          "signDate" : "2019-08-08T20:32+0000",
          "sign" : "sagittarius",
          "date" : "2019-08-09T13:31+0000"
        },
        {
          "timeZone" : 2,
          "age" : 11,
          "moonPhase" : "phase2",
          "moonPhaseDate" : "2019-08-07T17:31+0000",
          "signDate" : "2019-08-08T20:32+0000",
          "sign" : "sagittarius",
          "date" : "2019-08-10T14:36+0000"
        },
        {
          "timeZone" : 2,
          "age" : 12,
          "moonPhase" : "phase2",
          "moonPhaseDate" : "2019-08-07T17:31+0000",
          "signDate" : "2019-08-11T04:48+0000",
          "sign" : "capricorn",
          "date" : "2019-08-11T15:35+0000"
        },
        {
          "timeZone" : 2,
          "age" : 13,
          "moonPhase" : "phase2",
          "moonPhaseDate" : "2019-08-07T17:31+0000",
          "signDate" : "2019-08-11T04:48+0000",
          "sign" : "capricorn",
          "date" : "2019-08-12T16:26+0000"
        },
        {
          "timeZone" : 2,
          "age" : 14,
          "moonPhase" : "phase2",
          "moonPhaseDate" : "2019-08-07T17:31+0000",
          "signDate" : "2019-08-13T15:36+0000",
          "sign" : "aquarius",
          "date" : "2019-08-13T17:10+0000"
        },
        {
          "timeZone" : 2,
          "age" : 15,
          "moonPhase" : "phase2",
          "moonPhaseDate" : "2019-08-07T17:31+0000",
          "signDate" : "2019-08-13T15:36+0000",
          "sign" : "aquarius",
          "date" : "2019-08-14T17:46+0000"
        },
        {
          "timeZone" : 2,
          "age" : 16,
          "moonPhase" : "fullMoon",
          "moonPhaseDate" : "2019-08-15T12:29+0000",
          "signDate" : "2019-08-13T15:36+0000",
          "sign" : "aquarius",
          "date" : "2019-08-15T18:17+0000"
        },
        {
          "timeZone" : 2,
          "age" : 17,
          "moonPhase" : "phase3",
          "moonPhaseDate" : "2019-08-15T12:29+0000",
          "signDate" : "2019-08-16T03:50+0000",
          "sign" : "pisces",
          "date" : "2019-08-16T18:43+0000"
        },
        {
          "timeZone" : 2,
          "age" : 18,
          "moonPhase" : "phase3",
          "moonPhaseDate" : "2019-08-15T12:29+0000",
          "signDate" : "2019-08-16T03:50+0000",
          "sign" : "pisces",
          "date" : "2019-08-17T19:06+0000"
        },
        {
          "timeZone" : 2,
          "age" : 19,
          "moonPhase" : "phase3",
          "moonPhaseDate" : "2019-08-15T12:29+0000",
          "signDate" : "2019-08-18T16:32+0000",
          "sign" : "aries",
          "date" : "2019-08-18T19:27+0000"
        },
        {
          "timeZone" : 2,
          "age" : 20,
          "moonPhase" : "phase3",
          "moonPhaseDate" : "2019-08-15T12:29+0000",
          "signDate" : "2019-08-18T16:32+0000",
          "sign" : "aries",
          "date" : "2019-08-19T19:48+0000"
        },
        {
          "timeZone" : 2,
          "age" : 21,
          "moonPhase" : "phase3",
          "moonPhaseDate" : "2019-08-15T12:29+0000",
          "signDate" : "2019-08-18T16:32+0000",
          "sign" : "aries",
          "date" : "2019-08-20T20:08+0000"
        },
        {
          "timeZone" : 2,
          "age" : 22,
          "moonPhase" : "phase3",
          "moonPhaseDate" : "2019-08-15T12:29+0000",
          "signDate" : "2019-08-21T04:36+0000",
          "sign" : "taurus",
          "date" : "2019-08-21T20:31+0000"
        },
        {
          "timeZone" : 2,
          "age" : 23,
          "moonPhase" : "phase3",
          "moonPhaseDate" : "2019-08-15T12:29+0000",
          "signDate" : "2019-08-21T04:36+0000",
          "sign" : "taurus",
          "date" : "2019-08-22T20:56+0000"
        },
        {
          "timeZone" : 2,
          "age" : 24,
          "moonPhase" : "phase4",
          "moonPhaseDate" : "2019-08-23T14:56+0000",
          "signDate" : "2019-08-23T14:34+0000",
          "sign" : "gemini",
          "date" : "2019-08-23T21:25+0000"
        },
        {
          "timeZone" : 2,
          "age" : 25,
          "moonPhase" : "phase4",
          "moonPhaseDate" : "2019-08-23T14:56+0000",
          "signDate" : "2019-08-25T21:05+0000",
          "sign" : "cancer",
          "date" : "2019-08-24T22:02+0000"
        },
        {
          "timeZone" : 2,
          "age" : 26,
          "moonPhase" : "phase4",
          "moonPhaseDate" : "2019-08-23T14:56+0000",
          "signDate" : "2019-08-25T21:05+0000",
          "sign" : "cancer",
          "date" : "2019-08-25T22:47+0000"
        },
        {
          "timeZone" : 2,
          "age" : 27,
          "moonPhase" : "phase4",
          "moonPhaseDate" : "2019-08-23T14:56+0000",
          "signDate" : "2019-08-25T21:05+0000",
          "sign" : "cancer",
          "date" : "2019-08-26T23:44+0000"
        },
        {
          "timeZone" : 2,
          "age" : 28,
          "moonPhase" : "phase4",
          "moonPhaseDate" : "2019-08-23T14:56+0000",
          "signDate" : "2019-08-27T23:51+0000",
          "sign" : "leo",
          "date" : "2019-08-28T00:52+0000"
        },
        {
          "timeZone" : 2,
          "age" : 29,
          "moonPhase" : "phase4",
          "moonPhaseDate" : "2019-08-23T14:56+0000",
          "signDate" : "2019-08-27T23:51+0000",
          "sign" : "leo",
          "date" : "2019-08-29T02:09+0000"
        },
        {
          "timeZone" : 2,
          "age" : 30,
          "moonPhase" : "newMoon",
          "moonPhaseDate" : "2019-08-30T10:37+0000",
          "signDate" : "2019-08-29T23:57+0000",
          "sign" : "virgo",
          "date" : "2019-08-30T03:30+0000"
        },
        {
          "timeZone" : 2,
          "age" : 1,
          "moonPhase" : "newMoon",
          "moonPhaseDate" : "2019-08-30T10:37+0000",
          "signDate" : "2019-08-29T23:57+0000",
          "sign" : "virgo",
          "date" : "2019-08-30T10:37+0000"
        },
        {
          "timeZone" : 2,
          "age" : 2,
          "moonPhase" : "phase1",
          "moonPhaseDate" : "2019-08-30T10:37+0000",
          "signDate" : "2019-08-29T23:57+0000",
          "sign" : "virgo",
          "date" : "2019-08-31T04:53+0000"
        },
        {
          "timeZone" : 2,
          "moonPhase" : "phase1",
          "age" : 3,
          "moonPhaseDate" : null,
          "signDate" : "2019-08-31T23:12+0000",
          "sign" : "libra",
          "date" : "2019-09-01T06:15+0000"
        },
        {
          "timeZone" : 2,
          "age" : 4,
          "moonPhase" : "phase1",
          "moonPhaseDate" : null,
          "signDate" : "2019-08-31T23:12+0000",
          "sign" : "libra",
          "date" : "2019-09-02T07:36+0000"
        },
        {
          "timeZone" : 2,
          "age" : 5,
          "moonPhase" : "phase1",
          "moonPhaseDate" : null,
          "signDate" : "2019-09-02T23:38+0000",
          "sign" : "scorpio",
          "date" : "2019-09-03T08:54+0000"
        },
        {
          "timeZone" : 2,
          "age" : 6,
          "moonPhase" : "phase1",
          "moonPhaseDate" : null,
          "signDate" : "2019-09-02T23:38+0000",
          "sign" : "scorpio",
          "date" : "2019-09-04T10:09+0000"
        },
        {
          "timeZone" : 2,
          "age" : 7,
          "moonPhase" : "phase1",
          "moonPhaseDate" : null,
          "signDate" : "2019-09-05T03:06+0000",
          "sign" : "sagittarius",
          "date" : "2019-09-05T11:22+0000"
        },
        {
          "timeZone" : 2,
          "age" : 8,
          "moonPhase" : "phase2",
          "moonPhaseDate" : "2019-09-06T03:10+0000",
          "signDate" : "2019-09-05T03:06+0000",
          "sign" : "sagittarius",
          "date" : "2019-09-06T12:29+0000"
        },
        {
          "timeZone" : 2,
          "age" : 9,
          "moonPhase" : "phase2",
          "moonPhaseDate" : "2019-09-06T03:10+0000",
          "signDate" : "2019-09-07T10:35+0000",
          "sign" : "capricorn",
          "date" : "2019-09-07T13:31+0000"
        },
        {
          "timeZone" : 2,
          "age" : 10,
          "moonPhase" : "phase2",
          "moonPhaseDate" : "2019-09-06T03:10+0000",
          "signDate" : "2019-09-07T10:35+0000",
          "sign" : "capricorn",
          "date" : "2019-09-08T14:24+0000"
        },
        {
          "timeZone" : 2,
          "moonPhase" : "phase2",
          "age" : 11,
          "moonPhaseDate" : "2019-09-06T03:10+0000",
          "signDate" : "2019-09-09T21:25+0000",
          "sign" : "aquarius",
          "date" : "2019-09-09T15:10+0000"
        },
        {
          "timeZone" : 2,
          "age" : 12,
          "moonPhase" : "phase2",
          "moonPhaseDate" : "2019-09-06T03:10+0000",
          "signDate" : "2019-09-09T21:25+0000",
          "sign" : "aquarius",
          "date" : "2019-09-10T15:48+0000"
        },
        {
          "timeZone" : 2,
          "age" : 13,
          "moonPhase" : "phase2",
          "moonPhaseDate" : "2019-09-06T03:10+0000",
          "signDate" : "2019-09-09T21:25+0000",
          "sign" : "aquarius",
          "date" : "2019-09-11T16:20+0000"
        },
        {
          "timeZone" : 2,
          "age" : 14,
          "moonPhase" : "phase2",
          "moonPhaseDate" : "2019-09-06T03:10+0000",
          "signDate" : "2019-09-12T09:53+0000",
          "sign" : "pisces",
          "date" : "2019-09-12T16:47+0000"
        },
        {
          "timeZone" : 2,
          "age" : 15,
          "moonPhase" : "phase2",
          "moonPhaseDate" : "2019-09-06T03:10+0000",
          "signDate" : "2019-09-12T09:53+0000",
          "sign" : "pisces",
          "date" : "2019-09-13T17:11+0000"
        },
        {
          "timeZone" : 2,
          "age" : 16,
          "moonPhase" : "fullMoon",
          "moonPhaseDate" : "2019-09-14T04:33+0000",
          "signDate" : "2019-09-12T09:53+0000",
          "sign" : "pisces",
          "date" : "2019-09-14T17:32+0000"
        },
        {
          "timeZone" : 2,
          "age" : 17,
          "moonPhase" : "phase3",
          "moonPhaseDate" : "2019-09-14T04:33+0000",
          "signDate" : "2019-09-14T22:32+0000",
          "sign" : "aries",
          "date" : "2019-09-15T17:53+0000"
        },
        {
          "timeZone" : 2,
          "age" : 18,
          "moonPhase" : "phase3",
          "moonPhaseDate" : "2019-09-14T04:33+0000",
          "signDate" : "2019-09-14T22:32+0000",
          "sign" : "aries",
          "date" : "2019-09-16T18:13+0000"
        },
        {
          "timeZone" : 2,
          "age" : 19,
          "moonPhase" : "phase3",
          "moonPhaseDate" : "2019-09-14T04:33+0000",
          "signDate" : "2019-09-17T10:30+0000",
          "sign" : "taurus",
          "date" : "2019-09-17T18:35+0000"
        },
        {
          "timeZone" : 2,
          "age" : 20,
          "moonPhase" : "phase3",
          "moonPhaseDate" : "2019-09-14T04:33+0000",
          "signDate" : "2019-09-17T10:30+0000",
          "sign" : "taurus",
          "date" : "2019-09-18T18:59+0000"
        },
        {
          "timeZone" : 2,
          "age" : 21,
          "moonPhase" : "phase3",
          "moonPhaseDate" : "2019-09-14T04:33+0000",
          "signDate" : "2019-09-19T20:58+0000",
          "sign" : "gemini",
          "date" : "2019-09-19T19:26+0000"
        },
        {
          "timeZone" : 2,
          "age" : 22,
          "moonPhase" : "phase3",
          "moonPhaseDate" : "2019-09-14T04:33+0000",
          "signDate" : "2019-09-19T20:58+0000",
          "sign" : "gemini",
          "date" : "2019-09-20T19:59+0000"
        },
        {
          "timeZone" : 2,
          "age" : 23,
          "moonPhase" : "phase3",
          "moonPhaseDate" : "2019-09-14T04:33+0000",
          "signDate" : "2019-09-19T20:58+0000",
          "sign" : "gemini",
          "date" : "2019-09-21T20:39+0000"
        },
        {
          "timeZone" : 2,
          "age" : 24,
          "moonPhase" : "phase4",
          "moonPhaseDate" : "2019-09-22T02:41+0000",
          "signDate" : "2019-09-22T04:52+0000",
          "sign" : "cancer",
          "date" : "2019-09-22T21:30+0000"
        },
        {
          "timeZone" : 2,
          "age" : 25,
          "moonPhase" : "phase4",
          "moonPhaseDate" : "2019-09-22T02:41+0000",
          "signDate" : "2019-09-24T09:19+0000",
          "sign" : "leo",
          "date" : "2019-09-23T22:31+0000"
        },
        {
          "timeZone" : 2,
          "age" : 26,
          "moonPhase" : "phase4",
          "moonPhaseDate" : "2019-09-22T02:41+0000",
          "signDate" : "2019-09-24T09:19+0000",
          "sign" : "leo",
          "date" : "2019-09-24T23:42+0000"
        },
        {
          "timeZone" : 2,
          "age" : 27,
          "moonPhase" : "phase4",
          "moonPhaseDate" : "2019-09-22T02:41+0000",
          "signDate" : "2019-09-26T10:35+0000",
          "sign" : "virgo",
          "date" : "2019-09-26T01:00+0000"
        },
        {
          "timeZone" : 2,
          "age" : 28,
          "moonPhase" : "phase4",
          "moonPhaseDate" : "2019-09-22T02:41+0000",
          "signDate" : "2019-09-26T10:35+0000",
          "sign" : "virgo",
          "date" : "2019-09-27T02:21+0000"
        },
        {
          "timeZone" : 2,
          "moonPhase" : "newMoon",
          "age" : 29,
          "moonPhaseDate" : "2019-09-28T18:26+0000",
          "signDate" : "2019-09-28T10:04+0000",
          "sign" : "libra",
          "date" : "2019-09-28T03:44+0000"
        },
        {
          "timeZone" : 2,
          "age" : 1,
          "moonPhase" : "newMoon",
          "moonPhaseDate" : "2019-09-28T18:26+0000",
          "signDate" : "2019-09-28T10:04+0000",
          "sign" : "libra",
          "date" : "2019-09-28T18:26+0000"
        },
        {
          "timeZone" : 2,
          "age" : 2,
          "moonPhase" : "phase1",
          "moonPhaseDate" : "2019-09-28T18:26+0000",
          "signDate" : "2019-09-28T10:04+0000",
          "sign" : "libra",
          "date" : "2019-09-29T05:06+0000"
        },
        {
          "timeZone" : 2,
          "age" : 3,
          "moonPhase" : "phase1",
          "moonPhaseDate" : "2019-09-28T18:26+0000",
          "signDate" : "2019-09-30T09:45+0000",
          "sign" : "scorpio",
          "date" : "2019-09-30T06:27+0000"
        },
        {
          "timeZone" : 2,
          "age" : 4,
          "moonPhase" : "phase1",
          "moonPhaseDate" : null,
          "signDate" : "2019-09-30T09:45+0000",
          "sign" : "scorpio",
          "date" : "2019-10-01T07:47+0000"
        },
        {
          "timeZone" : 2,
          "age" : 5,
          "moonPhase" : "phase1",
          "moonPhaseDate" : null,
          "signDate" : "2019-10-02T11:45+0000",
          "sign" : "sagittarius",
          "date" : "2019-10-02T09:04+0000"
        },
        {
          "timeZone" : 2,
          "age" : 6,
          "moonPhase" : "phase1",
          "moonPhaseDate" : null,
          "signDate" : "2019-10-02T11:45+0000",
          "sign" : "sagittarius",
          "date" : "2019-10-03T10:16+0000"
        },
        {
          "timeZone" : 2,
          "age" : 7,
          "moonPhase" : "phase1",
          "moonPhaseDate" : null,
          "signDate" : "2019-10-04T17:41+0000",
          "sign" : "capricorn",
          "date" : "2019-10-04T11:22+0000"
        },
        {
          "timeZone" : 2,
          "age" : 8,
          "moonPhase" : "phase2",
          "moonPhaseDate" : "2019-10-05T16:47+0000",
          "signDate" : "2019-10-04T17:41+0000",
          "sign" : "capricorn",
          "date" : "2019-10-05T12:20+0000"
        },
        {
          "timeZone" : 2,
          "age" : 9,
          "moonPhase" : "phase2",
          "moonPhaseDate" : "2019-10-05T16:47+0000",
          "signDate" : "2019-10-04T17:41+0000",
          "sign" : "capricorn",
          "date" : "2019-10-06T13:09+0000"
        },
        {
          "timeZone" : 2,
          "moonPhase" : "phase2",
          "age" : 10,
          "moonPhaseDate" : "2019-10-05T16:47+0000",
          "signDate" : "2019-10-07T03:43+0000",
          "sign" : "aquarius",
          "date" : "2019-10-07T13:50+0000"
        },
        {
          "timeZone" : 2,
          "age" : 11,
          "moonPhase" : "phase2",
          "moonPhaseDate" : "2019-10-05T16:47+0000",
          "signDate" : "2019-10-07T03:43+0000",
          "sign" : "aquarius",
          "date" : "2019-10-08T14:24+0000"
        },
        {
          "timeZone" : 2,
          "age" : 12,
          "moonPhase" : "phase2",
          "moonPhaseDate" : "2019-10-05T16:47+0000",
          "signDate" : "2019-10-09T16:08+0000",
          "sign" : "pisces",
          "date" : "2019-10-09T14:51+0000"
        },
        {
          "timeZone" : 2,
          "age" : 13,
          "moonPhase" : "phase2",
          "moonPhaseDate" : "2019-10-05T16:47+0000",
          "signDate" : "2019-10-09T16:08+0000",
          "sign" : "pisces",
          "date" : "2019-10-10T15:16+0000"
        },
        {
          "timeZone" : 2,
          "age" : 14,
          "moonPhase" : "phase2",
          "moonPhaseDate" : "2019-10-05T16:47+0000",
          "signDate" : "2019-10-09T16:08+0000",
          "sign" : "pisces",
          "date" : "2019-10-11T15:38+0000"
        },
        {
          "timeZone" : 2,
          "moonPhase" : "phase2",
          "age" : 15,
          "moonPhaseDate" : "2019-10-05T16:47+0000",
          "signDate" : "2019-10-12T04:46+0000",
          "sign" : "aries",
          "date" : "2019-10-12T15:59+0000"
        },
        {
          "timeZone" : 2,
          "age" : 16,
          "moonPhase" : "fullMoon",
          "moonPhaseDate" : "2019-10-13T21:08+0000",
          "signDate" : "2019-10-12T04:46+0000",
          "sign" : "aries",
          "date" : "2019-10-13T16:19+0000"
        },
        {
          "timeZone" : 2,
          "age" : 17,
          "moonPhase" : "phase3",
          "moonPhaseDate" : "2019-10-13T21:08+0000",
          "signDate" : "2019-10-14T16:23+0000",
          "sign" : "taurus",
          "date" : "2019-10-14T16:40+0000"
        },
        {
          "timeZone" : 2,
          "age" : 18,
          "moonPhase" : "phase3",
          "moonPhaseDate" : "2019-10-13T21:08+0000",
          "signDate" : "2019-10-14T16:23+0000",
          "sign" : "taurus",
          "date" : "2019-10-15T17:03+0000"
        },
        {
          "timeZone" : 2,
          "age" : 19,
          "moonPhase" : "phase3",
          "moonPhaseDate" : "2019-10-13T21:08+0000",
          "signDate" : "2019-10-14T16:23+0000",
          "sign" : "taurus",
          "date" : "2019-10-16T17:29+0000"
        },
        {
          "timeZone" : 2,
          "age" : 20,
          "moonPhase" : "phase3",
          "moonPhaseDate" : "2019-10-13T21:08+0000",
          "signDate" : "2019-10-17T02:29+0000",
          "sign" : "gemini",
          "date" : "2019-10-17T18:00+0000"
        },
        {
          "timeZone" : 2,
          "age" : 21,
          "moonPhase" : "phase3",
          "moonPhaseDate" : "2019-10-13T21:08+0000",
          "signDate" : "2019-10-17T02:29+0000",
          "sign" : "gemini",
          "date" : "2019-10-18T18:37+0000"
        },
        {
          "timeZone" : 2,
          "age" : 22,
          "moonPhase" : "phase3",
          "moonPhaseDate" : "2019-10-13T21:08+0000",
          "signDate" : "2019-10-19T10:42+0000",
          "sign" : "cancer",
          "date" : "2019-10-19T19:23+0000"
        },
        {
          "timeZone" : 2,
          "age" : 23,
          "moonPhase" : "phase3",
          "moonPhaseDate" : "2019-10-13T21:08+0000",
          "signDate" : "2019-10-19T10:42+0000",
          "sign" : "cancer",
          "date" : "2019-10-20T20:19+0000"
        },
        {
          "timeZone" : 2,
          "moonPhase" : "phase4",
          "age" : 24,
          "moonPhaseDate" : "2019-10-21T12:39+0000",
          "signDate" : "2019-10-21T16:30+0000",
          "sign" : "leo",
          "date" : "2019-10-21T21:25+0000"
        },
        {
          "timeZone" : 2,
          "age" : 25,
          "moonPhase" : "phase4",
          "moonPhaseDate" : "2019-10-21T12:39+0000",
          "signDate" : "2019-10-23T19:30+0000",
          "sign" : "virgo",
          "date" : "2019-10-22T22:38+0000"
        },
        {
          "timeZone" : 2,
          "age" : 26,
          "moonPhase" : "phase4",
          "moonPhaseDate" : "2019-10-21T12:39+0000",
          "signDate" : "2019-10-23T19:30+0000",
          "sign" : "virgo",
          "date" : "2019-10-23T23:56+0000"
        },
        {
          "timeZone" : 2,
          "moonPhase" : "phase4",
          "age" : 27,
          "moonPhaseDate" : "2019-10-21T12:39+0000",
          "signDate" : "2019-10-25T20:20+0000",
          "sign" : "libra",
          "date" : "2019-10-25T01:15+0000"
        },
        {
          "timeZone" : 2,
          "age" : 28,
          "moonPhase" : "phase4",
          "moonPhaseDate" : "2019-10-21T12:39+0000",
          "signDate" : "2019-10-25T20:20+0000",
          "sign" : "libra",
          "date" : "2019-10-26T02:36+0000"
        },
        {
          "timeZone" : 2,
          "age" : 29,
          "moonPhase" : "phase4",
          "moonPhaseDate" : "2019-10-21T12:39+0000",
          "signDate" : "2019-10-27T19:31+0000",
          "sign" : "scorpio",
          "date" : "2019-10-27T02:57+0000"
        },
        {
          "timeZone" : 2,
          "age" : 1,
          "moonPhase" : "newMoon",
          "moonPhaseDate" : "2019-10-28T02:38+0000",
          "signDate" : "2019-10-27T19:31+0000",
          "sign" : "scorpio",
          "date" : "2019-10-28T02:38+0000"
        },
        {
          "timeZone" : 2,
          "moonPhase" : "newMoon",
          "age" : 2,
          "moonPhaseDate" : "2019-10-28T02:38+0000",
          "signDate" : "2019-10-27T19:31+0000",
          "sign" : "scorpio",
          "date" : "2019-10-28T04:17+0000"
        },
        {
          "timeZone" : 2,
          "age" : 3,
          "moonPhase" : "phase1",
          "moonPhaseDate" : "2019-10-28T02:38+0000",
          "signDate" : "2019-10-29T21:00+0000",
          "sign" : "sagittarius",
          "date" : "2019-10-29T05:37+0000"
        },
        {
          "timeZone" : 2,
          "age" : 4,
          "moonPhase" : "phase1",
          "moonPhaseDate" : "2019-10-28T02:38+0000",
          "signDate" : "2019-10-29T21:00+0000",
          "sign" : "sagittarius",
          "date" : "2019-10-30T06:54+0000"
        },
        {
          "timeZone" : 2,
          "age" : 5,
          "moonPhase" : "phase1",
          "moonPhaseDate" : "2019-10-28T02:38+0000",
          "signDate" : "2019-10-29T21:00+0000",
          "sign" : "sagittarius",
          "date" : "2019-10-31T08:06+0000"
        },
        {
          "timeZone" : 2,
          "age" : 6,
          "moonPhase" : "phase1",
          "moonPhaseDate" : null,
          "signDate" : "2019-11-01T01:38+0000",
          "sign" : "capricorn",
          "date" : "2019-11-01T09:10+0000"
        },
        {
          "timeZone" : 2,
          "age" : 7,
          "moonPhase" : "phase1",
          "moonPhaseDate" : null,
          "signDate" : "2019-11-01T01:38+0000",
          "sign" : "capricorn",
          "date" : "2019-11-02T10:04+0000"
        },
        {
          "timeZone" : 2,
          "age" : 8,
          "moonPhase" : "phase1",
          "moonPhaseDate" : null,
          "signDate" : "2019-11-03T10:21+0000",
          "sign" : "aquarius",
          "date" : "2019-11-03T10:49+0000"
        },
        {
          "timeZone" : 2,
          "moonPhase" : "phase2",
          "age" : 9,
          "moonPhaseDate" : "2019-11-04T09:23+0000",
          "signDate" : "2019-11-03T10:21+0000",
          "sign" : "aquarius",
          "date" : "2019-11-04T11:26+0000"
        },
        {
          "timeZone" : 2,
          "age" : 10,
          "moonPhase" : "phase2",
          "moonPhaseDate" : "2019-11-04T09:23+0000",
          "signDate" : "2019-11-03T10:21+0000",
          "sign" : "aquarius",
          "date" : "2019-11-05T11:56+0000"
        },
        {
          "timeZone" : 2,
          "age" : 11,
          "moonPhase" : "phase2",
          "moonPhaseDate" : "2019-11-04T09:23+0000",
          "signDate" : "2019-11-05T22:11+0000",
          "sign" : "pisces",
          "date" : "2019-11-06T12:21+0000"
        },
        {
          "timeZone" : 2,
          "age" : 12,
          "moonPhase" : "phase2",
          "moonPhaseDate" : "2019-11-04T09:23+0000",
          "signDate" : "2019-11-05T22:11+0000",
          "sign" : "pisces",
          "date" : "2019-11-07T12:44+0000"
        },
        {
          "timeZone" : 2,
          "age" : 13,
          "moonPhase" : "phase2",
          "moonPhaseDate" : "2019-11-04T09:23+0000",
          "signDate" : "2019-11-08T10:50+0000",
          "sign" : "aries",
          "date" : "2019-11-08T13:04+0000"
        },
        {
          "timeZone" : 2,
          "age" : 14,
          "moonPhase" : "phase2",
          "moonPhaseDate" : "2019-11-04T09:23+0000",
          "signDate" : "2019-11-08T10:50+0000",
          "sign" : "aries",
          "date" : "2019-11-09T13:24+0000"
        },
        {
          "timeZone" : 2,
          "moonPhase" : "phase2",
          "age" : 15,
          "moonPhaseDate" : "2019-11-04T09:23+0000",
          "signDate" : "2019-11-08T10:50+0000",
          "sign" : "aries",
          "date" : "2019-11-10T13:45+0000"
        },
        {
          "timeZone" : 2,
          "age" : 16,
          "moonPhase" : "phase2",
          "moonPhaseDate" : "2019-11-04T09:23+0000",
          "signDate" : "2019-11-10T22:19+0000",
          "sign" : "taurus",
          "date" : "2019-11-11T14:07+0000"
        },
        {
          "timeZone" : 2,
          "age" : 17,
          "moonPhase" : "fullMoon",
          "moonPhaseDate" : "2019-11-12T12:35+0000",
          "signDate" : "2019-11-10T22:19+0000",
          "sign" : "taurus",
          "date" : "2019-11-12T14:31+0000"
        },
        {
          "timeZone" : 2,
          "age" : 18,
          "moonPhase" : "phase3",
          "moonPhaseDate" : "2019-11-12T12:35+0000",
          "signDate" : "2019-11-13T07:45+0000",
          "sign" : "gemini",
          "date" : "2019-11-13T15:01+0000"
        },
        {
          "timeZone" : 2,
          "age" : 19,
          "moonPhase" : "phase3",
          "moonPhaseDate" : "2019-11-12T12:35+0000",
          "signDate" : "2019-11-13T07:45+0000",
          "sign" : "gemini",
          "date" : "2019-11-14T15:36+0000"
        },
        {
          "timeZone" : 2,
          "age" : 20,
          "moonPhase" : "phase3",
          "moonPhaseDate" : "2019-11-12T12:35+0000",
          "signDate" : "2019-11-15T15:12+0000",
          "sign" : "cancer",
          "date" : "2019-11-15T16:20+0000"
        },
        {
          "timeZone" : 2,
          "moonPhase" : "phase3",
          "age" : 21,
          "moonPhaseDate" : "2019-11-12T12:35+0000",
          "signDate" : "2019-11-15T15:12+0000",
          "sign" : "cancer",
          "date" : "2019-11-16T17:13+0000"
        },
        {
          "timeZone" : 2,
          "age" : 22,
          "moonPhase" : "phase3",
          "moonPhaseDate" : "2019-11-12T12:35+0000",
          "signDate" : "2019-11-17T20:54+0000",
          "sign" : "leo",
          "date" : "2019-11-17T18:16+0000"
        },
        {
          "timeZone" : 2,
          "age" : 23,
          "moonPhase" : "phase3",
          "moonPhaseDate" : "2019-11-12T12:35+0000",
          "signDate" : "2019-11-17T20:54+0000",
          "sign" : "leo",
          "date" : "2019-11-18T19:26+0000"
        },
        {
          "timeZone" : 2,
          "age" : 24,
          "moonPhase" : "phase4",
          "moonPhaseDate" : "2019-11-19T20:11+0000",
          "signDate" : "2019-11-17T20:54+0000",
          "sign" : "leo",
          "date" : "2019-11-19T20:41+0000"
        },
        {
          "timeZone" : 2,
          "age" : 25,
          "moonPhase" : "phase4",
          "moonPhaseDate" : "2019-11-19T20:11+0000",
          "signDate" : "2019-11-20T00:54+0000",
          "sign" : "virgo",
          "date" : "2019-11-20T21:58+0000"
        },
        {
          "timeZone" : 2,
          "moonPhase" : "phase4",
          "age" : 26,
          "moonPhaseDate" : "2019-11-19T20:11+0000",
          "signDate" : "2019-11-22T03:22+0000",
          "sign" : "libra",
          "date" : "2019-11-21T23:15+0000"
        },
        {
          "timeZone" : 2,
          "age" : 27,
          "moonPhase" : "phase4",
          "moonPhaseDate" : "2019-11-19T20:11+0000",
          "signDate" : "2019-11-22T03:22+0000",
          "sign" : "libra",
          "date" : "2019-11-23T00:33+0000"
        },
        {
          "timeZone" : 2,
          "age" : 28,
          "moonPhase" : "phase4",
          "moonPhaseDate" : "2019-11-19T20:11+0000",
          "signDate" : "2019-11-24T05:01+0000",
          "sign" : "scorpio",
          "date" : "2019-11-24T01:52+0000"
        },
        {
          "timeZone" : 2,
          "moonPhase" : "phase4",
          "age" : 29,
          "moonPhaseDate" : "2019-11-19T20:11+0000",
          "signDate" : "2019-11-24T05:01+0000",
          "sign" : "scorpio",
          "date" : "2019-11-25T03:10+0000"
        },
        {
          "timeZone" : 2,
          "age" : 30,
          "moonPhase" : "newMoon",
          "moonPhaseDate" : "2019-11-26T14:06+0000",
          "signDate" : "2019-11-26T07:12+0000",
          "sign" : "sagittarius",
          "date" : "2019-11-26T04:28+0000"
        },
        {
          "timeZone" : 2,
          "age" : 1,
          "moonPhase" : "newMoon",
          "moonPhaseDate" : "2019-11-26T14:06+0000",
          "signDate" : "2019-11-26T07:12+0000",
          "sign" : "sagittarius",
          "date" : "2019-11-26T14:06+0000"
        },
        {
          "timeZone" : 2,
          "moonPhase" : "phase1",
          "age" : 2,
          "moonPhaseDate" : "2019-11-26T14:06+0000",
          "signDate" : "2019-11-26T07:12+0000",
          "sign" : "sagittarius",
          "date" : "2019-11-27T05:43+0000"
        },
        {
          "timeZone" : 2,
          "age" : 3,
          "moonPhase" : "phase1",
          "moonPhaseDate" : "2019-11-26T14:06+0000",
          "signDate" : "2019-11-28T11:32+0000",
          "sign" : "capricorn",
          "date" : "2019-11-28T06:52+0000"
        },
        {
          "timeZone" : 2,
          "age" : 4,
          "moonPhase" : "phase1",
          "moonPhaseDate" : "2019-11-26T14:06+0000",
          "signDate" : "2019-11-28T11:32+0000",
          "sign" : "capricorn",
          "date" : "2019-11-29T07:53+0000"
        },
        {
          "timeZone" : 2,
          "age" : 5,
          "moonPhase" : "phase1",
          "moonPhaseDate" : "2019-11-26T14:06+0000",
          "signDate" : "2019-11-30T19:15+0000",
          "sign" : "aquarius",
          "date" : "2019-11-30T08:43+0000"
        },
        {
          "timeZone" : 2,
          "age" : 6,
          "moonPhase" : "phase1",
          "moonPhaseDate" : null,
          "signDate" : "2019-11-30T19:15+0000",
          "sign" : "aquarius",
          "date" : "2019-12-01T09:24+0000"
        },
        {
          "timeZone" : 2,
          "age" : 7,
          "moonPhase" : "phase1",
          "moonPhaseDate" : null,
          "signDate" : "2019-11-30T19:15+0000",
          "sign" : "aquarius",
          "date" : "2019-12-02T09:57+0000"
        },
        {
          "timeZone" : 2,
          "age" : 8,
          "moonPhase" : "phase1",
          "moonPhaseDate" : null,
          "signDate" : "2019-12-03T06:14+0000",
          "sign" : "pisces",
          "date" : "2019-12-03T10:25+0000"
        },
        {
          "timeZone" : 2,
          "age" : 9,
          "moonPhase" : "phase2",
          "moonPhaseDate" : "2019-12-04T05:58+0000",
          "signDate" : "2019-12-03T06:14+0000",
          "sign" : "pisces",
          "date" : "2019-12-04T10:48+0000"
        },
        {
          "timeZone" : 2,
          "age" : 10,
          "moonPhase" : "phase2",
          "moonPhaseDate" : "2019-12-04T05:58+0000",
          "signDate" : "2019-12-05T18:46+0000",
          "sign" : "aries",
          "date" : "2019-12-05T11:09+0000"
        },
        {
          "timeZone" : 2,
          "age" : 11,
          "moonPhase" : "phase2",
          "moonPhaseDate" : "2019-12-04T05:58+0000",
          "signDate" : "2019-12-05T18:46+0000",
          "sign" : "aries",
          "date" : "2019-12-06T11:29+0000"
        },
        {
          "timeZone" : 2,
          "moonPhase" : "phase2",
          "age" : 12,
          "moonPhaseDate" : "2019-12-04T05:58+0000",
          "signDate" : "2019-12-05T18:46+0000",
          "sign" : "aries",
          "date" : "2019-12-07T11:49+0000"
        },
        {
          "timeZone" : 2,
          "age" : 13,
          "moonPhase" : "phase2",
          "moonPhaseDate" : "2019-12-04T05:58+0000",
          "signDate" : "2019-12-08T06:31+0000",
          "sign" : "taurus",
          "date" : "2019-12-08T12:10+0000"
        },
        {
          "timeZone" : 2,
          "age" : 14,
          "moonPhase" : "phase2",
          "moonPhaseDate" : "2019-12-04T05:58+0000",
          "signDate" : "2019-12-08T06:31+0000",
          "sign" : "taurus",
          "date" : "2019-12-09T12:33+0000"
        },
        {
          "timeZone" : 2,
          "age" : 15,
          "moonPhase" : "phase2",
          "moonPhaseDate" : "2019-12-04T05:58+0000",
          "signDate" : "2019-12-10T15:49+0000",
          "sign" : "gemini",
          "date" : "2019-12-10T13:00+0000"
        },
        {
          "timeZone" : 2,
          "age" : 16,
          "moonPhase" : "phase2",
          "moonPhaseDate" : "2019-12-04T05:58+0000",
          "signDate" : "2019-12-10T15:49+0000",
          "sign" : "gemini",
          "date" : "2019-12-11T13:33+0000"
        },
        {
          "timeZone" : 2,
          "age" : 17,
          "moonPhase" : "fullMoon",
          "moonPhaseDate" : "2019-12-12T04:12+0000",
          "signDate" : "2019-12-10T15:49+0000",
          "sign" : "gemini",
          "date" : "2019-12-12T14:14+0000"
        },
        {
          "timeZone" : 2,
          "age" : 18,
          "moonPhase" : "phase3",
          "moonPhaseDate" : "2019-12-12T04:12+0000",
          "signDate" : "2019-12-12T22:24+0000",
          "sign" : "cancer",
          "date" : "2019-12-13T15:05+0000"
        },
        {
          "timeZone" : 2,
          "age" : 19,
          "moonPhase" : "phase3",
          "moonPhaseDate" : "2019-12-12T04:12+0000",
          "signDate" : "2019-12-12T22:24+0000",
          "sign" : "cancer",
          "date" : "2019-12-14T16:06+0000"
        },
        {
          "timeZone" : 2,
          "age" : 20,
          "moonPhase" : "phase3",
          "moonPhaseDate" : "2019-12-12T04:12+0000",
          "signDate" : "2019-12-15T02:53+0000",
          "sign" : "leo",
          "date" : "2019-12-15T17:15+0000"
        },
        {
          "timeZone" : 2,
          "age" : 21,
          "moonPhase" : "phase3",
          "moonPhaseDate" : "2019-12-12T04:12+0000",
          "signDate" : "2019-12-15T02:53+0000",
          "sign" : "leo",
          "date" : "2019-12-16T18:30+0000"
        },
        {
          "timeZone" : 2,
          "age" : 22,
          "moonPhase" : "phase3",
          "moonPhaseDate" : "2019-12-12T04:12+0000",
          "signDate" : "2019-12-17T06:13+0000",
          "sign" : "virgo",
          "date" : "2019-12-17T19:47+0000"
        },
        {
          "timeZone" : 2,
          "age" : 23,
          "moonPhase" : "phase3",
          "moonPhaseDate" : "2019-12-12T04:12+0000",
          "signDate" : "2019-12-17T06:13+0000",
          "sign" : "virgo",
          "date" : "2019-12-18T21:04+0000"
        },
        {
          "timeZone" : 2,
          "age" : 24,
          "moonPhase" : "phase4",
          "moonPhaseDate" : "2019-12-19T03:57+0000",
          "signDate" : "2019-12-17T06:13+0000",
          "sign" : "libra",
          "date" : "2019-12-19T22:20+0000"
        },
        {
          "timeZone" : 2,
          "age" : 25,
          "moonPhase" : "phase4",
          "moonPhaseDate" : "2019-12-19T03:57+0000",
          "signDate" : "2019-12-21T12:01+0000",
          "sign" : "scorpio",
          "date" : "2019-12-20T23:36+0000"
        },
        {
          "timeZone" : 2,
          "age" : 26,
          "moonPhase" : "phase4",
          "moonPhaseDate" : "2019-12-19T03:57+0000",
          "signDate" : "2019-12-21T12:01+0000",
          "sign" : "scorpio",
          "date" : "2019-12-22T00:52+0000"
        },
        {
          "timeZone" : 2,
          "age" : 27,
          "moonPhase" : "phase4",
          "moonPhaseDate" : "2019-12-19T03:57+0000",
          "signDate" : "2019-12-23T15:37+0000",
          "sign" : "sagittarius",
          "date" : "2019-12-23T02:08+0000"
        },
        {
          "timeZone" : 2,
          "age" : 28,
          "moonPhase" : "phase4",
          "moonPhaseDate" : "2019-12-19T03:57+0000",
          "signDate" : "2019-12-23T15:37+0000",
          "sign" : "sagittarius",
          "date" : "2019-12-24T03:23+0000"
        },
        {
          "timeZone" : 2,
          "age" : 29,
          "moonPhase" : "phase4",
          "moonPhaseDate" : "2019-12-19T03:57+0000",
          "signDate" : "2019-12-25T20:46+0000",
          "sign" : "capricorn",
          "date" : "2019-12-25T04:34+0000"
        },
        {
          "timeZone" : 2,
          "age" : 1,
          "moonPhase" : "newMoon",
          "moonPhaseDate" : "2019-12-26T04:13+0000",
          "signDate" : "2019-12-25T20:46+0000",
          "sign" : "capricorn",
          "date" : "2019-12-26T04:13+0000"
        },
        {
          "timeZone" : 2,
          "age" : 2,
          "moonPhase" : "newMoon",
          "moonPhaseDate" : "2019-12-26T04:13+0000",
          "signDate" : "2019-12-25T20:46+0000",
          "sign" : "capricorn",
          "date" : "2019-12-26T05:38+0000"
        },
        {
          "timeZone" : 2,
          "moonPhase" : "phase1",
          "age" : 3,
          "moonPhaseDate" : "2019-12-26T04:13+0000",
          "signDate" : "2019-12-25T20:46+0000",
          "sign" : "capricorn",
          "date" : "2019-12-27T06:33+0000"
        },
        {
          "timeZone" : 2,
          "age" : 4,
          "moonPhase" : "phase1",
          "moonPhaseDate" : "2019-12-26T04:13+0000",
          "signDate" : "2019-12-28T04:21+0000",
          "sign" : "aquarius",
          "date" : "2019-12-28T07:19+0000"
        },
        {
          "timeZone" : 2,
          "age" : 5,
          "moonPhase" : "phase1",
          "moonPhaseDate" : "2019-12-26T04:13+0000",
          "signDate" : "2019-12-28T04:21+0000",
          "sign" : "aquarius",
          "date" : "2019-12-29T07:56+0000"
        },
        {
          "timeZone" : 2,
          "age" : 6,
          "moonPhase" : "phase1",
          "moonPhaseDate" : "2019-12-26T04:13+0000",
          "signDate" : "2019-12-30T14:43+0000",
          "sign" : "pisces",
          "date" : "2019-12-30T08:26+0000"
        },
        {
          "timeZone" : 2,
          "moonPhase" : "phase1",
          "age" : 7,
          "moonPhaseDate" : "2019-12-26T04:13+0000",
          "signDate" : "2019-12-30T14:43+0000",
          "sign" : "pisces",
          "date" : "2019-12-31T08:51+0000"
        },
        {
          "timeZone" : 2,
          "age" : 8,
          "moonPhase" : "phase1",
          "moonPhaseDate" : null,
          "signDate" : "2019-12-30T14:43+0000",
          "sign" : "pisces",
          "date" : "2020-01-01T09:13+0000"
        },
        {
          "timeZone" : 2,
          "age" : 9,
          "moonPhase" : "phase1",
          "moonPhaseDate" : null,
          "signDate" : "2020-01-02T03:01+0000",
          "sign" : "aries",
          "date" : "2020-01-02T09:33+0000"
        },
        {
          "timeZone" : 2,
          "age" : 10,
          "moonPhase" : "phase2",
          "moonPhaseDate" : "2020-01-03T03:45+0000",
          "signDate" : "2020-01-02T03:01+0000",
          "sign" : "aries",
          "date" : "2020-01-03T09:53+0000"
        },
        {
          "timeZone" : 2,
          "age" : 11,
          "moonPhase" : "phase2",
          "moonPhaseDate" : "2020-01-03T03:45+0000",
          "signDate" : "2020-01-04T15:15+0000",
          "sign" : "taurus",
          "date" : "2020-01-04T10:13+0000"
        },
        {
          "timeZone" : 2,
          "age" : 12,
          "moonPhase" : "phase2",
          "moonPhaseDate" : "2020-01-03T03:45+0000",
          "signDate" : "2020-01-04T15:15+0000",
          "sign" : "taurus",
          "date" : "2020-01-05T10:35+0000"
        },
        {
          "timeZone" : 2,
          "age" : 13,
          "moonPhase" : "phase2",
          "moonPhaseDate" : "2020-01-03T03:45+0000",
          "signDate" : "2020-01-04T15:15+0000",
          "sign" : "taurus",
          "date" : "2020-01-06T10:59+0000"
        },
        {
          "timeZone" : 2,
          "age" : 14,
          "moonPhase" : "phase2",
          "moonPhaseDate" : "2020-01-03T03:45+0000",
          "signDate" : "2020-01-07T01:13+0000",
          "sign" : "gemini",
          "date" : "2020-01-07T11:29+0000"
        },
        {
          "timeZone" : 2,
          "moonPhase" : "phase2",
          "age" : 15,
          "moonPhaseDate" : "2020-01-03T03:45+0000",
          "signDate" : "2020-01-07T01:13+0000",
          "sign" : "gemini",
          "date" : "2020-01-08T12:06+0000"
        },
        {
          "timeZone" : 2,
          "age" : 16,
          "moonPhase" : "phase2",
          "moonPhaseDate" : "2020-01-03T03:45+0000",
          "signDate" : "2020-01-09T07:45+0000",
          "sign" : "cancer",
          "date" : "2020-01-09T12:52+0000"
        },
        {
          "timeZone" : 2,
          "age" : 17,
          "moonPhase" : "fullMoon",
          "moonPhaseDate" : "2020-01-10T18:21+0000",
          "signDate" : "2020-01-09T07:45+0000",
          "sign" : "cancer",
          "date" : "2020-01-10T13:50+0000"
        },
        {
          "timeZone" : 2,
          "age" : 18,
          "moonPhase" : "phase3",
          "moonPhaseDate" : "2020-01-10T18:21+0000",
          "signDate" : "2020-01-11T11:16+0000",
          "sign" : "leo",
          "date" : "2020-01-11T14:58+0000"
        },
        {
          "timeZone" : 2,
          "age" : 19,
          "moonPhase" : "phase3",
          "moonPhaseDate" : "2020-01-10T18:21+0000",
          "signDate" : "2020-01-11T11:16+0000",
          "sign" : "leo",
          "date" : "2020-01-12T16:13+0000"
        },
        {
          "timeZone" : 2,
          "age" : 20,
          "moonPhase" : "phase3",
          "moonPhaseDate" : "2020-01-10T18:21+0000",
          "signDate" : "2020-01-13T13:05+0000",
          "sign" : "virgo",
          "date" : "2020-01-13T17:32+0000"
        },
        {
          "timeZone" : 2,
          "age" : 21,
          "moonPhase" : "phase3",
          "moonPhaseDate" : "2020-01-10T18:21+0000",
          "signDate" : "2020-01-13T13:05+0000",
          "sign" : "virgo",
          "date" : "2020-01-14T18:51+0000"
        },
        {
          "timeZone" : 2,
          "age" : 22,
          "moonPhase" : "phase3",
          "moonPhaseDate" : "2020-01-10T18:21+0000",
          "signDate" : "2020-01-15T14:42+0000",
          "sign" : "libra",
          "date" : "2020-01-15T20:10+0000"
        },
        {
          "timeZone" : 2,
          "moonPhase" : "phase3",
          "age" : 23,
          "moonPhaseDate" : "2020-01-10T18:21+0000",
          "signDate" : "2020-01-15T14:42+0000",
          "sign" : "libra",
          "date" : "2020-01-16T21:26+0000"
        },
        {
          "timeZone" : 2,
          "age" : 24,
          "moonPhase" : "phase4",
          "moonPhaseDate" : "2020-01-17T11:58+0000",
          "signDate" : "2020-01-15T14:42+0000",
          "sign" : "scorpio",
          "date" : "2020-01-17T22:42+0000"
        },
        {
          "timeZone" : 2,
          "age" : 25,
          "moonPhase" : "phase4",
          "moonPhaseDate" : "2020-01-17T11:58+0000",
          "signDate" : "2020-01-19T21:43+0000",
          "sign" : "sagittarius",
          "date" : "2020-01-18T23:57+0000"
        },
        {
          "timeZone" : 2,
          "age" : 26,
          "moonPhase" : "phase4",
          "moonPhaseDate" : "2020-01-17T11:58+0000",
          "signDate" : "2020-01-19T21:43+0000",
          "sign" : "sagittarius",
          "date" : "2020-01-20T01:11+0000"
        },
        {
          "timeZone" : 2,
          "moonPhase" : "phase4",
          "age" : 27,
          "moonPhaseDate" : "2020-01-17T11:58+0000",
          "signDate" : "2020-01-19T21:43+0000",
          "sign" : "sagittarius",
          "date" : "2020-01-21T02:22+0000"
        },
        {
          "timeZone" : 2,
          "moonPhase" : "phase4",
          "age" : 28,
          "moonPhaseDate" : "2020-01-17T11:58+0000",
          "signDate" : "2020-01-22T04:02+0000",
          "sign" : "capricorn",
          "date" : "2020-01-22T03:27+0000"
        },
        {
          "timeZone" : 2,
          "age" : 29,
          "moonPhase" : "phase4",
          "moonPhaseDate" : "2020-01-17T11:58+0000",
          "signDate" : "2020-01-22T04:02+0000",
          "sign" : "capricorn",
          "date" : "2020-01-23T04:25+0000"
        },
        {
          "timeZone" : 2,
          "age" : 30,
          "moonPhase" : "newMoon",
          "moonPhaseDate" : "2020-01-24T20:42+0000",
          "signDate" : "2020-01-24T12:22+0000",
          "sign" : "aquarius",
          "date" : "2020-01-24T05:14+0000"
        },
        {
          "timeZone" : 2,
          "age" : 1,
          "moonPhase" : "newMoon",
          "moonPhaseDate" : "2020-01-24T20:42+0000",
          "signDate" : "2020-01-24T12:22+0000",
          "sign" : "aquarius",
          "date" : "2020-01-24T20:42+0000"
        },
        {
          "timeZone" : 2,
          "age" : 2,
          "moonPhase" : "phase1",
          "moonPhaseDate" : "2020-01-24T20:42+0000",
          "signDate" : "2020-01-24T12:22+0000",
          "sign" : "aquarius",
          "date" : "2020-01-25T05:54+0000"
        },
        {
          "timeZone" : 2,
          "age" : 3,
          "moonPhase" : "phase1",
          "moonPhaseDate" : "2020-01-24T20:42+0000",
          "signDate" : "2020-01-24T12:22+0000",
          "sign" : "aquarius",
          "date" : "2020-01-26T06:26+0000"
        },
        {
          "timeZone" : 2,
          "age" : 4,
          "moonPhase" : "phase1",
          "moonPhaseDate" : "2020-01-24T20:42+0000",
          "signDate" : "2020-01-26T22:45+0000",
          "sign" : "pisces",
          "date" : "2020-01-27T06:53+0000"
        },
        {
          "timeZone" : 2,
          "age" : 5,
          "moonPhase" : "phase1",
          "moonPhaseDate" : "2020-01-24T20:42+0000",
          "signDate" : "2020-01-26T22:45+0000",
          "sign" : "pisces",
          "date" : "2020-01-28T07:17+0000"
        },
        {
          "timeZone" : 2,
          "age" : 6,
          "moonPhase" : "phase1",
          "moonPhaseDate" : "2020-01-24T20:42+0000",
          "signDate" : "2020-01-29T10:51+0000",
          "sign" : "aries",
          "date" : "2020-01-29T07:37+0000"
        },
        {
          "timeZone" : 2,
          "age" : 7,
          "moonPhase" : "phase1",
          "moonPhaseDate" : "2020-01-24T20:42+0000",
          "signDate" : "2020-01-29T10:51+0000",
          "sign" : "aries",
          "date" : "2020-01-30T07:57+0000"
        },
        {
          "timeZone" : 2,
          "age" : 8,
          "moonPhase" : "phase1",
          "moonPhaseDate" : "2020-01-24T20:42+0000",
          "signDate" : "2020-01-29T10:51+0000",
          "sign" : "aries",
          "date" : "2020-01-31T08:16+0000"
        },
        {
          "timeZone" : 2,
          "age" : 8,
          "moonPhase" : "phase1",
          "moonPhaseDate" : "2020-01-24T20:42+0000",
          "signDate" : "2020-01-29T10:51+0000",
          "sign" : "aries",
          "date" : "2020-01-31T08:16+0000"
        }
      ],
      "cityName" : "Будапешт"
    }
  ],
  "countryName" : "Венгрия"
}