{
  "cities" : [
    {
      "cityName" : "Варшава",
      "moonDays" : [
        {
          "moonPhaseDate" : null,
          "age" : 26,
          "signDate" : "2019-05-01T10:23+0000",
          "date" : "2019-05-01T02:24+0000",
          "moonPhase" : null,
          "timeZone" : 2,
          "sign" : "aries"
        },
        {
          "moonPhaseDate" : null,
          "sign" : "aries",
          "date" : "2019-05-02T02:42+0000",
          "moonPhase" : null,
          "timeZone" : 2,
          "signDate" : "2019-05-01T10:23+0000",
          "age" : 27
        },
        {
          "moonPhaseDate" : null,
          "signDate" : "2019-05-03T20:21+0000",
          "date" : "2019-05-03T03:00+0000",
          "timeZone" : 2,
          "moonPhase" : null,
          "sign" : "taurus",
          "age" : 28
        },
        {
          "moonPhaseDate" : null,
          "signDate" : "2019-05-03T20:21+0000",
          "date" : "2019-05-04T03:19+0000",
          "timeZone" : 2,
          "moonPhase" : null,
          "sign" : "taurus",
          "age" : 29
        },
        {
          "moonPhaseDate" : "2019-05-04T22:45+0000",
          "signDate" : "2019-05-03T20:21+0000",
          "timeZone" : 2,
          "date" : "2019-05-04T22:45+0000",
          "moonPhase" : "newMoon",
          "sign" : "taurus",
          "age" : 1
        },
        {
          "moonPhaseDate" : "2019-05-04T22:45+0000",
          "date" : "2019-05-05T03:41+0000",
          "timeZone" : 2,
          "signDate" : "2019-05-03T20:21+0000",
          "moonPhase" : "newMoon",
          "sign" : "taurus",
          "age" : 2
        },
        {
          "moonPhaseDate" : "2019-05-04T22:45+0000",
          "signDate" : "2019-05-06T03:42+0000",
          "date" : "2019-05-06T04:07+0000",
          "timeZone" : 2,
          "moonPhase" : "phase1",
          "sign" : "gemini",
          "age" : 3
        },
        {
          "moonPhaseDate" : "2019-05-04T22:45+0000",
          "signDate" : "2019-05-06T03:42+0000",
          "date" : "2019-05-07T04:40+0000",
          "timeZone" : 2,
          "moonPhase" : "phase1",
          "sign" : "gemini",
          "age" : 4
        },
        {
          "moonPhaseDate" : "2019-05-04T22:45+0000",
          "signDate" : "2019-05-08T09:05+0000",
          "date" : "2019-05-08T05:21+0000",
          "timeZone" : 2,
          "moonPhase" : "phase1",
          "sign" : "cancer",
          "age" : 5
        },
        {
          "moonPhaseDate" : "2019-05-04T22:45+0000",
          "signDate" : "2019-05-08T09:05+0000",
          "date" : "2019-05-09T06:14+0000",
          "timeZone" : 2,
          "moonPhase" : "phase1",
          "sign" : "cancer",
          "age" : 6
        },
        {
          "moonPhaseDate" : "2019-05-04T22:45+0000",
          "signDate" : "2019-05-10T13:12+0000",
          "date" : "2019-05-10T07:18+0000",
          "timeZone" : 2,
          "moonPhase" : "phase1",
          "sign" : "leo",
          "age" : 7
        },
        {
          "moonPhaseDate" : "2019-05-04T22:45+0000",
          "signDate" : "2019-05-10T13:12+0000",
          "date" : "2019-05-11T08:31+0000",
          "timeZone" : 2,
          "moonPhase" : "phase1",
          "sign" : "leo",
          "age" : 8
        },
        {
          "moonPhaseDate" : "2019-05-12T01:12+0000",
          "signDate" : "2019-05-12T16:23+0000",
          "timeZone" : 2,
          "date" : "2019-05-12T09:49+0000",
          "moonPhase" : "phase2",
          "sign" : "virgo",
          "age" : 9
        },
        {
          "moonPhaseDate" : "2019-05-12T01:12+0000",
          "signDate" : "2019-05-12T16:23+0000",
          "date" : "2019-05-13T11:10+0000",
          "timeZone" : 2,
          "moonPhase" : "phase2",
          "sign" : "virgo",
          "age" : 10
        },
        {
          "moonPhaseDate" : "2019-05-12T01:12+0000",
          "date" : "2019-05-14T12:32+0000",
          "timeZone" : 2,
          "signDate" : "2019-05-14T18:53+0000",
          "moonPhase" : "phase2",
          "sign" : "libra",
          "age" : 11
        },
        {
          "moonPhaseDate" : "2019-05-12T01:12+0000",
          "signDate" : "2019-05-14T18:53+0000",
          "date" : "2019-05-15T13:53+0000",
          "timeZone" : 2,
          "moonPhase" : "phase2",
          "sign" : "libra",
          "age" : 12
        },
        {
          "moonPhaseDate" : "2019-05-12T01:12+0000",
          "signDate" : "2019-05-16T21:25+0000",
          "date" : "2019-05-16T15:13+0000",
          "timeZone" : 2,
          "moonPhase" : "phase2",
          "sign" : "scorpio",
          "age" : 13
        },
        {
          "moonPhaseDate" : "2019-05-12T01:12+0000",
          "signDate" : "2019-05-16T21:25+0000",
          "timeZone" : 2,
          "date" : "2019-05-17T16:33+0000",
          "moonPhase" : "phase2",
          "sign" : "scorpio",
          "age" : 14
        },
        {
          "moonPhaseDate" : "2019-05-18T21:11+0000",
          "signDate" : "2019-05-16T21:25+0000",
          "date" : "2019-05-18T17:52+0000",
          "timeZone" : 2,
          "moonPhase" : "fullMoon",
          "sign" : "scorpio",
          "age" : 15
        },
        {
          "moonPhaseDate" : "2019-05-18T21:11+0000",
          "signDate" : "2019-05-19T01:19+0000",
          "date" : "2019-05-19T19:07+0000",
          "timeZone" : 2,
          "moonPhase" : "phase3",
          "sign" : "sagittarius",
          "age" : 16
        },
        {
          "moonPhaseDate" : "2019-05-18T21:11+0000",
          "signDate" : "2019-05-19T01:19+0000",
          "date" : "2019-05-20T20:16+0000",
          "timeZone" : 2,
          "moonPhase" : "phase3",
          "sign" : "sagittarius",
          "age" : 17
        },
        {
          "moonPhaseDate" : "2019-05-18T21:11+0000",
          "date" : "2019-05-21T21:17+0000",
          "timeZone" : 2,
          "signDate" : "2019-05-21T07:56+0000",
          "moonPhase" : "phase3",
          "sign" : "capricorn",
          "age" : 18
        },
        {
          "moonPhaseDate" : "2019-05-18T21:11+0000",
          "signDate" : "2019-05-23T17:51+0000",
          "date" : "2019-05-22T22:07+0000",
          "timeZone" : 2,
          "moonPhase" : "phase3",
          "sign" : "aquarius",
          "age" : 19
        },
        {
          "moonPhaseDate" : "2019-05-18T21:11+0000",
          "date" : "2019-05-23T22:49+0000",
          "timeZone" : 2,
          "signDate" : "2019-05-23T17:51+0000",
          "moonPhase" : "phase3",
          "sign" : "aquarius",
          "age" : 20
        },
        {
          "moonPhaseDate" : "2019-05-18T21:11+0000",
          "date" : "2019-05-24T23:22+0000",
          "timeZone" : 2,
          "signDate" : "2019-05-23T17:51+0000",
          "moonPhase" : "phase3",
          "sign" : "aquarius",
          "age" : 21
        },
        {
          "moonPhaseDate" : "2019-05-26T16:33+0000",
          "signDate" : "2019-05-26T06:07+0000",
          "date" : "2019-05-25T23:48+0000",
          "timeZone" : 2,
          "moonPhase" : "phase4",
          "sign" : "pisces",
          "age" : 22
        },
        {
          "moonPhaseDate" : "2019-05-26T16:33+0000",
          "signDate" : "2019-05-26T06:07+0000",
          "date" : "2019-05-27T00:10+0000",
          "timeZone" : 2,
          "moonPhase" : "phase4",
          "sign" : "pisces",
          "age" : 23
        },
        {
          "moonPhaseDate" : "2019-05-26T16:33+0000",
          "signDate" : "2019-05-28T18:29+0000",
          "date" : "2019-05-28T00:30+0000",
          "timeZone" : 2,
          "moonPhase" : "phase4",
          "sign" : "aries",
          "age" : 24
        },
        {
          "moonPhaseDate" : "2019-05-26T16:33+0000",
          "signDate" : "2019-05-28T18:29+0000",
          "timeZone" : 2,
          "date" : "2019-05-29T00:48+0000",
          "moonPhase" : "phase4",
          "sign" : "aries",
          "age" : 25
        },
        {
          "moonPhaseDate" : "2019-05-26T16:33+0000",
          "signDate" : "2019-05-28T18:29+0000",
          "date" : "2019-05-30T01:05+0000",
          "timeZone" : 2,
          "moonPhase" : "phase4",
          "sign" : "aries",
          "age" : 26
        },
        {
          "moonPhaseDate" : "2019-05-26T16:33+0000",
          "signDate" : "2019-05-31T04:44+0000",
          "timeZone" : 2,
          "date" : "2019-05-31T01:24+0000",
          "moonPhase" : "phase4",
          "sign" : "taurus",
          "age" : 27
        },
        {
          "moonPhaseDate" : null,
          "signDate" : "2019-05-31T04:44+0000",
          "date" : "2019-06-01T01:44+0000",
          "timeZone" : 2,
          "moonPhase" : "phase4",
          "sign" : "taurus",
          "age" : 28
        },
        {
          "moonPhaseDate" : null,
          "signDate" : "2019-06-02T11:51+0000",
          "date" : "2019-06-02T02:08+0000",
          "timeZone" : 2,
          "moonPhase" : "phase4",
          "sign" : "gemini",
          "age" : 29
        },
        {
          "moonPhaseDate" : "2019-06-03T10:02+0000",
          "signDate" : "2019-06-02T11:51+0000",
          "timeZone" : 2,
          "date" : "2019-06-03T02:38+0000",
          "moonPhase" : "newMoon",
          "sign" : "gemini",
          "age" : 30
        },
        {
          "moonPhaseDate" : "2019-06-03T10:02+0000",
          "signDate" : "2019-06-02T11:51+0000",
          "timeZone" : 2,
          "date" : "2019-06-03T10:02+0000",
          "moonPhase" : "newMoon",
          "sign" : "gemini",
          "age" : 1
        },
        {
          "moonPhaseDate" : "2019-06-03T10:02+0000",
          "signDate" : "2019-06-04T16:18+0000",
          "date" : "2019-06-04T03:16+0000",
          "timeZone" : 2,
          "moonPhase" : "phase1",
          "sign" : "cancer",
          "age" : 2
        },
        {
          "moonPhaseDate" : "2019-06-03T10:02+0000",
          "signDate" : "2019-06-04T16:18+0000",
          "date" : "2019-06-05T04:05+0000",
          "timeZone" : 2,
          "moonPhase" : "phase1",
          "sign" : "cancer",
          "age" : 3
        },
        {
          "moonPhaseDate" : "2019-06-03T10:02+0000",
          "signDate" : "2019-06-06T19:14+0000",
          "timeZone" : 2,
          "date" : "2019-06-06T05:07+0000",
          "moonPhase" : "phase1",
          "sign" : "leo",
          "age" : 4
        },
        {
          "moonPhaseDate" : "2019-06-03T10:02+0000",
          "date" : "2019-06-07T06:18+0000",
          "timeZone" : 2,
          "signDate" : "2019-06-06T19:14+0000",
          "moonPhase" : "phase1",
          "sign" : "leo",
          "age" : 5
        },
        {
          "moonPhaseDate" : "2019-06-03T10:02+0000",
          "signDate" : "2019-06-08T21:43+0000",
          "date" : "2019-06-08T07:37+0000",
          "timeZone" : 2,
          "moonPhase" : "phase1",
          "sign" : "virgo",
          "age" : 6
        },
        {
          "moonPhaseDate" : "2019-06-03T10:02+0000",
          "signDate" : "2019-06-08T21:43+0000",
          "date" : "2019-06-09T08:58+0000",
          "timeZone" : 2,
          "moonPhase" : "phase1",
          "sign" : "virgo",
          "age" : 7
        },
        {
          "moonPhaseDate" : "2019-06-10T05:59+0000",
          "signDate" : "2019-06-08T21:43+0000",
          "date" : "2019-06-10T10:19+0000",
          "timeZone" : 2,
          "moonPhase" : "phase2",
          "sign" : "virgo",
          "age" : 8
        },
        {
          "moonPhaseDate" : "2019-06-10T05:59+0000",
          "signDate" : "2019-06-11T00:30+0000",
          "date" : "2019-06-11T11:39+0000",
          "timeZone" : 2,
          "moonPhase" : "phase2",
          "sign" : "libra",
          "age" : 9
        },
        {
          "moonPhaseDate" : "2019-06-10T05:59+0000",
          "signDate" : "2019-06-11T00:30+0000",
          "timeZone" : 2,
          "date" : "2019-06-12T12:58+0000",
          "moonPhase" : "phase2",
          "sign" : "libra",
          "age" : 10
        },
        {
          "moonPhaseDate" : "2019-06-10T05:59+0000",
          "signDate" : "2019-06-13T04:03+0000",
          "date" : "2019-06-13T14:17+0000",
          "timeZone" : 2,
          "moonPhase" : "phase2",
          "sign" : "scorpio",
          "age" : 11
        },
        {
          "moonPhaseDate" : "2019-06-10T05:59+0000",
          "signDate" : "2019-06-13T04:03+0000",
          "date" : "2019-06-14T15:34+0000",
          "timeZone" : 2,
          "moonPhase" : "phase2",
          "sign" : "scorpio",
          "age" : 12
        },
        {
          "moonPhaseDate" : "2019-06-10T05:59+0000",
          "signDate" : "2019-06-15T09:01+0000",
          "date" : "2019-06-15T16:49+0000",
          "timeZone" : 2,
          "moonPhase" : "phase2",
          "sign" : "sagittarius",
          "age" : 13
        },
        {
          "moonPhaseDate" : "2019-06-10T05:59+0000",
          "signDate" : "2019-06-15T09:01+0000",
          "date" : "2019-06-16T18:00+0000",
          "timeZone" : 2,
          "moonPhase" : "phase2",
          "sign" : "sagittarius",
          "age" : 14
        },
        {
          "moonPhaseDate" : "2019-06-17T08:31+0000",
          "date" : "2019-06-17T19:05+0000",
          "timeZone" : 2,
          "signDate" : "2019-06-17T16:11+0000",
          "moonPhase" : "fullMoon",
          "sign" : "capricorn",
          "age" : 15
        },
        {
          "moonPhaseDate" : "2019-06-17T08:31+0000",
          "signDate" : "2019-06-17T16:11+0000",
          "timeZone" : 2,
          "date" : "2019-06-18T20:00+0000",
          "moonPhase" : "phase3",
          "sign" : "capricorn",
          "age" : 16
        },
        {
          "moonPhaseDate" : "2019-06-17T08:31+0000",
          "date" : "2019-06-19T20:46+0000",
          "timeZone" : 2,
          "signDate" : "2019-06-17T16:11+0000",
          "moonPhase" : "phase3",
          "sign" : "capricorn",
          "age" : 17
        },
        {
          "moonPhaseDate" : "2019-06-17T08:31+0000",
          "signDate" : "2019-06-20T02:01+0000",
          "date" : "2019-06-20T21:22+0000",
          "timeZone" : 2,
          "moonPhase" : "phase3",
          "sign" : "aquarius",
          "age" : 18
        },
        {
          "moonPhaseDate" : "2019-06-17T08:31+0000",
          "signDate" : "2019-06-20T02:01+0000",
          "date" : "2019-06-21T21:51+0000",
          "timeZone" : 2,
          "moonPhase" : "phase3",
          "sign" : "aquarius",
          "age" : 19
        },
        {
          "moonPhaseDate" : "2019-06-17T08:31+0000",
          "signDate" : "2019-06-20T02:01+0000",
          "date" : "2019-06-22T22:15+0000",
          "timeZone" : 2,
          "moonPhase" : "phase3",
          "sign" : "pisces",
          "age" : 20
        },
        {
          "moonPhaseDate" : "2019-06-17T08:31+0000",
          "signDate" : "2019-06-20T02:01+0000",
          "date" : "2019-06-23T22:35+0000",
          "timeZone" : 2,
          "moonPhase" : "phase3",
          "sign" : "pisces",
          "age" : 21
        },
        {
          "moonPhaseDate" : "2019-06-25T09:46+0000",
          "signDate" : "2019-06-25T02:34+0000",
          "date" : "2019-06-24T22:53+0000",
          "timeZone" : 2,
          "moonPhase" : "phase4",
          "sign" : "aries",
          "age" : 22
        },
        {
          "moonPhaseDate" : "2019-06-25T09:46+0000",
          "signDate" : "2019-06-25T02:34+0000",
          "timeZone" : 2,
          "date" : "2019-06-25T23:11+0000",
          "moonPhase" : "phase4",
          "sign" : "aries",
          "age" : 23
        },
        {
          "moonPhaseDate" : "2019-06-25T09:46+0000",
          "signDate" : "2019-06-27T13:30+0000",
          "date" : "2019-06-26T23:28+0000",
          "timeZone" : 2,
          "moonPhase" : "phase4",
          "sign" : "taurus",
          "age" : 24
        },
        {
          "moonPhaseDate" : "2019-06-25T09:46+0000",
          "signDate" : "2019-06-27T13:30+0000",
          "date" : "2019-06-27T23:47+0000",
          "timeZone" : 2,
          "moonPhase" : "phase4",
          "sign" : "taurus",
          "age" : 25
        },
        {
          "moonPhaseDate" : "2019-06-25T09:46+0000",
          "signDate" : "2019-06-29T21:10+0000",
          "timeZone" : 2,
          "date" : "2019-06-29T00:09+0000",
          "moonPhase" : "phase4",
          "sign" : "gemini",
          "age" : 26
        },
        {
          "moonPhaseDate" : "2019-06-25T09:46+0000",
          "signDate" : "2019-06-29T21:10+0000",
          "date" : "2019-06-30T00:35+0000",
          "timeZone" : 2,
          "moonPhase" : "phase4",
          "sign" : "gemini",
          "age" : 27
        },
        {
          "moonPhaseDate" : null,
          "signDate" : "2019-06-29T21:10+0000",
          "date" : "2019-07-01T01:09+0000",
          "timeZone" : 2,
          "moonPhase" : "phase4",
          "sign" : "gemini",
          "age" : 28
        },
        {
          "moonPhaseDate" : "2019-07-02T19:16+0000",
          "signDate" : "2019-07-02T01:26+0000",
          "date" : "2019-07-02T01:53+0000",
          "timeZone" : 2,
          "moonPhase" : "newMoon",
          "sign" : "cancer",
          "age" : 29
        },
        {
          "moonPhaseDate" : "2019-07-02T19:16+0000",
          "signDate" : "2019-07-02T01:26+0000",
          "date" : "2019-07-02T19:16+0000",
          "timeZone" : 2,
          "moonPhase" : "newMoon",
          "sign" : "cancer",
          "age" : 1
        },
        {
          "moonPhaseDate" : "2019-07-02T19:16+0000",
          "signDate" : "2019-07-02T01:26+0000",
          "date" : "2019-07-03T02:50+0000",
          "timeZone" : 2,
          "moonPhase" : "phase1",
          "sign" : "cancer",
          "age" : 2
        },
        {
          "moonPhaseDate" : "2019-07-02T19:16+0000",
          "signDate" : "2019-07-04T03:21+0000",
          "date" : "2019-07-04T04:00+0000",
          "timeZone" : 2,
          "moonPhase" : "phase1",
          "sign" : "leo",
          "age" : 3
        },
        {
          "moonPhaseDate" : "2019-07-02T19:16+0000",
          "signDate" : "2019-07-04T03:21+0000",
          "date" : "2019-07-05T05:19+0000",
          "timeZone" : 2,
          "moonPhase" : "phase1",
          "sign" : "leo",
          "age" : 4
        },
        {
          "moonPhaseDate" : "2019-07-02T19:16+0000",
          "signDate" : "2019-07-06T04:25+0000",
          "date" : "2019-07-06T06:42+0000",
          "timeZone" : 2,
          "moonPhase" : "phase1",
          "sign" : "virgo",
          "age" : 5
        },
        {
          "moonPhaseDate" : "2019-07-02T19:16+0000",
          "signDate" : "2019-07-06T04:25+0000",
          "date" : "2019-07-07T08:05+0000",
          "timeZone" : 2,
          "moonPhase" : "phase1",
          "sign" : "virgo",
          "age" : 6
        },
        {
          "moonPhaseDate" : "2019-07-02T19:16+0000",
          "date" : "2019-07-08T09:27+0000",
          "timeZone" : 2,
          "signDate" : "2019-07-08T06:07+0000",
          "moonPhase" : "phase1",
          "sign" : "libra",
          "age" : 7
        },
        {
          "moonPhaseDate" : "2019-07-09T10:55+0000",
          "signDate" : "2019-07-08T06:07+0000",
          "date" : "2019-07-09T10:47+0000",
          "timeZone" : 2,
          "moonPhase" : "phase2",
          "sign" : "libra",
          "age" : 8
        },
        {
          "moonPhaseDate" : "2019-07-09T10:55+0000",
          "signDate" : "2019-07-10T09:28+0000",
          "date" : "2019-07-10T12:05+0000",
          "timeZone" : 2,
          "moonPhase" : "phase2",
          "sign" : "scorpio",
          "age" : 9
        },
        {
          "moonPhaseDate" : "2019-07-09T10:55+0000",
          "signDate" : "2019-07-10T09:28+0000",
          "date" : "2019-07-11T13:22+0000",
          "timeZone" : 2,
          "moonPhase" : "phase2",
          "sign" : "scorpio",
          "age" : 10
        },
        {
          "moonPhaseDate" : "2019-07-09T10:55+0000",
          "signDate" : "2019-07-12T15:04+0000",
          "timeZone" : 2,
          "date" : "2019-07-12T14:37+0000",
          "moonPhase" : "phase2",
          "sign" : "sagittarius",
          "age" : 11
        },
        {
          "moonPhaseDate" : "2019-07-09T10:55+0000",
          "signDate" : "2019-07-12T15:04+0000",
          "date" : "2019-07-13T15:49+0000",
          "timeZone" : 2,
          "moonPhase" : "phase2",
          "sign" : "sagittarius",
          "age" : 12
        },
        {
          "moonPhaseDate" : "2019-07-09T10:55+0000",
          "signDate" : "2019-07-12T15:04+0000",
          "date" : "2019-07-14T16:55+0000",
          "timeZone" : 2,
          "moonPhase" : "phase2",
          "sign" : "sagittarius",
          "age" : 13
        },
        {
          "moonPhaseDate" : "2019-07-09T10:55+0000",
          "signDate" : "2019-07-14T23:03+0000",
          "timeZone" : 2,
          "date" : "2019-07-15T17:54+0000",
          "moonPhase" : "phase2",
          "sign" : "capricorn",
          "age" : 14
        },
        {
          "moonPhaseDate" : "2019-07-16T21:38+0000",
          "signDate" : "2019-07-14T23:03+0000",
          "date" : "2019-07-16T18:42+0000",
          "timeZone" : 2,
          "moonPhase" : "fullMoon",
          "sign" : "capricorn",
          "age" : 15
        },
        {
          "moonPhaseDate" : "2019-07-16T21:38+0000",
          "signDate" : "2019-07-17T09:18+0000",
          "date" : "2019-07-17T19:22+0000",
          "timeZone" : 2,
          "moonPhase" : "phase3",
          "sign" : "aquarius",
          "age" : 16
        },
        {
          "moonPhaseDate" : "2019-07-16T21:38+0000",
          "signDate" : "2019-07-17T09:18+0000",
          "date" : "2019-07-18T19:53+0000",
          "timeZone" : 2,
          "moonPhase" : "phase3",
          "sign" : "aquarius",
          "age" : 17
        },
        {
          "moonPhaseDate" : "2019-07-16T21:38+0000",
          "signDate" : "2019-07-19T21:19+0000",
          "date" : "2019-07-19T20:19+0000",
          "timeZone" : 2,
          "moonPhase" : "phase3",
          "sign" : "pisces",
          "age" : 18
        },
        {
          "moonPhaseDate" : "2019-07-16T21:38+0000",
          "signDate" : "2019-07-19T21:19+0000",
          "date" : "2019-07-20T20:40+0000",
          "timeZone" : 2,
          "moonPhase" : "phase3",
          "sign" : "pisces",
          "age" : 19
        },
        {
          "moonPhaseDate" : "2019-07-16T21:38+0000",
          "signDate" : "2019-07-19T21:19+0000",
          "date" : "2019-07-21T20:59+0000",
          "timeZone" : 2,
          "moonPhase" : "phase3",
          "sign" : "pisces",
          "age" : 20
        },
        {
          "moonPhaseDate" : "2019-07-16T21:38+0000",
          "signDate" : "2019-07-22T10:01+0000",
          "date" : "2019-07-22T21:16+0000",
          "timeZone" : 2,
          "moonPhase" : "phase3",
          "sign" : "aries",
          "age" : 21
        },
        {
          "moonPhaseDate" : "2019-07-16T21:38+0000",
          "signDate" : "2019-07-22T10:01+0000",
          "date" : "2019-07-23T21:33+0000",
          "timeZone" : 2,
          "moonPhase" : "phase3",
          "sign" : "aries",
          "age" : 22
        },
        {
          "moonPhaseDate" : "2019-07-16T21:38+0000",
          "signDate" : "2019-07-24T21:40+0000",
          "date" : "2019-07-24T21:51+0000",
          "timeZone" : 2,
          "moonPhase" : "phase3",
          "sign" : "taurus",
          "age" : 23
        },
        {
          "moonPhaseDate" : "2019-07-25T01:18+0000",
          "signDate" : "2019-07-24T21:40+0000",
          "timeZone" : 2,
          "date" : "2019-07-25T22:11+0000",
          "moonPhase" : "phase4",
          "sign" : "taurus",
          "age" : 24
        },
        {
          "moonPhaseDate" : "2019-07-25T01:18+0000",
          "signDate" : "2019-07-27T06:28+0000",
          "timeZone" : 2,
          "date" : "2019-07-26T22:35+0000",
          "moonPhase" : "phase4",
          "sign" : "gemini",
          "age" : 25
        },
        {
          "moonPhaseDate" : "2019-07-25T01:18+0000",
          "signDate" : "2019-07-27T06:28+0000",
          "date" : "2019-07-27T23:04+0000",
          "timeZone" : 2,
          "moonPhase" : "phase4",
          "sign" : "gemini",
          "age" : 26
        },
        {
          "moonPhaseDate" : "2019-07-25T01:18+0000",
          "signDate" : "2019-07-29T11:30+0000",
          "date" : "2019-07-28T23:42+0000",
          "timeZone" : 2,
          "moonPhase" : "phase4",
          "sign" : "cancer",
          "age" : 27
        },
        {
          "moonPhaseDate" : "2019-07-25T01:18+0000",
          "signDate" : "2019-07-29T11:30+0000",
          "timeZone" : 2,
          "date" : "2019-07-30T00:32+0000",
          "moonPhase" : "phase4",
          "sign" : "cancer",
          "age" : 28
        },
        {
          "moonPhaseDate" : "2019-07-25T01:18+0000",
          "signDate" : "2019-07-31T13:18+0000",
          "date" : "2019-07-31T01:36+0000",
          "timeZone" : 2,
          "moonPhase" : "phase4",
          "sign" : "leo",
          "age" : 29
        },
        {
          "moonPhaseDate" : "2019-08-01T03:12+0000",
          "signDate" : "2019-07-31T13:18+0000",
          "date" : "2019-08-01T02:52+0000",
          "timeZone" : 2,
          "moonPhase" : "newMoon",
          "sign" : "leo",
          "age" : 30
        },
        {
          "moonPhaseDate" : "2019-08-01T03:12+0000",
          "signDate" : "2019-07-31T13:18+0000",
          "date" : "2019-08-01T03:12+0000",
          "timeZone" : 2,
          "moonPhase" : "newMoon",
          "sign" : "leo",
          "age" : 1
        },
        {
          "moonPhaseDate" : "2019-08-01T03:12+0000",
          "signDate" : "2019-08-02T13:23+0000",
          "date" : "2019-08-02T04:16+0000",
          "timeZone" : 2,
          "moonPhase" : "phase1",
          "sign" : "virgo",
          "age" : 2
        },
        {
          "moonPhaseDate" : "2019-08-01T03:12+0000",
          "date" : "2019-08-03T05:42+0000",
          "timeZone" : 2,
          "signDate" : "2019-08-02T13:23+0000",
          "moonPhase" : "phase1",
          "sign" : "virgo",
          "age" : 3
        },
        {
          "moonPhaseDate" : "2019-08-01T03:12+0000",
          "date" : "2019-08-04T07:08+0000",
          "timeZone" : 2,
          "signDate" : "2019-08-04T13:32+0000",
          "moonPhase" : "phase1",
          "sign" : "libra",
          "age" : 4
        },
        {
          "moonPhaseDate" : "2019-08-01T03:12+0000",
          "signDate" : "2019-08-04T13:32+0000",
          "timeZone" : 2,
          "date" : "2019-08-05T08:31+0000",
          "moonPhase" : "phase1",
          "sign" : "libra",
          "age" : 5
        },
        {
          "moonPhaseDate" : "2019-08-01T03:12+0000",
          "signDate" : "2019-08-06T15:31+0000",
          "date" : "2019-08-06T09:52+0000",
          "timeZone" : 2,
          "moonPhase" : "phase1",
          "sign" : "scorpio",
          "age" : 6
        },
        {
          "moonPhaseDate" : "2019-08-07T17:31+0000",
          "signDate" : "2019-08-06T15:31+0000",
          "date" : "2019-08-07T11:11+0000",
          "timeZone" : 2,
          "moonPhase" : "phase2",
          "sign" : "scorpio",
          "age" : 7
        },
        {
          "moonPhaseDate" : "2019-08-07T17:31+0000",
          "date" : "2019-08-08T12:28+0000",
          "timeZone" : 2,
          "signDate" : "2019-08-08T20:32+0000",
          "moonPhase" : "phase2",
          "sign" : "sagittarius",
          "age" : 8
        },
        {
          "moonPhaseDate" : "2019-08-07T17:31+0000",
          "signDate" : "2019-08-08T20:32+0000",
          "timeZone" : 2,
          "date" : "2019-08-09T13:41+0000",
          "moonPhase" : "phase2",
          "sign" : "sagittarius",
          "age" : 9
        },
        {
          "moonPhaseDate" : "2019-08-07T17:31+0000",
          "signDate" : "2019-08-08T20:32+0000",
          "date" : "2019-08-10T14:49+0000",
          "timeZone" : 2,
          "moonPhase" : "phase2",
          "sign" : "sagittarius",
          "age" : 10
        },
        {
          "moonPhaseDate" : "2019-08-07T17:31+0000",
          "signDate" : "2019-08-11T04:48+0000",
          "date" : "2019-08-11T15:49+0000",
          "timeZone" : 2,
          "moonPhase" : "phase2",
          "sign" : "capricorn",
          "age" : 11
        },
        {
          "moonPhaseDate" : "2019-08-07T17:31+0000",
          "signDate" : "2019-08-11T04:48+0000",
          "timeZone" : 2,
          "date" : "2019-08-12T16:40+0000",
          "moonPhase" : "phase2",
          "sign" : "capricorn",
          "age" : 12
        },
        {
          "moonPhaseDate" : "2019-08-07T17:31+0000",
          "signDate" : "2019-08-13T15:36+0000",
          "date" : "2019-08-13T17:22+0000",
          "timeZone" : 2,
          "moonPhase" : "phase2",
          "sign" : "aquarius",
          "age" : 13
        },
        {
          "moonPhaseDate" : "2019-08-07T17:31+0000",
          "signDate" : "2019-08-13T15:36+0000",
          "date" : "2019-08-14T17:56+0000",
          "timeZone" : 2,
          "moonPhase" : "phase2",
          "sign" : "aquarius",
          "age" : 14
        },
        {
          "moonPhaseDate" : "2019-08-15T12:29+0000",
          "signDate" : "2019-08-13T15:36+0000",
          "date" : "2019-08-15T18:23+0000",
          "timeZone" : 2,
          "moonPhase" : "fullMoon",
          "sign" : "aquarius",
          "age" : 15
        },
        {
          "moonPhaseDate" : "2019-08-15T12:29+0000",
          "signDate" : "2019-08-16T03:50+0000",
          "date" : "2019-08-16T18:45+0000",
          "timeZone" : 2,
          "moonPhase" : "phase3",
          "sign" : "pisces",
          "age" : 16
        },
        {
          "moonPhaseDate" : "2019-08-15T12:29+0000",
          "signDate" : "2019-08-16T03:50+0000",
          "date" : "2019-08-17T19:05+0000",
          "timeZone" : 2,
          "moonPhase" : "phase3",
          "sign" : "pisces",
          "age" : 17
        },
        {
          "moonPhaseDate" : "2019-08-15T12:29+0000",
          "signDate" : "2019-08-18T16:32+0000",
          "timeZone" : 2,
          "date" : "2019-08-18T19:22+0000",
          "moonPhase" : "phase3",
          "sign" : "aries",
          "age" : 18
        },
        {
          "moonPhaseDate" : "2019-08-15T12:29+0000",
          "signDate" : "2019-08-18T16:32+0000",
          "date" : "2019-08-19T19:39+0000",
          "timeZone" : 2,
          "moonPhase" : "phase3",
          "sign" : "aries",
          "age" : 19
        },
        {
          "moonPhaseDate" : "2019-08-15T12:29+0000",
          "date" : "2019-08-20T19:56+0000",
          "timeZone" : 2,
          "signDate" : "2019-08-18T16:32+0000",
          "moonPhase" : "phase3",
          "sign" : "aries",
          "age" : 20
        },
        {
          "moonPhaseDate" : "2019-08-15T12:29+0000",
          "signDate" : "2019-08-21T04:36+0000",
          "date" : "2019-08-21T20:15+0000",
          "timeZone" : 2,
          "moonPhase" : "phase3",
          "sign" : "taurus",
          "age" : 21
        },
        {
          "moonPhaseDate" : "2019-08-15T12:29+0000",
          "signDate" : "2019-08-21T04:36+0000",
          "date" : "2019-08-22T20:36+0000",
          "timeZone" : 2,
          "moonPhase" : "phase3",
          "sign" : "taurus",
          "age" : 22
        },
        {
          "moonPhaseDate" : "2019-08-23T14:56+0000",
          "date" : "2019-08-23T21:02+0000",
          "timeZone" : 2,
          "signDate" : "2019-08-23T14:34+0000",
          "moonPhase" : "phase4",
          "sign" : "gemini",
          "age" : 23
        },
        {
          "moonPhaseDate" : "2019-08-23T14:56+0000",
          "signDate" : "2019-08-23T14:34+0000",
          "date" : "2019-08-24T21:35+0000",
          "timeZone" : 2,
          "moonPhase" : "phase4",
          "sign" : "gemini",
          "age" : 24
        },
        {
          "moonPhaseDate" : "2019-08-23T14:56+0000",
          "signDate" : "2019-08-23T14:34+0000",
          "date" : "2019-08-25T22:18+0000",
          "timeZone" : 2,
          "moonPhase" : "phase4",
          "sign" : "cancer",
          "age" : 25
        },
        {
          "moonPhaseDate" : "2019-08-23T14:56+0000",
          "signDate" : "2019-08-23T14:34+0000",
          "date" : "2019-08-26T23:13+0000",
          "timeZone" : 2,
          "moonPhase" : "phase4",
          "sign" : "cancer",
          "age" : 26
        },
        {
          "moonPhaseDate" : "2019-08-23T14:56+0000",
          "date" : "2019-08-28T00:23+0000",
          "timeZone" : 2,
          "signDate" : "2019-08-27T23:51+0000",
          "moonPhase" : "phase4",
          "sign" : "leo",
          "age" : 27
        },
        {
          "moonPhaseDate" : "2019-08-23T14:56+0000",
          "signDate" : "2019-08-27T23:51+0000",
          "date" : "2019-08-29T01:42+0000",
          "timeZone" : 2,
          "moonPhase" : "phase4",
          "sign" : "leo",
          "age" : 28
        },
        {
          "moonPhaseDate" : "2019-08-30T10:37+0000",
          "signDate" : "2019-08-29T23:57+0000",
          "date" : "2019-08-30T03:09+0000",
          "timeZone" : 2,
          "moonPhase" : "newMoon",
          "sign" : "virgo",
          "age" : 29
        },
        {
          "moonPhaseDate" : "2019-08-30T10:37+0000",
          "date" : "2019-08-30T10:37+0000",
          "timeZone" : 2,
          "signDate" : "2019-08-29T23:57+0000",
          "moonPhase" : "newMoon",
          "sign" : "virgo",
          "age" : 1
        },
        {
          "moonPhaseDate" : "2019-08-30T10:37+0000",
          "signDate" : "2019-08-29T23:57+0000",
          "date" : "2019-08-31T04:38+0000",
          "timeZone" : 2,
          "moonPhase" : "phase1",
          "sign" : "virgo",
          "age" : 2
        },
        {
          "moonPhaseDate" : null,
          "signDate" : "2019-08-31T23:12+0000",
          "date" : "2019-09-01T06:05+0000",
          "timeZone" : 2,
          "moonPhase" : "phase1",
          "sign" : "libra",
          "age" : 3
        },
        {
          "moonPhaseDate" : null,
          "signDate" : "2019-08-31T23:12+0000",
          "date" : "2019-09-02T07:30+0000",
          "timeZone" : 2,
          "moonPhase" : "phase1",
          "sign" : "libra",
          "age" : 4
        },
        {
          "moonPhaseDate" : null,
          "signDate" : "2019-09-02T23:38+0000",
          "date" : "2019-09-03T08:53+0000",
          "timeZone" : 2,
          "moonPhase" : "phase1",
          "sign" : "scorpio",
          "age" : 5
        },
        {
          "moonPhaseDate" : null,
          "signDate" : "2019-09-02T23:38+0000",
          "date" : "2019-09-04T10:13+0000",
          "timeZone" : 2,
          "moonPhase" : "phase1",
          "sign" : "scorpio",
          "age" : 6
        },
        {
          "moonPhaseDate" : null,
          "signDate" : "2019-09-05T03:06+0000",
          "timeZone" : 2,
          "date" : "2019-09-05T11:30+0000",
          "moonPhase" : "phase1",
          "sign" : "sagittarius",
          "age" : 7
        },
        {
          "moonPhaseDate" : "2019-09-06T03:10+0000",
          "signDate" : "2019-09-05T03:06+0000",
          "date" : "2019-09-06T12:41+0000",
          "timeZone" : 2,
          "moonPhase" : "phase2",
          "sign" : "sagittarius",
          "age" : 8
        },
        {
          "moonPhaseDate" : "2019-09-06T03:10+0000",
          "signDate" : "2019-09-07T10:35+0000",
          "date" : "2019-09-07T13:45+0000",
          "timeZone" : 2,
          "moonPhase" : "phase2",
          "sign" : "capricorn",
          "age" : 9
        },
        {
          "moonPhaseDate" : "2019-09-06T03:10+0000",
          "signDate" : "2019-09-07T10:35+0000",
          "timeZone" : 2,
          "date" : "2019-09-08T14:39+0000",
          "moonPhase" : "phase2",
          "sign" : "capricorn",
          "age" : 10
        },
        {
          "moonPhaseDate" : "2019-09-06T03:10+0000",
          "date" : "2019-09-09T15:23+0000",
          "timeZone" : 2,
          "signDate" : "2019-09-09T21:25+0000",
          "moonPhase" : "phase2",
          "sign" : "aquarius",
          "age" : 11
        },
        {
          "moonPhaseDate" : "2019-09-06T03:10+0000",
          "signDate" : "2019-09-09T21:25+0000",
          "timeZone" : 2,
          "date" : "2019-09-10T15:59+0000",
          "moonPhase" : "phase2",
          "sign" : "aquarius",
          "age" : 12
        },
        {
          "moonPhaseDate" : "2019-09-06T03:10+0000",
          "signDate" : "2019-09-09T21:25+0000",
          "date" : "2019-09-11T16:27+0000",
          "timeZone" : 2,
          "moonPhase" : "phase2",
          "sign" : "aquarius",
          "age" : 13
        },
        {
          "moonPhaseDate" : "2019-09-06T03:10+0000",
          "signDate" : "2019-09-12T09:53+0000",
          "date" : "2019-09-12T16:51+0000",
          "timeZone" : 2,
          "moonPhase" : "phase2",
          "sign" : "pisces",
          "age" : 14
        },
        {
          "moonPhaseDate" : "2019-09-06T03:10+0000",
          "signDate" : "2019-09-12T09:53+0000",
          "date" : "2019-09-13T17:11+0000",
          "timeZone" : 2,
          "moonPhase" : "phase2",
          "sign" : "pisces",
          "age" : 15
        },
        {
          "moonPhaseDate" : "2019-09-14T04:33+0000",
          "signDate" : "2019-09-12T09:53+0000",
          "timeZone" : 2,
          "date" : "2019-09-14T17:29+0000",
          "moonPhase" : "fullMoon",
          "sign" : "pisces",
          "age" : 16
        },
        {
          "moonPhaseDate" : "2019-09-14T04:33+0000",
          "signDate" : "2019-09-14T22:32+0000",
          "date" : "2019-09-15T17:46+0000",
          "timeZone" : 2,
          "moonPhase" : "phase3",
          "sign" : "aries",
          "age" : 17
        },
        {
          "moonPhaseDate" : "2019-09-14T04:33+0000",
          "signDate" : "2019-09-14T22:32+0000",
          "date" : "2019-09-16T18:02+0000",
          "timeZone" : 2,
          "moonPhase" : "phase3",
          "sign" : "aries",
          "age" : 18
        },
        {
          "moonPhaseDate" : "2019-09-14T04:33+0000",
          "signDate" : "2019-09-17T10:30+0000",
          "date" : "2019-09-17T18:20+0000",
          "timeZone" : 2,
          "moonPhase" : "phase3",
          "sign" : "taurus",
          "age" : 19
        },
        {
          "moonPhaseDate" : "2019-09-14T04:33+0000",
          "signDate" : "2019-09-17T10:30+0000",
          "date" : "2019-09-18T18:39+0000",
          "timeZone" : 2,
          "moonPhase" : "phase3",
          "sign" : "taurus",
          "age" : 20
        },
        {
          "moonPhaseDate" : "2019-09-14T04:33+0000",
          "signDate" : "2019-09-19T20:58+0000",
          "date" : "2019-09-19T19:04+0000",
          "timeZone" : 2,
          "moonPhase" : "phase3",
          "sign" : "gemini",
          "age" : 21
        },
        {
          "moonPhaseDate" : "2019-09-14T04:33+0000",
          "signDate" : "2019-09-19T20:58+0000",
          "date" : "2019-09-20T19:33+0000",
          "timeZone" : 2,
          "moonPhase" : "phase3",
          "sign" : "gemini",
          "age" : 22
        },
        {
          "moonPhaseDate" : "2019-09-14T04:33+0000",
          "signDate" : "2019-09-19T20:58+0000",
          "timeZone" : 2,
          "date" : "2019-09-21T20:10+0000",
          "moonPhase" : "phase3",
          "sign" : "gemini",
          "age" : 23
        },
        {
          "moonPhaseDate" : "2019-09-22T02:41+0000",
          "signDate" : "2019-09-22T04:52+0000",
          "date" : "2019-09-22T20:59+0000",
          "timeZone" : 2,
          "moonPhase" : "phase4",
          "sign" : "cancer",
          "age" : 24
        },
        {
          "moonPhaseDate" : "2019-09-22T02:41+0000",
          "signDate" : "2019-09-24T09:19+0000",
          "date" : "2019-09-23T22:01+0000",
          "timeZone" : 2,
          "moonPhase" : "phase4",
          "sign" : "leo",
          "age" : 25
        },
        {
          "moonPhaseDate" : "2019-09-22T02:41+0000",
          "date" : "2019-09-24T23:14+0000",
          "timeZone" : 2,
          "signDate" : "2019-09-24T09:19+0000",
          "moonPhase" : "phase4",
          "sign" : "leo",
          "age" : 26
        },
        {
          "moonPhaseDate" : "2019-09-22T02:41+0000",
          "signDate" : "2019-09-26T10:35+0000",
          "date" : "2019-09-26T00:36+0000",
          "timeZone" : 2,
          "moonPhase" : "phase4",
          "sign" : "virgo",
          "age" : 27
        },
        {
          "moonPhaseDate" : "2019-09-22T02:41+0000",
          "signDate" : "2019-09-26T10:35+0000",
          "date" : "2019-09-27T02:03+0000",
          "timeZone" : 2,
          "moonPhase" : "phase4",
          "sign" : "virgo",
          "age" : 28
        },
        {
          "moonPhaseDate" : "2019-09-28T18:26+0000",
          "signDate" : "2019-09-28T10:04+0000",
          "date" : "2019-09-28T03:31+0000",
          "timeZone" : 2,
          "moonPhase" : "newMoon",
          "sign" : "libra",
          "age" : 29
        },
        {
          "moonPhaseDate" : "2019-09-28T18:26+0000",
          "signDate" : "2019-09-28T10:04+0000",
          "date" : "2019-09-28T18:26+0000",
          "timeZone" : 2,
          "moonPhase" : "newMoon",
          "sign" : "libra",
          "age" : 1
        },
        {
          "moonPhaseDate" : "2019-09-28T18:26+0000",
          "signDate" : "2019-09-28T10:04+0000",
          "date" : "2019-09-29T04:58+0000",
          "timeZone" : 2,
          "moonPhase" : "phase1",
          "sign" : "libra",
          "age" : 2
        },
        {
          "moonPhaseDate" : "2019-09-28T18:26+0000",
          "signDate" : "2019-09-30T09:45+0000",
          "date" : "2019-09-30T06:24+0000",
          "timeZone" : 2,
          "moonPhase" : "phase1",
          "sign" : "scorpio",
          "age" : 3
        },
        {
          "moonPhaseDate" : null,
          "signDate" : "2019-09-30T09:45+0000",
          "date" : "2019-10-01T07:49+0000",
          "timeZone" : 2,
          "moonPhase" : "phase1",
          "sign" : "scorpio",
          "age" : 4
        },
        {
          "moonPhaseDate" : null,
          "signDate" : "2019-10-02T11:45+0000",
          "date" : "2019-10-02T09:10+0000",
          "timeZone" : 2,
          "moonPhase" : "phase1",
          "sign" : "sagittarius",
          "age" : 5
        },
        {
          "moonPhaseDate" : null,
          "date" : "2019-10-03T10:27+0000",
          "timeZone" : 2,
          "signDate" : "2019-10-02T11:45+0000",
          "moonPhase" : "phase1",
          "sign" : "sagittarius",
          "age" : 6
        },
        {
          "moonPhaseDate" : null,
          "signDate" : "2019-10-04T17:41+0000",
          "date" : "2019-10-04T11:36+0000",
          "timeZone" : 2,
          "moonPhase" : "phase1",
          "sign" : "capricorn",
          "age" : 7
        },
        {
          "moonPhaseDate" : "2019-10-05T16:47+0000",
          "signDate" : "2019-10-04T17:41+0000",
          "date" : "2019-10-05T12:35+0000",
          "timeZone" : 2,
          "moonPhase" : "phase2",
          "sign" : "capricorn",
          "age" : 8
        },
        {
          "moonPhaseDate" : "2019-10-05T16:47+0000",
          "signDate" : "2019-10-04T17:41+0000",
          "date" : "2019-10-06T13:23+0000",
          "timeZone" : 2,
          "moonPhase" : "phase2",
          "sign" : "capricorn",
          "age" : 9
        },
        {
          "moonPhaseDate" : "2019-10-05T16:47+0000",
          "signDate" : "2019-10-07T03:43+0000",
          "date" : "2019-10-07T14:02+0000",
          "timeZone" : 2,
          "moonPhase" : "phase2",
          "sign" : "aquarius",
          "age" : 10
        },
        {
          "moonPhaseDate" : "2019-10-05T16:47+0000",
          "date" : "2019-10-08T14:32+0000",
          "timeZone" : 2,
          "signDate" : "2019-10-07T03:43+0000",
          "moonPhase" : "phase2",
          "sign" : "aquarius",
          "age" : 11
        },
        {
          "moonPhaseDate" : "2019-10-05T16:47+0000",
          "signDate" : "2019-10-09T16:08+0000",
          "timeZone" : 2,
          "date" : "2019-10-09T14:57+0000",
          "moonPhase" : "phase2",
          "sign" : "pisces",
          "age" : 12
        },
        {
          "moonPhaseDate" : "2019-10-05T16:47+0000",
          "signDate" : "2019-10-09T16:08+0000",
          "date" : "2019-10-10T15:18+0000",
          "timeZone" : 2,
          "moonPhase" : "phase2",
          "sign" : "pisces",
          "age" : 13
        },
        {
          "moonPhaseDate" : "2019-10-05T16:47+0000",
          "signDate" : "2019-10-09T16:08+0000",
          "date" : "2019-10-11T15:36+0000",
          "timeZone" : 2,
          "moonPhase" : "phase2",
          "sign" : "pisces",
          "age" : 14
        },
        {
          "moonPhaseDate" : "2019-10-05T16:47+0000",
          "signDate" : "2019-10-12T04:46+0000",
          "timeZone" : 2,
          "date" : "2019-10-12T15:53+0000",
          "moonPhase" : "phase2",
          "sign" : "aries",
          "age" : 15
        },
        {
          "moonPhaseDate" : "2019-10-13T21:08+0000",
          "signDate" : "2019-10-12T04:46+0000",
          "timeZone" : 2,
          "date" : "2019-10-13T16:09+0000",
          "moonPhase" : "fullMoon",
          "sign" : "aries",
          "age" : 16
        },
        {
          "moonPhaseDate" : "2019-10-13T21:08+0000",
          "signDate" : "2019-10-14T16:23+0000",
          "date" : "2019-10-14T16:26+0000",
          "timeZone" : 2,
          "moonPhase" : "phase3",
          "sign" : "taurus",
          "age" : 17
        },
        {
          "moonPhaseDate" : "2019-10-13T21:08+0000",
          "date" : "2019-10-15T16:45+0000",
          "timeZone" : 2,
          "signDate" : "2019-10-14T16:23+0000",
          "moonPhase" : "phase3",
          "sign" : "taurus",
          "age" : 18
        },
        {
          "moonPhaseDate" : "2019-10-13T21:08+0000",
          "signDate" : "2019-10-14T16:23+0000",
          "date" : "2019-10-16T17:07+0000",
          "timeZone" : 2,
          "moonPhase" : "phase3",
          "sign" : "taurus",
          "age" : 19
        },
        {
          "moonPhaseDate" : "2019-10-13T21:08+0000",
          "signDate" : "2019-10-17T02:29+0000",
          "date" : "2019-10-17T17:34+0000",
          "timeZone" : 2,
          "moonPhase" : "phase3",
          "sign" : "gemini",
          "age" : 20
        },
        {
          "moonPhaseDate" : "2019-10-13T21:08+0000",
          "signDate" : "2019-10-17T02:29+0000",
          "date" : "2019-10-18T18:08+0000",
          "timeZone" : 2,
          "moonPhase" : "phase3",
          "sign" : "gemini",
          "age" : 21
        },
        {
          "moonPhaseDate" : "2019-10-13T21:08+0000",
          "signDate" : "2019-10-19T10:42+0000",
          "date" : "2019-10-19T18:53+0000",
          "timeZone" : 2,
          "moonPhase" : "phase3",
          "sign" : "cancer",
          "age" : 22
        },
        {
          "moonPhaseDate" : "2019-10-13T21:08+0000",
          "signDate" : "2019-10-19T10:42+0000",
          "date" : "2019-10-20T19:48+0000",
          "timeZone" : 2,
          "moonPhase" : "phase3",
          "sign" : "cancer",
          "age" : 23
        },
        {
          "moonPhaseDate" : "2019-10-21T12:39+0000",
          "signDate" : "2019-10-21T16:30+0000",
          "date" : "2019-10-21T20:56+0000",
          "timeZone" : 2,
          "moonPhase" : "phase4",
          "sign" : "leo",
          "age" : 24
        },
        {
          "moonPhaseDate" : "2019-10-21T12:39+0000",
          "signDate" : "2019-10-23T19:30+0000",
          "timeZone" : 2,
          "date" : "2019-10-22T22:12+0000",
          "moonPhase" : "phase4",
          "sign" : "virgo",
          "age" : 25
        },
        {
          "moonPhaseDate" : "2019-10-21T12:39+0000",
          "signDate" : "2019-10-23T19:30+0000",
          "date" : "2019-10-23T23:35+0000",
          "timeZone" : 2,
          "moonPhase" : "phase4",
          "sign" : "virgo",
          "age" : 26
        },
        {
          "moonPhaseDate" : "2019-10-21T12:39+0000",
          "signDate" : "2019-10-25T20:20+0000",
          "date" : "2019-10-25T01:00+0000",
          "timeZone" : 2,
          "moonPhase" : "phase4",
          "sign" : "libra",
          "age" : 27
        },
        {
          "moonPhaseDate" : "2019-10-21T12:39+0000",
          "signDate" : "2019-10-25T20:20+0000",
          "date" : "2019-10-26T02:25+0000",
          "timeZone" : 2,
          "moonPhase" : "phase4",
          "sign" : "libra",
          "age" : 28
        },
        {
          "moonPhaseDate" : "2019-10-21T12:39+0000",
          "signDate" : "2019-10-27T19:31+0000",
          "date" : "2019-10-27T02:51+0000",
          "timeZone" : 2,
          "moonPhase" : "phase4",
          "sign" : "scorpio",
          "age" : 29
        },
        {
          "moonPhaseDate" : "2019-10-28T02:38+0000",
          "date" : "2019-10-28T02:38+0000",
          "timeZone" : 2,
          "signDate" : "2019-10-27T19:31+0000",
          "moonPhase" : "newMoon",
          "sign" : "scorpio",
          "age" : 1
        },
        {
          "moonPhaseDate" : "2019-10-28T02:38+0000",
          "date" : "2019-10-28T04:17+0000",
          "timeZone" : 2,
          "signDate" : "2019-10-27T19:31+0000",
          "moonPhase" : "newMoon",
          "sign" : "scorpio",
          "age" : 2
        },
        {
          "moonPhaseDate" : "2019-10-28T02:38+0000",
          "signDate" : "2019-10-29T21:00+0000",
          "date" : "2019-10-29T05:41+0000",
          "timeZone" : 2,
          "moonPhase" : "phase1",
          "sign" : "sagittarius",
          "age" : 3
        },
        {
          "moonPhaseDate" : "2019-10-28T02:38+0000",
          "signDate" : "2019-10-29T21:00+0000",
          "date" : "2019-10-30T07:03+0000",
          "timeZone" : 2,
          "moonPhase" : "phase1",
          "sign" : "sagittarius",
          "age" : 4
        },
        {
          "moonPhaseDate" : "2019-10-28T02:38+0000",
          "signDate" : "2019-10-29T21:00+0000",
          "date" : "2019-10-31T08:18+0000",
          "timeZone" : 2,
          "moonPhase" : "phase1",
          "sign" : "sagittarius",
          "age" : 5
        },
        {
          "moonPhaseDate" : null,
          "signDate" : "2019-11-01T01:38+0000",
          "date" : "2019-11-01T09:24+0000",
          "timeZone" : 2,
          "moonPhase" : "phase1",
          "sign" : "capricorn",
          "age" : 6
        },
        {
          "moonPhaseDate" : null,
          "date" : "2019-11-02T10:19+0000",
          "timeZone" : 2,
          "signDate" : "2019-11-01T01:38+0000",
          "moonPhase" : "phase1",
          "sign" : "capricorn",
          "age" : 7
        },
        {
          "moonPhaseDate" : null,
          "signDate" : "2019-11-03T10:21+0000",
          "date" : "2019-11-03T11:02+0000",
          "timeZone" : 2,
          "moonPhase" : "phase1",
          "sign" : "aquarius",
          "age" : 8
        },
        {
          "moonPhaseDate" : "2019-11-04T09:23+0000",
          "date" : "2019-11-04T11:36+0000",
          "timeZone" : 2,
          "signDate" : "2019-11-03T10:21+0000",
          "moonPhase" : "phase2",
          "sign" : "aquarius",
          "age" : 9
        },
        {
          "moonPhaseDate" : "2019-11-04T09:23+0000",
          "signDate" : "2019-11-03T10:21+0000",
          "date" : "2019-11-05T12:03+0000",
          "timeZone" : 2,
          "moonPhase" : "phase2",
          "sign" : "aquarius",
          "age" : 10
        },
        {
          "moonPhaseDate" : "2019-11-04T09:23+0000",
          "signDate" : "2019-11-05T22:11+0000",
          "date" : "2019-11-06T12:24+0000",
          "timeZone" : 2,
          "moonPhase" : "phase2",
          "sign" : "pisces",
          "age" : 11
        },
        {
          "moonPhaseDate" : "2019-11-04T09:23+0000",
          "signDate" : "2019-11-05T22:11+0000",
          "timeZone" : 2,
          "date" : "2019-11-07T12:43+0000",
          "moonPhase" : "phase2",
          "sign" : "pisces",
          "age" : 12
        },
        {
          "moonPhaseDate" : "2019-11-04T09:23+0000",
          "date" : "2019-11-08T13:00+0000",
          "timeZone" : 2,
          "signDate" : "2019-11-08T10:50+0000",
          "moonPhase" : "phase2",
          "sign" : "aries",
          "age" : 13
        },
        {
          "moonPhaseDate" : "2019-11-04T09:23+0000",
          "signDate" : "2019-11-08T10:50+0000",
          "date" : "2019-11-09T13:16+0000",
          "timeZone" : 2,
          "moonPhase" : "phase2",
          "sign" : "aries",
          "age" : 14
        },
        {
          "moonPhaseDate" : "2019-11-04T09:23+0000",
          "signDate" : "2019-11-08T10:50+0000",
          "date" : "2019-11-10T13:33+0000",
          "timeZone" : 2,
          "moonPhase" : "phase2",
          "sign" : "aries",
          "age" : 15
        },
        {
          "moonPhaseDate" : "2019-11-04T09:23+0000",
          "signDate" : "2019-11-10T22:19+0000",
          "timeZone" : 2,
          "date" : "2019-11-11T13:50+0000",
          "moonPhase" : "phase2",
          "sign" : "taurus",
          "age" : 16
        },
        {
          "moonPhaseDate" : "2019-11-12T12:35+0000",
          "signDate" : "2019-11-10T22:19+0000",
          "date" : "2019-11-12T14:11+0000",
          "timeZone" : 2,
          "moonPhase" : "fullMoon",
          "sign" : "taurus",
          "age" : 17
        },
        {
          "moonPhaseDate" : "2019-11-12T12:35+0000",
          "date" : "2019-11-13T14:36+0000",
          "timeZone" : 2,
          "signDate" : "2019-11-13T07:45+0000",
          "moonPhase" : "phase3",
          "sign" : "gemini",
          "age" : 18
        },
        {
          "moonPhaseDate" : "2019-11-12T12:35+0000",
          "signDate" : "2019-11-13T07:45+0000",
          "date" : "2019-11-14T15:08+0000",
          "timeZone" : 2,
          "moonPhase" : "phase3",
          "sign" : "gemini",
          "age" : 19
        },
        {
          "moonPhaseDate" : "2019-11-12T12:35+0000",
          "signDate" : "2019-11-15T15:12+0000",
          "timeZone" : 2,
          "date" : "2019-11-15T15:49+0000",
          "moonPhase" : "phase3",
          "sign" : "cancer",
          "age" : 20
        },
        {
          "moonPhaseDate" : "2019-11-12T12:35+0000",
          "signDate" : "2019-11-15T15:12+0000",
          "timeZone" : 2,
          "date" : "2019-11-16T16:42+0000",
          "moonPhase" : "phase3",
          "sign" : "cancer",
          "age" : 21
        },
        {
          "moonPhaseDate" : "2019-11-12T12:35+0000",
          "signDate" : "2019-11-17T20:54+0000",
          "date" : "2019-11-17T17:46+0000",
          "timeZone" : 2,
          "moonPhase" : "phase3",
          "sign" : "leo",
          "age" : 22
        },
        {
          "moonPhaseDate" : "2019-11-12T12:35+0000",
          "date" : "2019-11-18T18:59+0000",
          "timeZone" : 2,
          "signDate" : "2019-11-17T20:54+0000",
          "moonPhase" : "phase3",
          "sign" : "leo",
          "age" : 23
        },
        {
          "moonPhaseDate" : "2019-11-19T20:11+0000",
          "signDate" : "2019-11-17T20:54+0000",
          "timeZone" : 2,
          "date" : "2019-11-19T20:18+0000",
          "moonPhase" : "phase4",
          "sign" : "leo",
          "age" : 24
        },
        {
          "moonPhaseDate" : "2019-11-19T20:11+0000",
          "signDate" : "2019-11-20T00:54+0000",
          "date" : "2019-11-20T21:40+0000",
          "timeZone" : 2,
          "moonPhase" : "phase4",
          "sign" : "virgo",
          "age" : 25
        },
        {
          "moonPhaseDate" : "2019-11-19T20:11+0000",
          "signDate" : "2019-11-22T03:22+0000",
          "timeZone" : 2,
          "date" : "2019-11-21T23:03+0000",
          "moonPhase" : "phase4",
          "sign" : "libra",
          "age" : 26
        },
        {
          "moonPhaseDate" : "2019-11-19T20:11+0000",
          "signDate" : "2019-11-22T03:22+0000",
          "date" : "2019-11-23T00:25+0000",
          "timeZone" : 2,
          "moonPhase" : "phase4",
          "sign" : "libra",
          "age" : 27
        },
        {
          "moonPhaseDate" : "2019-11-19T20:11+0000",
          "date" : "2019-11-24T01:49+0000",
          "timeZone" : 2,
          "signDate" : "2019-11-24T05:01+0000",
          "moonPhase" : "phase4",
          "sign" : "scorpio",
          "age" : 28
        },
        {
          "moonPhaseDate" : "2019-11-19T20:11+0000",
          "signDate" : "2019-11-24T05:01+0000",
          "date" : "2019-11-25T03:12+0000",
          "timeZone" : 2,
          "moonPhase" : "phase4",
          "sign" : "scorpio",
          "age" : 29
        },
        {
          "moonPhaseDate" : "2019-11-26T14:06+0000",
          "signDate" : "2019-11-26T07:12+0000",
          "timeZone" : 2,
          "date" : "2019-11-26T04:35+0000",
          "moonPhase" : "newMoon",
          "sign" : "sagittarius",
          "age" : 30
        },
        {
          "moonPhaseDate" : "2019-11-26T14:06+0000",
          "signDate" : "2019-11-26T07:12+0000",
          "timeZone" : 2,
          "date" : "2019-11-26T14:06+0000",
          "moonPhase" : "newMoon",
          "sign" : "sagittarius",
          "age" : 1
        },
        {
          "moonPhaseDate" : "2019-11-26T14:06+0000",
          "signDate" : "2019-11-26T07:12+0000",
          "date" : "2019-11-27T05:54+0000",
          "timeZone" : 2,
          "moonPhase" : "phase1",
          "sign" : "sagittarius",
          "age" : 2
        },
        {
          "moonPhaseDate" : "2019-11-26T14:06+0000",
          "signDate" : "2019-11-28T11:32+0000",
          "date" : "2019-11-28T07:06+0000",
          "timeZone" : 2,
          "moonPhase" : "phase1",
          "sign" : "capricorn",
          "age" : 3
        },
        {
          "moonPhaseDate" : "2019-11-26T14:06+0000",
          "signDate" : "2019-11-28T11:32+0000",
          "date" : "2019-11-29T08:08+0000",
          "timeZone" : 2,
          "moonPhase" : "phase1",
          "sign" : "capricorn",
          "age" : 4
        },
        {
          "moonPhaseDate" : "2019-11-26T14:06+0000",
          "signDate" : "2019-11-30T19:15+0000",
          "timeZone" : 2,
          "date" : "2019-11-30T08:57+0000",
          "moonPhase" : "phase1",
          "sign" : "aquarius",
          "age" : 5
        },
        {
          "moonPhaseDate" : null,
          "signDate" : "2019-11-30T19:15+0000",
          "date" : "2019-12-01T09:36+0000",
          "timeZone" : 2,
          "moonPhase" : "phase1",
          "sign" : "aquarius",
          "age" : 6
        },
        {
          "moonPhaseDate" : null,
          "signDate" : "2019-11-30T19:15+0000",
          "date" : "2019-12-02T10:06+0000",
          "timeZone" : 2,
          "moonPhase" : "phase1",
          "sign" : "aquarius",
          "age" : 7
        },
        {
          "moonPhaseDate" : null,
          "signDate" : "2019-12-03T06:14+0000",
          "date" : "2019-12-03T10:29+0000",
          "timeZone" : 2,
          "moonPhase" : "phase1",
          "sign" : "pisces",
          "age" : 8
        },
        {
          "moonPhaseDate" : "2019-12-04T05:58+0000",
          "signDate" : "2019-12-03T06:14+0000",
          "date" : "2019-12-04T10:49+0000",
          "timeZone" : 2,
          "moonPhase" : "phase2",
          "sign" : "pisces",
          "age" : 9
        },
        {
          "moonPhaseDate" : "2019-12-04T05:58+0000",
          "signDate" : "2019-12-05T18:46+0000",
          "timeZone" : 2,
          "date" : "2019-12-05T11:07+0000",
          "moonPhase" : "phase2",
          "sign" : "aries",
          "age" : 10
        },
        {
          "moonPhaseDate" : "2019-12-04T05:58+0000",
          "signDate" : "2019-12-05T18:46+0000",
          "date" : "2019-12-06T11:23+0000",
          "timeZone" : 2,
          "moonPhase" : "phase2",
          "sign" : "aries",
          "age" : 11
        },
        {
          "moonPhaseDate" : "2019-12-04T05:58+0000",
          "signDate" : "2019-12-05T18:46+0000",
          "date" : "2019-12-07T11:39+0000",
          "timeZone" : 2,
          "moonPhase" : "phase2",
          "sign" : "aries",
          "age" : 12
        },
        {
          "moonPhaseDate" : "2019-12-04T05:58+0000",
          "signDate" : "2019-12-08T06:31+0000",
          "date" : "2019-12-08T11:56+0000",
          "timeZone" : 2,
          "moonPhase" : "phase2",
          "sign" : "taurus",
          "age" : 13
        },
        {
          "moonPhaseDate" : "2019-12-04T05:58+0000",
          "signDate" : "2019-12-08T06:31+0000",
          "date" : "2019-12-09T12:15+0000",
          "timeZone" : 2,
          "moonPhase" : "phase2",
          "sign" : "taurus",
          "age" : 14
        },
        {
          "moonPhaseDate" : "2019-12-04T05:58+0000",
          "signDate" : "2019-12-10T15:49+0000",
          "timeZone" : 2,
          "date" : "2019-12-10T12:38+0000",
          "moonPhase" : "phase2",
          "sign" : "gemini",
          "age" : 15
        },
        {
          "moonPhaseDate" : "2019-12-04T05:58+0000",
          "signDate" : "2019-12-10T15:49+0000",
          "date" : "2019-12-11T13:07+0000",
          "timeZone" : 2,
          "moonPhase" : "phase2",
          "sign" : "gemini",
          "age" : 16
        },
        {
          "moonPhaseDate" : "2019-12-12T04:12+0000",
          "signDate" : "2019-12-10T15:49+0000",
          "date" : "2019-12-12T13:44+0000",
          "timeZone" : 2,
          "moonPhase" : "fullMoon",
          "sign" : "gemini",
          "age" : 17
        },
        {
          "moonPhaseDate" : "2019-12-12T04:12+0000",
          "signDate" : "2019-12-12T22:24+0000",
          "timeZone" : 2,
          "date" : "2019-12-13T14:34+0000",
          "moonPhase" : "phase3",
          "sign" : "cancer",
          "age" : 18
        },
        {
          "moonPhaseDate" : "2019-12-12T04:12+0000",
          "signDate" : "2019-12-12T22:24+0000",
          "date" : "2019-12-14T15:35+0000",
          "timeZone" : 2,
          "moonPhase" : "phase3",
          "sign" : "cancer",
          "age" : 19
        },
        {
          "moonPhaseDate" : "2019-12-12T04:12+0000",
          "date" : "2019-12-15T16:47+0000",
          "timeZone" : 2,
          "signDate" : "2019-12-15T02:53+0000",
          "moonPhase" : "phase3",
          "sign" : "leo",
          "age" : 20
        },
        {
          "moonPhaseDate" : "2019-12-12T04:12+0000",
          "signDate" : "2019-12-15T02:53+0000",
          "date" : "2019-12-16T18:06+0000",
          "timeZone" : 2,
          "moonPhase" : "phase3",
          "sign" : "leo",
          "age" : 21
        },
        {
          "moonPhaseDate" : "2019-12-12T04:12+0000",
          "signDate" : "2019-12-17T06:13+0000",
          "date" : "2019-12-17T19:28+0000",
          "timeZone" : 2,
          "moonPhase" : "phase3",
          "sign" : "virgo",
          "age" : 22
        },
        {
          "moonPhaseDate" : "2019-12-12T04:12+0000",
          "signDate" : "2019-12-17T06:13+0000",
          "date" : "2019-12-18T20:49+0000",
          "timeZone" : 2,
          "moonPhase" : "phase3",
          "sign" : "virgo",
          "age" : 23
        },
        {
          "moonPhaseDate" : "2019-12-19T03:57+0000",
          "signDate" : "2019-12-17T06:13+0000",
          "date" : "2019-12-19T22:11+0000",
          "timeZone" : 2,
          "moonPhase" : "phase4",
          "sign" : "libra",
          "age" : 24
        },
        {
          "moonPhaseDate" : "2019-12-19T03:57+0000",
          "signDate" : "2019-12-21T12:01+0000",
          "date" : "2019-12-20T23:32+0000",
          "timeZone" : 2,
          "moonPhase" : "phase4",
          "sign" : "scorpio",
          "age" : 25
        },
        {
          "moonPhaseDate" : "2019-12-19T03:57+0000",
          "signDate" : "2019-12-21T12:01+0000",
          "date" : "2019-12-22T00:52+0000",
          "timeZone" : 2,
          "moonPhase" : "phase4",
          "sign" : "scorpio",
          "age" : 26
        },
        {
          "moonPhaseDate" : "2019-12-19T03:57+0000",
          "signDate" : "2019-12-23T15:37+0000",
          "date" : "2019-12-23T02:13+0000",
          "timeZone" : 2,
          "moonPhase" : "phase4",
          "sign" : "sagittarius",
          "age" : 27
        },
        {
          "moonPhaseDate" : "2019-12-19T03:57+0000",
          "date" : "2019-12-24T03:32+0000",
          "timeZone" : 2,
          "signDate" : "2019-12-23T15:37+0000",
          "moonPhase" : "phase4",
          "sign" : "sagittarius",
          "age" : 28
        },
        {
          "moonPhaseDate" : "2019-12-19T03:57+0000",
          "signDate" : "2019-12-25T20:46+0000",
          "date" : "2019-12-25T04:47+0000",
          "timeZone" : 2,
          "moonPhase" : "phase4",
          "sign" : "capricorn",
          "age" : 29
        },
        {
          "moonPhaseDate" : "2019-12-26T04:13+0000",
          "signDate" : "2019-12-25T20:46+0000",
          "date" : "2019-12-26T04:13+0000",
          "timeZone" : 2,
          "moonPhase" : "newMoon",
          "sign" : "capricorn",
          "age" : 1
        },
        {
          "moonPhaseDate" : "2019-12-26T04:13+0000",
          "date" : "2019-12-26T05:53+0000",
          "timeZone" : 2,
          "signDate" : "2019-12-25T20:46+0000",
          "moonPhase" : "newMoon",
          "sign" : "capricorn",
          "age" : 2
        },
        {
          "moonPhaseDate" : "2019-12-26T04:13+0000",
          "signDate" : "2019-12-25T20:46+0000",
          "timeZone" : 2,
          "date" : "2019-12-27T06:48+0000",
          "moonPhase" : "phase1",
          "sign" : "capricorn",
          "age" : 3
        },
        {
          "moonPhaseDate" : "2019-12-26T04:13+0000",
          "signDate" : "2019-12-28T04:21+0000",
          "date" : "2019-12-28T07:32+0000",
          "timeZone" : 2,
          "moonPhase" : "phase1",
          "sign" : "aquarius",
          "age" : 4
        },
        {
          "moonPhaseDate" : "2019-12-26T04:13+0000",
          "signDate" : "2019-12-28T04:21+0000",
          "timeZone" : 2,
          "date" : "2019-12-29T08:06+0000",
          "moonPhase" : "phase1",
          "sign" : "aquarius",
          "age" : 5
        },
        {
          "moonPhaseDate" : "2019-12-26T04:13+0000",
          "signDate" : "2019-12-30T14:43+0000",
          "date" : "2019-12-30T08:32+0000",
          "timeZone" : 2,
          "moonPhase" : "phase1",
          "sign" : "pisces",
          "age" : 6
        },
        {
          "moonPhaseDate" : "2019-12-26T04:13+0000",
          "signDate" : "2019-12-30T14:43+0000",
          "date" : "2019-12-31T08:54+0000",
          "timeZone" : 2,
          "moonPhase" : "phase1",
          "sign" : "pisces",
          "age" : 7
        },
        {
          "moonPhaseDate" : null,
          "signDate" : "2019-12-30T14:43+0000",
          "date" : "2020-01-01T09:12+0000",
          "timeZone" : 2,
          "moonPhase" : "phase1",
          "sign" : "pisces",
          "age" : 8
        },
        {
          "moonPhaseDate" : null,
          "signDate" : "2020-01-02T03:01+0000",
          "date" : "2020-01-02T09:28+0000",
          "timeZone" : 2,
          "moonPhase" : "phase1",
          "sign" : "aries",
          "age" : 9
        },
        {
          "moonPhaseDate" : "2020-01-03T03:45+0000",
          "signDate" : "2020-01-02T03:01+0000",
          "date" : "2020-01-03T09:44+0000",
          "timeZone" : 2,
          "moonPhase" : "phase2",
          "sign" : "aries",
          "age" : 10
        },
        {
          "moonPhaseDate" : "2020-01-03T03:45+0000",
          "signDate" : "2020-01-04T15:15+0000",
          "date" : "2020-01-04T10:00+0000",
          "timeZone" : 2,
          "moonPhase" : "phase2",
          "sign" : "taurus",
          "age" : 11
        },
        {
          "moonPhaseDate" : "2020-01-03T03:45+0000",
          "signDate" : "2020-01-04T15:15+0000",
          "date" : "2020-01-05T10:18+0000",
          "timeZone" : 2,
          "moonPhase" : "phase2",
          "sign" : "taurus",
          "age" : 12
        },
        {
          "moonPhaseDate" : "2020-01-03T03:45+0000",
          "signDate" : "2020-01-04T15:15+0000",
          "date" : "2020-01-06T10:39+0000",
          "timeZone" : 2,
          "moonPhase" : "phase2",
          "sign" : "taurus",
          "age" : 13
        },
        {
          "moonPhaseDate" : "2020-01-03T03:45+0000",
          "signDate" : "2020-01-07T01:13+0000",
          "date" : "2020-01-07T11:04+0000",
          "timeZone" : 2,
          "moonPhase" : "phase2",
          "sign" : "gemini",
          "age" : 14
        },
        {
          "moonPhaseDate" : "2020-01-03T03:45+0000",
          "signDate" : "2020-01-07T01:13+0000",
          "date" : "2020-01-08T11:38+0000",
          "timeZone" : 2,
          "moonPhase" : "phase2",
          "sign" : "gemini",
          "age" : 15
        },
        {
          "moonPhaseDate" : "2020-01-03T03:45+0000",
          "signDate" : "2020-01-09T07:45+0000",
          "date" : "2020-01-09T12:21+0000",
          "timeZone" : 2,
          "moonPhase" : "phase2",
          "sign" : "cancer",
          "age" : 16
        },
        {
          "moonPhaseDate" : "2020-01-10T18:21+0000",
          "signDate" : "2020-01-09T07:45+0000",
          "date" : "2020-01-10T13:18+0000",
          "timeZone" : 2,
          "moonPhase" : "fullMoon",
          "sign" : "cancer",
          "age" : 17
        },
        {
          "moonPhaseDate" : "2020-01-10T18:21+0000",
          "signDate" : "2020-01-11T11:16+0000",
          "date" : "2020-01-11T14:28+0000",
          "timeZone" : 2,
          "moonPhase" : "phase3",
          "sign" : "leo",
          "age" : 18
        },
        {
          "moonPhaseDate" : "2020-01-10T18:21+0000",
          "signDate" : "2020-01-11T11:16+0000",
          "date" : "2020-01-12T15:47+0000",
          "timeZone" : 2,
          "moonPhase" : "phase3",
          "sign" : "leo",
          "age" : 19
        },
        {
          "moonPhaseDate" : "2020-01-10T18:21+0000",
          "signDate" : "2020-01-13T13:05+0000",
          "date" : "2020-01-13T17:11+0000",
          "timeZone" : 2,
          "moonPhase" : "phase3",
          "sign" : "virgo",
          "age" : 20
        },
        {
          "moonPhaseDate" : "2020-01-10T18:21+0000",
          "signDate" : "2020-01-13T13:05+0000",
          "date" : "2020-01-14T18:35+0000",
          "timeZone" : 2,
          "moonPhase" : "phase3",
          "sign" : "virgo",
          "age" : 21
        },
        {
          "moonPhaseDate" : "2020-01-10T18:21+0000",
          "date" : "2020-01-15T19:58+0000",
          "timeZone" : 2,
          "signDate" : "2020-01-15T14:42+0000",
          "moonPhase" : "phase3",
          "sign" : "libra",
          "age" : 22
        },
        {
          "moonPhaseDate" : "2020-01-10T18:21+0000",
          "signDate" : "2020-01-15T14:42+0000",
          "date" : "2020-01-16T21:20+0000",
          "timeZone" : 2,
          "moonPhase" : "phase3",
          "sign" : "libra",
          "age" : 23
        },
        {
          "moonPhaseDate" : "2020-01-17T11:58+0000",
          "signDate" : "2020-01-15T14:42+0000",
          "date" : "2020-01-17T22:41+0000",
          "timeZone" : 2,
          "moonPhase" : "phase4",
          "sign" : "scorpio",
          "age" : 24
        },
        {
          "moonPhaseDate" : "2020-01-17T11:58+0000",
          "signDate" : "2020-01-19T21:43+0000",
          "date" : "2020-01-19T00:01+0000",
          "timeZone" : 2,
          "moonPhase" : "phase4",
          "sign" : "sagittarius",
          "age" : 25
        },
        {
          "moonPhaseDate" : "2020-01-17T11:58+0000",
          "signDate" : "2020-01-19T21:43+0000",
          "date" : "2020-01-20T01:19+0000",
          "timeZone" : 2,
          "moonPhase" : "phase4",
          "sign" : "sagittarius",
          "age" : 26
        },
        {
          "moonPhaseDate" : "2020-01-17T11:58+0000",
          "signDate" : "2020-01-19T21:43+0000",
          "date" : "2020-01-21T02:33+0000",
          "timeZone" : 2,
          "moonPhase" : "phase4",
          "sign" : "sagittarius",
          "age" : 27
        },
        {
          "moonPhaseDate" : "2020-01-17T11:58+0000",
          "signDate" : "2020-01-22T04:02+0000",
          "date" : "2020-01-22T03:42+0000",
          "timeZone" : 2,
          "moonPhase" : "phase4",
          "sign" : "capricorn",
          "age" : 28
        },
        {
          "moonPhaseDate" : "2020-01-17T11:58+0000",
          "date" : "2020-01-23T04:40+0000",
          "timeZone" : 2,
          "signDate" : "2020-01-22T04:02+0000",
          "moonPhase" : "phase4",
          "sign" : "capricorn",
          "age" : 29
        },
        {
          "moonPhaseDate" : "2020-01-24T20:42+0000",
          "signDate" : "2020-01-24T12:22+0000",
          "date" : "2020-01-24T05:28+0000",
          "timeZone" : 2,
          "moonPhase" : "newMoon",
          "sign" : "aquarius",
          "age" : 30
        },
        {
          "moonPhaseDate" : "2020-01-24T20:42+0000",
          "signDate" : "2020-01-24T12:22+0000",
          "date" : "2020-01-24T20:42+0000",
          "timeZone" : 2,
          "moonPhase" : "newMoon",
          "sign" : "aquarius",
          "age" : 1
        },
        {
          "moonPhaseDate" : "2020-01-24T20:42+0000",
          "signDate" : "2020-01-24T12:22+0000",
          "date" : "2020-01-25T06:05+0000",
          "timeZone" : 2,
          "moonPhase" : "phase1",
          "sign" : "aquarius",
          "age" : 2
        },
        {
          "moonPhaseDate" : "2020-01-24T20:42+0000",
          "signDate" : "2020-01-24T12:22+0000",
          "date" : "2020-01-26T06:34+0000",
          "timeZone" : 2,
          "moonPhase" : "phase1",
          "sign" : "aquarius",
          "age" : 3
        },
        {
          "moonPhaseDate" : "2020-01-24T20:42+0000",
          "signDate" : "2020-01-26T22:45+0000",
          "date" : "2020-01-27T06:57+0000",
          "timeZone" : 2,
          "moonPhase" : "phase1",
          "sign" : "pisces",
          "age" : 4
        },
        {
          "moonPhaseDate" : "2020-01-24T20:42+0000",
          "signDate" : "2020-01-26T22:45+0000",
          "date" : "2020-01-28T07:17+0000",
          "timeZone" : 2,
          "moonPhase" : "phase1",
          "sign" : "pisces",
          "age" : 5
        },
        {
          "moonPhaseDate" : "2020-01-24T20:42+0000",
          "signDate" : "2020-01-29T10:51+0000",
          "date" : "2020-01-29T07:34+0000",
          "timeZone" : 2,
          "moonPhase" : "phase1",
          "sign" : "aries",
          "age" : 6
        },
        {
          "moonPhaseDate" : "2020-01-24T20:42+0000",
          "signDate" : "2020-01-29T10:51+0000",
          "date" : "2020-01-30T07:50+0000",
          "timeZone" : 2,
          "moonPhase" : "phase1",
          "sign" : "aries",
          "age" : 7
        },
        {
          "moonPhaseDate" : "2020-01-24T20:42+0000",
          "signDate" : "2020-01-29T10:51+0000",
          "date" : "2020-01-31T08:05+0000",
          "timeZone" : 2,
          "moonPhase" : "phase1",
          "sign" : "aries",
          "age" : 8
        },
        {
          "moonPhaseDate" : "2020-01-24T20:42+0000",
          "signDate" : "2020-01-29T10:51+0000",
          "timeZone" : 2,
          "date" : "2020-01-31T08:05+0000",
          "moonPhase" : "phase1",
          "sign" : "aries",
          "age" : 8
        }
      ],
      "timeZone" : 2
    }
  ],
  "countryName" : "Польша"
}