{
  "cities" : [
    {
      "moonDays" : [
        {
          "signDate" : "2019-05-01T10:23+0000",
          "age" : 26,
          "sign" : "aries",
          "date" : "2019-04-30T21:19+0000",
          "moonPhaseDate" : null,
          "moonPhase" : null,
          "timeZone" : 6
        },
        {
          "signDate" : "2019-05-01T10:23+0000",
          "sign" : "aries",
          "age" : 27,
          "date" : "2019-05-01T21:53+0000",
          "moonPhase" : null,
          "moonPhaseDate" : null,
          "timeZone" : 6
        },
        {
          "signDate" : "2019-05-01T10:23+0000",
          "age" : 28,
          "sign" : "aries",
          "date" : "2019-05-02T22:28+0000",
          "moonPhaseDate" : null,
          "moonPhase" : null,
          "timeZone" : 6
        },
        {
          "signDate" : "2019-05-03T20:21+0000",
          "sign" : "taurus",
          "age" : 29,
          "date" : "2019-05-03T23:03+0000",
          "moonPhase" : null,
          "moonPhaseDate" : null,
          "timeZone" : 6
        },
        {
          "signDate" : "2019-05-03T20:21+0000",
          "sign" : "taurus",
          "age" : 1,
          "date" : "2019-05-04T22:45+0000",
          "moonPhase" : "newMoon",
          "moonPhaseDate" : "2019-05-04T22:45+0000",
          "timeZone" : 6
        },
        {
          "signDate" : "2019-05-03T20:21+0000",
          "sign" : "taurus",
          "age" : 2,
          "date" : "2019-05-04T23:41+0000",
          "moonPhase" : "newMoon",
          "moonPhaseDate" : "2019-05-04T22:45+0000",
          "timeZone" : 6
        },
        {
          "signDate" : "2019-05-06T03:42+0000",
          "sign" : "gemini",
          "age" : 3,
          "date" : "2019-05-06T00:23+0000",
          "moonPhaseDate" : "2019-05-04T22:45+0000",
          "moonPhase" : "phase1",
          "timeZone" : 6
        },
        {
          "signDate" : "2019-05-06T03:42+0000",
          "sign" : "gemini",
          "age" : 4,
          "date" : "2019-05-07T01:08+0000",
          "moonPhaseDate" : "2019-05-04T22:45+0000",
          "moonPhase" : "phase1",
          "timeZone" : 6
        },
        {
          "signDate" : "2019-05-08T09:05+0000",
          "sign" : "cancer",
          "age" : 5,
          "date" : "2019-05-08T01:59+0000",
          "moonPhaseDate" : "2019-05-04T22:45+0000",
          "moonPhase" : "phase1",
          "timeZone" : 6
        },
        {
          "signDate" : "2019-05-08T09:05+0000",
          "sign" : "cancer",
          "age" : 6,
          "date" : "2019-05-09T02:54+0000",
          "moonPhase" : "phase1",
          "moonPhaseDate" : "2019-05-04T22:45+0000",
          "timeZone" : 6
        },
        {
          "signDate" : "2019-05-10T13:12+0000",
          "age" : 7,
          "sign" : "leo",
          "date" : "2019-05-10T03:54+0000",
          "moonPhase" : "phase1",
          "moonPhaseDate" : "2019-05-04T22:45+0000",
          "timeZone" : 6
        },
        {
          "signDate" : "2019-05-10T13:12+0000",
          "sign" : "leo",
          "age" : 8,
          "date" : "2019-05-11T04:56+0000",
          "moonPhase" : "phase1",
          "moonPhaseDate" : "2019-05-04T22:45+0000",
          "timeZone" : 6
        },
        {
          "signDate" : "2019-05-12T16:23+0000",
          "sign" : "virgo",
          "age" : 9,
          "date" : "2019-05-12T05:59+0000",
          "moonPhaseDate" : "2019-05-12T01:12+0000",
          "moonPhase" : "phase2",
          "timeZone" : 6
        },
        {
          "signDate" : "2019-05-12T16:23+0000",
          "sign" : "virgo",
          "age" : 10,
          "date" : "2019-05-13T07:01+0000",
          "moonPhase" : "phase2",
          "moonPhaseDate" : "2019-05-12T01:12+0000",
          "timeZone" : 6
        },
        {
          "signDate" : "2019-05-12T16:23+0000",
          "age" : 11,
          "sign" : "virgo",
          "date" : "2019-05-14T08:03+0000",
          "moonPhase" : "phase2",
          "moonPhaseDate" : "2019-05-12T01:12+0000",
          "timeZone" : 6
        },
        {
          "signDate" : "2019-05-14T18:53+0000",
          "sign" : "libra",
          "age" : 12,
          "date" : "2019-05-15T09:04+0000",
          "moonPhase" : "phase2",
          "moonPhaseDate" : "2019-05-12T01:12+0000",
          "timeZone" : 6
        },
        {
          "signDate" : "2019-05-14T18:53+0000",
          "sign" : "libra",
          "age" : 13,
          "date" : "2019-05-16T10:05+0000",
          "moonPhase" : "phase2",
          "moonPhaseDate" : "2019-05-12T01:12+0000",
          "timeZone" : 6
        },
        {
          "signDate" : "2019-05-16T21:25+0000",
          "age" : 14,
          "sign" : "scorpio",
          "date" : "2019-05-17T11:05+0000",
          "moonPhaseDate" : "2019-05-12T01:12+0000",
          "moonPhase" : "phase2",
          "timeZone" : 6
        },
        {
          "signDate" : "2019-05-16T21:25+0000",
          "age" : 15,
          "sign" : "scorpio",
          "date" : "2019-05-18T12:05+0000",
          "moonPhase" : "phase2",
          "moonPhaseDate" : "2019-05-12T01:12+0000",
          "timeZone" : 6
        },
        {
          "signDate" : "2019-05-19T01:19+0000",
          "sign" : "sagittarius",
          "age" : 16,
          "date" : "2019-05-19T13:05+0000",
          "moonPhaseDate" : "2019-05-18T21:11+0000",
          "moonPhase" : "fullMoon",
          "timeZone" : 6
        },
        {
          "signDate" : "2019-05-19T01:19+0000",
          "sign" : "sagittarius",
          "age" : 17,
          "date" : "2019-05-20T14:04+0000",
          "moonPhaseDate" : "2019-05-18T21:11+0000",
          "moonPhase" : "phase3",
          "timeZone" : 6
        },
        {
          "signDate" : "2019-05-21T07:56+0000",
          "age" : 18,
          "sign" : "capricorn",
          "date" : "2019-05-21T15:00+0000",
          "moonPhaseDate" : "2019-05-18T21:11+0000",
          "moonPhase" : "phase3",
          "timeZone" : 6
        },
        {
          "signDate" : "2019-05-21T07:56+0000",
          "sign" : "capricorn",
          "age" : 19,
          "date" : "2019-05-22T15:53+0000",
          "moonPhase" : "phase3",
          "moonPhaseDate" : "2019-05-18T21:11+0000",
          "timeZone" : 6
        },
        {
          "signDate" : "2019-05-23T17:51+0000",
          "age" : 20,
          "sign" : "aquarius",
          "date" : "2019-05-23T16:41+0000",
          "moonPhaseDate" : "2019-05-18T21:11+0000",
          "moonPhase" : "phase3",
          "timeZone" : 6
        },
        {
          "signDate" : "2019-05-23T17:51+0000",
          "sign" : "aquarius",
          "age" : 21,
          "date" : "2019-05-24T17:25+0000",
          "moonPhase" : "phase3",
          "moonPhaseDate" : "2019-05-18T21:11+0000",
          "timeZone" : 6
        },
        {
          "signDate" : "2019-05-26T06:07+0000",
          "sign" : "pisces",
          "age" : 22,
          "date" : "2019-05-25T18:06+0000",
          "moonPhaseDate" : "2019-05-26T16:33+0000",
          "moonPhase" : "phase4",
          "timeZone" : 6
        },
        {
          "signDate" : "2019-05-26T06:07+0000",
          "sign" : "pisces",
          "age" : 23,
          "date" : "2019-05-26T18:43+0000",
          "moonPhase" : "phase4",
          "moonPhaseDate" : "2019-05-26T16:33+0000",
          "timeZone" : 6
        },
        {
          "signDate" : "2019-05-26T06:07+0000",
          "sign" : "pisces",
          "age" : 24,
          "date" : "2019-05-27T19:18+0000",
          "moonPhase" : "phase4",
          "moonPhaseDate" : "2019-05-26T16:33+0000",
          "timeZone" : 6
        },
        {
          "signDate" : "2019-05-28T18:29+0000",
          "sign" : "aries",
          "age" : 25,
          "date" : "2019-05-28T19:52+0000",
          "moonPhase" : "phase4",
          "moonPhaseDate" : "2019-05-26T16:33+0000",
          "timeZone" : 6
        },
        {
          "signDate" : "2019-05-28T18:29+0000",
          "sign" : "aries",
          "age" : 26,
          "date" : "2019-05-29T20:26+0000",
          "moonPhase" : "phase4",
          "moonPhaseDate" : "2019-05-26T16:33+0000",
          "timeZone" : 6
        },
        {
          "signDate" : "2019-05-31T04:44+0000",
          "sign" : "taurus",
          "age" : 27,
          "date" : "2019-05-30T21:00+0000",
          "moonPhase" : "phase4",
          "moonPhaseDate" : "2019-05-26T16:33+0000",
          "timeZone" : 6
        },
        {
          "signDate" : "2019-05-31T04:44+0000",
          "sign" : "taurus",
          "age" : 28,
          "date" : "2019-05-31T21:37+0000",
          "moonPhase" : "phase4",
          "moonPhaseDate" : null,
          "timeZone" : 6
        },
        {
          "signDate" : "2019-06-02T11:51+0000",
          "sign" : "gemini",
          "age" : 29,
          "date" : "2019-06-01T22:17+0000",
          "moonPhaseDate" : null,
          "moonPhase" : "phase4",
          "timeZone" : 6
        },
        {
          "signDate" : "2019-06-02T11:51+0000",
          "sign" : "gemini",
          "age" : 30,
          "date" : "2019-06-02T23:01+0000",
          "moonPhase" : "newMoon",
          "moonPhaseDate" : "2019-06-03T10:02+0000",
          "timeZone" : 6
        },
        {
          "signDate" : "2019-06-02T11:51+0000",
          "sign" : "gemini",
          "age" : 1,
          "date" : "2019-06-03T10:02+0000",
          "moonPhase" : "newMoon",
          "moonPhaseDate" : "2019-06-03T10:02+0000",
          "timeZone" : 6
        },
        {
          "signDate" : "2019-06-04T16:18+0000",
          "sign" : "cancer",
          "age" : 2,
          "date" : "2019-06-03T23:51+0000",
          "moonPhaseDate" : "2019-06-03T10:02+0000",
          "moonPhase" : "phase1",
          "timeZone" : 6
        },
        {
          "signDate" : "2019-06-04T16:18+0000",
          "sign" : "cancer",
          "age" : 3,
          "date" : "2019-06-05T00:46+0000",
          "moonPhase" : "phase1",
          "moonPhaseDate" : "2019-06-03T10:02+0000",
          "timeZone" : 6
        },
        {
          "signDate" : "2019-06-04T16:18+0000",
          "sign" : "cancer",
          "age" : 4,
          "date" : "2019-06-06T01:45+0000",
          "moonPhase" : "phase1",
          "moonPhaseDate" : "2019-06-03T10:02+0000",
          "timeZone" : 6
        },
        {
          "signDate" : "2019-06-06T19:14+0000",
          "sign" : "leo",
          "age" : 5,
          "date" : "2019-06-07T02:48+0000",
          "moonPhase" : "phase1",
          "moonPhaseDate" : "2019-06-03T10:02+0000",
          "timeZone" : 6
        },
        {
          "signDate" : "2019-06-06T19:14+0000",
          "sign" : "leo",
          "age" : 6,
          "date" : "2019-06-08T03:51+0000",
          "moonPhaseDate" : "2019-06-03T10:02+0000",
          "moonPhase" : "phase1",
          "timeZone" : 6
        },
        {
          "signDate" : "2019-06-08T21:43+0000",
          "sign" : "virgo",
          "age" : 7,
          "date" : "2019-06-09T04:55+0000",
          "moonPhase" : "phase1",
          "moonPhaseDate" : "2019-06-03T10:02+0000",
          "timeZone" : 6
        },
        {
          "signDate" : "2019-06-08T21:43+0000",
          "sign" : "virgo",
          "age" : 8,
          "date" : "2019-06-10T05:57+0000",
          "moonPhaseDate" : "2019-06-10T05:59+0000",
          "moonPhase" : "phase2",
          "timeZone" : 6
        },
        {
          "signDate" : "2019-06-11T00:30+0000",
          "sign" : "libra",
          "age" : 9,
          "date" : "2019-06-11T06:58+0000",
          "moonPhase" : "phase2",
          "moonPhaseDate" : "2019-06-10T05:59+0000",
          "timeZone" : 6
        },
        {
          "signDate" : "2019-06-11T00:30+0000",
          "age" : 10,
          "sign" : "libra",
          "date" : "2019-06-12T07:57+0000",
          "moonPhaseDate" : "2019-06-10T05:59+0000",
          "moonPhase" : "phase2",
          "timeZone" : 6
        },
        {
          "signDate" : "2019-06-13T04:03+0000",
          "sign" : "scorpio",
          "age" : 11,
          "date" : "2019-06-13T08:56+0000",
          "moonPhase" : "phase2",
          "moonPhaseDate" : "2019-06-10T05:59+0000",
          "timeZone" : 6
        },
        {
          "signDate" : "2019-06-13T04:03+0000",
          "age" : 12,
          "sign" : "scorpio",
          "date" : "2019-06-14T09:55+0000",
          "moonPhase" : "phase2",
          "moonPhaseDate" : "2019-06-10T05:59+0000",
          "timeZone" : 6
        },
        {
          "signDate" : "2019-06-15T09:01+0000",
          "sign" : "sagittarius",
          "age" : 13,
          "date" : "2019-06-15T10:54+0000",
          "moonPhase" : "phase2",
          "moonPhaseDate" : "2019-06-10T05:59+0000",
          "timeZone" : 6
        },
        {
          "signDate" : "2019-06-15T09:01+0000",
          "sign" : "sagittarius",
          "age" : 14,
          "date" : "2019-06-16T11:52+0000",
          "moonPhase" : "phase2",
          "moonPhaseDate" : "2019-06-10T05:59+0000",
          "timeZone" : 6
        },
        {
          "signDate" : "2019-06-17T16:11+0000",
          "sign" : "capricorn",
          "age" : 15,
          "date" : "2019-06-17T12:49+0000",
          "moonPhase" : "fullMoon",
          "moonPhaseDate" : "2019-06-17T08:31+0000",
          "timeZone" : 6
        },
        {
          "signDate" : "2019-06-17T16:11+0000",
          "sign" : "capricorn",
          "age" : 16,
          "date" : "2019-06-18T13:43+0000",
          "moonPhase" : "phase3",
          "moonPhaseDate" : "2019-06-17T08:31+0000",
          "timeZone" : 6
        },
        {
          "signDate" : "2019-06-17T16:11+0000",
          "sign" : "capricorn",
          "age" : 17,
          "date" : "2019-06-19T14:34+0000",
          "moonPhaseDate" : "2019-06-17T08:31+0000",
          "moonPhase" : "phase3",
          "timeZone" : 6
        },
        {
          "signDate" : "2019-06-20T02:01+0000",
          "sign" : "aquarius",
          "age" : 18,
          "date" : "2019-06-20T15:20+0000",
          "moonPhase" : "phase3",
          "moonPhaseDate" : "2019-06-17T08:31+0000",
          "timeZone" : 6
        },
        {
          "signDate" : "2019-06-20T02:01+0000",
          "age" : 19,
          "sign" : "aquarius",
          "date" : "2019-06-21T16:02+0000",
          "moonPhaseDate" : "2019-06-17T08:31+0000",
          "moonPhase" : "phase3",
          "timeZone" : 6
        },
        {
          "signDate" : "2019-06-22T14:01+0000",
          "sign" : "pisces",
          "age" : 20,
          "date" : "2019-06-22T16:41+0000",
          "moonPhase" : "phase3",
          "moonPhaseDate" : "2019-06-17T08:31+0000",
          "timeZone" : 6
        },
        {
          "signDate" : "2019-06-22T14:01+0000",
          "sign" : "pisces",
          "age" : 21,
          "date" : "2019-06-23T17:17+0000",
          "moonPhase" : "phase3",
          "moonPhaseDate" : "2019-06-17T08:31+0000",
          "timeZone" : 6
        },
        {
          "signDate" : "2019-06-22T14:01+0000",
          "sign" : "pisces",
          "age" : 22,
          "date" : "2019-06-24T17:51+0000",
          "moonPhase" : "phase3",
          "moonPhaseDate" : "2019-06-17T08:31+0000",
          "timeZone" : 6
        },
        {
          "signDate" : "2019-06-22T14:01+0000",
          "sign" : "aries",
          "age" : 23,
          "date" : "2019-06-25T18:24+0000",
          "moonPhase" : "phase4",
          "moonPhaseDate" : "2019-06-25T09:46+0000",
          "timeZone" : 6
        },
        {
          "signDate" : "2019-06-27T13:30+0000",
          "sign" : "taurus",
          "age" : 24,
          "date" : "2019-06-26T18:58+0000",
          "moonPhase" : "phase4",
          "moonPhaseDate" : "2019-06-25T09:46+0000",
          "timeZone" : 6
        },
        {
          "signDate" : "2019-06-27T13:30+0000",
          "sign" : "taurus",
          "age" : 25,
          "date" : "2019-06-27T19:33+0000",
          "moonPhase" : "phase4",
          "moonPhaseDate" : "2019-06-25T09:46+0000",
          "timeZone" : 6
        },
        {
          "signDate" : "2019-06-27T13:30+0000",
          "sign" : "taurus",
          "age" : 26,
          "date" : "2019-06-28T20:11+0000",
          "moonPhase" : "phase4",
          "moonPhaseDate" : "2019-06-25T09:46+0000",
          "timeZone" : 6
        },
        {
          "signDate" : "2019-06-29T21:10+0000",
          "sign" : "gemini",
          "age" : 27,
          "date" : "2019-06-29T20:52+0000",
          "moonPhase" : "phase4",
          "moonPhaseDate" : "2019-06-25T09:46+0000",
          "timeZone" : 6
        },
        {
          "signDate" : "2019-06-29T21:10+0000",
          "sign" : "gemini",
          "age" : 28,
          "date" : "2019-06-30T21:39+0000",
          "moonPhase" : "phase4",
          "moonPhaseDate" : null,
          "timeZone" : 6
        },
        {
          "signDate" : "2019-07-02T01:26+0000",
          "sign" : "cancer",
          "age" : 29,
          "date" : "2019-07-01T22:32+0000",
          "moonPhaseDate" : null,
          "moonPhase" : "phase4",
          "timeZone" : 6
        },
        {
          "signDate" : "2019-07-02T01:26+0000",
          "sign" : "cancer",
          "age" : 1,
          "date" : "2019-07-02T19:16+0000",
          "moonPhase" : "newMoon",
          "moonPhaseDate" : "2019-07-02T19:16+0000",
          "timeZone" : 6
        },
        {
          "signDate" : "2019-07-02T01:26+0000",
          "sign" : "cancer",
          "age" : 2,
          "date" : "2019-07-02T23:31+0000",
          "moonPhase" : "newMoon",
          "moonPhaseDate" : "2019-07-02T19:16+0000",
          "timeZone" : 6
        },
        {
          "signDate" : "2019-07-04T03:21+0000",
          "sign" : "leo",
          "age" : 3,
          "date" : "2019-07-04T00:34+0000",
          "moonPhase" : "phase1",
          "moonPhaseDate" : "2019-07-02T19:16+0000",
          "timeZone" : 6
        },
        {
          "signDate" : "2019-07-04T03:21+0000",
          "age" : 4,
          "sign" : "leo",
          "date" : "2019-07-05T01:40+0000",
          "moonPhase" : "phase1",
          "moonPhaseDate" : "2019-07-02T19:16+0000",
          "timeZone" : 6
        },
        {
          "signDate" : "2019-07-06T04:25+0000",
          "sign" : "virgo",
          "age" : 5,
          "date" : "2019-07-06T02:45+0000",
          "moonPhase" : "phase1",
          "moonPhaseDate" : "2019-07-02T19:16+0000",
          "timeZone" : 6
        },
        {
          "signDate" : "2019-07-06T04:25+0000",
          "age" : 6,
          "sign" : "virgo",
          "date" : "2019-07-07T03:50+0000",
          "moonPhase" : "phase1",
          "moonPhaseDate" : "2019-07-02T19:16+0000",
          "timeZone" : 6
        },
        {
          "signDate" : "2019-07-08T06:07+0000",
          "sign" : "libra",
          "age" : 7,
          "date" : "2019-07-08T04:52+0000",
          "moonPhase" : "phase1",
          "moonPhaseDate" : "2019-07-02T19:16+0000",
          "timeZone" : 6
        },
        {
          "signDate" : "2019-07-08T06:07+0000",
          "sign" : "libra",
          "age" : 8,
          "date" : "2019-07-09T05:52+0000",
          "moonPhaseDate" : "2019-07-09T10:55+0000",
          "moonPhase" : "phase2",
          "timeZone" : 6
        },
        {
          "signDate" : "2019-07-10T09:28+0000",
          "age" : 9,
          "sign" : "scorpio",
          "date" : "2019-07-10T06:51+0000",
          "moonPhaseDate" : "2019-07-09T10:55+0000",
          "moonPhase" : "phase2",
          "timeZone" : 6
        },
        {
          "signDate" : "2019-07-10T09:28+0000",
          "sign" : "scorpio",
          "age" : 10,
          "date" : "2019-07-11T07:49+0000",
          "moonPhase" : "phase2",
          "moonPhaseDate" : "2019-07-09T10:55+0000",
          "timeZone" : 6
        },
        {
          "signDate" : "2019-07-12T15:04+0000",
          "sign" : "sagittarius",
          "age" : 11,
          "date" : "2019-07-12T08:47+0000",
          "moonPhase" : "phase2",
          "moonPhaseDate" : "2019-07-09T10:55+0000",
          "timeZone" : 6
        },
        {
          "signDate" : "2019-07-12T15:04+0000",
          "sign" : "sagittarius",
          "age" : 12,
          "date" : "2019-07-13T09:45+0000",
          "moonPhase" : "phase2",
          "moonPhaseDate" : "2019-07-09T10:55+0000",
          "timeZone" : 6
        },
        {
          "signDate" : "2019-07-12T15:04+0000",
          "sign" : "sagittarius",
          "age" : 13,
          "date" : "2019-07-14T10:42+0000",
          "moonPhase" : "phase2",
          "moonPhaseDate" : "2019-07-09T10:55+0000",
          "timeZone" : 6
        },
        {
          "signDate" : "2019-07-14T23:03+0000",
          "sign" : "capricorn",
          "age" : 14,
          "date" : "2019-07-15T11:36+0000",
          "moonPhase" : "phase2",
          "moonPhaseDate" : "2019-07-09T10:55+0000",
          "timeZone" : 6
        },
        {
          "signDate" : "2019-07-14T23:03+0000",
          "sign" : "capricorn",
          "age" : 15,
          "date" : "2019-07-16T12:28+0000",
          "moonPhase" : "phase2",
          "moonPhaseDate" : "2019-07-09T10:55+0000",
          "timeZone" : 6
        },
        {
          "signDate" : "2019-07-17T09:18+0000",
          "age" : 16,
          "sign" : "aquarius",
          "date" : "2019-07-17T13:15+0000",
          "moonPhase" : "fullMoon",
          "moonPhaseDate" : "2019-07-16T21:38+0000",
          "timeZone" : 6
        },
        {
          "signDate" : "2019-07-17T09:18+0000",
          "sign" : "aquarius",
          "age" : 17,
          "date" : "2019-07-18T13:59+0000",
          "moonPhaseDate" : "2019-07-16T21:38+0000",
          "moonPhase" : "phase3",
          "timeZone" : 6
        },
        {
          "signDate" : "2019-07-17T09:18+0000",
          "sign" : "aquarius",
          "age" : 18,
          "date" : "2019-07-19T14:38+0000",
          "moonPhaseDate" : "2019-07-16T21:38+0000",
          "moonPhase" : "phase3",
          "timeZone" : 6
        },
        {
          "signDate" : "2019-07-19T21:19+0000",
          "sign" : "pisces",
          "age" : 19,
          "date" : "2019-07-20T15:16+0000",
          "moonPhase" : "phase3",
          "moonPhaseDate" : "2019-07-16T21:38+0000",
          "timeZone" : 6
        },
        {
          "signDate" : "2019-07-19T21:19+0000",
          "sign" : "pisces",
          "age" : 20,
          "date" : "2019-07-21T15:50+0000",
          "moonPhaseDate" : "2019-07-16T21:38+0000",
          "moonPhase" : "phase3",
          "timeZone" : 6
        },
        {
          "signDate" : "2019-07-22T10:01+0000",
          "sign" : "aries",
          "age" : 21,
          "date" : "2019-07-22T16:24+0000",
          "moonPhaseDate" : "2019-07-16T21:38+0000",
          "moonPhase" : "phase3",
          "timeZone" : 6
        },
        {
          "signDate" : "2019-07-22T10:01+0000",
          "sign" : "aries",
          "age" : 22,
          "date" : "2019-07-23T16:57+0000",
          "moonPhaseDate" : "2019-07-16T21:38+0000",
          "moonPhase" : "phase3",
          "timeZone" : 6
        },
        {
          "signDate" : "2019-07-22T10:01+0000",
          "sign" : "aries",
          "age" : 23,
          "date" : "2019-07-24T17:30+0000",
          "moonPhase" : "phase3",
          "moonPhaseDate" : "2019-07-16T21:38+0000",
          "timeZone" : 6
        },
        {
          "signDate" : "2019-07-22T10:01+0000",
          "sign" : "taurus",
          "age" : 24,
          "date" : "2019-07-25T18:06+0000",
          "moonPhase" : "phase4",
          "moonPhaseDate" : "2019-07-25T01:18+0000",
          "timeZone" : 6
        },
        {
          "signDate" : "2019-07-27T06:28+0000",
          "sign" : "gemini",
          "age" : 25,
          "date" : "2019-07-26T18:45+0000",
          "moonPhaseDate" : "2019-07-25T01:18+0000",
          "moonPhase" : "phase4",
          "timeZone" : 6
        },
        {
          "signDate" : "2019-07-27T06:28+0000",
          "age" : 26,
          "sign" : "gemini",
          "date" : "2019-07-27T19:28+0000",
          "moonPhaseDate" : "2019-07-25T01:18+0000",
          "moonPhase" : "phase4",
          "timeZone" : 6
        },
        {
          "signDate" : "2019-07-29T11:30+0000",
          "sign" : "cancer",
          "age" : 27,
          "date" : "2019-07-28T20:17+0000",
          "moonPhase" : "phase4",
          "moonPhaseDate" : "2019-07-25T01:18+0000",
          "timeZone" : 6
        },
        {
          "signDate" : "2019-07-29T11:30+0000",
          "age" : 28,
          "sign" : "cancer",
          "date" : "2019-07-29T21:13+0000",
          "moonPhase" : "phase4",
          "moonPhaseDate" : "2019-07-25T01:18+0000",
          "timeZone" : 6
        },
        {
          "signDate" : "2019-07-31T13:18+0000",
          "sign" : "leo",
          "age" : 29,
          "date" : "2019-07-30T22:14+0000",
          "moonPhaseDate" : "2019-07-25T01:18+0000",
          "moonPhase" : "phase4",
          "timeZone" : 6
        },
        {
          "signDate" : "2019-07-31T13:18+0000",
          "age" : 30,
          "sign" : "leo",
          "date" : "2019-07-31T23:20+0000",
          "moonPhaseDate" : "2019-08-01T03:12+0000",
          "moonPhase" : "newMoon",
          "timeZone" : 6
        },
        {
          "signDate" : "2019-07-31T13:18+0000",
          "sign" : "leo",
          "age" : 1,
          "date" : "2019-08-01T03:12+0000",
          "moonPhaseDate" : "2019-08-01T03:12+0000",
          "moonPhase" : "newMoon",
          "timeZone" : 6
        },
        {
          "signDate" : "2019-08-02T13:23+0000",
          "sign" : "virgo",
          "age" : 2,
          "date" : "2019-08-02T00:27+0000",
          "moonPhase" : "phase1",
          "moonPhaseDate" : "2019-08-01T03:12+0000",
          "timeZone" : 6
        },
        {
          "signDate" : "2019-08-02T13:23+0000",
          "age" : 3,
          "sign" : "virgo",
          "date" : "2019-08-03T01:34+0000",
          "moonPhase" : "phase1",
          "moonPhaseDate" : "2019-08-01T03:12+0000",
          "timeZone" : 6
        },
        {
          "signDate" : "2019-08-04T13:32+0000",
          "sign" : "libra",
          "age" : 4,
          "date" : "2019-08-04T02:39+0000",
          "moonPhase" : "phase1",
          "moonPhaseDate" : "2019-08-01T03:12+0000",
          "timeZone" : 6
        },
        {
          "signDate" : "2019-08-04T13:32+0000",
          "sign" : "libra",
          "age" : 5,
          "date" : "2019-08-05T03:42+0000",
          "moonPhase" : "phase1",
          "moonPhaseDate" : "2019-08-01T03:12+0000",
          "timeZone" : 6
        },
        {
          "signDate" : "2019-08-06T15:31+0000",
          "age" : 6,
          "sign" : "scorpio",
          "date" : "2019-08-06T04:44+0000",
          "moonPhase" : "phase1",
          "moonPhaseDate" : "2019-08-01T03:12+0000",
          "timeZone" : 6
        },
        {
          "signDate" : "2019-08-06T15:31+0000",
          "sign" : "scorpio",
          "age" : 7,
          "date" : "2019-08-07T05:43+0000",
          "moonPhase" : "phase2",
          "moonPhaseDate" : "2019-08-07T17:31+0000",
          "timeZone" : 6
        },
        {
          "signDate" : "2019-08-06T15:31+0000",
          "sign" : "scorpio",
          "age" : 8,
          "date" : "2019-08-08T06:42+0000",
          "moonPhase" : "phase2",
          "moonPhaseDate" : "2019-08-07T17:31+0000",
          "timeZone" : 6
        },
        {
          "signDate" : "2019-08-08T20:32+0000",
          "sign" : "sagittarius",
          "age" : 9,
          "date" : "2019-08-09T07:40+0000",
          "moonPhaseDate" : "2019-08-07T17:31+0000",
          "moonPhase" : "phase2",
          "timeZone" : 6
        },
        {
          "signDate" : "2019-08-08T20:32+0000",
          "age" : 10,
          "sign" : "sagittarius",
          "date" : "2019-08-10T08:37+0000",
          "moonPhaseDate" : "2019-08-07T17:31+0000",
          "moonPhase" : "phase2",
          "timeZone" : 6
        },
        {
          "signDate" : "2019-08-11T04:48+0000",
          "sign" : "capricorn",
          "age" : 11,
          "date" : "2019-08-11T09:32+0000",
          "moonPhase" : "phase2",
          "moonPhaseDate" : "2019-08-07T17:31+0000",
          "timeZone" : 6
        },
        {
          "signDate" : "2019-08-11T04:48+0000",
          "age" : 12,
          "sign" : "capricorn",
          "date" : "2019-08-12T10:24+0000",
          "moonPhaseDate" : "2019-08-07T17:31+0000",
          "moonPhase" : "phase2",
          "timeZone" : 6
        },
        {
          "signDate" : "2019-08-13T15:36+0000",
          "sign" : "aquarius",
          "age" : 13,
          "date" : "2019-08-13T11:12+0000",
          "moonPhase" : "phase2",
          "moonPhaseDate" : "2019-08-07T17:31+0000",
          "timeZone" : 6
        },
        {
          "signDate" : "2019-08-13T15:36+0000",
          "sign" : "aquarius",
          "age" : 14,
          "date" : "2019-08-14T11:57+0000",
          "moonPhase" : "phase2",
          "moonPhaseDate" : "2019-08-07T17:31+0000",
          "timeZone" : 6
        },
        {
          "signDate" : "2019-08-13T15:36+0000",
          "sign" : "aquarius",
          "age" : 15,
          "date" : "2019-08-15T12:37+0000",
          "moonPhase" : "fullMoon",
          "moonPhaseDate" : "2019-08-15T12:29+0000",
          "timeZone" : 6
        },
        {
          "signDate" : "2019-08-16T03:50+0000",
          "age" : 16,
          "sign" : "pisces",
          "date" : "2019-08-16T13:16+0000",
          "moonPhase" : "phase3",
          "moonPhaseDate" : "2019-08-15T12:29+0000",
          "timeZone" : 6
        },
        {
          "signDate" : "2019-08-16T03:50+0000",
          "sign" : "pisces",
          "age" : 17,
          "date" : "2019-08-17T13:51+0000",
          "moonPhase" : "phase3",
          "moonPhaseDate" : "2019-08-15T12:29+0000",
          "timeZone" : 6
        },
        {
          "signDate" : "2019-08-18T16:32+0000",
          "sign" : "aries",
          "age" : 18,
          "date" : "2019-08-18T14:24+0000",
          "moonPhase" : "phase3",
          "moonPhaseDate" : "2019-08-15T12:29+0000",
          "timeZone" : 6
        },
        {
          "signDate" : "2019-08-18T16:32+0000",
          "sign" : "aries",
          "age" : 19,
          "date" : "2019-08-19T14:57+0000",
          "moonPhase" : "phase3",
          "moonPhaseDate" : "2019-08-15T12:29+0000",
          "timeZone" : 6
        },
        {
          "signDate" : "2019-08-18T16:32+0000",
          "age" : 20,
          "sign" : "aries",
          "date" : "2019-08-20T15:30+0000",
          "moonPhaseDate" : "2019-08-15T12:29+0000",
          "moonPhase" : "phase3",
          "timeZone" : 6
        },
        {
          "signDate" : "2019-08-21T04:36+0000",
          "sign" : "taurus",
          "age" : 21,
          "date" : "2019-08-21T16:05+0000",
          "moonPhase" : "phase3",
          "moonPhaseDate" : "2019-08-15T12:29+0000",
          "timeZone" : 6
        },
        {
          "signDate" : "2019-08-21T04:36+0000",
          "sign" : "taurus",
          "age" : 22,
          "date" : "2019-08-22T16:41+0000",
          "moonPhase" : "phase3",
          "moonPhaseDate" : "2019-08-15T12:29+0000",
          "timeZone" : 6
        },
        {
          "signDate" : "2019-08-23T14:34+0000",
          "sign" : "gemini",
          "age" : 23,
          "date" : "2019-08-23T17:21+0000",
          "moonPhase" : "phase4",
          "moonPhaseDate" : "2019-08-23T14:56+0000",
          "timeZone" : 6
        },
        {
          "signDate" : "2019-08-23T14:34+0000",
          "sign" : "gemini",
          "age" : 24,
          "date" : "2019-08-24T18:07+0000",
          "moonPhase" : "phase4",
          "moonPhaseDate" : "2019-08-23T14:56+0000",
          "timeZone" : 6
        },
        {
          "signDate" : "2019-08-25T21:05+0000",
          "age" : 25,
          "sign" : "cancer",
          "date" : "2019-08-25T18:58+0000",
          "moonPhase" : "phase4",
          "moonPhaseDate" : "2019-08-23T14:56+0000",
          "timeZone" : 6
        },
        {
          "signDate" : "2019-08-25T21:05+0000",
          "age" : 26,
          "sign" : "cancer",
          "date" : "2019-08-26T19:55+0000",
          "moonPhaseDate" : "2019-08-23T14:56+0000",
          "moonPhase" : "phase4",
          "timeZone" : 6
        },
        {
          "signDate" : "2019-08-27T23:51+0000",
          "sign" : "leo",
          "age" : 27,
          "date" : "2019-08-27T20:57+0000",
          "moonPhase" : "phase4",
          "moonPhaseDate" : "2019-08-23T14:56+0000",
          "timeZone" : 6
        },
        {
          "signDate" : "2019-08-27T23:51+0000",
          "sign" : "leo",
          "age" : 28,
          "date" : "2019-08-28T22:04+0000",
          "moonPhaseDate" : "2019-08-23T14:56+0000",
          "moonPhase" : "phase4",
          "timeZone" : 6
        },
        {
          "signDate" : "2019-08-29T23:57+0000",
          "sign" : "virgo",
          "age" : 29,
          "date" : "2019-08-29T23:12+0000",
          "moonPhase" : "newMoon",
          "moonPhaseDate" : "2019-08-30T10:37+0000",
          "timeZone" : 6
        },
        {
          "signDate" : "2019-08-29T23:57+0000",
          "sign" : "virgo",
          "age" : 1,
          "date" : "2019-08-30T10:37+0000",
          "moonPhase" : "newMoon",
          "moonPhaseDate" : "2019-08-30T10:37+0000",
          "timeZone" : 6
        },
        {
          "signDate" : "2019-08-29T23:57+0000",
          "age" : 2,
          "sign" : "virgo",
          "date" : "2019-08-31T00:19+0000",
          "moonPhaseDate" : "2019-08-30T10:37+0000",
          "moonPhase" : "phase1",
          "timeZone" : 6
        },
        {
          "signDate" : "2019-08-31T23:12+0000",
          "age" : 3,
          "sign" : "libra",
          "date" : "2019-09-01T01:25+0000",
          "moonPhaseDate" : null,
          "moonPhase" : "phase1",
          "timeZone" : 6
        },
        {
          "signDate" : "2019-08-31T23:12+0000",
          "sign" : "libra",
          "age" : 4,
          "date" : "2019-09-02T02:29+0000",
          "moonPhaseDate" : null,
          "moonPhase" : "phase1",
          "timeZone" : 6
        },
        {
          "signDate" : "2019-09-02T23:38+0000",
          "sign" : "scorpio",
          "age" : 5,
          "date" : "2019-09-03T03:32+0000",
          "moonPhase" : "phase1",
          "moonPhaseDate" : null,
          "timeZone" : 6
        },
        {
          "signDate" : "2019-09-02T23:38+0000",
          "sign" : "scorpio",
          "age" : 6,
          "date" : "2019-09-04T04:32+0000",
          "moonPhase" : "phase1",
          "moonPhaseDate" : null,
          "timeZone" : 6
        },
        {
          "signDate" : "2019-09-05T03:06+0000",
          "sign" : "sagittarius",
          "age" : 7,
          "date" : "2019-09-05T05:33+0000",
          "moonPhase" : "phase1",
          "moonPhaseDate" : null,
          "timeZone" : 6
        },
        {
          "signDate" : "2019-09-05T03:06+0000",
          "sign" : "sagittarius",
          "age" : 8,
          "date" : "2019-09-06T06:31+0000",
          "moonPhaseDate" : "2019-09-06T03:10+0000",
          "moonPhase" : "phase2",
          "timeZone" : 6
        },
        {
          "signDate" : "2019-09-07T10:35+0000",
          "sign" : "capricorn",
          "age" : 9,
          "date" : "2019-09-07T07:28+0000",
          "moonPhase" : "phase2",
          "moonPhaseDate" : "2019-09-06T03:10+0000",
          "timeZone" : 6
        },
        {
          "signDate" : "2019-09-07T10:35+0000",
          "age" : 10,
          "sign" : "capricorn",
          "date" : "2019-09-08T08:21+0000",
          "moonPhase" : "phase2",
          "moonPhaseDate" : "2019-09-06T03:10+0000",
          "timeZone" : 6
        },
        {
          "signDate" : "2019-09-07T10:35+0000",
          "age" : 11,
          "sign" : "capricorn",
          "date" : "2019-09-09T09:11+0000",
          "moonPhase" : "phase2",
          "moonPhaseDate" : "2019-09-06T03:10+0000",
          "timeZone" : 6
        },
        {
          "signDate" : "2019-09-09T21:25+0000",
          "sign" : "aquarius",
          "age" : 12,
          "date" : "2019-09-10T09:56+0000",
          "moonPhase" : "phase2",
          "moonPhaseDate" : "2019-09-06T03:10+0000",
          "timeZone" : 6
        },
        {
          "signDate" : "2019-09-09T21:25+0000",
          "sign" : "aquarius",
          "age" : 13,
          "date" : "2019-09-11T10:38+0000",
          "moonPhase" : "phase2",
          "moonPhaseDate" : "2019-09-06T03:10+0000",
          "timeZone" : 6
        },
        {
          "signDate" : "2019-09-12T09:53+0000",
          "sign" : "pisces",
          "age" : 14,
          "date" : "2019-09-12T11:16+0000",
          "moonPhase" : "phase2",
          "moonPhaseDate" : "2019-09-06T03:10+0000",
          "timeZone" : 6
        },
        {
          "signDate" : "2019-09-12T09:53+0000",
          "sign" : "pisces",
          "age" : 15,
          "date" : "2019-09-13T11:52+0000",
          "moonPhase" : "phase2",
          "moonPhaseDate" : "2019-09-06T03:10+0000",
          "timeZone" : 6
        },
        {
          "signDate" : "2019-09-12T09:53+0000",
          "sign" : "pisces",
          "age" : 16,
          "date" : "2019-09-14T12:25+0000",
          "moonPhaseDate" : "2019-09-14T04:33+0000",
          "moonPhase" : "fullMoon",
          "timeZone" : 6
        },
        {
          "signDate" : "2019-09-14T22:32+0000",
          "age" : 17,
          "sign" : "aries",
          "date" : "2019-09-15T12:59+0000",
          "moonPhaseDate" : "2019-09-14T04:33+0000",
          "moonPhase" : "phase3",
          "timeZone" : 6
        },
        {
          "signDate" : "2019-09-14T22:32+0000",
          "age" : 18,
          "sign" : "aries",
          "date" : "2019-09-16T13:32+0000",
          "moonPhaseDate" : "2019-09-14T04:33+0000",
          "moonPhase" : "phase3",
          "timeZone" : 6
        },
        {
          "signDate" : "2019-09-17T10:30+0000",
          "sign" : "taurus",
          "age" : 19,
          "date" : "2019-09-17T14:05+0000",
          "moonPhase" : "phase3",
          "moonPhaseDate" : "2019-09-14T04:33+0000",
          "timeZone" : 6
        },
        {
          "signDate" : "2019-09-17T10:30+0000",
          "sign" : "taurus",
          "age" : 20,
          "date" : "2019-09-18T14:41+0000",
          "moonPhase" : "phase3",
          "moonPhaseDate" : "2019-09-14T04:33+0000",
          "timeZone" : 6
        },
        {
          "signDate" : "2019-09-17T10:30+0000",
          "sign" : "taurus",
          "age" : 21,
          "date" : "2019-09-19T15:19+0000",
          "moonPhaseDate" : "2019-09-14T04:33+0000",
          "moonPhase" : "phase3",
          "timeZone" : 6
        },
        {
          "signDate" : "2019-09-19T20:58+0000",
          "sign" : "gemini",
          "age" : 22,
          "date" : "2019-09-20T16:02+0000",
          "moonPhase" : "phase3",
          "moonPhaseDate" : "2019-09-14T04:33+0000",
          "timeZone" : 6
        },
        {
          "signDate" : "2019-09-19T20:58+0000",
          "sign" : "gemini",
          "age" : 23,
          "date" : "2019-09-21T16:49+0000",
          "moonPhase" : "phase3",
          "moonPhaseDate" : "2019-09-14T04:33+0000",
          "timeZone" : 6
        },
        {
          "signDate" : "2019-09-22T04:52+0000",
          "sign" : "cancer",
          "age" : 24,
          "date" : "2019-09-22T17:41+0000",
          "moonPhase" : "phase4",
          "moonPhaseDate" : "2019-09-22T02:41+0000",
          "timeZone" : 6
        },
        {
          "signDate" : "2019-09-24T09:19+0000",
          "sign" : "leo",
          "age" : 25,
          "date" : "2019-09-23T18:40+0000",
          "moonPhaseDate" : "2019-09-22T02:41+0000",
          "moonPhase" : "phase4",
          "timeZone" : 6
        },
        {
          "signDate" : "2019-09-24T09:19+0000",
          "sign" : "leo",
          "age" : 26,
          "date" : "2019-09-24T19:43+0000",
          "moonPhaseDate" : "2019-09-22T02:41+0000",
          "moonPhase" : "phase4",
          "timeZone" : 6
        },
        {
          "signDate" : "2019-09-26T10:35+0000",
          "age" : 27,
          "sign" : "virgo",
          "date" : "2019-09-25T20:49+0000",
          "moonPhase" : "phase4",
          "moonPhaseDate" : "2019-09-22T02:41+0000",
          "timeZone" : 6
        },
        {
          "signDate" : "2019-09-26T10:35+0000",
          "sign" : "virgo",
          "age" : 28,
          "date" : "2019-09-26T21:55+0000",
          "moonPhaseDate" : "2019-09-22T02:41+0000",
          "moonPhase" : "phase4",
          "timeZone" : 6
        },
        {
          "signDate" : "2019-09-28T10:04+0000",
          "age" : 29,
          "sign" : "libra",
          "date" : "2019-09-27T23:02+0000",
          "moonPhaseDate" : "2019-09-22T02:41+0000",
          "moonPhase" : "phase4",
          "timeZone" : 6
        },
        {
          "signDate" : "2019-09-28T10:04+0000",
          "age" : 1,
          "sign" : "libra",
          "date" : "2019-09-28T18:26+0000",
          "moonPhase" : "newMoon",
          "moonPhaseDate" : "2019-09-28T18:26+0000",
          "timeZone" : 6
        },
        {
          "signDate" : "2019-09-28T10:04+0000",
          "sign" : "libra",
          "age" : 2,
          "date" : "2019-09-29T00:07+0000",
          "moonPhaseDate" : "2019-09-28T18:26+0000",
          "moonPhase" : "newMoon",
          "timeZone" : 6
        },
        {
          "signDate" : "2019-09-30T09:45+0000",
          "age" : 3,
          "sign" : "scorpio",
          "date" : "2019-09-30T01:12+0000",
          "moonPhaseDate" : "2019-09-28T18:26+0000",
          "moonPhase" : "phase1",
          "timeZone" : 6
        },
        {
          "signDate" : "2019-09-30T09:45+0000",
          "age" : 4,
          "sign" : "scorpio",
          "date" : "2019-10-01T02:16+0000",
          "moonPhaseDate" : null,
          "moonPhase" : "phase1",
          "timeZone" : 6
        },
        {
          "signDate" : "2019-10-02T11:45+0000",
          "sign" : "sagittarius",
          "age" : 5,
          "date" : "2019-10-02T03:19+0000",
          "moonPhase" : "phase1",
          "moonPhaseDate" : null,
          "timeZone" : 6
        },
        {
          "signDate" : "2019-10-02T11:45+0000",
          "sign" : "sagittarius",
          "age" : 6,
          "date" : "2019-10-03T04:20+0000",
          "moonPhase" : "phase1",
          "moonPhaseDate" : null,
          "timeZone" : 6
        },
        {
          "signDate" : "2019-10-04T17:41+0000",
          "age" : 7,
          "sign" : "capricorn",
          "date" : "2019-10-04T05:19+0000",
          "moonPhaseDate" : null,
          "moonPhase" : "phase1",
          "timeZone" : 6
        },
        {
          "signDate" : "2019-10-04T17:41+0000",
          "age" : 8,
          "sign" : "capricorn",
          "date" : "2019-10-05T06:15+0000",
          "moonPhase" : "phase2",
          "moonPhaseDate" : "2019-10-05T16:47+0000",
          "timeZone" : 6
        },
        {
          "signDate" : "2019-10-04T17:41+0000",
          "age" : 9,
          "sign" : "capricorn",
          "date" : "2019-10-06T07:06+0000",
          "moonPhase" : "phase2",
          "moonPhaseDate" : "2019-10-05T16:47+0000",
          "timeZone" : 6
        },
        {
          "signDate" : "2019-10-07T03:43+0000",
          "sign" : "aquarius",
          "age" : 10,
          "date" : "2019-10-07T07:54+0000",
          "moonPhase" : "phase2",
          "moonPhaseDate" : "2019-10-05T16:47+0000",
          "timeZone" : 6
        },
        {
          "signDate" : "2019-10-07T03:43+0000",
          "sign" : "aquarius",
          "age" : 11,
          "date" : "2019-10-08T08:37+0000",
          "moonPhase" : "phase2",
          "moonPhaseDate" : "2019-10-05T16:47+0000",
          "timeZone" : 6
        },
        {
          "signDate" : "2019-10-09T16:08+0000",
          "sign" : "pisces",
          "age" : 12,
          "date" : "2019-10-09T09:17+0000",
          "moonPhase" : "phase2",
          "moonPhaseDate" : "2019-10-05T16:47+0000",
          "timeZone" : 6
        },
        {
          "signDate" : "2019-10-09T16:08+0000",
          "sign" : "pisces",
          "age" : 13,
          "date" : "2019-10-10T09:53+0000",
          "moonPhaseDate" : "2019-10-05T16:47+0000",
          "moonPhase" : "phase2",
          "timeZone" : 6
        },
        {
          "signDate" : "2019-10-09T16:08+0000",
          "sign" : "pisces",
          "age" : 14,
          "date" : "2019-10-11T10:27+0000",
          "moonPhase" : "phase2",
          "moonPhaseDate" : "2019-10-05T16:47+0000",
          "timeZone" : 6
        },
        {
          "signDate" : "2019-10-12T04:46+0000",
          "sign" : "aries",
          "age" : 15,
          "date" : "2019-10-12T11:01+0000",
          "moonPhase" : "phase2",
          "moonPhaseDate" : "2019-10-05T16:47+0000",
          "timeZone" : 6
        },
        {
          "signDate" : "2019-10-12T04:46+0000",
          "sign" : "aries",
          "age" : 16,
          "date" : "2019-10-13T11:33+0000",
          "moonPhase" : "phase2",
          "moonPhaseDate" : "2019-10-05T16:47+0000",
          "timeZone" : 6
        },
        {
          "signDate" : "2019-10-14T16:23+0000",
          "sign" : "taurus",
          "age" : 17,
          "date" : "2019-10-14T12:07+0000",
          "moonPhase" : "fullMoon",
          "moonPhaseDate" : "2019-10-13T21:08+0000",
          "timeZone" : 6
        },
        {
          "signDate" : "2019-10-14T16:23+0000",
          "sign" : "taurus",
          "age" : 18,
          "date" : "2019-10-15T12:42+0000",
          "moonPhase" : "phase3",
          "moonPhaseDate" : "2019-10-13T21:08+0000",
          "timeZone" : 6
        },
        {
          "signDate" : "2019-10-14T16:23+0000",
          "sign" : "taurus",
          "age" : 19,
          "date" : "2019-10-16T13:19+0000",
          "moonPhase" : "phase3",
          "moonPhaseDate" : "2019-10-13T21:08+0000",
          "timeZone" : 6
        },
        {
          "signDate" : "2019-10-17T02:29+0000",
          "sign" : "gemini",
          "age" : 20,
          "date" : "2019-10-17T14:00+0000",
          "moonPhaseDate" : "2019-10-13T21:08+0000",
          "moonPhase" : "phase3",
          "timeZone" : 6
        },
        {
          "signDate" : "2019-10-17T02:29+0000",
          "sign" : "gemini",
          "age" : 21,
          "date" : "2019-10-18T14:46+0000",
          "moonPhase" : "phase3",
          "moonPhaseDate" : "2019-10-13T21:08+0000",
          "timeZone" : 6
        },
        {
          "signDate" : "2019-10-19T10:42+0000",
          "sign" : "cancer",
          "age" : 22,
          "date" : "2019-10-19T15:36+0000",
          "moonPhase" : "phase3",
          "moonPhaseDate" : "2019-10-13T21:08+0000",
          "timeZone" : 6
        },
        {
          "signDate" : "2019-10-19T10:42+0000",
          "sign" : "cancer",
          "age" : 23,
          "date" : "2019-10-20T16:32+0000",
          "moonPhase" : "phase3",
          "moonPhaseDate" : "2019-10-13T21:08+0000",
          "timeZone" : 6
        },
        {
          "signDate" : "2019-10-21T16:30+0000",
          "sign" : "leo",
          "age" : 24,
          "date" : "2019-10-21T17:31+0000",
          "moonPhase" : "phase4",
          "moonPhaseDate" : "2019-10-21T12:39+0000",
          "timeZone" : 6
        },
        {
          "signDate" : "2019-10-21T16:30+0000",
          "sign" : "leo",
          "age" : 25,
          "date" : "2019-10-22T18:34+0000",
          "moonPhaseDate" : "2019-10-21T12:39+0000",
          "moonPhase" : "phase4",
          "timeZone" : 6
        },
        {
          "signDate" : "2019-10-23T19:30+0000",
          "sign" : "virgo",
          "age" : 26,
          "date" : "2019-10-23T19:38+0000",
          "moonPhaseDate" : "2019-10-21T12:39+0000",
          "moonPhase" : "phase4",
          "timeZone" : 6
        },
        {
          "signDate" : "2019-10-23T19:30+0000",
          "sign" : "virgo",
          "age" : 27,
          "date" : "2019-10-24T20:42+0000",
          "moonPhase" : "phase4",
          "moonPhaseDate" : "2019-10-21T12:39+0000",
          "timeZone" : 6
        },
        {
          "signDate" : "2019-10-25T20:20+0000",
          "age" : 28,
          "sign" : "libra",
          "date" : "2019-10-25T21:46+0000",
          "moonPhase" : "phase4",
          "moonPhaseDate" : "2019-10-21T12:39+0000",
          "timeZone" : 6
        },
        {
          "signDate" : "2019-10-25T20:20+0000",
          "sign" : "libra",
          "age" : 29,
          "date" : "2019-10-26T22:50+0000",
          "moonPhase" : "phase4",
          "moonPhaseDate" : "2019-10-21T12:39+0000",
          "timeZone" : 6
        },
        {
          "signDate" : "2019-10-27T20:31+0000",
          "sign" : "scorpio",
          "age" : 30,
          "date" : "2019-10-27T23:54+0000",
          "moonPhase" : "newMoon",
          "moonPhaseDate" : "2019-10-28T03:38+0000",
          "timeZone" : 6
        },
        {
          "signDate" : "2019-10-27T20:31+0000",
          "age" : 1,
          "sign" : "scorpio",
          "date" : "2019-10-28T03:38+0000",
          "moonPhaseDate" : "2019-10-28T03:38+0000",
          "moonPhase" : "newMoon",
          "timeZone" : 6
        },
        {
          "signDate" : "2019-10-27T20:31+0000",
          "sign" : "scorpio",
          "age" : 2,
          "date" : "2019-10-29T00:58+0000",
          "moonPhase" : "phase1",
          "moonPhaseDate" : "2019-10-28T03:38+0000",
          "timeZone" : 6
        },
        {
          "signDate" : "2019-10-29T22:00+0000",
          "sign" : "sagittarius",
          "age" : 3,
          "date" : "2019-10-30T02:02+0000",
          "moonPhase" : "phase1",
          "moonPhaseDate" : "2019-10-28T03:38+0000",
          "timeZone" : 6
        },
        {
          "signDate" : "2019-10-29T22:00+0000",
          "sign" : "sagittarius",
          "age" : 4,
          "date" : "2019-10-31T03:04+0000",
          "moonPhaseDate" : "2019-10-28T03:38+0000",
          "moonPhase" : "phase1",
          "timeZone" : 6
        },
        {
          "signDate" : "2019-11-01T02:38+0000",
          "sign" : "capricorn",
          "age" : 5,
          "date" : "2019-11-01T04:03+0000",
          "moonPhase" : "phase1",
          "moonPhaseDate" : null,
          "timeZone" : 6
        },
        {
          "signDate" : "2019-11-01T02:38+0000",
          "sign" : "capricorn",
          "age" : 6,
          "date" : "2019-11-02T04:59+0000",
          "moonPhaseDate" : null,
          "moonPhase" : "phase1",
          "timeZone" : 6
        },
        {
          "signDate" : "2019-11-03T11:21+0000",
          "sign" : "aquarius",
          "age" : 7,
          "date" : "2019-11-03T05:49+0000",
          "moonPhase" : "phase1",
          "moonPhaseDate" : null,
          "timeZone" : 6
        },
        {
          "signDate" : "2019-11-03T11:21+0000",
          "sign" : "aquarius",
          "age" : 8,
          "date" : "2019-11-04T06:35+0000",
          "moonPhase" : "phase2",
          "moonPhaseDate" : "2019-11-04T10:23+0000",
          "timeZone" : 6
        },
        {
          "signDate" : "2019-11-03T11:21+0000",
          "sign" : "aquarius",
          "age" : 9,
          "date" : "2019-11-05T07:16+0000",
          "moonPhase" : "phase2",
          "moonPhaseDate" : "2019-11-04T10:23+0000",
          "timeZone" : 6
        },
        {
          "signDate" : "2019-11-05T23:11+0000",
          "sign" : "pisces",
          "age" : 10,
          "date" : "2019-11-06T07:53+0000",
          "moonPhase" : "phase2",
          "moonPhaseDate" : "2019-11-04T10:23+0000",
          "timeZone" : 6
        },
        {
          "signDate" : "2019-11-05T23:11+0000",
          "sign" : "pisces",
          "age" : 11,
          "date" : "2019-11-07T08:28+0000",
          "moonPhase" : "phase2",
          "moonPhaseDate" : "2019-11-04T10:23+0000",
          "timeZone" : 6
        },
        {
          "signDate" : "2019-11-08T11:50+0000",
          "sign" : "aries",
          "age" : 12,
          "date" : "2019-11-08T09:01+0000",
          "moonPhase" : "phase2",
          "moonPhaseDate" : "2019-11-04T10:23+0000",
          "timeZone" : 6
        },
        {
          "signDate" : "2019-11-08T11:50+0000",
          "age" : 13,
          "sign" : "aries",
          "date" : "2019-11-09T09:34+0000",
          "moonPhase" : "phase2",
          "moonPhaseDate" : "2019-11-04T10:23+0000",
          "timeZone" : 6
        },
        {
          "signDate" : "2019-11-08T11:50+0000",
          "sign" : "aries",
          "age" : 14,
          "date" : "2019-11-10T10:07+0000",
          "moonPhaseDate" : "2019-11-04T10:23+0000",
          "moonPhase" : "phase2",
          "timeZone" : 6
        },
        {
          "signDate" : "2019-11-10T23:19+0000",
          "sign" : "taurus",
          "age" : 15,
          "date" : "2019-11-11T10:41+0000",
          "moonPhaseDate" : "2019-11-04T10:23+0000",
          "moonPhase" : "phase2",
          "timeZone" : 6
        },
        {
          "signDate" : "2019-11-10T23:19+0000",
          "sign" : "taurus",
          "age" : 16,
          "date" : "2019-11-12T11:18+0000",
          "moonPhase" : "fullMoon",
          "moonPhaseDate" : "2019-11-12T13:35+0000",
          "timeZone" : 6
        },
        {
          "signDate" : "2019-11-13T08:45+0000",
          "sign" : "gemini",
          "age" : 17,
          "date" : "2019-11-13T11:58+0000",
          "moonPhase" : "phase3",
          "moonPhaseDate" : "2019-11-12T13:35+0000",
          "timeZone" : 6
        },
        {
          "signDate" : "2019-11-13T08:45+0000",
          "sign" : "gemini",
          "age" : 18,
          "date" : "2019-11-14T12:43+0000",
          "moonPhase" : "phase3",
          "moonPhaseDate" : "2019-11-12T13:35+0000",
          "timeZone" : 6
        },
        {
          "signDate" : "2019-11-15T16:12+0000",
          "sign" : "cancer",
          "age" : 19,
          "date" : "2019-11-15T13:33+0000",
          "moonPhase" : "phase3",
          "moonPhaseDate" : "2019-11-12T13:35+0000",
          "timeZone" : 6
        },
        {
          "signDate" : "2019-11-15T16:12+0000",
          "sign" : "cancer",
          "age" : 20,
          "date" : "2019-11-16T14:27+0000",
          "moonPhase" : "phase3",
          "moonPhaseDate" : "2019-11-12T13:35+0000",
          "timeZone" : 6
        },
        {
          "signDate" : "2019-11-15T16:12+0000",
          "sign" : "cancer",
          "age" : 21,
          "date" : "2019-11-17T15:25+0000",
          "moonPhaseDate" : "2019-11-12T13:35+0000",
          "moonPhase" : "phase3",
          "timeZone" : 6
        },
        {
          "signDate" : "2019-11-17T21:54+0000",
          "sign" : "leo",
          "age" : 22,
          "date" : "2019-11-18T16:27+0000",
          "moonPhase" : "phase3",
          "moonPhaseDate" : "2019-11-12T13:35+0000",
          "timeZone" : 6
        },
        {
          "signDate" : "2019-11-17T21:54+0000",
          "sign" : "leo",
          "age" : 23,
          "date" : "2019-11-19T17:29+0000",
          "moonPhase" : "phase3",
          "moonPhaseDate" : "2019-11-12T13:35+0000",
          "timeZone" : 6
        },
        {
          "signDate" : "2019-11-17T21:54+0000",
          "sign" : "virgo",
          "age" : 24,
          "date" : "2019-11-20T18:31+0000",
          "moonPhase" : "phase4",
          "moonPhaseDate" : "2019-11-19T21:11+0000",
          "timeZone" : 6
        },
        {
          "signDate" : "2019-11-22T04:22+0000",
          "sign" : "libra",
          "age" : 25,
          "date" : "2019-11-21T19:33+0000",
          "moonPhase" : "phase4",
          "moonPhaseDate" : "2019-11-19T21:11+0000",
          "timeZone" : 6
        },
        {
          "signDate" : "2019-11-22T04:22+0000",
          "age" : 26,
          "sign" : "libra",
          "date" : "2019-11-22T20:35+0000",
          "moonPhase" : "phase4",
          "moonPhaseDate" : "2019-11-19T21:11+0000",
          "timeZone" : 6
        },
        {
          "signDate" : "2019-11-24T06:01+0000",
          "sign" : "scorpio",
          "age" : 27,
          "date" : "2019-11-23T21:37+0000",
          "moonPhaseDate" : "2019-11-19T21:11+0000",
          "moonPhase" : "phase4",
          "timeZone" : 6
        },
        {
          "signDate" : "2019-11-24T06:01+0000",
          "sign" : "scorpio",
          "age" : 28,
          "date" : "2019-11-24T22:39+0000",
          "moonPhase" : "phase4",
          "moonPhaseDate" : "2019-11-19T21:11+0000",
          "timeZone" : 6
        },
        {
          "signDate" : "2019-11-26T08:12+0000",
          "sign" : "sagittarius",
          "age" : 29,
          "date" : "2019-11-25T23:42+0000",
          "moonPhase" : "newMoon",
          "moonPhaseDate" : "2019-11-26T15:06+0000",
          "timeZone" : 6
        },
        {
          "signDate" : "2019-11-26T08:12+0000",
          "age" : 1,
          "sign" : "sagittarius",
          "date" : "2019-11-26T15:06+0000",
          "moonPhaseDate" : "2019-11-26T15:06+0000",
          "moonPhase" : "newMoon",
          "timeZone" : 6
        },
        {
          "signDate" : "2019-11-26T08:12+0000",
          "sign" : "sagittarius",
          "age" : 2,
          "date" : "2019-11-27T00:45+0000",
          "moonPhaseDate" : "2019-11-26T15:06+0000",
          "moonPhase" : "phase1",
          "timeZone" : 6
        },
        {
          "signDate" : "2019-11-28T12:32+0000",
          "sign" : "capricorn",
          "age" : 3,
          "date" : "2019-11-28T01:47+0000",
          "moonPhaseDate" : "2019-11-26T15:06+0000",
          "moonPhase" : "phase1",
          "timeZone" : 6
        },
        {
          "signDate" : "2019-11-28T12:32+0000",
          "sign" : "capricorn",
          "age" : 4,
          "date" : "2019-11-29T02:45+0000",
          "moonPhase" : "phase1",
          "moonPhaseDate" : "2019-11-26T15:06+0000",
          "timeZone" : 6
        },
        {
          "signDate" : "2019-11-28T12:32+0000",
          "sign" : "capricorn",
          "age" : 5,
          "date" : "2019-11-30T03:39+0000",
          "moonPhase" : "phase1",
          "moonPhaseDate" : "2019-11-26T15:06+0000",
          "timeZone" : 6
        },
        {
          "signDate" : "2019-11-30T20:15+0000",
          "sign" : "aquarius",
          "age" : 6,
          "date" : "2019-12-01T04:28+0000",
          "moonPhase" : "phase1",
          "moonPhaseDate" : null,
          "timeZone" : 6
        },
        {
          "signDate" : "2019-11-30T20:15+0000",
          "age" : 7,
          "sign" : "aquarius",
          "date" : "2019-12-02T05:12+0000",
          "moonPhaseDate" : null,
          "moonPhase" : "phase1",
          "timeZone" : 6
        },
        {
          "signDate" : "2019-12-03T07:14+0000",
          "sign" : "pisces",
          "age" : 8,
          "date" : "2019-12-03T05:51+0000",
          "moonPhase" : "phase1",
          "moonPhaseDate" : null,
          "timeZone" : 6
        },
        {
          "signDate" : "2019-12-03T07:14+0000",
          "sign" : "pisces",
          "age" : 9,
          "date" : "2019-12-04T06:27+0000",
          "moonPhase" : "phase2",
          "moonPhaseDate" : "2019-12-04T06:58+0000",
          "timeZone" : 6
        },
        {
          "signDate" : "2019-12-03T07:14+0000",
          "sign" : "pisces",
          "age" : 10,
          "date" : "2019-12-05T07:01+0000",
          "moonPhase" : "phase2",
          "moonPhaseDate" : "2019-12-04T06:58+0000",
          "timeZone" : 6
        },
        {
          "signDate" : "2019-12-05T19:46+0000",
          "sign" : "aries",
          "age" : 11,
          "date" : "2019-12-06T07:33+0000",
          "moonPhaseDate" : "2019-12-04T06:58+0000",
          "moonPhase" : "phase2",
          "timeZone" : 6
        },
        {
          "signDate" : "2019-12-05T19:46+0000",
          "sign" : "aries",
          "age" : 12,
          "date" : "2019-12-07T08:06+0000",
          "moonPhaseDate" : "2019-12-04T06:58+0000",
          "moonPhase" : "phase2",
          "timeZone" : 6
        },
        {
          "signDate" : "2019-12-08T07:31+0000",
          "sign" : "taurus",
          "age" : 13,
          "date" : "2019-12-08T08:39+0000",
          "moonPhase" : "phase2",
          "moonPhaseDate" : "2019-12-04T06:58+0000",
          "timeZone" : 6
        },
        {
          "signDate" : "2019-12-08T07:31+0000",
          "sign" : "taurus",
          "age" : 14,
          "date" : "2019-12-09T09:15+0000",
          "moonPhase" : "phase2",
          "moonPhaseDate" : "2019-12-04T06:58+0000",
          "timeZone" : 6
        },
        {
          "signDate" : "2019-12-10T16:49+0000",
          "sign" : "gemini",
          "age" : 15,
          "date" : "2019-12-10T09:54+0000",
          "moonPhase" : "phase2",
          "moonPhaseDate" : "2019-12-04T06:58+0000",
          "timeZone" : 6
        },
        {
          "signDate" : "2019-12-10T16:49+0000",
          "sign" : "gemini",
          "age" : 16,
          "date" : "2019-12-11T10:37+0000",
          "moonPhase" : "phase2",
          "moonPhaseDate" : "2019-12-04T06:58+0000",
          "timeZone" : 6
        },
        {
          "signDate" : "2019-12-10T16:49+0000",
          "age" : 17,
          "sign" : "gemini",
          "date" : "2019-12-12T11:25+0000",
          "moonPhase" : "fullMoon",
          "moonPhaseDate" : "2019-12-12T05:12+0000",
          "timeZone" : 6
        },
        {
          "signDate" : "2019-12-12T23:24+0000",
          "sign" : "cancer",
          "age" : 18,
          "date" : "2019-12-13T12:19+0000",
          "moonPhase" : "phase3",
          "moonPhaseDate" : "2019-12-12T05:12+0000",
          "timeZone" : 6
        },
        {
          "signDate" : "2019-12-12T23:24+0000",
          "sign" : "cancer",
          "age" : 19,
          "date" : "2019-12-14T13:18+0000",
          "moonPhase" : "phase3",
          "moonPhaseDate" : "2019-12-12T05:12+0000",
          "timeZone" : 6
        },
        {
          "signDate" : "2019-12-15T03:53+0000",
          "sign" : "leo",
          "age" : 20,
          "date" : "2019-12-15T14:20+0000",
          "moonPhase" : "phase3",
          "moonPhaseDate" : "2019-12-12T05:12+0000",
          "timeZone" : 6
        },
        {
          "signDate" : "2019-12-15T03:53+0000",
          "sign" : "leo",
          "age" : 21,
          "date" : "2019-12-16T15:23+0000",
          "moonPhase" : "phase3",
          "moonPhaseDate" : "2019-12-12T05:12+0000",
          "timeZone" : 6
        },
        {
          "signDate" : "2019-12-17T07:13+0000",
          "sign" : "virgo",
          "age" : 22,
          "date" : "2019-12-17T16:25+0000",
          "moonPhase" : "phase3",
          "moonPhaseDate" : "2019-12-12T05:12+0000",
          "timeZone" : 6
        },
        {
          "signDate" : "2019-12-17T07:13+0000",
          "sign" : "virgo",
          "age" : 23,
          "date" : "2019-12-18T17:27+0000",
          "moonPhase" : "phase3",
          "moonPhaseDate" : "2019-12-12T05:12+0000",
          "timeZone" : 6
        },
        {
          "signDate" : "2019-12-17T07:13+0000",
          "sign" : "libra",
          "age" : 24,
          "date" : "2019-12-19T18:28+0000",
          "moonPhase" : "phase4",
          "moonPhaseDate" : "2019-12-19T04:57+0000",
          "timeZone" : 6
        },
        {
          "signDate" : "2019-12-21T13:01+0000",
          "sign" : "scorpio",
          "age" : 25,
          "date" : "2019-12-20T19:28+0000",
          "moonPhase" : "phase4",
          "moonPhaseDate" : "2019-12-19T04:57+0000",
          "timeZone" : 6
        },
        {
          "signDate" : "2019-12-21T13:01+0000",
          "sign" : "scorpio",
          "age" : 26,
          "date" : "2019-12-21T20:28+0000",
          "moonPhaseDate" : "2019-12-19T04:57+0000",
          "moonPhase" : "phase4",
          "timeZone" : 6
        },
        {
          "signDate" : "2019-12-23T16:37+0000",
          "sign" : "sagittarius",
          "age" : 27,
          "date" : "2019-12-22T21:29+0000",
          "moonPhase" : "phase4",
          "moonPhaseDate" : "2019-12-19T04:57+0000",
          "timeZone" : 6
        },
        {
          "signDate" : "2019-12-23T16:37+0000",
          "sign" : "sagittarius",
          "age" : 28,
          "date" : "2019-12-23T22:30+0000",
          "moonPhase" : "phase4",
          "moonPhaseDate" : "2019-12-19T04:57+0000",
          "timeZone" : 6
        },
        {
          "signDate" : "2019-12-23T16:37+0000",
          "sign" : "sagittarius",
          "age" : 29,
          "date" : "2019-12-24T23:31+0000",
          "moonPhaseDate" : "2019-12-19T04:57+0000",
          "moonPhase" : "phase4",
          "timeZone" : 6
        },
        {
          "signDate" : "2019-12-25T21:46+0000",
          "sign" : "capricorn",
          "age" : 30,
          "date" : "2019-12-26T00:31+0000",
          "moonPhase" : "newMoon",
          "moonPhaseDate" : "2019-12-26T05:13+0000",
          "timeZone" : 6
        },
        {
          "signDate" : "2019-12-25T21:46+0000",
          "sign" : "capricorn",
          "age" : 1,
          "date" : "2019-12-26T05:13+0000",
          "moonPhase" : "newMoon",
          "moonPhaseDate" : "2019-12-26T05:13+0000",
          "timeZone" : 6
        },
        {
          "signDate" : "2019-12-25T21:46+0000",
          "sign" : "capricorn",
          "age" : 2,
          "date" : "2019-12-27T01:27+0000",
          "moonPhase" : "phase1",
          "moonPhaseDate" : "2019-12-26T05:13+0000",
          "timeZone" : 6
        },
        {
          "signDate" : "2019-12-28T05:21+0000",
          "sign" : "aquarius",
          "age" : 3,
          "date" : "2019-12-28T02:19+0000",
          "moonPhase" : "phase1",
          "moonPhaseDate" : "2019-12-26T05:13+0000",
          "timeZone" : 6
        },
        {
          "signDate" : "2019-12-28T05:21+0000",
          "sign" : "aquarius",
          "age" : 4,
          "date" : "2019-12-29T03:05+0000",
          "moonPhase" : "phase1",
          "moonPhaseDate" : "2019-12-26T05:13+0000",
          "timeZone" : 6
        },
        {
          "signDate" : "2019-12-30T15:43+0000",
          "sign" : "pisces",
          "age" : 5,
          "date" : "2019-12-30T03:47+0000",
          "moonPhase" : "phase1",
          "moonPhaseDate" : "2019-12-26T05:13+0000",
          "timeZone" : 6
        },
        {
          "signDate" : "2019-12-30T15:43+0000",
          "sign" : "pisces",
          "age" : 6,
          "date" : "2019-12-31T04:25+0000",
          "moonPhaseDate" : "2019-12-26T05:13+0000",
          "moonPhase" : "phase1",
          "timeZone" : 6
        },
        {
          "signDate" : "2019-12-30T15:43+0000",
          "sign" : "pisces",
          "age" : 7,
          "date" : "2020-01-01T04:59+0000",
          "moonPhase" : "phase1",
          "moonPhaseDate" : null,
          "timeZone" : 6
        },
        {
          "signDate" : "2020-01-02T04:01+0000",
          "age" : 8,
          "sign" : "aries",
          "date" : "2020-01-02T05:32+0000",
          "moonPhase" : "phase1",
          "moonPhaseDate" : null,
          "timeZone" : 6
        },
        {
          "signDate" : "2020-01-02T04:01+0000",
          "sign" : "aries",
          "age" : 9,
          "date" : "2020-01-03T06:04+0000",
          "moonPhaseDate" : "2020-01-03T04:45+0000",
          "moonPhase" : "phase2",
          "timeZone" : 6
        },
        {
          "signDate" : "2020-01-04T16:15+0000",
          "sign" : "taurus",
          "age" : 10,
          "date" : "2020-01-04T06:37+0000",
          "moonPhase" : "phase2",
          "moonPhaseDate" : "2020-01-03T04:45+0000",
          "timeZone" : 6
        },
        {
          "signDate" : "2020-01-04T16:15+0000",
          "sign" : "taurus",
          "age" : 11,
          "date" : "2020-01-05T07:11+0000",
          "moonPhase" : "phase2",
          "moonPhaseDate" : "2020-01-03T04:45+0000",
          "timeZone" : 6
        },
        {
          "signDate" : "2020-01-04T16:15+0000",
          "age" : 12,
          "sign" : "taurus",
          "date" : "2020-01-06T07:47+0000",
          "moonPhase" : "phase2",
          "moonPhaseDate" : "2020-01-03T04:45+0000",
          "timeZone" : 6
        },
        {
          "signDate" : "2020-01-07T02:13+0000",
          "sign" : "gemini",
          "age" : 13,
          "date" : "2020-01-07T08:28+0000",
          "moonPhase" : "phase2",
          "moonPhaseDate" : "2020-01-03T04:45+0000",
          "timeZone" : 6
        },
        {
          "signDate" : "2020-01-07T02:13+0000",
          "sign" : "gemini",
          "age" : 14,
          "date" : "2020-01-08T09:14+0000",
          "moonPhase" : "phase2",
          "moonPhaseDate" : "2020-01-03T04:45+0000",
          "timeZone" : 6
        },
        {
          "signDate" : "2020-01-09T08:45+0000",
          "sign" : "cancer",
          "age" : 15,
          "date" : "2020-01-09T10:06+0000",
          "moonPhase" : "phase2",
          "moonPhaseDate" : "2020-01-03T04:45+0000",
          "timeZone" : 6
        },
        {
          "signDate" : "2020-01-09T08:45+0000",
          "age" : 16,
          "sign" : "cancer",
          "date" : "2020-01-10T11:03+0000",
          "moonPhaseDate" : "2020-01-03T04:45+0000",
          "moonPhase" : "phase2",
          "timeZone" : 6
        },
        {
          "signDate" : "2020-01-11T12:16+0000",
          "sign" : "leo",
          "age" : 17,
          "date" : "2020-01-11T12:05+0000",
          "moonPhaseDate" : "2020-01-10T19:21+0000",
          "moonPhase" : "fullMoon",
          "timeZone" : 6
        },
        {
          "signDate" : "2020-01-11T12:16+0000",
          "sign" : "leo",
          "age" : 18,
          "date" : "2020-01-12T13:10+0000",
          "moonPhaseDate" : "2020-01-10T19:21+0000",
          "moonPhase" : "phase3",
          "timeZone" : 6
        },
        {
          "signDate" : "2020-01-13T14:05+0000",
          "age" : 19,
          "sign" : "virgo",
          "date" : "2020-01-13T14:15+0000",
          "moonPhase" : "phase3",
          "moonPhaseDate" : "2020-01-10T19:21+0000",
          "timeZone" : 6
        },
        {
          "signDate" : "2020-01-13T14:05+0000",
          "sign" : "virgo",
          "age" : 20,
          "date" : "2020-01-14T15:19+0000",
          "moonPhaseDate" : "2020-01-10T19:21+0000",
          "moonPhase" : "phase3",
          "timeZone" : 6
        },
        {
          "signDate" : "2020-01-15T15:42+0000",
          "age" : 21,
          "sign" : "libra",
          "date" : "2020-01-15T16:22+0000",
          "moonPhase" : "phase3",
          "moonPhaseDate" : "2020-01-10T19:21+0000",
          "timeZone" : 6
        },
        {
          "signDate" : "2020-01-15T15:42+0000",
          "sign" : "libra",
          "age" : 22,
          "date" : "2020-01-16T17:23+0000",
          "moonPhase" : "phase3",
          "moonPhaseDate" : "2020-01-10T19:21+0000",
          "timeZone" : 6
        },
        {
          "signDate" : "2020-01-17T18:21+0000",
          "sign" : "scorpio",
          "age" : 23,
          "date" : "2020-01-17T18:23+0000",
          "moonPhase" : "phase4",
          "moonPhaseDate" : "2020-01-17T12:58+0000",
          "timeZone" : 6
        },
        {
          "signDate" : "2020-01-17T18:21+0000",
          "age" : 24,
          "sign" : "scorpio",
          "date" : "2020-01-18T19:23+0000",
          "moonPhaseDate" : "2020-01-17T12:58+0000",
          "moonPhase" : "phase4",
          "timeZone" : 6
        },
        {
          "signDate" : "2020-01-19T22:43+0000",
          "sign" : "sagittarius",
          "age" : 25,
          "date" : "2020-01-19T20:23+0000",
          "moonPhase" : "phase4",
          "moonPhaseDate" : "2020-01-17T12:58+0000",
          "timeZone" : 6
        },
        {
          "signDate" : "2020-01-19T22:43+0000",
          "sign" : "sagittarius",
          "age" : 26,
          "date" : "2020-01-20T21:23+0000",
          "moonPhase" : "phase4",
          "moonPhaseDate" : "2020-01-17T12:58+0000",
          "timeZone" : 6
        },
        {
          "signDate" : "2020-01-22T05:02+0000",
          "sign" : "capricorn",
          "age" : 27,
          "date" : "2020-01-21T22:22+0000",
          "moonPhaseDate" : "2020-01-17T12:58+0000",
          "moonPhase" : "phase4",
          "timeZone" : 6
        },
        {
          "signDate" : "2020-01-22T05:02+0000",
          "sign" : "capricorn",
          "age" : 28,
          "date" : "2020-01-22T23:18+0000",
          "moonPhase" : "phase4",
          "moonPhaseDate" : "2020-01-17T12:58+0000",
          "timeZone" : 6
        },
        {
          "signDate" : "2020-01-24T13:22+0000",
          "sign" : "aquarius",
          "age" : 29,
          "date" : "2020-01-24T00:11+0000",
          "moonPhase" : "phase4",
          "moonPhaseDate" : "2020-01-17T12:58+0000",
          "timeZone" : 6
        },
        {
          "signDate" : "2020-01-24T13:22+0000",
          "sign" : "aquarius",
          "age" : 1,
          "date" : "2020-01-24T21:42+0000",
          "moonPhase" : "newMoon",
          "moonPhaseDate" : "2020-01-24T21:42+0000",
          "timeZone" : 6
        },
        {
          "signDate" : "2020-01-24T13:22+0000",
          "age" : 2,
          "sign" : "aquarius",
          "date" : "2020-01-25T00:59+0000",
          "moonPhase" : "newMoon",
          "moonPhaseDate" : "2020-01-24T21:42+0000",
          "timeZone" : 6
        },
        {
          "signDate" : "2020-01-24T13:22+0000",
          "age" : 3,
          "sign" : "aquarius",
          "date" : "2020-01-26T01:42+0000",
          "moonPhase" : "phase1",
          "moonPhaseDate" : "2020-01-24T21:42+0000",
          "timeZone" : 6
        },
        {
          "signDate" : "2020-01-26T23:45+0000",
          "sign" : "pisces",
          "age" : 4,
          "date" : "2020-01-27T02:22+0000",
          "moonPhaseDate" : "2020-01-24T21:42+0000",
          "moonPhase" : "phase1",
          "timeZone" : 6
        },
        {
          "signDate" : "2020-01-26T23:45+0000",
          "sign" : "pisces",
          "age" : 5,
          "date" : "2020-01-28T02:58+0000",
          "moonPhase" : "phase1",
          "moonPhaseDate" : "2020-01-24T21:42+0000",
          "timeZone" : 6
        },
        {
          "signDate" : "2020-01-29T11:51+0000",
          "age" : 6,
          "sign" : "aries",
          "date" : "2020-01-29T03:31+0000",
          "moonPhaseDate" : "2020-01-24T21:42+0000",
          "moonPhase" : "phase1",
          "timeZone" : 6
        },
        {
          "signDate" : "2020-01-29T11:51+0000",
          "sign" : "aries",
          "age" : 7,
          "date" : "2020-01-30T04:03+0000",
          "moonPhase" : "phase1",
          "moonPhaseDate" : "2020-01-24T21:42+0000",
          "timeZone" : 6
        },
        {
          "signDate" : "2020-01-29T11:51+0000",
          "sign" : "aries",
          "age" : 8,
          "date" : "2020-01-31T04:35+0000",
          "moonPhase" : "phase1",
          "moonPhaseDate" : "2020-01-24T21:42+0000",
          "timeZone" : 6
        },
        {
          "signDate" : "2020-01-29T11:51+0000",
          "sign" : "aries",
          "age" : 8,
          "date" : "2020-01-31T04:35+0000",
          "moonPhase" : "phase1",
          "moonPhaseDate" : "2020-01-24T21:42+0000",
          "timeZone" : 6
        }
      ],
      "timeZone" : 6,
      "cityName" : "Дакка"
    }
  ],
  "countryName" : "Бангладеш"
}