{
  "cities" : [
    {
      "cityName" : "Вена",
      "moonDays" : [
        {
          "date" : "2019-05-01T02:39+0000",
          "signDate" : "2019-05-01T10:23+0000",
          "moonPhaseDate" : null,
          "age" : 26,
          "timeZone" : 2,
          "sign" : "aries",
          "moonPhase" : null
        },
        {
          "date" : "2019-05-02T03:00+0000",
          "signDate" : "2019-05-01T10:23+0000",
          "moonPhaseDate" : null,
          "age" : 27,
          "timeZone" : 2,
          "moonPhase" : null,
          "sign" : "aries"
        },
        {
          "date" : "2019-05-03T03:21+0000",
          "signDate" : "2019-05-03T20:21+0000",
          "moonPhaseDate" : null,
          "age" : 28,
          "timeZone" : 2,
          "sign" : "taurus",
          "moonPhase" : null
        },
        {
          "date" : "2019-05-04T03:44+0000",
          "signDate" : "2019-05-03T20:21+0000",
          "moonPhaseDate" : null,
          "age" : 29,
          "timeZone" : 2,
          "moonPhase" : null,
          "sign" : "taurus"
        },
        {
          "date" : "2019-05-04T22:45+0000",
          "signDate" : "2019-05-03T20:21+0000",
          "moonPhaseDate" : "2019-05-04T22:45+0000",
          "age" : 1,
          "timeZone" : 2,
          "sign" : "taurus",
          "moonPhase" : "newMoon"
        },
        {
          "date" : "2019-05-05T04:09+0000",
          "signDate" : "2019-05-03T20:21+0000",
          "moonPhaseDate" : "2019-05-04T22:45+0000",
          "age" : 2,
          "timeZone" : 2,
          "sign" : "taurus",
          "moonPhase" : "newMoon"
        },
        {
          "date" : "2019-05-06T04:39+0000",
          "signDate" : "2019-05-06T03:42+0000",
          "moonPhaseDate" : "2019-05-04T22:45+0000",
          "age" : 3,
          "moonPhase" : "phase1",
          "sign" : "gemini",
          "timeZone" : 2
        },
        {
          "date" : "2019-05-07T05:15+0000",
          "signDate" : "2019-05-06T03:42+0000",
          "moonPhaseDate" : "2019-05-04T22:45+0000",
          "age" : 4,
          "timeZone" : 2,
          "sign" : "gemini",
          "moonPhase" : "phase1"
        },
        {
          "date" : "2019-05-08T05:59+0000",
          "signDate" : "2019-05-08T09:05+0000",
          "moonPhaseDate" : "2019-05-04T22:45+0000",
          "age" : 5,
          "timeZone" : 2,
          "sign" : "cancer",
          "moonPhase" : "phase1"
        },
        {
          "date" : "2019-05-09T06:52+0000",
          "signDate" : "2019-05-08T09:05+0000",
          "moonPhaseDate" : "2019-05-04T22:45+0000",
          "age" : 6,
          "timeZone" : 2,
          "sign" : "cancer",
          "moonPhase" : "phase1"
        },
        {
          "date" : "2019-05-10T07:55+0000",
          "signDate" : "2019-05-10T13:12+0000",
          "moonPhaseDate" : "2019-05-04T22:45+0000",
          "age" : 7,
          "timeZone" : 2,
          "sign" : "leo",
          "moonPhase" : "phase1"
        },
        {
          "date" : "2019-05-11T09:06+0000",
          "signDate" : "2019-05-10T13:12+0000",
          "moonPhaseDate" : "2019-05-04T22:45+0000",
          "age" : 8,
          "timeZone" : 2,
          "moonPhase" : "phase1",
          "sign" : "leo"
        },
        {
          "date" : "2019-05-12T10:21+0000",
          "signDate" : "2019-05-12T16:23+0000",
          "moonPhaseDate" : "2019-05-12T01:12+0000",
          "age" : 9,
          "timeZone" : 2,
          "sign" : "virgo",
          "moonPhase" : "phase2"
        },
        {
          "date" : "2019-05-13T11:38+0000",
          "signDate" : "2019-05-12T16:23+0000",
          "moonPhaseDate" : "2019-05-12T01:12+0000",
          "age" : 10,
          "timeZone" : 2,
          "sign" : "virgo",
          "moonPhase" : "phase2"
        },
        {
          "date" : "2019-05-14T12:56+0000",
          "signDate" : "2019-05-14T18:53+0000",
          "moonPhaseDate" : "2019-05-12T01:12+0000",
          "age" : 11,
          "timeZone" : 2,
          "sign" : "libra",
          "moonPhase" : "phase2"
        },
        {
          "date" : "2019-05-15T14:12+0000",
          "signDate" : "2019-05-14T18:53+0000",
          "moonPhaseDate" : "2019-05-12T01:12+0000",
          "age" : 12,
          "timeZone" : 2,
          "moonPhase" : "phase2",
          "sign" : "libra"
        },
        {
          "date" : "2019-05-16T15:29+0000",
          "signDate" : "2019-05-16T21:25+0000",
          "moonPhaseDate" : "2019-05-12T01:12+0000",
          "age" : 13,
          "moonPhase" : "phase2",
          "sign" : "scorpio",
          "timeZone" : 2
        },
        {
          "date" : "2019-05-17T16:45+0000",
          "signDate" : "2019-05-16T21:25+0000",
          "moonPhaseDate" : "2019-05-12T01:12+0000",
          "age" : 14,
          "timeZone" : 2,
          "sign" : "scorpio",
          "moonPhase" : "phase2"
        },
        {
          "date" : "2019-05-18T17:59+0000",
          "signDate" : "2019-05-16T21:25+0000",
          "moonPhaseDate" : "2019-05-18T21:11+0000",
          "age" : 15,
          "timeZone" : 2,
          "moonPhase" : "fullMoon",
          "sign" : "scorpio"
        },
        {
          "date" : "2019-05-19T19:11+0000",
          "signDate" : "2019-05-19T01:19+0000",
          "moonPhaseDate" : "2019-05-18T21:11+0000",
          "age" : 16,
          "timeZone" : 2,
          "moonPhase" : "phase3",
          "sign" : "sagittarius"
        },
        {
          "date" : "2019-05-20T20:18+0000",
          "signDate" : "2019-05-19T01:19+0000",
          "moonPhaseDate" : "2019-05-18T21:11+0000",
          "age" : 17,
          "timeZone" : 2,
          "sign" : "sagittarius",
          "moonPhase" : "phase3"
        },
        {
          "date" : "2019-05-21T21:17+0000",
          "signDate" : "2019-05-21T07:56+0000",
          "moonPhaseDate" : "2019-05-18T21:11+0000",
          "age" : 18,
          "timeZone" : 2,
          "sign" : "capricorn",
          "moonPhase" : "phase3"
        },
        {
          "date" : "2019-05-22T22:08+0000",
          "signDate" : "2019-05-23T17:51+0000",
          "moonPhaseDate" : "2019-05-18T21:11+0000",
          "age" : 19,
          "timeZone" : 2,
          "moonPhase" : "phase3",
          "sign" : "aquarius"
        },
        {
          "date" : "2019-05-23T22:51+0000",
          "signDate" : "2019-05-23T17:51+0000",
          "moonPhaseDate" : "2019-05-18T21:11+0000",
          "age" : 20,
          "timeZone" : 2,
          "sign" : "aquarius",
          "moonPhase" : "phase3"
        },
        {
          "date" : "2019-05-24T23:26+0000",
          "signDate" : "2019-05-23T17:51+0000",
          "moonPhaseDate" : "2019-05-18T21:11+0000",
          "age" : 21,
          "timeZone" : 2,
          "sign" : "aquarius",
          "moonPhase" : "phase3"
        },
        {
          "date" : "2019-05-25T23:55+0000",
          "signDate" : "2019-05-26T06:07+0000",
          "age" : 22,
          "moonPhaseDate" : "2019-05-26T16:33+0000",
          "timeZone" : 2,
          "sign" : "pisces",
          "moonPhase" : "phase4"
        },
        {
          "date" : "2019-05-27T00:21+0000",
          "signDate" : "2019-05-26T06:07+0000",
          "moonPhaseDate" : "2019-05-26T16:33+0000",
          "age" : 23,
          "moonPhase" : "phase4",
          "sign" : "pisces",
          "timeZone" : 2
        },
        {
          "date" : "2019-05-28T00:43+0000",
          "signDate" : "2019-05-28T18:29+0000",
          "age" : 24,
          "moonPhaseDate" : "2019-05-26T16:33+0000",
          "timeZone" : 2,
          "sign" : "aries",
          "moonPhase" : "phase4"
        },
        {
          "date" : "2019-05-29T01:04+0000",
          "signDate" : "2019-05-28T18:29+0000",
          "moonPhaseDate" : "2019-05-26T16:33+0000",
          "age" : 25,
          "timeZone" : 2,
          "sign" : "aries",
          "moonPhase" : "phase4"
        },
        {
          "date" : "2019-05-30T01:25+0000",
          "signDate" : "2019-05-28T18:29+0000",
          "age" : 26,
          "moonPhaseDate" : "2019-05-26T16:33+0000",
          "timeZone" : 2,
          "sign" : "aries",
          "moonPhase" : "phase4"
        },
        {
          "date" : "2019-05-31T01:47+0000",
          "signDate" : "2019-05-31T04:44+0000",
          "moonPhaseDate" : "2019-05-26T16:33+0000",
          "age" : 27,
          "timeZone" : 2,
          "sign" : "taurus",
          "moonPhase" : "phase4"
        },
        {
          "date" : "2019-06-01T02:11+0000",
          "signDate" : "2019-05-31T04:44+0000",
          "moonPhaseDate" : null,
          "age" : 28,
          "moonPhase" : "phase4",
          "sign" : "taurus",
          "timeZone" : 2
        },
        {
          "date" : "2019-06-02T02:38+0000",
          "signDate" : "2019-06-02T11:51+0000",
          "age" : 29,
          "moonPhaseDate" : null,
          "timeZone" : 2,
          "sign" : "gemini",
          "moonPhase" : "phase4"
        },
        {
          "date" : "2019-06-03T03:11+0000",
          "signDate" : "2019-06-02T11:51+0000",
          "moonPhaseDate" : "2019-06-03T10:02+0000",
          "age" : 30,
          "timeZone" : 2,
          "sign" : "gemini",
          "moonPhase" : "newMoon"
        },
        {
          "date" : "2019-06-03T10:02+0000",
          "signDate" : "2019-06-02T11:51+0000",
          "moonPhaseDate" : "2019-06-03T10:02+0000",
          "age" : 1,
          "timeZone" : 2,
          "sign" : "gemini",
          "moonPhase" : "newMoon"
        },
        {
          "date" : "2019-06-04T03:52+0000",
          "signDate" : "2019-06-04T16:18+0000",
          "age" : 2,
          "moonPhaseDate" : "2019-06-03T10:02+0000",
          "timeZone" : 2,
          "sign" : "cancer",
          "moonPhase" : "phase1"
        },
        {
          "date" : "2019-06-05T04:43+0000",
          "signDate" : "2019-06-04T16:18+0000",
          "moonPhaseDate" : "2019-06-03T10:02+0000",
          "age" : 3,
          "moonPhase" : "phase1",
          "sign" : "cancer",
          "timeZone" : 2
        },
        {
          "date" : "2019-06-06T05:45+0000",
          "signDate" : "2019-06-06T19:14+0000",
          "moonPhaseDate" : "2019-06-03T10:02+0000",
          "age" : 4,
          "timeZone" : 2,
          "sign" : "leo",
          "moonPhase" : "phase1"
        },
        {
          "date" : "2019-06-07T06:55+0000",
          "signDate" : "2019-06-06T19:14+0000",
          "moonPhaseDate" : "2019-06-03T10:02+0000",
          "age" : 5,
          "timeZone" : 2,
          "sign" : "leo",
          "moonPhase" : "phase1"
        },
        {
          "date" : "2019-06-08T08:10+0000",
          "signDate" : "2019-06-08T21:43+0000",
          "age" : 6,
          "moonPhaseDate" : "2019-06-03T10:02+0000",
          "timeZone" : 2,
          "sign" : "virgo",
          "moonPhase" : "phase1"
        },
        {
          "date" : "2019-06-09T09:27+0000",
          "signDate" : "2019-06-08T21:43+0000",
          "moonPhaseDate" : "2019-06-03T10:02+0000",
          "age" : 7,
          "timeZone" : 2,
          "sign" : "virgo",
          "moonPhase" : "phase1"
        },
        {
          "date" : "2019-06-10T10:44+0000",
          "signDate" : "2019-06-08T21:43+0000",
          "age" : 8,
          "moonPhaseDate" : "2019-06-10T05:59+0000",
          "timeZone" : 2,
          "sign" : "virgo",
          "moonPhase" : "phase2"
        },
        {
          "date" : "2019-06-11T12:00+0000",
          "signDate" : "2019-06-11T00:30+0000",
          "moonPhaseDate" : "2019-06-10T05:59+0000",
          "age" : 9,
          "moonPhase" : "phase2",
          "sign" : "libra",
          "timeZone" : 2
        },
        {
          "date" : "2019-06-12T13:15+0000",
          "signDate" : "2019-06-11T00:30+0000",
          "moonPhaseDate" : "2019-06-10T05:59+0000",
          "age" : 10,
          "timeZone" : 2,
          "sign" : "libra",
          "moonPhase" : "phase2"
        },
        {
          "date" : "2019-06-13T14:30+0000",
          "signDate" : "2019-06-13T04:03+0000",
          "moonPhaseDate" : "2019-06-10T05:59+0000",
          "age" : 11,
          "timeZone" : 2,
          "moonPhase" : "phase2",
          "sign" : "scorpio"
        },
        {
          "date" : "2019-06-14T15:43+0000",
          "signDate" : "2019-06-13T04:03+0000",
          "moonPhaseDate" : "2019-06-10T05:59+0000",
          "age" : 12,
          "timeZone" : 2,
          "sign" : "scorpio",
          "moonPhase" : "phase2"
        },
        {
          "date" : "2019-06-15T16:55+0000",
          "signDate" : "2019-06-15T09:01+0000",
          "moonPhaseDate" : "2019-06-10T05:59+0000",
          "age" : 13,
          "timeZone" : 2,
          "moonPhase" : "phase2",
          "sign" : "sagittarius"
        },
        {
          "date" : "2019-06-16T18:03+0000",
          "signDate" : "2019-06-15T09:01+0000",
          "age" : 14,
          "moonPhaseDate" : "2019-06-10T05:59+0000",
          "timeZone" : 2,
          "sign" : "sagittarius",
          "moonPhase" : "phase2"
        },
        {
          "date" : "2019-06-17T19:06+0000",
          "signDate" : "2019-06-17T16:11+0000",
          "moonPhaseDate" : "2019-06-17T08:31+0000",
          "age" : 15,
          "timeZone" : 2,
          "sign" : "capricorn",
          "moonPhase" : "fullMoon"
        },
        {
          "date" : "2019-06-18T20:00+0000",
          "signDate" : "2019-06-17T16:11+0000",
          "moonPhaseDate" : "2019-06-17T08:31+0000",
          "age" : 16,
          "timeZone" : 2,
          "sign" : "capricorn",
          "moonPhase" : "phase3"
        },
        {
          "date" : "2019-06-19T20:47+0000",
          "signDate" : "2019-06-17T16:11+0000",
          "moonPhaseDate" : "2019-06-17T08:31+0000",
          "age" : 17,
          "timeZone" : 2,
          "sign" : "capricorn",
          "moonPhase" : "phase3"
        },
        {
          "date" : "2019-06-20T21:25+0000",
          "signDate" : "2019-06-20T02:01+0000",
          "moonPhaseDate" : "2019-06-17T08:31+0000",
          "age" : 18,
          "timeZone" : 2,
          "sign" : "aquarius",
          "moonPhase" : "phase3"
        },
        {
          "date" : "2019-06-21T21:57+0000",
          "signDate" : "2019-06-20T02:01+0000",
          "age" : 19,
          "moonPhaseDate" : "2019-06-17T08:31+0000",
          "timeZone" : 2,
          "sign" : "aquarius",
          "moonPhase" : "phase3"
        },
        {
          "date" : "2019-06-22T22:24+0000",
          "signDate" : "2019-06-20T02:01+0000",
          "moonPhaseDate" : "2019-06-17T08:31+0000",
          "age" : 20,
          "timeZone" : 2,
          "moonPhase" : "phase3",
          "sign" : "pisces"
        },
        {
          "date" : "2019-06-23T22:47+0000",
          "signDate" : "2019-06-20T02:01+0000",
          "moonPhaseDate" : "2019-06-17T08:31+0000",
          "age" : 21,
          "moonPhase" : "phase3",
          "sign" : "pisces",
          "timeZone" : 2
        },
        {
          "date" : "2019-06-24T23:09+0000",
          "signDate" : "2019-06-25T02:34+0000",
          "moonPhaseDate" : "2019-06-25T09:46+0000",
          "age" : 22,
          "moonPhase" : "phase4",
          "sign" : "aries",
          "timeZone" : 2
        },
        {
          "date" : "2019-06-25T23:29+0000",
          "signDate" : "2019-06-25T02:34+0000",
          "moonPhaseDate" : "2019-06-25T09:46+0000",
          "age" : 23,
          "timeZone" : 2,
          "sign" : "aries",
          "moonPhase" : "phase4"
        },
        {
          "date" : "2019-06-26T23:50+0000",
          "signDate" : "2019-06-27T13:30+0000",
          "age" : 24,
          "moonPhaseDate" : "2019-06-25T09:46+0000",
          "timeZone" : 2,
          "sign" : "taurus",
          "moonPhase" : "phase4"
        },
        {
          "date" : "2019-06-28T00:12+0000",
          "signDate" : "2019-06-27T13:30+0000",
          "moonPhaseDate" : "2019-06-25T09:46+0000",
          "age" : 25,
          "timeZone" : 2,
          "sign" : "taurus",
          "moonPhase" : "phase4"
        },
        {
          "date" : "2019-06-29T00:37+0000",
          "signDate" : "2019-06-29T21:10+0000",
          "moonPhaseDate" : "2019-06-25T09:46+0000",
          "age" : 26,
          "timeZone" : 2,
          "sign" : "gemini",
          "moonPhase" : "phase4"
        },
        {
          "date" : "2019-06-30T01:07+0000",
          "signDate" : "2019-06-29T21:10+0000",
          "moonPhaseDate" : "2019-06-25T09:46+0000",
          "age" : 27,
          "timeZone" : 2,
          "sign" : "gemini",
          "moonPhase" : "phase4"
        },
        {
          "date" : "2019-07-01T01:44+0000",
          "signDate" : "2019-06-29T21:10+0000",
          "moonPhaseDate" : null,
          "age" : 28,
          "moonPhase" : "phase4",
          "sign" : "gemini",
          "timeZone" : 2
        },
        {
          "date" : "2019-07-02T02:31+0000",
          "signDate" : "2019-07-02T01:26+0000",
          "age" : 29,
          "moonPhaseDate" : "2019-07-02T19:16+0000",
          "timeZone" : 2,
          "sign" : "cancer",
          "moonPhase" : "newMoon"
        },
        {
          "date" : "2019-07-02T19:16+0000",
          "signDate" : "2019-07-02T01:26+0000",
          "moonPhaseDate" : "2019-07-02T19:16+0000",
          "age" : 1,
          "timeZone" : 2,
          "sign" : "cancer",
          "moonPhase" : "newMoon"
        },
        {
          "date" : "2019-07-03T03:29+0000",
          "signDate" : "2019-07-02T01:26+0000",
          "age" : 2,
          "moonPhaseDate" : "2019-07-02T19:16+0000",
          "timeZone" : 2,
          "sign" : "cancer",
          "moonPhase" : "phase1"
        },
        {
          "date" : "2019-07-04T04:37+0000",
          "signDate" : "2019-07-04T03:21+0000",
          "moonPhaseDate" : "2019-07-02T19:16+0000",
          "age" : 3,
          "timeZone" : 2,
          "sign" : "leo",
          "moonPhase" : "phase1"
        },
        {
          "date" : "2019-07-05T05:53+0000",
          "signDate" : "2019-07-04T03:21+0000",
          "age" : 4,
          "moonPhaseDate" : "2019-07-02T19:16+0000",
          "timeZone" : 2,
          "sign" : "leo",
          "moonPhase" : "phase1"
        },
        {
          "date" : "2019-07-06T07:12+0000",
          "signDate" : "2019-07-06T04:25+0000",
          "moonPhaseDate" : "2019-07-02T19:16+0000",
          "age" : 5,
          "timeZone" : 2,
          "moonPhase" : "phase1",
          "sign" : "virgo"
        },
        {
          "date" : "2019-07-07T08:32+0000",
          "signDate" : "2019-07-06T04:25+0000",
          "moonPhaseDate" : "2019-07-02T19:16+0000",
          "age" : 6,
          "timeZone" : 2,
          "sign" : "virgo",
          "moonPhase" : "phase1"
        },
        {
          "date" : "2019-07-08T09:49+0000",
          "signDate" : "2019-07-08T06:07+0000",
          "moonPhaseDate" : "2019-07-02T19:16+0000",
          "age" : 7,
          "timeZone" : 2,
          "sign" : "libra",
          "moonPhase" : "phase1"
        },
        {
          "date" : "2019-07-09T11:05+0000",
          "signDate" : "2019-07-08T06:07+0000",
          "age" : 8,
          "moonPhaseDate" : "2019-07-09T10:55+0000",
          "timeZone" : 2,
          "sign" : "libra",
          "moonPhase" : "phase2"
        },
        {
          "date" : "2019-07-10T12:20+0000",
          "signDate" : "2019-07-10T09:28+0000",
          "moonPhaseDate" : "2019-07-09T10:55+0000",
          "age" : 9,
          "timeZone" : 2,
          "sign" : "scorpio",
          "moonPhase" : "phase2"
        },
        {
          "date" : "2019-07-11T13:33+0000",
          "signDate" : "2019-07-10T09:28+0000",
          "moonPhaseDate" : "2019-07-09T10:55+0000",
          "age" : 10,
          "timeZone" : 2,
          "moonPhase" : "phase2",
          "sign" : "scorpio"
        },
        {
          "date" : "2019-07-12T14:44+0000",
          "signDate" : "2019-07-12T15:04+0000",
          "moonPhaseDate" : "2019-07-09T10:55+0000",
          "age" : 11,
          "timeZone" : 2,
          "sign" : "sagittarius",
          "moonPhase" : "phase2"
        },
        {
          "date" : "2019-07-13T15:53+0000",
          "signDate" : "2019-07-12T15:04+0000",
          "age" : 12,
          "moonPhaseDate" : "2019-07-09T10:55+0000",
          "timeZone" : 2,
          "sign" : "sagittarius",
          "moonPhase" : "phase2"
        },
        {
          "date" : "2019-07-14T16:56+0000",
          "signDate" : "2019-07-12T15:04+0000",
          "moonPhaseDate" : "2019-07-09T10:55+0000",
          "age" : 13,
          "timeZone" : 2,
          "sign" : "sagittarius",
          "moonPhase" : "phase2"
        },
        {
          "date" : "2019-07-15T17:54+0000",
          "signDate" : "2019-07-14T23:03+0000",
          "moonPhaseDate" : "2019-07-09T10:55+0000",
          "age" : 14,
          "timeZone" : 2,
          "sign" : "capricorn",
          "moonPhase" : "phase2"
        },
        {
          "date" : "2019-07-16T18:43+0000",
          "signDate" : "2019-07-14T23:03+0000",
          "moonPhaseDate" : "2019-07-16T21:38+0000",
          "age" : 15,
          "timeZone" : 2,
          "sign" : "capricorn",
          "moonPhase" : "fullMoon"
        },
        {
          "date" : "2019-07-17T19:24+0000",
          "signDate" : "2019-07-17T09:18+0000",
          "moonPhaseDate" : "2019-07-16T21:38+0000",
          "age" : 16,
          "timeZone" : 2,
          "sign" : "aquarius",
          "moonPhase" : "phase3"
        },
        {
          "date" : "2019-07-18T19:58+0000",
          "signDate" : "2019-07-17T09:18+0000",
          "moonPhaseDate" : "2019-07-16T21:38+0000",
          "age" : 17,
          "timeZone" : 2,
          "moonPhase" : "phase3",
          "sign" : "aquarius"
        },
        {
          "date" : "2019-07-19T20:27+0000",
          "signDate" : "2019-07-19T21:19+0000",
          "moonPhaseDate" : "2019-07-16T21:38+0000",
          "age" : 18,
          "timeZone" : 2,
          "sign" : "pisces",
          "moonPhase" : "phase3"
        },
        {
          "date" : "2019-07-20T20:51+0000",
          "signDate" : "2019-07-19T21:19+0000",
          "moonPhaseDate" : "2019-07-16T21:38+0000",
          "age" : 19,
          "moonPhase" : "phase3",
          "sign" : "pisces",
          "timeZone" : 2
        },
        {
          "date" : "2019-07-21T21:13+0000",
          "signDate" : "2019-07-19T21:19+0000",
          "age" : 20,
          "moonPhaseDate" : "2019-07-16T21:38+0000",
          "timeZone" : 2,
          "sign" : "pisces",
          "moonPhase" : "phase3"
        },
        {
          "date" : "2019-07-22T21:34+0000",
          "signDate" : "2019-07-22T10:01+0000",
          "moonPhaseDate" : "2019-07-16T21:38+0000",
          "age" : 21,
          "moonPhase" : "phase3",
          "sign" : "aries",
          "timeZone" : 2
        },
        {
          "signDate" : "2019-07-22T10:01+0000",
          "sign" : "aries",
          "age" : 22,
          "moonPhaseDate" : "2019-07-16T21:38+0000",
          "moonPhase" : "phase3",
          "date" : "2019-07-23T21:54+0000",
          "timeZone" : 2
        },
        {
          "signDate" : "2019-07-22T10:01+0000",
          "sign" : "taurus",
          "age" : 23,
          "moonPhaseDate" : "2019-07-25T01:18+0000",
          "moonPhase" : "phase4",
          "date" : "2019-07-24T22:15+0000",
          "timeZone" : 2
        },
        {
          "signDate" : "2019-07-22T10:01+0000",
          "sign" : "taurus",
          "age" : 24,
          "moonPhaseDate" : "2019-07-25T01:18+0000",
          "moonPhase" : "phase4",
          "date" : "2019-07-25T22:38+0000",
          "timeZone" : 2
        },
        {
          "signDate" : "2019-07-27T06:28+0000",
          "sign" : "gemini",
          "moonPhaseDate" : "2019-07-25T01:18+0000",
          "age" : 25,
          "moonPhase" : "phase4",
          "date" : "2019-07-26T23:05+0000",
          "timeZone" : 2
        },
        {
          "signDate" : "2019-07-27T06:28+0000",
          "sign" : "gemini",
          "age" : 26,
          "moonPhaseDate" : "2019-07-25T01:18+0000",
          "moonPhase" : "phase4",
          "date" : "2019-07-27T23:38+0000",
          "timeZone" : 2
        },
        {
          "signDate" : "2019-07-29T11:30+0000",
          "sign" : "cancer",
          "moonPhaseDate" : "2019-07-25T01:18+0000",
          "age" : 27,
          "moonPhase" : "phase4",
          "date" : "2019-07-29T00:19+0000",
          "timeZone" : 2
        },
        {
          "signDate" : "2019-07-29T11:30+0000",
          "sign" : "cancer",
          "age" : 28,
          "moonPhaseDate" : "2019-07-25T01:18+0000",
          "moonPhase" : "phase4",
          "date" : "2019-07-30T01:10+0000",
          "timeZone" : 2
        },
        {
          "signDate" : "2019-07-31T13:18+0000",
          "sign" : "leo",
          "moonPhaseDate" : "2019-07-25T01:18+0000",
          "age" : 29,
          "moonPhase" : "phase4",
          "date" : "2019-07-31T02:13+0000",
          "timeZone" : 2
        },
        {
          "signDate" : "2019-07-31T13:18+0000",
          "sign" : "leo",
          "age" : 1,
          "moonPhaseDate" : "2019-08-01T03:12+0000",
          "moonPhase" : "newMoon",
          "date" : "2019-08-01T03:12+0000",
          "timeZone" : 2
        },
        {
          "signDate" : "2019-07-31T13:18+0000",
          "sign" : "leo",
          "age" : 2,
          "moonPhaseDate" : "2019-08-01T03:12+0000",
          "moonPhase" : "newMoon",
          "date" : "2019-08-01T03:28+0000",
          "timeZone" : 2
        },
        {
          "signDate" : "2019-08-02T13:23+0000",
          "sign" : "virgo",
          "age" : 3,
          "moonPhaseDate" : "2019-08-01T03:12+0000",
          "moonPhase" : "phase1",
          "date" : "2019-08-02T04:48+0000",
          "timeZone" : 2
        },
        {
          "signDate" : "2019-08-02T13:23+0000",
          "sign" : "virgo",
          "age" : 4,
          "moonPhaseDate" : "2019-08-01T03:12+0000",
          "moonPhase" : "phase1",
          "date" : "2019-08-03T06:10+0000",
          "timeZone" : 2
        },
        {
          "signDate" : "2019-08-04T13:32+0000",
          "sign" : "libra",
          "moonPhaseDate" : "2019-08-01T03:12+0000",
          "age" : 5,
          "moonPhase" : "phase1",
          "date" : "2019-08-04T07:32+0000",
          "timeZone" : 2
        },
        {
          "signDate" : "2019-08-04T13:32+0000",
          "sign" : "libra",
          "moonPhaseDate" : "2019-08-01T03:12+0000",
          "age" : 6,
          "moonPhase" : "phase1",
          "date" : "2019-08-05T08:51+0000",
          "timeZone" : 2
        },
        {
          "signDate" : "2019-08-06T15:31+0000",
          "sign" : "scorpio",
          "age" : 7,
          "moonPhaseDate" : "2019-08-01T03:12+0000",
          "moonPhase" : "phase1",
          "date" : "2019-08-06T10:08+0000",
          "timeZone" : 2
        },
        {
          "signDate" : "2019-08-06T15:31+0000",
          "sign" : "scorpio",
          "age" : 8,
          "moonPhaseDate" : "2019-08-07T17:31+0000",
          "moonPhase" : "phase2",
          "date" : "2019-08-07T11:23+0000",
          "timeZone" : 2
        },
        {
          "signDate" : "2019-08-08T20:32+0000",
          "sign" : "sagittarius",
          "moonPhaseDate" : "2019-08-07T17:31+0000",
          "age" : 9,
          "moonPhase" : "phase2",
          "date" : "2019-08-08T12:36+0000",
          "timeZone" : 2
        },
        {
          "signDate" : "2019-08-08T20:32+0000",
          "sign" : "sagittarius",
          "moonPhaseDate" : "2019-08-07T17:31+0000",
          "age" : 10,
          "moonPhase" : "phase2",
          "date" : "2019-08-09T13:45+0000",
          "timeZone" : 2
        },
        {
          "signDate" : "2019-08-08T20:32+0000",
          "sign" : "sagittarius",
          "age" : 11,
          "moonPhaseDate" : "2019-08-07T17:31+0000",
          "moonPhase" : "phase2",
          "date" : "2019-08-10T14:50+0000",
          "timeZone" : 2
        },
        {
          "signDate" : "2019-08-11T04:48+0000",
          "sign" : "capricorn",
          "age" : 12,
          "moonPhaseDate" : "2019-08-07T17:31+0000",
          "moonPhase" : "phase2",
          "date" : "2019-08-11T15:49+0000",
          "timeZone" : 2
        },
        {
          "signDate" : "2019-08-11T04:48+0000",
          "sign" : "capricorn",
          "moonPhaseDate" : "2019-08-07T17:31+0000",
          "age" : 13,
          "moonPhase" : "phase2",
          "date" : "2019-08-12T16:40+0000",
          "timeZone" : 2
        },
        {
          "signDate" : "2019-08-13T15:36+0000",
          "sign" : "aquarius",
          "age" : 14,
          "moonPhaseDate" : "2019-08-07T17:31+0000",
          "moonPhase" : "phase2",
          "date" : "2019-08-13T17:24+0000",
          "timeZone" : 2
        },
        {
          "signDate" : "2019-08-13T15:36+0000",
          "sign" : "aquarius",
          "moonPhaseDate" : "2019-08-07T17:31+0000",
          "moonPhase" : "phase2",
          "age" : 15,
          "date" : "2019-08-14T17:59+0000",
          "timeZone" : 2
        },
        {
          "signDate" : "2019-08-13T15:36+0000",
          "sign" : "aquarius",
          "moonPhaseDate" : "2019-08-15T12:29+0000",
          "moonPhase" : "fullMoon",
          "age" : 16,
          "date" : "2019-08-15T18:29+0000",
          "timeZone" : 2
        },
        {
          "signDate" : "2019-08-16T03:50+0000",
          "sign" : "pisces",
          "age" : 17,
          "moonPhase" : "phase3",
          "moonPhaseDate" : "2019-08-15T12:29+0000",
          "date" : "2019-08-16T18:55+0000",
          "timeZone" : 2
        },
        {
          "signDate" : "2019-08-16T03:50+0000",
          "sign" : "pisces",
          "moonPhaseDate" : "2019-08-15T12:29+0000",
          "age" : 18,
          "moonPhase" : "phase3",
          "date" : "2019-08-17T19:18+0000",
          "timeZone" : 2
        },
        {
          "signDate" : "2019-08-18T16:32+0000",
          "sign" : "aries",
          "moonPhaseDate" : "2019-08-15T12:29+0000",
          "age" : 19,
          "moonPhase" : "phase3",
          "date" : "2019-08-18T19:38+0000",
          "timeZone" : 2
        },
        {
          "signDate" : "2019-08-18T16:32+0000",
          "sign" : "aries",
          "moonPhaseDate" : "2019-08-15T12:29+0000",
          "moonPhase" : "phase3",
          "age" : 20,
          "date" : "2019-08-19T19:58+0000",
          "timeZone" : 2
        },
        {
          "signDate" : "2019-08-18T16:32+0000",
          "sign" : "aries",
          "moonPhaseDate" : "2019-08-15T12:29+0000",
          "age" : 21,
          "moonPhase" : "phase3",
          "date" : "2019-08-20T20:19+0000",
          "timeZone" : 2
        },
        {
          "signDate" : "2019-08-21T04:36+0000",
          "sign" : "taurus",
          "age" : 22,
          "moonPhaseDate" : "2019-08-15T12:29+0000",
          "moonPhase" : "phase3",
          "date" : "2019-08-21T20:41+0000",
          "timeZone" : 2
        },
        {
          "signDate" : "2019-08-21T04:36+0000",
          "sign" : "taurus",
          "age" : 23,
          "moonPhase" : "phase3",
          "moonPhaseDate" : "2019-08-15T12:29+0000",
          "date" : "2019-08-22T21:05+0000",
          "timeZone" : 2
        },
        {
          "signDate" : "2019-08-23T14:34+0000",
          "sign" : "gemini",
          "moonPhaseDate" : "2019-08-23T14:56+0000",
          "age" : 24,
          "moonPhase" : "phase4",
          "date" : "2019-08-23T21:34+0000",
          "timeZone" : 2
        },
        {
          "signDate" : "2019-08-25T21:05+0000",
          "sign" : "cancer",
          "age" : 25,
          "moonPhase" : "phase4",
          "moonPhaseDate" : "2019-08-23T14:56+0000",
          "date" : "2019-08-24T22:10+0000",
          "timeZone" : 2
        },
        {
          "signDate" : "2019-08-25T21:05+0000",
          "sign" : "cancer",
          "moonPhaseDate" : "2019-08-23T14:56+0000",
          "moonPhase" : "phase4",
          "age" : 26,
          "date" : "2019-08-25T22:56+0000",
          "timeZone" : 2
        },
        {
          "signDate" : "2019-08-25T21:05+0000",
          "sign" : "cancer",
          "age" : 27,
          "moonPhaseDate" : "2019-08-23T14:56+0000",
          "moonPhase" : "phase4",
          "date" : "2019-08-26T23:52+0000",
          "timeZone" : 2
        },
        {
          "signDate" : "2019-08-27T23:51+0000",
          "sign" : "leo",
          "age" : 28,
          "moonPhaseDate" : "2019-08-23T14:56+0000",
          "moonPhase" : "phase4",
          "date" : "2019-08-28T01:00+0000",
          "timeZone" : 2
        },
        {
          "signDate" : "2019-08-27T23:51+0000",
          "sign" : "leo",
          "moonPhaseDate" : "2019-08-23T14:56+0000",
          "moonPhase" : "phase4",
          "age" : 29,
          "date" : "2019-08-29T02:18+0000",
          "timeZone" : 2
        },
        {
          "signDate" : "2019-08-29T23:57+0000",
          "sign" : "virgo",
          "moonPhaseDate" : "2019-08-30T10:37+0000",
          "age" : 30,
          "moonPhase" : "newMoon",
          "date" : "2019-08-30T03:40+0000",
          "timeZone" : 2
        },
        {
          "signDate" : "2019-08-29T23:57+0000",
          "sign" : "virgo",
          "age" : 1,
          "moonPhaseDate" : "2019-08-30T10:37+0000",
          "moonPhase" : "newMoon",
          "date" : "2019-08-30T10:37+0000",
          "timeZone" : 2
        },
        {
          "signDate" : "2019-08-29T23:57+0000",
          "sign" : "virgo",
          "moonPhaseDate" : "2019-08-30T10:37+0000",
          "moonPhase" : "phase1",
          "age" : 2,
          "date" : "2019-08-31T05:04+0000",
          "timeZone" : 2
        },
        {
          "signDate" : "2019-08-31T23:12+0000",
          "sign" : "libra",
          "age" : 3,
          "moonPhaseDate" : null,
          "moonPhase" : "phase1",
          "date" : "2019-09-01T06:27+0000",
          "timeZone" : 2
        },
        {
          "signDate" : "2019-08-31T23:12+0000",
          "sign" : "libra",
          "age" : 4,
          "moonPhaseDate" : null,
          "moonPhase" : "phase1",
          "date" : "2019-09-02T07:47+0000",
          "timeZone" : 2
        },
        {
          "signDate" : "2019-09-02T23:38+0000",
          "sign" : "scorpio",
          "age" : 5,
          "moonPhaseDate" : null,
          "moonPhase" : "phase1",
          "date" : "2019-09-03T09:06+0000",
          "timeZone" : 2
        },
        {
          "signDate" : "2019-09-02T23:38+0000",
          "sign" : "scorpio",
          "moonPhaseDate" : null,
          "moonPhase" : "phase1",
          "age" : 6,
          "date" : "2019-09-04T10:22+0000",
          "timeZone" : 2
        },
        {
          "signDate" : "2019-09-05T03:06+0000",
          "sign" : "sagittarius",
          "moonPhaseDate" : null,
          "age" : 7,
          "moonPhase" : "phase1",
          "date" : "2019-09-05T11:35+0000",
          "timeZone" : 2
        },
        {
          "signDate" : "2019-09-05T03:06+0000",
          "sign" : "sagittarius",
          "age" : 8,
          "moonPhase" : "phase2",
          "moonPhaseDate" : "2019-09-06T03:10+0000",
          "date" : "2019-09-06T12:43+0000",
          "timeZone" : 2
        },
        {
          "signDate" : "2019-09-07T10:35+0000",
          "sign" : "capricorn",
          "moonPhaseDate" : "2019-09-06T03:10+0000",
          "age" : 9,
          "moonPhase" : "phase2",
          "date" : "2019-09-07T13:44+0000",
          "timeZone" : 2
        },
        {
          "signDate" : "2019-09-07T10:35+0000",
          "sign" : "capricorn",
          "age" : 10,
          "moonPhaseDate" : "2019-09-06T03:10+0000",
          "moonPhase" : "phase2",
          "date" : "2019-09-08T14:39+0000",
          "timeZone" : 2
        },
        {
          "signDate" : "2019-09-09T21:25+0000",
          "sign" : "aquarius",
          "age" : 11,
          "moonPhaseDate" : "2019-09-06T03:10+0000",
          "moonPhase" : "phase2",
          "date" : "2019-09-09T15:24+0000",
          "timeZone" : 2
        },
        {
          "signDate" : "2019-09-09T21:25+0000",
          "sign" : "aquarius",
          "moonPhaseDate" : "2019-09-06T03:10+0000",
          "age" : 12,
          "moonPhase" : "phase2",
          "date" : "2019-09-10T16:02+0000",
          "timeZone" : 2
        },
        {
          "signDate" : "2019-09-09T21:25+0000",
          "sign" : "aquarius",
          "age" : 13,
          "moonPhase" : "phase2",
          "moonPhaseDate" : "2019-09-06T03:10+0000",
          "date" : "2019-09-11T16:33+0000",
          "timeZone" : 2
        },
        {
          "signDate" : "2019-09-12T09:53+0000",
          "sign" : "pisces",
          "moonPhaseDate" : "2019-09-06T03:10+0000",
          "moonPhase" : "phase2",
          "age" : 14,
          "date" : "2019-09-12T17:00+0000",
          "timeZone" : 2
        },
        {
          "signDate" : "2019-09-12T09:53+0000",
          "sign" : "pisces",
          "moonPhaseDate" : "2019-09-06T03:10+0000",
          "moonPhase" : "phase2",
          "age" : 15,
          "date" : "2019-09-13T17:23+0000",
          "timeZone" : 2
        },
        {
          "signDate" : "2019-09-12T09:53+0000",
          "sign" : "pisces",
          "moonPhaseDate" : "2019-09-14T04:33+0000",
          "age" : 16,
          "moonPhase" : "fullMoon",
          "date" : "2019-09-14T17:43+0000",
          "timeZone" : 2
        },
        {
          "signDate" : "2019-09-14T22:32+0000",
          "sign" : "aries",
          "age" : 17,
          "moonPhaseDate" : "2019-09-14T04:33+0000",
          "moonPhase" : "phase3",
          "date" : "2019-09-15T18:04+0000",
          "timeZone" : 2
        },
        {
          "signDate" : "2019-09-14T22:32+0000",
          "sign" : "aries",
          "moonPhaseDate" : "2019-09-14T04:33+0000",
          "age" : 18,
          "moonPhase" : "phase3",
          "date" : "2019-09-16T18:24+0000",
          "timeZone" : 2
        },
        {
          "signDate" : "2019-09-17T10:30+0000",
          "sign" : "taurus",
          "moonPhaseDate" : "2019-09-14T04:33+0000",
          "age" : 19,
          "moonPhase" : "phase3",
          "date" : "2019-09-17T18:45+0000",
          "timeZone" : 2
        },
        {
          "signDate" : "2019-09-17T10:30+0000",
          "sign" : "taurus",
          "age" : 20,
          "moonPhase" : "phase3",
          "moonPhaseDate" : "2019-09-14T04:33+0000",
          "date" : "2019-09-18T19:08+0000",
          "timeZone" : 2
        },
        {
          "signDate" : "2019-09-19T20:58+0000",
          "sign" : "gemini",
          "age" : 21,
          "moonPhase" : "phase3",
          "moonPhaseDate" : "2019-09-14T04:33+0000",
          "date" : "2019-09-19T19:34+0000",
          "timeZone" : 2
        },
        {
          "signDate" : "2019-09-19T20:58+0000",
          "sign" : "gemini",
          "moonPhaseDate" : "2019-09-14T04:33+0000",
          "moonPhase" : "phase3",
          "age" : 22,
          "date" : "2019-09-20T20:07+0000",
          "timeZone" : 2
        },
        {
          "signDate" : "2019-09-19T20:58+0000",
          "sign" : "gemini",
          "age" : 23,
          "moonPhaseDate" : "2019-09-14T04:33+0000",
          "moonPhase" : "phase3",
          "date" : "2019-09-21T20:48+0000",
          "timeZone" : 2
        },
        {
          "signDate" : "2019-09-22T04:52+0000",
          "sign" : "cancer",
          "age" : 24,
          "moonPhase" : "phase4",
          "moonPhaseDate" : "2019-09-22T02:41+0000",
          "date" : "2019-09-22T21:38+0000",
          "timeZone" : 2
        },
        {
          "signDate" : "2019-09-24T09:19+0000",
          "sign" : "leo",
          "moonPhaseDate" : "2019-09-22T02:41+0000",
          "moonPhase" : "phase4",
          "age" : 25,
          "date" : "2019-09-23T22:39+0000",
          "timeZone" : 2
        },
        {
          "signDate" : "2019-09-24T09:19+0000",
          "sign" : "leo",
          "age" : 26,
          "moonPhaseDate" : "2019-09-22T02:41+0000",
          "moonPhase" : "phase4",
          "date" : "2019-09-24T23:50+0000",
          "timeZone" : 2
        },
        {
          "signDate" : "2019-09-26T10:35+0000",
          "sign" : "virgo",
          "moonPhaseDate" : "2019-09-22T02:41+0000",
          "age" : 27,
          "moonPhase" : "phase4",
          "date" : "2019-09-26T01:09+0000",
          "timeZone" : 2
        },
        {
          "signDate" : "2019-09-26T10:35+0000",
          "sign" : "virgo",
          "moonPhaseDate" : "2019-09-22T02:41+0000",
          "age" : 28,
          "moonPhase" : "phase4",
          "date" : "2019-09-27T02:31+0000",
          "timeZone" : 2
        },
        {
          "signDate" : "2019-09-28T10:04+0000",
          "sign" : "libra",
          "age" : 29,
          "moonPhaseDate" : "2019-09-28T18:26+0000",
          "moonPhase" : "newMoon",
          "date" : "2019-09-28T03:55+0000",
          "timeZone" : 2
        },
        {
          "signDate" : "2019-09-28T10:04+0000",
          "sign" : "libra",
          "age" : 1,
          "moonPhaseDate" : "2019-09-28T18:26+0000",
          "moonPhase" : "newMoon",
          "date" : "2019-09-28T18:26+0000",
          "timeZone" : 2
        },
        {
          "signDate" : "2019-09-28T10:04+0000",
          "sign" : "libra",
          "age" : 2,
          "moonPhaseDate" : "2019-09-28T18:26+0000",
          "moonPhase" : "phase1",
          "date" : "2019-09-29T05:18+0000",
          "timeZone" : 2
        },
        {
          "signDate" : "2019-09-30T09:45+0000",
          "sign" : "scorpio",
          "moonPhaseDate" : "2019-09-28T18:26+0000",
          "age" : 3,
          "moonPhase" : "phase1",
          "date" : "2019-09-30T06:39+0000",
          "timeZone" : 2
        },
        {
          "signDate" : "2019-09-30T09:45+0000",
          "sign" : "scorpio",
          "age" : 4,
          "moonPhaseDate" : null,
          "moonPhase" : "phase1",
          "date" : "2019-10-01T07:59+0000",
          "timeZone" : 2
        },
        {
          "signDate" : "2019-10-02T11:45+0000",
          "sign" : "sagittarius",
          "age" : 5,
          "moonPhaseDate" : null,
          "moonPhase" : "phase1",
          "date" : "2019-10-02T09:17+0000",
          "timeZone" : 2
        },
        {
          "signDate" : "2019-10-02T11:45+0000",
          "sign" : "sagittarius",
          "moonPhaseDate" : null,
          "age" : 6,
          "moonPhase" : "phase1",
          "date" : "2019-10-03T10:30+0000",
          "timeZone" : 2
        },
        {
          "signDate" : "2019-10-04T17:41+0000",
          "sign" : "capricorn",
          "moonPhaseDate" : null,
          "moonPhase" : "phase1",
          "age" : 7,
          "date" : "2019-10-04T11:36+0000",
          "timeZone" : 2
        },
        {
          "signDate" : "2019-10-04T17:41+0000",
          "sign" : "capricorn",
          "moonPhaseDate" : "2019-10-05T16:47+0000",
          "age" : 8,
          "moonPhase" : "phase2",
          "date" : "2019-10-05T12:35+0000",
          "timeZone" : 2
        },
        {
          "signDate" : "2019-10-04T17:41+0000",
          "sign" : "capricorn",
          "moonPhaseDate" : "2019-10-05T16:47+0000",
          "moonPhase" : "phase2",
          "age" : 9,
          "date" : "2019-10-06T13:24+0000",
          "timeZone" : 2
        },
        {
          "signDate" : "2019-10-07T03:43+0000",
          "sign" : "aquarius",
          "moonPhaseDate" : "2019-10-05T16:47+0000",
          "age" : 10,
          "moonPhase" : "phase2",
          "date" : "2019-10-07T14:04+0000",
          "timeZone" : 2
        },
        {
          "signDate" : "2019-10-07T03:43+0000",
          "sign" : "aquarius",
          "age" : 11,
          "moonPhaseDate" : "2019-10-05T16:47+0000",
          "moonPhase" : "phase2",
          "date" : "2019-10-08T14:37+0000",
          "timeZone" : 2
        },
        {
          "signDate" : "2019-10-09T16:08+0000",
          "sign" : "pisces",
          "age" : 12,
          "moonPhaseDate" : "2019-10-05T16:47+0000",
          "moonPhase" : "phase2",
          "date" : "2019-10-09T15:05+0000",
          "timeZone" : 2
        },
        {
          "signDate" : "2019-10-09T16:08+0000",
          "sign" : "pisces",
          "moonPhaseDate" : "2019-10-05T16:47+0000",
          "age" : 13,
          "moonPhase" : "phase2",
          "date" : "2019-10-10T15:29+0000",
          "timeZone" : 2
        },
        {
          "signDate" : "2019-10-09T16:08+0000",
          "sign" : "pisces",
          "age" : 14,
          "moonPhaseDate" : "2019-10-05T16:47+0000",
          "moonPhase" : "phase2",
          "date" : "2019-10-11T15:50+0000",
          "timeZone" : 2
        },
        {
          "signDate" : "2019-10-12T04:46+0000",
          "sign" : "aries",
          "age" : 15,
          "moonPhaseDate" : "2019-10-05T16:47+0000",
          "moonPhase" : "phase2",
          "date" : "2019-10-12T16:10+0000",
          "timeZone" : 2
        },
        {
          "signDate" : "2019-10-12T04:46+0000",
          "sign" : "aries",
          "age" : 16,
          "moonPhaseDate" : "2019-10-13T21:08+0000",
          "moonPhase" : "fullMoon",
          "date" : "2019-10-13T16:30+0000",
          "timeZone" : 2
        },
        {
          "signDate" : "2019-10-14T16:23+0000",
          "sign" : "taurus",
          "moonPhaseDate" : "2019-10-13T21:08+0000",
          "age" : 17,
          "moonPhase" : "phase3",
          "date" : "2019-10-14T16:50+0000",
          "timeZone" : 2
        },
        {
          "signDate" : "2019-10-14T16:23+0000",
          "sign" : "taurus",
          "age" : 18,
          "moonPhaseDate" : "2019-10-13T21:08+0000",
          "moonPhase" : "phase3",
          "date" : "2019-10-15T17:12+0000",
          "timeZone" : 2
        },
        {
          "signDate" : "2019-10-14T16:23+0000",
          "sign" : "taurus",
          "moonPhaseDate" : "2019-10-13T21:08+0000",
          "age" : 19,
          "moonPhase" : "phase3",
          "date" : "2019-10-16T17:38+0000",
          "timeZone" : 2
        },
        {
          "signDate" : "2019-10-17T02:29+0000",
          "sign" : "gemini",
          "moonPhaseDate" : "2019-10-13T21:08+0000",
          "age" : 20,
          "moonPhase" : "phase3",
          "date" : "2019-10-17T18:08+0000",
          "timeZone" : 2
        },
        {
          "signDate" : "2019-10-17T02:29+0000",
          "sign" : "gemini",
          "age" : 21,
          "moonPhaseDate" : "2019-10-13T21:08+0000",
          "moonPhase" : "phase3",
          "date" : "2019-10-18T18:45+0000",
          "timeZone" : 2
        },
        {
          "signDate" : "2019-10-19T10:42+0000",
          "sign" : "cancer",
          "moonPhaseDate" : "2019-10-13T21:08+0000",
          "moonPhase" : "phase3",
          "age" : 22,
          "date" : "2019-10-19T19:31+0000",
          "timeZone" : 2
        },
        {
          "signDate" : "2019-10-19T10:42+0000",
          "sign" : "cancer",
          "age" : 23,
          "moonPhase" : "phase3",
          "moonPhaseDate" : "2019-10-13T21:08+0000",
          "date" : "2019-10-20T20:28+0000",
          "timeZone" : 2
        },
        {
          "signDate" : "2019-10-21T16:30+0000",
          "sign" : "leo",
          "age" : 24,
          "moonPhase" : "phase4",
          "moonPhaseDate" : "2019-10-21T12:39+0000",
          "date" : "2019-10-21T21:33+0000",
          "timeZone" : 2
        },
        {
          "signDate" : "2019-10-23T19:30+0000",
          "sign" : "virgo",
          "age" : 25,
          "moonPhaseDate" : "2019-10-21T12:39+0000",
          "moonPhase" : "phase4",
          "date" : "2019-10-22T22:47+0000",
          "timeZone" : 2
        },
        {
          "signDate" : "2019-10-23T19:30+0000",
          "sign" : "virgo",
          "moonPhaseDate" : "2019-10-21T12:39+0000",
          "moonPhase" : "phase4",
          "age" : 26,
          "date" : "2019-10-24T00:05+0000",
          "timeZone" : 2
        },
        {
          "signDate" : "2019-10-25T20:20+0000",
          "sign" : "libra",
          "moonPhaseDate" : "2019-10-21T12:39+0000",
          "age" : 27,
          "moonPhase" : "phase4",
          "date" : "2019-10-25T01:26+0000",
          "timeZone" : 2
        },
        {
          "signDate" : "2019-10-25T20:20+0000",
          "sign" : "libra",
          "age" : 28,
          "moonPhaseDate" : "2019-10-21T12:39+0000",
          "moonPhase" : "phase4",
          "date" : "2019-10-26T02:47+0000",
          "timeZone" : 2
        },
        {
          "signDate" : "2019-10-27T19:31+0000",
          "sign" : "scorpio",
          "moonPhaseDate" : "2019-10-21T12:39+0000",
          "age" : 29,
          "moonPhase" : "phase4",
          "date" : "2019-10-27T03:09+0000",
          "timeZone" : 2
        },
        {
          "signDate" : "2019-10-27T19:31+0000",
          "sign" : "scorpio",
          "moonPhaseDate" : "2019-10-28T02:38+0000",
          "age" : 1,
          "moonPhase" : "newMoon",
          "date" : "2019-10-28T02:38+0000",
          "timeZone" : 2
        },
        {
          "signDate" : "2019-10-27T19:31+0000",
          "sign" : "scorpio",
          "moonPhaseDate" : "2019-10-28T02:38+0000",
          "age" : 2,
          "moonPhase" : "newMoon",
          "date" : "2019-10-28T04:30+0000",
          "timeZone" : 2
        },
        {
          "signDate" : "2019-10-29T21:00+0000",
          "sign" : "sagittarius",
          "moonPhaseDate" : "2019-10-28T02:38+0000",
          "age" : 3,
          "moonPhase" : "phase1",
          "date" : "2019-10-29T05:50+0000",
          "timeZone" : 2
        },
        {
          "signDate" : "2019-10-29T21:00+0000",
          "sign" : "sagittarius",
          "moonPhaseDate" : "2019-10-28T02:38+0000",
          "moonPhase" : "phase1",
          "age" : 4,
          "date" : "2019-10-30T07:08+0000",
          "timeZone" : 2
        },
        {
          "signDate" : "2019-10-29T21:00+0000",
          "sign" : "sagittarius",
          "moonPhaseDate" : "2019-10-28T02:38+0000",
          "moonPhase" : "phase1",
          "age" : 5,
          "date" : "2019-10-31T08:20+0000",
          "timeZone" : 2
        },
        {
          "signDate" : "2019-11-01T01:38+0000",
          "sign" : "capricorn",
          "age" : 6,
          "moonPhase" : "phase1",
          "moonPhaseDate" : null,
          "date" : "2019-11-01T09:24+0000",
          "timeZone" : 2
        },
        {
          "signDate" : "2019-11-01T01:38+0000",
          "sign" : "capricorn",
          "moonPhaseDate" : null,
          "age" : 7,
          "moonPhase" : "phase1",
          "date" : "2019-11-02T10:18+0000",
          "timeZone" : 2
        },
        {
          "signDate" : "2019-11-03T10:21+0000",
          "sign" : "aquarius",
          "moonPhaseDate" : null,
          "moonPhase" : "phase1",
          "age" : 8,
          "date" : "2019-11-03T11:03+0000",
          "timeZone" : 2
        },
        {
          "signDate" : "2019-11-03T10:21+0000",
          "sign" : "aquarius",
          "age" : 9,
          "moonPhaseDate" : "2019-11-04T09:23+0000",
          "moonPhase" : "phase2",
          "date" : "2019-11-04T11:39+0000",
          "timeZone" : 2
        },
        {
          "signDate" : "2019-11-03T10:21+0000",
          "sign" : "aquarius",
          "moonPhaseDate" : "2019-11-04T09:23+0000",
          "moonPhase" : "phase2",
          "age" : 10,
          "date" : "2019-11-05T12:09+0000",
          "timeZone" : 2
        },
        {
          "signDate" : "2019-11-05T22:11+0000",
          "sign" : "pisces",
          "age" : 11,
          "moonPhase" : "phase2",
          "moonPhaseDate" : "2019-11-04T09:23+0000",
          "date" : "2019-11-06T12:34+0000",
          "timeZone" : 2
        },
        {
          "signDate" : "2019-11-05T22:11+0000",
          "sign" : "pisces",
          "age" : 12,
          "moonPhaseDate" : "2019-11-04T09:23+0000",
          "moonPhase" : "phase2",
          "date" : "2019-11-07T12:56+0000",
          "timeZone" : 2
        },
        {
          "signDate" : "2019-11-08T10:50+0000",
          "sign" : "aries",
          "age" : 13,
          "moonPhaseDate" : "2019-11-04T09:23+0000",
          "moonPhase" : "phase2",
          "date" : "2019-11-08T13:16+0000",
          "timeZone" : 2
        },
        {
          "signDate" : "2019-11-08T10:50+0000",
          "sign" : "aries",
          "moonPhaseDate" : "2019-11-04T09:23+0000",
          "moonPhase" : "phase2",
          "age" : 14,
          "date" : "2019-11-09T13:35+0000",
          "timeZone" : 2
        },
        {
          "signDate" : "2019-11-08T10:50+0000",
          "sign" : "aries",
          "age" : 15,
          "moonPhaseDate" : "2019-11-04T09:23+0000",
          "moonPhase" : "phase2",
          "date" : "2019-11-10T13:55+0000",
          "timeZone" : 2
        },
        {
          "signDate" : "2019-11-10T22:19+0000",
          "sign" : "taurus",
          "moonPhaseDate" : "2019-11-04T09:23+0000",
          "age" : 16,
          "moonPhase" : "phase2",
          "date" : "2019-11-11T14:16+0000",
          "timeZone" : 2
        },
        {
          "signDate" : "2019-11-10T22:19+0000",
          "sign" : "taurus",
          "age" : 17,
          "moonPhaseDate" : "2019-11-12T12:35+0000",
          "moonPhase" : "fullMoon",
          "date" : "2019-11-12T14:41+0000",
          "timeZone" : 2
        },
        {
          "signDate" : "2019-11-13T07:45+0000",
          "sign" : "gemini",
          "age" : 18,
          "moonPhase" : "phase3",
          "moonPhaseDate" : "2019-11-12T12:35+0000",
          "date" : "2019-11-13T15:09+0000",
          "timeZone" : 2
        },
        {
          "signDate" : "2019-11-13T07:45+0000",
          "sign" : "gemini",
          "age" : 19,
          "moonPhaseDate" : "2019-11-12T12:35+0000",
          "moonPhase" : "phase3",
          "date" : "2019-11-14T15:44+0000",
          "timeZone" : 2
        },
        {
          "signDate" : "2019-11-15T15:12+0000",
          "sign" : "cancer",
          "moonPhaseDate" : "2019-11-12T12:35+0000",
          "moonPhase" : "phase3",
          "age" : 20,
          "date" : "2019-11-15T16:28+0000",
          "timeZone" : 2
        },
        {
          "signDate" : "2019-11-15T15:12+0000",
          "sign" : "cancer",
          "age" : 21,
          "moonPhaseDate" : "2019-11-12T12:35+0000",
          "moonPhase" : "phase3",
          "date" : "2019-11-16T17:21+0000",
          "timeZone" : 2
        },
        {
          "signDate" : "2019-11-17T20:54+0000",
          "sign" : "leo",
          "age" : 22,
          "moonPhaseDate" : "2019-11-12T12:35+0000",
          "moonPhase" : "phase3",
          "date" : "2019-11-17T18:24+0000",
          "timeZone" : 2
        },
        {
          "signDate" : "2019-11-17T20:54+0000",
          "sign" : "leo",
          "moonPhaseDate" : "2019-11-12T12:35+0000",
          "age" : 23,
          "moonPhase" : "phase3",
          "date" : "2019-11-18T19:35+0000",
          "timeZone" : 2
        },
        {
          "signDate" : "2019-11-17T20:54+0000",
          "sign" : "leo",
          "age" : 24,
          "moonPhaseDate" : "2019-11-19T20:11+0000",
          "moonPhase" : "phase4",
          "date" : "2019-11-19T20:50+0000",
          "timeZone" : 2
        },
        {
          "signDate" : "2019-11-17T20:54+0000",
          "sign" : "virgo",
          "age" : 25,
          "moonPhaseDate" : "2019-11-19T20:11+0000",
          "moonPhase" : "phase4",
          "date" : "2019-11-20T22:08+0000",
          "timeZone" : 2
        },
        {
          "signDate" : "2019-11-22T03:22+0000",
          "sign" : "libra",
          "age" : 26,
          "moonPhase" : "phase4",
          "moonPhaseDate" : "2019-11-19T20:11+0000",
          "date" : "2019-11-21T23:26+0000",
          "timeZone" : 2
        },
        {
          "signDate" : "2019-11-22T03:22+0000",
          "sign" : "libra",
          "age" : 27,
          "moonPhaseDate" : "2019-11-19T20:11+0000",
          "moonPhase" : "phase4",
          "date" : "2019-11-23T00:45+0000",
          "timeZone" : 2
        },
        {
          "signDate" : "2019-11-24T05:01+0000",
          "sign" : "scorpio",
          "moonPhaseDate" : "2019-11-19T20:11+0000",
          "moonPhase" : "phase4",
          "age" : 28,
          "date" : "2019-11-24T02:04+0000",
          "timeZone" : 2
        },
        {
          "signDate" : "2019-11-24T05:01+0000",
          "sign" : "scorpio",
          "age" : 29,
          "moonPhaseDate" : "2019-11-19T20:11+0000",
          "moonPhase" : "phase4",
          "date" : "2019-11-25T03:23+0000",
          "timeZone" : 2
        },
        {
          "signDate" : "2019-11-26T07:12+0000",
          "sign" : "sagittarius",
          "age" : 30,
          "moonPhaseDate" : "2019-11-26T14:06+0000",
          "moonPhase" : "newMoon",
          "date" : "2019-11-26T04:41+0000",
          "timeZone" : 2
        },
        {
          "signDate" : "2019-11-26T07:12+0000",
          "sign" : "sagittarius",
          "moonPhaseDate" : "2019-11-26T14:06+0000",
          "age" : 1,
          "moonPhase" : "newMoon",
          "date" : "2019-11-26T14:06+0000",
          "timeZone" : 2
        },
        {
          "signDate" : "2019-11-26T07:12+0000",
          "sign" : "sagittarius",
          "moonPhaseDate" : "2019-11-26T14:06+0000",
          "moonPhase" : "phase1",
          "age" : 2,
          "date" : "2019-11-27T05:57+0000",
          "timeZone" : 2
        },
        {
          "signDate" : "2019-11-28T11:32+0000",
          "sign" : "capricorn",
          "moonPhaseDate" : "2019-11-26T14:06+0000",
          "moonPhase" : "phase1",
          "age" : 3,
          "date" : "2019-11-28T07:06+0000",
          "timeZone" : 2
        },
        {
          "signDate" : "2019-11-28T11:32+0000",
          "sign" : "capricorn",
          "age" : 4,
          "moonPhaseDate" : "2019-11-26T14:06+0000",
          "moonPhase" : "phase1",
          "date" : "2019-11-29T08:07+0000",
          "timeZone" : 2
        },
        {
          "signDate" : "2019-11-30T19:15+0000",
          "sign" : "aquarius",
          "age" : 5,
          "moonPhase" : "phase1",
          "moonPhaseDate" : "2019-11-26T14:06+0000",
          "date" : "2019-11-30T08:57+0000",
          "timeZone" : 2
        },
        {
          "signDate" : "2019-11-30T19:15+0000",
          "sign" : "aquarius",
          "moonPhaseDate" : null,
          "age" : 6,
          "moonPhase" : "phase1",
          "date" : "2019-12-01T09:38+0000",
          "timeZone" : 2
        },
        {
          "signDate" : "2019-11-30T19:15+0000",
          "sign" : "aquarius",
          "age" : 7,
          "moonPhaseDate" : null,
          "moonPhase" : "phase1",
          "date" : "2019-12-02T10:11+0000",
          "timeZone" : 2
        },
        {
          "signDate" : "2019-12-03T06:14+0000",
          "sign" : "pisces",
          "moonPhaseDate" : null,
          "moonPhase" : "phase1",
          "age" : 8,
          "date" : "2019-12-03T10:38+0000",
          "timeZone" : 2
        },
        {
          "signDate" : "2019-12-03T06:14+0000",
          "sign" : "pisces",
          "age" : 9,
          "moonPhaseDate" : "2019-12-04T05:58+0000",
          "moonPhase" : "phase2",
          "date" : "2019-12-04T11:00+0000",
          "timeZone" : 2
        },
        {
          "signDate" : "2019-12-05T18:46+0000",
          "sign" : "aries",
          "age" : 10,
          "moonPhaseDate" : "2019-12-04T05:58+0000",
          "moonPhase" : "phase2",
          "date" : "2019-12-05T11:21+0000",
          "timeZone" : 2
        },
        {
          "signDate" : "2019-12-05T18:46+0000",
          "sign" : "aries",
          "age" : 11,
          "moonPhaseDate" : "2019-12-04T05:58+0000",
          "moonPhase" : "phase2",
          "date" : "2019-12-06T11:40+0000",
          "timeZone" : 2
        },
        {
          "signDate" : "2019-12-05T18:46+0000",
          "sign" : "aries",
          "age" : 12,
          "moonPhase" : "phase2",
          "moonPhaseDate" : "2019-12-04T05:58+0000",
          "date" : "2019-12-07T12:00+0000",
          "timeZone" : 2
        },
        {
          "signDate" : "2019-12-08T06:31+0000",
          "sign" : "taurus",
          "moonPhaseDate" : "2019-12-04T05:58+0000",
          "age" : 13,
          "moonPhase" : "phase2",
          "date" : "2019-12-08T12:20+0000",
          "timeZone" : 2
        },
        {
          "signDate" : "2019-12-08T06:31+0000",
          "sign" : "taurus",
          "moonPhaseDate" : "2019-12-04T05:58+0000",
          "age" : 14,
          "moonPhase" : "phase2",
          "date" : "2019-12-09T12:43+0000",
          "timeZone" : 2
        },
        {
          "signDate" : "2019-12-10T15:49+0000",
          "sign" : "gemini",
          "age" : 15,
          "moonPhase" : "phase2",
          "moonPhaseDate" : "2019-12-04T05:58+0000",
          "date" : "2019-12-10T13:09+0000",
          "timeZone" : 2
        },
        {
          "signDate" : "2019-12-10T15:49+0000",
          "sign" : "gemini",
          "moonPhaseDate" : "2019-12-04T05:58+0000",
          "moonPhase" : "phase2",
          "age" : 16,
          "date" : "2019-12-11T13:42+0000",
          "timeZone" : 2
        },
        {
          "signDate" : "2019-12-10T15:49+0000",
          "sign" : "gemini",
          "moonPhaseDate" : "2019-12-12T04:12+0000",
          "moonPhase" : "fullMoon",
          "age" : 17,
          "date" : "2019-12-12T14:22+0000",
          "timeZone" : 2
        },
        {
          "signDate" : "2019-12-12T22:24+0000",
          "sign" : "cancer",
          "moonPhaseDate" : "2019-12-12T04:12+0000",
          "age" : 18,
          "moonPhase" : "phase3",
          "date" : "2019-12-13T15:13+0000",
          "timeZone" : 2
        },
        {
          "signDate" : "2019-12-12T22:24+0000",
          "sign" : "cancer",
          "moonPhaseDate" : "2019-12-12T04:12+0000",
          "age" : 19,
          "moonPhase" : "phase3",
          "date" : "2019-12-14T16:14+0000",
          "timeZone" : 2
        },
        {
          "signDate" : "2019-12-15T02:53+0000",
          "sign" : "leo",
          "moonPhaseDate" : "2019-12-12T04:12+0000",
          "moonPhase" : "phase3",
          "age" : 20,
          "date" : "2019-12-15T17:24+0000",
          "timeZone" : 2
        },
        {
          "signDate" : "2019-12-15T02:53+0000",
          "sign" : "leo",
          "age" : 21,
          "moonPhaseDate" : "2019-12-12T04:12+0000",
          "moonPhase" : "phase3",
          "date" : "2019-12-16T18:39+0000",
          "timeZone" : 2
        },
        {
          "signDate" : "2019-12-17T06:13+0000",
          "sign" : "virgo",
          "age" : 22,
          "moonPhaseDate" : "2019-12-12T04:12+0000",
          "moonPhase" : "phase3",
          "date" : "2019-12-17T19:57+0000",
          "timeZone" : 2
        },
        {
          "signDate" : "2019-12-17T06:13+0000",
          "sign" : "virgo",
          "moonPhaseDate" : "2019-12-12T04:12+0000",
          "age" : 23,
          "moonPhase" : "phase3",
          "date" : "2019-12-18T21:14+0000",
          "timeZone" : 2
        },
        {
          "signDate" : "2019-12-17T06:13+0000",
          "sign" : "libra",
          "moonPhaseDate" : "2019-12-19T03:57+0000",
          "moonPhase" : "phase4",
          "age" : 24,
          "date" : "2019-12-19T22:31+0000",
          "timeZone" : 2
        },
        {
          "signDate" : "2019-12-21T12:01+0000",
          "sign" : "scorpio",
          "moonPhaseDate" : "2019-12-19T03:57+0000",
          "moonPhase" : "phase4",
          "age" : 25,
          "date" : "2019-12-20T23:48+0000",
          "timeZone" : 2
        },
        {
          "signDate" : "2019-12-21T12:01+0000",
          "sign" : "scorpio",
          "age" : 26,
          "moonPhaseDate" : "2019-12-19T03:57+0000",
          "moonPhase" : "phase4",
          "date" : "2019-12-22T01:05+0000",
          "timeZone" : 2
        },
        {
          "signDate" : "2019-12-23T15:37+0000",
          "sign" : "sagittarius",
          "age" : 27,
          "moonPhaseDate" : "2019-12-19T03:57+0000",
          "moonPhase" : "phase4",
          "date" : "2019-12-23T02:21+0000",
          "timeZone" : 2
        },
        {
          "signDate" : "2019-12-23T15:37+0000",
          "sign" : "sagittarius",
          "moonPhaseDate" : "2019-12-19T03:57+0000",
          "moonPhase" : "phase4",
          "age" : 28,
          "date" : "2019-12-24T03:36+0000",
          "timeZone" : 2
        },
        {
          "signDate" : "2019-12-25T20:46+0000",
          "sign" : "capricorn",
          "age" : 29,
          "moonPhaseDate" : "2019-12-19T03:57+0000",
          "moonPhase" : "phase4",
          "date" : "2019-12-25T04:48+0000",
          "timeZone" : 2
        },
        {
          "signDate" : "2019-12-25T20:46+0000",
          "sign" : "capricorn",
          "age" : 1,
          "moonPhase" : "newMoon",
          "moonPhaseDate" : "2019-12-26T04:13+0000",
          "date" : "2019-12-26T04:13+0000",
          "timeZone" : 2
        },
        {
          "signDate" : "2019-12-25T20:46+0000",
          "sign" : "capricorn",
          "age" : 2,
          "moonPhaseDate" : "2019-12-26T04:13+0000",
          "moonPhase" : "newMoon",
          "date" : "2019-12-26T05:52+0000",
          "timeZone" : 2
        },
        {
          "signDate" : "2019-12-25T20:46+0000",
          "sign" : "capricorn",
          "age" : 3,
          "moonPhaseDate" : "2019-12-26T04:13+0000",
          "moonPhase" : "phase1",
          "date" : "2019-12-27T06:48+0000",
          "timeZone" : 2
        },
        {
          "signDate" : "2019-12-28T04:21+0000",
          "sign" : "aquarius",
          "age" : 4,
          "moonPhase" : "phase1",
          "moonPhaseDate" : "2019-12-26T04:13+0000",
          "date" : "2019-12-28T07:33+0000",
          "timeZone" : 2
        },
        {
          "signDate" : "2019-12-28T04:21+0000",
          "sign" : "aquarius",
          "age" : 5,
          "moonPhaseDate" : "2019-12-26T04:13+0000",
          "moonPhase" : "phase1",
          "date" : "2019-12-29T08:09+0000",
          "timeZone" : 2
        },
        {
          "signDate" : "2019-12-30T14:43+0000",
          "sign" : "pisces",
          "age" : 6,
          "moonPhaseDate" : "2019-12-26T04:13+0000",
          "moonPhase" : "phase1",
          "date" : "2019-12-30T08:39+0000",
          "timeZone" : 2
        },
        {
          "signDate" : "2019-12-30T14:43+0000",
          "sign" : "pisces",
          "age" : 7,
          "moonPhase" : "phase1",
          "moonPhaseDate" : "2019-12-26T04:13+0000",
          "date" : "2019-12-31T09:04+0000",
          "timeZone" : 2
        },
        {
          "signDate" : "2019-12-30T14:43+0000",
          "sign" : "pisces",
          "age" : 8,
          "moonPhaseDate" : null,
          "moonPhase" : "phase1",
          "date" : "2020-01-01T09:25+0000",
          "timeZone" : 2
        },
        {
          "signDate" : "2020-01-02T03:01+0000",
          "sign" : "aries",
          "moonPhaseDate" : null,
          "moonPhase" : "phase1",
          "age" : 9,
          "date" : "2020-01-02T09:45+0000",
          "timeZone" : 2
        },
        {
          "signDate" : "2020-01-02T03:01+0000",
          "sign" : "aries",
          "age" : 10,
          "moonPhaseDate" : "2020-01-03T03:45+0000",
          "moonPhase" : "phase2",
          "date" : "2020-01-03T10:04+0000",
          "timeZone" : 2
        },
        {
          "signDate" : "2020-01-04T15:15+0000",
          "sign" : "taurus",
          "moonPhaseDate" : "2020-01-03T03:45+0000",
          "moonPhase" : "phase2",
          "age" : 11,
          "date" : "2020-01-04T10:23+0000",
          "timeZone" : 2
        },
        {
          "signDate" : "2020-01-04T15:15+0000",
          "sign" : "taurus",
          "moonPhaseDate" : "2020-01-03T03:45+0000",
          "age" : 12,
          "moonPhase" : "phase2",
          "date" : "2020-01-05T10:44+0000",
          "timeZone" : 2
        },
        {
          "signDate" : "2020-01-04T15:15+0000",
          "sign" : "taurus",
          "age" : 13,
          "moonPhaseDate" : "2020-01-03T03:45+0000",
          "moonPhase" : "phase2",
          "date" : "2020-01-06T11:09+0000",
          "timeZone" : 2
        },
        {
          "signDate" : "2020-01-07T01:13+0000",
          "sign" : "gemini",
          "moonPhaseDate" : "2020-01-03T03:45+0000",
          "age" : 14,
          "moonPhase" : "phase2",
          "date" : "2020-01-07T11:38+0000",
          "timeZone" : 2
        },
        {
          "signDate" : "2020-01-07T01:13+0000",
          "sign" : "gemini",
          "age" : 15,
          "moonPhaseDate" : "2020-01-03T03:45+0000",
          "moonPhase" : "phase2",
          "date" : "2020-01-08T12:14+0000",
          "timeZone" : 2
        },
        {
          "signDate" : "2020-01-09T07:45+0000",
          "sign" : "cancer",
          "age" : 16,
          "moonPhaseDate" : "2020-01-03T03:45+0000",
          "moonPhase" : "phase2",
          "date" : "2020-01-09T13:00+0000",
          "timeZone" : 2
        },
        {
          "signDate" : "2020-01-09T07:45+0000",
          "sign" : "cancer",
          "moonPhaseDate" : "2020-01-10T18:21+0000",
          "age" : 17,
          "moonPhase" : "fullMoon",
          "date" : "2020-01-10T13:58+0000",
          "timeZone" : 2
        },
        {
          "signDate" : "2020-01-11T11:16+0000",
          "sign" : "leo",
          "moonPhaseDate" : "2020-01-10T18:21+0000",
          "age" : 18,
          "moonPhase" : "phase3",
          "date" : "2020-01-11T15:06+0000",
          "timeZone" : 2
        },
        {
          "signDate" : "2020-01-11T11:16+0000",
          "sign" : "leo",
          "moonPhaseDate" : "2020-01-10T18:21+0000",
          "age" : 19,
          "moonPhase" : "phase3",
          "date" : "2020-01-12T16:22+0000",
          "timeZone" : 2
        },
        {
          "signDate" : "2020-01-13T13:05+0000",
          "sign" : "virgo",
          "moonPhaseDate" : "2020-01-10T18:21+0000",
          "age" : 20,
          "moonPhase" : "phase3",
          "date" : "2020-01-13T17:42+0000",
          "timeZone" : 2
        },
        {
          "signDate" : "2020-01-13T13:05+0000",
          "sign" : "virgo",
          "moonPhaseDate" : "2020-01-10T18:21+0000",
          "moonPhase" : "phase3",
          "age" : 21,
          "date" : "2020-01-14T19:02+0000",
          "timeZone" : 2
        },
        {
          "signDate" : "2020-01-15T14:42+0000",
          "sign" : "libra",
          "moonPhaseDate" : "2020-01-10T18:21+0000",
          "age" : 22,
          "moonPhase" : "phase3",
          "date" : "2020-01-15T20:21+0000",
          "timeZone" : 2
        },
        {
          "signDate" : "2020-01-15T14:42+0000",
          "sign" : "libra",
          "moonPhaseDate" : "2020-01-10T18:21+0000",
          "age" : 23,
          "moonPhase" : "phase3",
          "date" : "2020-01-16T21:38+0000",
          "timeZone" : 2
        },
        {
          "signDate" : "2020-01-15T14:42+0000",
          "sign" : "scorpio",
          "moonPhaseDate" : "2020-01-17T11:58+0000",
          "age" : 24,
          "moonPhase" : "phase4",
          "date" : "2020-01-17T22:55+0000",
          "timeZone" : 2
        },
        {
          "signDate" : "2020-01-19T21:43+0000",
          "sign" : "sagittarius",
          "age" : 25,
          "moonPhaseDate" : "2020-01-17T11:58+0000",
          "moonPhase" : "phase4",
          "date" : "2020-01-19T00:10+0000",
          "timeZone" : 2
        },
        {
          "signDate" : "2020-01-19T21:43+0000",
          "sign" : "sagittarius",
          "age" : 26,
          "moonPhase" : "phase4",
          "moonPhaseDate" : "2020-01-17T11:58+0000",
          "date" : "2020-01-20T01:24+0000",
          "timeZone" : 2
        },
        {
          "signDate" : "2020-01-19T21:43+0000",
          "sign" : "sagittarius",
          "moonPhaseDate" : "2020-01-17T11:58+0000",
          "age" : 27,
          "moonPhase" : "phase4",
          "date" : "2020-01-21T02:36+0000",
          "timeZone" : 2
        },
        {
          "signDate" : "2020-01-22T04:02+0000",
          "sign" : "capricorn",
          "age" : 28,
          "moonPhase" : "phase4",
          "moonPhaseDate" : "2020-01-17T11:58+0000",
          "date" : "2020-01-22T03:41+0000",
          "timeZone" : 2
        },
        {
          "signDate" : "2020-01-22T04:02+0000",
          "sign" : "capricorn",
          "age" : 29,
          "moonPhaseDate" : "2020-01-17T11:58+0000",
          "moonPhase" : "phase4",
          "date" : "2020-01-23T04:39+0000",
          "timeZone" : 2
        },
        {
          "signDate" : "2020-01-24T12:22+0000",
          "sign" : "aquarius",
          "moonPhaseDate" : "2020-01-24T20:42+0000",
          "age" : 30,
          "moonPhase" : "newMoon",
          "date" : "2020-01-24T05:28+0000",
          "timeZone" : 2
        },
        {
          "signDate" : "2020-01-24T12:22+0000",
          "sign" : "aquarius",
          "age" : 1,
          "moonPhase" : "newMoon",
          "moonPhaseDate" : "2020-01-24T20:42+0000",
          "date" : "2020-01-24T20:42+0000",
          "timeZone" : 2
        },
        {
          "signDate" : "2020-01-24T12:22+0000",
          "sign" : "aquarius",
          "age" : 2,
          "moonPhaseDate" : "2020-01-24T20:42+0000",
          "moonPhase" : "phase1",
          "date" : "2020-01-25T06:07+0000",
          "timeZone" : 2
        },
        {
          "signDate" : "2020-01-24T12:22+0000",
          "sign" : "aquarius",
          "age" : 3,
          "moonPhase" : "phase1",
          "moonPhaseDate" : "2020-01-24T20:42+0000",
          "date" : "2020-01-26T06:40+0000",
          "timeZone" : 2
        },
        {
          "signDate" : "2020-01-26T22:45+0000",
          "sign" : "pisces",
          "age" : 4,
          "moonPhase" : "phase1",
          "moonPhaseDate" : "2020-01-24T20:42+0000",
          "date" : "2020-01-27T07:06+0000",
          "timeZone" : 2
        },
        {
          "signDate" : "2020-01-26T22:45+0000",
          "sign" : "pisces",
          "age" : 5,
          "moonPhase" : "phase1",
          "moonPhaseDate" : "2020-01-24T20:42+0000",
          "date" : "2020-01-28T07:29+0000",
          "timeZone" : 2
        },
        {
          "signDate" : "2020-01-29T10:51+0000",
          "sign" : "aries",
          "age" : 6,
          "moonPhase" : "phase1",
          "moonPhaseDate" : "2020-01-24T20:42+0000",
          "date" : "2020-01-29T07:49+0000",
          "timeZone" : 2
        },
        {
          "signDate" : "2020-01-29T10:51+0000",
          "sign" : "aries",
          "age" : 7,
          "moonPhase" : "phase1",
          "moonPhaseDate" : "2020-01-24T20:42+0000",
          "date" : "2020-01-30T08:08+0000",
          "timeZone" : 2
        },
        {
          "signDate" : "2020-01-29T10:51+0000",
          "sign" : "aries",
          "age" : 8,
          "moonPhase" : "phase1",
          "moonPhaseDate" : "2020-01-24T20:42+0000",
          "date" : "2020-01-31T08:27+0000",
          "timeZone" : 2
        },
        {
          "signDate" : "2020-01-29T10:51+0000",
          "sign" : "aries",
          "age" : 8,
          "moonPhaseDate" : "2020-01-24T20:42+0000",
          "moonPhase" : "phase1",
          "date" : "2020-01-31T08:27+0000",
          "timeZone" : 2
        }
      ],
      "timeZone" : 2
    }
  ],
  "countryName" : "Австрия"
}