{
  "cities" : [
    {
      "moonDays" : [
        {
          "moonPhase" : null,
          "moonPhaseDate" : null,
          "signDate" : "2019-05-01T10:23+0000",
          "date" : "2019-05-01T03:30+0000",
          "timeZone" : 2,
          "age" : 26,
          "sign" : "aries"
        },
        {
          "moonPhase" : null,
          "signDate" : "2019-05-01T10:23+0000",
          "moonPhaseDate" : null,
          "date" : "2019-05-02T03:49+0000",
          "timeZone" : 2,
          "age" : 27,
          "sign" : "aries"
        },
        {
          "moonPhase" : null,
          "signDate" : "2019-05-03T20:21+0000",
          "moonPhaseDate" : null,
          "date" : "2019-05-03T04:08+0000",
          "timeZone" : 2,
          "age" : 28,
          "sign" : "taurus"
        },
        {
          "moonPhase" : null,
          "moonPhaseDate" : null,
          "signDate" : "2019-05-03T20:21+0000",
          "date" : "2019-05-04T04:29+0000",
          "timeZone" : 2,
          "age" : 29,
          "sign" : "taurus"
        },
        {
          "moonPhase" : "newMoon",
          "signDate" : "2019-05-03T20:21+0000",
          "moonPhaseDate" : "2019-05-04T22:45+0000",
          "date" : "2019-05-04T22:45+0000",
          "timeZone" : 2,
          "age" : 1,
          "sign" : "taurus"
        },
        {
          "moonPhase" : "newMoon",
          "signDate" : "2019-05-03T20:21+0000",
          "moonPhaseDate" : "2019-05-04T22:45+0000",
          "date" : "2019-05-05T04:52+0000",
          "timeZone" : 2,
          "age" : 2,
          "sign" : "taurus"
        },
        {
          "moonPhase" : "phase1",
          "signDate" : "2019-05-06T03:42+0000",
          "moonPhaseDate" : "2019-05-04T22:45+0000",
          "date" : "2019-05-06T05:20+0000",
          "timeZone" : 2,
          "age" : 3,
          "sign" : "gemini"
        },
        {
          "moonPhase" : "phase1",
          "signDate" : "2019-05-06T03:42+0000",
          "moonPhaseDate" : "2019-05-04T22:45+0000",
          "date" : "2019-05-07T05:54+0000",
          "timeZone" : 2,
          "age" : 4,
          "sign" : "gemini"
        },
        {
          "moonPhase" : "phase1",
          "signDate" : "2019-05-08T09:05+0000",
          "moonPhaseDate" : "2019-05-04T22:45+0000",
          "date" : "2019-05-08T06:37+0000",
          "timeZone" : 2,
          "age" : 5,
          "sign" : "cancer"
        },
        {
          "moonPhase" : "phase1",
          "signDate" : "2019-05-08T09:05+0000",
          "moonPhaseDate" : "2019-05-04T22:45+0000",
          "date" : "2019-05-09T07:30+0000",
          "timeZone" : 2,
          "age" : 6,
          "sign" : "cancer"
        },
        {
          "moonPhase" : "phase1",
          "signDate" : "2019-05-10T13:12+0000",
          "moonPhaseDate" : "2019-05-04T22:45+0000",
          "date" : "2019-05-10T08:34+0000",
          "timeZone" : 2,
          "age" : 7,
          "sign" : "leo"
        },
        {
          "moonPhase" : "phase1",
          "signDate" : "2019-05-10T13:12+0000",
          "moonPhaseDate" : "2019-05-04T22:45+0000",
          "date" : "2019-05-11T09:46+0000",
          "timeZone" : 2,
          "age" : 8,
          "sign" : "leo"
        },
        {
          "moonPhase" : "phase2",
          "signDate" : "2019-05-12T16:23+0000",
          "moonPhaseDate" : "2019-05-12T01:12+0000",
          "date" : "2019-05-12T11:04+0000",
          "timeZone" : 2,
          "age" : 9,
          "sign" : "virgo"
        },
        {
          "moonPhase" : "phase2",
          "signDate" : "2019-05-12T16:23+0000",
          "moonPhaseDate" : "2019-05-12T01:12+0000",
          "date" : "2019-05-13T12:24+0000",
          "timeZone" : 2,
          "age" : 10,
          "sign" : "virgo"
        },
        {
          "moonPhase" : "phase2",
          "signDate" : "2019-05-14T18:53+0000",
          "moonPhaseDate" : "2019-05-12T01:12+0000",
          "date" : "2019-05-14T13:43+0000",
          "timeZone" : 2,
          "age" : 11,
          "sign" : "libra"
        },
        {
          "moonPhase" : "phase2",
          "signDate" : "2019-05-14T18:53+0000",
          "moonPhaseDate" : "2019-05-12T01:12+0000",
          "date" : "2019-05-15T15:03+0000",
          "timeZone" : 2,
          "age" : 12,
          "sign" : "libra"
        },
        {
          "moonPhase" : "phase2",
          "signDate" : "2019-05-16T21:25+0000",
          "moonPhaseDate" : "2019-05-12T01:12+0000",
          "date" : "2019-05-16T16:22+0000",
          "timeZone" : 2,
          "age" : 13,
          "sign" : "scorpio"
        },
        {
          "moonPhase" : "phase2",
          "signDate" : "2019-05-16T21:25+0000",
          "moonPhaseDate" : "2019-05-12T01:12+0000",
          "date" : "2019-05-17T17:40+0000",
          "timeZone" : 2,
          "age" : 14,
          "sign" : "scorpio"
        },
        {
          "moonPhase" : "fullMoon",
          "signDate" : "2019-05-16T21:25+0000",
          "moonPhaseDate" : "2019-05-18T21:11+0000",
          "date" : "2019-05-18T18:57+0000",
          "timeZone" : 2,
          "age" : 15,
          "sign" : "scorpio"
        },
        {
          "moonPhase" : "phase3",
          "signDate" : "2019-05-19T01:19+0000",
          "moonPhaseDate" : "2019-05-18T21:11+0000",
          "date" : "2019-05-19T20:11+0000",
          "timeZone" : 2,
          "age" : 16,
          "sign" : "sagittarius"
        },
        {
          "moonPhase" : "phase3",
          "signDate" : "2019-05-19T01:19+0000",
          "moonPhaseDate" : "2019-05-18T21:11+0000",
          "date" : "2019-05-20T21:19+0000",
          "timeZone" : 2,
          "age" : 17,
          "sign" : "sagittarius"
        },
        {
          "moonPhase" : "phase3",
          "signDate" : "2019-05-19T01:19+0000",
          "moonPhaseDate" : "2019-05-18T21:11+0000",
          "date" : "2019-05-21T22:19+0000",
          "timeZone" : 2,
          "age" : 18,
          "sign" : "capricorn"
        },
        {
          "moonPhase" : "phase3",
          "signDate" : "2019-05-23T17:51+0000",
          "moonPhaseDate" : "2019-05-18T21:11+0000",
          "date" : "2019-05-22T23:10+0000",
          "timeZone" : 2,
          "age" : 19,
          "sign" : "aquarius"
        },
        {
          "moonPhase" : "phase3",
          "signDate" : "2019-05-23T17:51+0000",
          "moonPhaseDate" : "2019-05-18T21:11+0000",
          "date" : "2019-05-23T23:51+0000",
          "timeZone" : 2,
          "age" : 20,
          "sign" : "aquarius"
        },
        {
          "moonPhase" : "phase3",
          "signDate" : "2019-05-23T17:51+0000",
          "moonPhaseDate" : "2019-05-18T21:11+0000",
          "date" : "2019-05-25T00:24+0000",
          "timeZone" : 2,
          "age" : 21,
          "sign" : "aquarius"
        },
        {
          "moonPhase" : "phase4",
          "signDate" : "2019-05-26T06:07+0000",
          "moonPhaseDate" : "2019-05-26T16:33+0000",
          "date" : "2019-05-26T00:52+0000",
          "timeZone" : 2,
          "age" : 22,
          "sign" : "pisces"
        },
        {
          "moonPhase" : "phase4",
          "signDate" : "2019-05-26T06:07+0000",
          "moonPhaseDate" : "2019-05-26T16:33+0000",
          "date" : "2019-05-27T01:15+0000",
          "timeZone" : 2,
          "age" : 23,
          "sign" : "pisces"
        },
        {
          "moonPhase" : "phase4",
          "moonPhaseDate" : "2019-05-26T16:33+0000",
          "signDate" : "2019-05-28T18:29+0000",
          "date" : "2019-05-28T01:35+0000",
          "timeZone" : 2,
          "age" : 24,
          "sign" : "aries"
        },
        {
          "moonPhase" : "phase4",
          "signDate" : "2019-05-28T18:29+0000",
          "moonPhaseDate" : "2019-05-26T16:33+0000",
          "date" : "2019-05-29T01:54+0000",
          "timeZone" : 2,
          "age" : 25,
          "sign" : "aries"
        },
        {
          "moonPhase" : "phase4",
          "signDate" : "2019-05-28T18:29+0000",
          "moonPhaseDate" : "2019-05-26T16:33+0000",
          "date" : "2019-05-30T02:13+0000",
          "timeZone" : 2,
          "age" : 26,
          "sign" : "aries"
        },
        {
          "moonPhase" : "phase4",
          "signDate" : "2019-05-31T04:44+0000",
          "moonPhaseDate" : "2019-05-26T16:33+0000",
          "date" : "2019-05-31T02:33+0000",
          "timeZone" : 2,
          "age" : 27,
          "sign" : "taurus"
        },
        {
          "moonPhase" : "phase4",
          "moonPhaseDate" : null,
          "signDate" : "2019-05-31T04:44+0000",
          "date" : "2019-06-01T02:54+0000",
          "timeZone" : 2,
          "age" : 28,
          "sign" : "taurus"
        },
        {
          "moonPhase" : "phase4",
          "signDate" : "2019-06-02T11:51+0000",
          "moonPhaseDate" : null,
          "date" : "2019-06-02T03:20+0000",
          "timeZone" : 2,
          "age" : 29,
          "sign" : "gemini"
        },
        {
          "moonPhase" : "newMoon",
          "signDate" : "2019-06-02T11:51+0000",
          "moonPhaseDate" : "2019-06-03T10:02+0000",
          "date" : "2019-06-03T03:51+0000",
          "timeZone" : 2,
          "age" : 30,
          "sign" : "gemini"
        },
        {
          "moonPhase" : "newMoon",
          "signDate" : "2019-06-02T11:51+0000",
          "moonPhaseDate" : "2019-06-03T10:02+0000",
          "date" : "2019-06-03T10:02+0000",
          "timeZone" : 2,
          "age" : 1,
          "sign" : "gemini"
        },
        {
          "moonPhase" : "phase1",
          "signDate" : "2019-06-04T16:18+0000",
          "moonPhaseDate" : "2019-06-03T10:02+0000",
          "date" : "2019-06-04T04:31+0000",
          "timeZone" : 2,
          "age" : 2,
          "sign" : "cancer"
        },
        {
          "moonPhase" : "phase1",
          "moonPhaseDate" : "2019-06-03T10:02+0000",
          "signDate" : "2019-06-04T16:18+0000",
          "date" : "2019-06-05T05:21+0000",
          "timeZone" : 2,
          "age" : 3,
          "sign" : "cancer"
        },
        {
          "moonPhase" : "phase1",
          "moonPhaseDate" : "2019-06-03T10:02+0000",
          "signDate" : "2019-06-06T19:14+0000",
          "date" : "2019-06-06T06:23+0000",
          "timeZone" : 2,
          "age" : 4,
          "sign" : "leo"
        },
        {
          "moonPhase" : "phase1",
          "signDate" : "2019-06-06T19:14+0000",
          "moonPhaseDate" : "2019-06-03T10:02+0000",
          "date" : "2019-06-07T07:35+0000",
          "timeZone" : 2,
          "age" : 5,
          "sign" : "leo"
        },
        {
          "moonPhase" : "phase1",
          "signDate" : "2019-06-08T21:43+0000",
          "moonPhaseDate" : "2019-06-03T10:02+0000",
          "date" : "2019-06-08T08:52+0000",
          "timeZone" : 2,
          "age" : 6,
          "sign" : "virgo"
        },
        {
          "moonPhase" : "phase1",
          "moonPhaseDate" : "2019-06-03T10:02+0000",
          "signDate" : "2019-06-08T21:43+0000",
          "date" : "2019-06-09T10:12+0000",
          "timeZone" : 2,
          "age" : 7,
          "sign" : "virgo"
        },
        {
          "moonPhase" : "phase2",
          "signDate" : "2019-06-08T21:43+0000",
          "moonPhaseDate" : "2019-06-10T05:59+0000",
          "date" : "2019-06-10T11:31+0000",
          "timeZone" : 2,
          "age" : 8,
          "sign" : "virgo"
        },
        {
          "moonPhase" : "phase2",
          "signDate" : "2019-06-11T00:30+0000",
          "moonPhaseDate" : "2019-06-10T05:59+0000",
          "date" : "2019-06-11T12:50+0000",
          "timeZone" : 2,
          "age" : 9,
          "sign" : "libra"
        },
        {
          "signDate" : "2019-06-11T00:30+0000",
          "moonPhase" : "phase2",
          "moonPhaseDate" : "2019-06-10T05:59+0000",
          "age" : 10,
          "sign" : "libra",
          "date" : "2019-06-12T14:07+0000",
          "timeZone" : 2
        },
        {
          "signDate" : "2019-06-13T04:03+0000",
          "moonPhase" : "phase2",
          "moonPhaseDate" : "2019-06-10T05:59+0000",
          "age" : 11,
          "sign" : "scorpio",
          "date" : "2019-06-13T15:24+0000",
          "timeZone" : 2
        },
        {
          "signDate" : "2019-06-13T04:03+0000",
          "moonPhase" : "phase2",
          "moonPhaseDate" : "2019-06-10T05:59+0000",
          "age" : 12,
          "sign" : "scorpio",
          "date" : "2019-06-14T16:40+0000",
          "timeZone" : 2
        },
        {
          "signDate" : "2019-06-15T09:01+0000",
          "moonPhase" : "phase2",
          "moonPhaseDate" : "2019-06-10T05:59+0000",
          "age" : 13,
          "sign" : "sagittarius",
          "date" : "2019-06-15T17:54+0000",
          "timeZone" : 2
        },
        {
          "signDate" : "2019-06-15T09:01+0000",
          "moonPhase" : "phase2",
          "moonPhaseDate" : "2019-06-10T05:59+0000",
          "age" : 14,
          "sign" : "sagittarius",
          "date" : "2019-06-16T19:04+0000",
          "timeZone" : 2
        },
        {
          "signDate" : "2019-06-17T16:11+0000",
          "moonPhase" : "fullMoon",
          "moonPhaseDate" : "2019-06-17T08:31+0000",
          "age" : 15,
          "sign" : "capricorn",
          "date" : "2019-06-17T20:07+0000",
          "timeZone" : 2
        },
        {
          "signDate" : "2019-06-17T16:11+0000",
          "moonPhase" : "phase3",
          "moonPhaseDate" : "2019-06-17T08:31+0000",
          "age" : 16,
          "sign" : "capricorn",
          "date" : "2019-06-18T21:02+0000",
          "timeZone" : 2
        },
        {
          "signDate" : "2019-06-17T16:11+0000",
          "moonPhase" : "phase3",
          "moonPhaseDate" : "2019-06-17T08:31+0000",
          "age" : 17,
          "sign" : "capricorn",
          "date" : "2019-06-19T21:48+0000",
          "timeZone" : 2
        },
        {
          "signDate" : "2019-06-17T16:11+0000",
          "moonPhase" : "phase3",
          "moonPhaseDate" : "2019-06-17T08:31+0000",
          "age" : 18,
          "sign" : "aquarius",
          "date" : "2019-06-20T22:24+0000",
          "timeZone" : 2
        },
        {
          "signDate" : "2019-06-22T14:01+0000",
          "moonPhase" : "phase3",
          "moonPhaseDate" : "2019-06-17T08:31+0000",
          "age" : 19,
          "sign" : "pisces",
          "date" : "2019-06-21T22:54+0000",
          "timeZone" : 2
        },
        {
          "signDate" : "2019-06-22T14:01+0000",
          "moonPhase" : "phase3",
          "moonPhaseDate" : "2019-06-17T08:31+0000",
          "age" : 20,
          "sign" : "pisces",
          "date" : "2019-06-22T23:19+0000",
          "timeZone" : 2
        },
        {
          "signDate" : "2019-06-22T14:01+0000",
          "moonPhase" : "phase3",
          "moonPhaseDate" : "2019-06-17T08:31+0000",
          "age" : 21,
          "sign" : "pisces",
          "date" : "2019-06-23T23:40+0000",
          "timeZone" : 2
        },
        {
          "signDate" : "2019-06-25T02:34+0000",
          "moonPhase" : "phase4",
          "moonPhaseDate" : "2019-06-25T09:46+0000",
          "age" : 22,
          "sign" : "aries",
          "date" : "2019-06-24T23:59+0000",
          "timeZone" : 2
        },
        {
          "signDate" : "2019-06-25T02:34+0000",
          "moonPhase" : "phase4",
          "moonPhaseDate" : "2019-06-25T09:46+0000",
          "age" : 23,
          "sign" : "aries",
          "date" : "2019-06-26T00:18+0000",
          "timeZone" : 2
        },
        {
          "signDate" : "2019-06-27T13:30+0000",
          "moonPhase" : "phase4",
          "moonPhaseDate" : "2019-06-25T09:46+0000",
          "age" : 24,
          "sign" : "taurus",
          "date" : "2019-06-27T00:37+0000",
          "timeZone" : 2
        },
        {
          "signDate" : "2019-06-27T13:30+0000",
          "moonPhase" : "phase4",
          "moonPhaseDate" : "2019-06-25T09:46+0000",
          "age" : 25,
          "sign" : "taurus",
          "date" : "2019-06-28T00:57+0000",
          "timeZone" : 2
        },
        {
          "signDate" : "2019-06-29T21:10+0000",
          "moonPhase" : "phase4",
          "moonPhaseDate" : "2019-06-25T09:46+0000",
          "age" : 26,
          "sign" : "gemini",
          "date" : "2019-06-29T01:20+0000",
          "timeZone" : 2
        },
        {
          "signDate" : "2019-06-29T21:10+0000",
          "moonPhase" : "phase4",
          "moonPhaseDate" : "2019-06-25T09:46+0000",
          "age" : 27,
          "sign" : "gemini",
          "date" : "2019-06-30T01:48+0000",
          "timeZone" : 2
        },
        {
          "signDate" : "2019-06-29T21:10+0000",
          "moonPhase" : "phase4",
          "moonPhaseDate" : null,
          "age" : 28,
          "sign" : "gemini",
          "date" : "2019-07-01T02:24+0000",
          "timeZone" : 2
        },
        {
          "signDate" : "2019-07-02T01:26+0000",
          "moonPhase" : "newMoon",
          "moonPhaseDate" : "2019-07-02T19:16+0000",
          "age" : 29,
          "sign" : "cancer",
          "date" : "2019-07-02T03:09+0000",
          "timeZone" : 2
        },
        {
          "signDate" : "2019-07-02T01:26+0000",
          "moonPhase" : "newMoon",
          "moonPhaseDate" : "2019-07-02T19:16+0000",
          "age" : 1,
          "sign" : "cancer",
          "date" : "2019-07-02T19:16+0000",
          "timeZone" : 2
        },
        {
          "signDate" : "2019-07-02T01:26+0000",
          "moonPhase" : "phase1",
          "moonPhaseDate" : "2019-07-02T19:16+0000",
          "age" : 2,
          "sign" : "cancer",
          "date" : "2019-07-03T04:07+0000",
          "timeZone" : 2
        },
        {
          "signDate" : "2019-07-04T03:21+0000",
          "moonPhase" : "phase1",
          "moonPhaseDate" : "2019-07-02T19:16+0000",
          "age" : 3,
          "sign" : "leo",
          "date" : "2019-07-04T05:16+0000",
          "timeZone" : 2
        },
        {
          "signDate" : "2019-07-04T03:21+0000",
          "moonPhase" : "phase1",
          "moonPhaseDate" : "2019-07-02T19:16+0000",
          "age" : 4,
          "sign" : "leo",
          "date" : "2019-07-05T06:35+0000",
          "timeZone" : 2
        },
        {
          "signDate" : "2019-07-06T04:25+0000",
          "moonPhase" : "phase1",
          "moonPhaseDate" : "2019-07-02T19:16+0000",
          "age" : 5,
          "sign" : "virgo",
          "date" : "2019-07-06T07:56+0000",
          "timeZone" : 2
        },
        {
          "signDate" : "2019-07-06T04:25+0000",
          "moonPhase" : "phase1",
          "moonPhaseDate" : "2019-07-02T19:16+0000",
          "age" : 6,
          "sign" : "virgo",
          "date" : "2019-07-07T09:18+0000",
          "timeZone" : 2
        },
        {
          "signDate" : "2019-07-08T06:07+0000",
          "moonPhase" : "phase1",
          "moonPhaseDate" : "2019-07-02T19:16+0000",
          "age" : 7,
          "sign" : "libra",
          "date" : "2019-07-08T10:38+0000",
          "timeZone" : 2
        },
        {
          "signDate" : "2019-07-08T06:07+0000",
          "moonPhase" : "phase2",
          "moonPhaseDate" : "2019-07-09T10:55+0000",
          "age" : 8,
          "sign" : "libra",
          "date" : "2019-07-09T11:57+0000",
          "timeZone" : 2
        },
        {
          "signDate" : "2019-07-10T09:28+0000",
          "moonPhase" : "phase2",
          "moonPhaseDate" : "2019-07-09T10:55+0000",
          "age" : 9,
          "sign" : "scorpio",
          "date" : "2019-07-10T13:14+0000",
          "timeZone" : 2
        },
        {
          "signDate" : "2019-07-10T09:28+0000",
          "moonPhase" : "phase2",
          "moonPhaseDate" : "2019-07-09T10:55+0000",
          "age" : 10,
          "sign" : "scorpio",
          "date" : "2019-07-11T14:29+0000",
          "timeZone" : 2
        },
        {
          "signDate" : "2019-07-12T15:04+0000",
          "moonPhase" : "phase2",
          "moonPhaseDate" : "2019-07-09T10:55+0000",
          "age" : 11,
          "sign" : "sagittarius",
          "date" : "2019-07-12T15:43+0000",
          "timeZone" : 2
        },
        {
          "signDate" : "2019-07-12T15:04+0000",
          "moonPhase" : "phase2",
          "moonPhaseDate" : "2019-07-09T10:55+0000",
          "age" : 12,
          "sign" : "sagittarius",
          "date" : "2019-07-13T16:53+0000",
          "timeZone" : 2
        },
        {
          "signDate" : "2019-07-12T15:04+0000",
          "moonPhase" : "phase2",
          "moonPhaseDate" : "2019-07-09T10:55+0000",
          "age" : 13,
          "sign" : "sagittarius",
          "date" : "2019-07-14T17:58+0000",
          "timeZone" : 2
        },
        {
          "signDate" : "2019-07-14T23:03+0000",
          "moonPhase" : "phase2",
          "moonPhaseDate" : "2019-07-09T10:55+0000",
          "age" : 14,
          "sign" : "capricorn",
          "date" : "2019-07-15T18:55+0000",
          "timeZone" : 2
        },
        {
          "signDate" : "2019-07-14T23:03+0000",
          "moonPhase" : "fullMoon",
          "moonPhaseDate" : "2019-07-16T21:38+0000",
          "age" : 15,
          "sign" : "capricorn",
          "date" : "2019-07-16T19:44+0000",
          "timeZone" : 2
        },
        {
          "signDate" : "2019-07-17T09:18+0000",
          "moonPhase" : "phase3",
          "moonPhaseDate" : "2019-07-16T21:38+0000",
          "age" : 16,
          "sign" : "aquarius",
          "date" : "2019-07-17T20:24+0000",
          "timeZone" : 2
        },
        {
          "signDate" : "2019-07-17T09:18+0000",
          "moonPhase" : "phase3",
          "moonPhaseDate" : "2019-07-16T21:38+0000",
          "age" : 17,
          "sign" : "aquarius",
          "date" : "2019-07-18T20:56+0000",
          "timeZone" : 2
        },
        {
          "signDate" : "2019-07-19T21:19+0000",
          "moonPhase" : "phase3",
          "moonPhaseDate" : "2019-07-16T21:38+0000",
          "age" : 18,
          "sign" : "pisces",
          "date" : "2019-07-19T21:22+0000",
          "timeZone" : 2
        },
        {
          "signDate" : "2019-07-19T21:19+0000",
          "moonPhase" : "phase3",
          "moonPhaseDate" : "2019-07-16T21:38+0000",
          "age" : 19,
          "sign" : "pisces",
          "date" : "2019-07-20T21:45+0000",
          "timeZone" : 2
        },
        {
          "signDate" : "2019-07-22T10:01+0000",
          "moonPhase" : "phase3",
          "moonPhaseDate" : "2019-07-16T21:38+0000",
          "age" : 20,
          "sign" : "aries",
          "date" : "2019-07-21T22:05+0000",
          "timeZone" : 2
        },
        {
          "signDate" : "2019-07-22T10:01+0000",
          "moonPhase" : "phase3",
          "moonPhaseDate" : "2019-07-16T21:38+0000",
          "age" : 21,
          "sign" : "aries",
          "date" : "2019-07-22T22:23+0000",
          "timeZone" : 2
        },
        {
          "signDate" : "2019-07-24T21:40+0000",
          "moonPhase" : "phase3",
          "moonPhaseDate" : "2019-07-16T21:38+0000",
          "age" : 22,
          "sign" : "taurus",
          "date" : "2019-07-23T22:41+0000",
          "timeZone" : 2
        },
        {
          "signDate" : "2019-07-24T21:40+0000",
          "moonPhase" : "phase4",
          "moonPhaseDate" : "2019-07-25T01:18+0000",
          "age" : 23,
          "sign" : "taurus",
          "date" : "2019-07-24T23:00+0000",
          "timeZone" : 2
        },
        {
          "signDate" : "2019-07-24T21:40+0000",
          "moonPhase" : "phase4",
          "moonPhaseDate" : "2019-07-25T01:18+0000",
          "age" : 24,
          "sign" : "taurus",
          "date" : "2019-07-25T23:22+0000",
          "timeZone" : 2
        },
        {
          "signDate" : "2019-07-27T06:28+0000",
          "moonPhase" : "phase4",
          "moonPhaseDate" : "2019-07-25T01:18+0000",
          "age" : 25,
          "sign" : "gemini",
          "date" : "2019-07-26T23:46+0000",
          "timeZone" : 2
        },
        {
          "signDate" : "2019-07-27T06:28+0000",
          "moonPhase" : "phase4",
          "moonPhaseDate" : "2019-07-25T01:18+0000",
          "age" : 26,
          "sign" : "gemini",
          "date" : "2019-07-28T00:17+0000",
          "timeZone" : 2
        },
        {
          "signDate" : "2019-07-29T11:30+0000",
          "moonPhase" : "phase4",
          "moonPhaseDate" : "2019-07-25T01:18+0000",
          "age" : 27,
          "sign" : "cancer",
          "date" : "2019-07-29T00:57+0000",
          "timeZone" : 2
        },
        {
          "signDate" : "2019-07-29T11:30+0000",
          "moonPhase" : "phase4",
          "moonPhaseDate" : "2019-07-25T01:18+0000",
          "age" : 28,
          "sign" : "cancer",
          "date" : "2019-07-30T01:48+0000",
          "timeZone" : 2
        },
        {
          "signDate" : "2019-07-31T13:18+0000",
          "moonPhase" : "phase4",
          "moonPhaseDate" : "2019-07-25T01:18+0000",
          "age" : 29,
          "sign" : "leo",
          "date" : "2019-07-31T02:53+0000",
          "timeZone" : 2
        },
        {
          "signDate" : "2019-07-31T13:18+0000",
          "moonPhase" : "newMoon",
          "moonPhaseDate" : "2019-08-01T03:12+0000",
          "age" : 1,
          "sign" : "leo",
          "date" : "2019-08-01T03:12+0000",
          "timeZone" : 2
        },
        {
          "signDate" : "2019-07-31T13:18+0000",
          "moonPhase" : "newMoon",
          "moonPhaseDate" : "2019-08-01T03:12+0000",
          "age" : 2,
          "sign" : "leo",
          "date" : "2019-08-01T04:08+0000",
          "timeZone" : 2
        },
        {
          "signDate" : "2019-08-02T13:23+0000",
          "moonPhase" : "phase1",
          "moonPhaseDate" : "2019-08-01T03:12+0000",
          "age" : 3,
          "sign" : "virgo",
          "date" : "2019-08-02T05:31+0000",
          "timeZone" : 2
        },
        {
          "signDate" : "2019-08-02T13:23+0000",
          "moonPhase" : "phase1",
          "moonPhaseDate" : "2019-08-01T03:12+0000",
          "age" : 4,
          "sign" : "virgo",
          "date" : "2019-08-03T06:56+0000",
          "timeZone" : 2
        },
        {
          "signDate" : "2019-08-04T13:32+0000",
          "moonPhase" : "phase1",
          "moonPhaseDate" : "2019-08-01T03:12+0000",
          "age" : 5,
          "sign" : "libra",
          "date" : "2019-08-04T08:20+0000",
          "timeZone" : 2
        },
        {
          "signDate" : "2019-08-04T13:32+0000",
          "moonPhase" : "phase1",
          "moonPhaseDate" : "2019-08-01T03:12+0000",
          "age" : 6,
          "sign" : "libra",
          "date" : "2019-08-05T09:42+0000",
          "timeZone" : 2
        },
        {
          "signDate" : "2019-08-06T15:31+0000",
          "moonPhase" : "phase1",
          "moonPhaseDate" : "2019-08-01T03:12+0000",
          "age" : 7,
          "sign" : "scorpio",
          "date" : "2019-08-06T11:01+0000",
          "timeZone" : 2
        },
        {
          "signDate" : "2019-08-06T15:31+0000",
          "moonPhase" : "phase2",
          "moonPhaseDate" : "2019-08-07T17:31+0000",
          "age" : 8,
          "sign" : "scorpio",
          "date" : "2019-08-07T12:18+0000",
          "timeZone" : 2
        },
        {
          "signDate" : "2019-08-08T20:32+0000",
          "moonPhase" : "phase2",
          "moonPhaseDate" : "2019-08-07T17:31+0000",
          "age" : 9,
          "sign" : "sagittarius",
          "date" : "2019-08-08T13:33+0000",
          "timeZone" : 2
        },
        {
          "signDate" : "2019-08-08T20:32+0000",
          "moonPhase" : "phase2",
          "moonPhaseDate" : "2019-08-07T17:31+0000",
          "age" : 10,
          "sign" : "sagittarius",
          "date" : "2019-08-09T14:45+0000",
          "timeZone" : 2
        },
        {
          "signDate" : "2019-08-08T20:32+0000",
          "moonPhase" : "phase2",
          "moonPhaseDate" : "2019-08-07T17:31+0000",
          "age" : 11,
          "sign" : "sagittarius",
          "date" : "2019-08-10T15:51+0000",
          "timeZone" : 2
        },
        {
          "signDate" : "2019-08-11T04:48+0000",
          "moonPhase" : "phase2",
          "moonPhaseDate" : "2019-08-07T17:31+0000",
          "age" : 12,
          "sign" : "capricorn",
          "date" : "2019-08-11T16:51+0000",
          "timeZone" : 2
        },
        {
          "signDate" : "2019-08-11T04:48+0000",
          "moonPhase" : "phase2",
          "moonPhaseDate" : "2019-08-07T17:31+0000",
          "age" : 13,
          "sign" : "capricorn",
          "date" : "2019-08-12T17:42+0000",
          "timeZone" : 2
        },
        {
          "signDate" : "2019-08-13T15:36+0000",
          "moonPhase" : "phase2",
          "moonPhaseDate" : "2019-08-07T17:31+0000",
          "age" : 14,
          "sign" : "aquarius",
          "date" : "2019-08-13T18:24+0000",
          "timeZone" : 2
        },
        {
          "signDate" : "2019-08-13T15:36+0000",
          "moonPhase" : "phase2",
          "moonPhaseDate" : "2019-08-07T17:31+0000",
          "age" : 15,
          "sign" : "aquarius",
          "date" : "2019-08-14T18:58+0000",
          "timeZone" : 2
        },
        {
          "signDate" : "2019-08-13T15:36+0000",
          "moonPhase" : "fullMoon",
          "moonPhaseDate" : "2019-08-15T12:29+0000",
          "age" : 16,
          "sign" : "aquarius",
          "date" : "2019-08-15T19:26+0000",
          "timeZone" : 2
        },
        {
          "signDate" : "2019-08-16T03:50+0000",
          "moonPhase" : "phase3",
          "moonPhaseDate" : "2019-08-15T12:29+0000",
          "age" : 17,
          "sign" : "pisces",
          "date" : "2019-08-16T19:50+0000",
          "timeZone" : 2
        },
        {
          "signDate" : "2019-08-16T03:50+0000",
          "moonPhase" : "phase3",
          "moonPhaseDate" : "2019-08-15T12:29+0000",
          "age" : 18,
          "sign" : "pisces",
          "date" : "2019-08-17T20:10+0000",
          "timeZone" : 2
        },
        {
          "signDate" : "2019-08-18T16:32+0000",
          "moonPhase" : "phase3",
          "moonPhaseDate" : "2019-08-15T12:29+0000",
          "age" : 19,
          "sign" : "aries",
          "date" : "2019-08-18T20:29+0000",
          "timeZone" : 2
        },
        {
          "signDate" : "2019-08-18T16:32+0000",
          "moonPhase" : "phase3",
          "moonPhaseDate" : "2019-08-15T12:29+0000",
          "age" : 20,
          "sign" : "aries",
          "date" : "2019-08-19T20:47+0000",
          "timeZone" : 2
        },
        {
          "signDate" : "2019-08-18T16:32+0000",
          "moonPhase" : "phase3",
          "moonPhaseDate" : "2019-08-15T12:29+0000",
          "age" : 21,
          "sign" : "aries",
          "date" : "2019-08-20T21:05+0000",
          "timeZone" : 2
        },
        {
          "signDate" : "2019-08-21T04:36+0000",
          "moonPhase" : "phase3",
          "moonPhaseDate" : "2019-08-15T12:29+0000",
          "age" : 22,
          "sign" : "taurus",
          "date" : "2019-08-21T21:25+0000",
          "timeZone" : 2
        },
        {
          "signDate" : "2019-08-21T04:36+0000",
          "moonPhase" : "phase3",
          "moonPhaseDate" : "2019-08-15T12:29+0000",
          "age" : 23,
          "sign" : "taurus",
          "date" : "2019-08-22T21:47+0000",
          "timeZone" : 2
        },
        {
          "signDate" : "2019-08-21T04:36+0000",
          "moonPhase" : "phase4",
          "moonPhaseDate" : "2019-08-23T14:56+0000",
          "age" : 24,
          "sign" : "gemini",
          "date" : "2019-08-23T22:15+0000",
          "timeZone" : 2
        },
        {
          "signDate" : "2019-08-25T21:05+0000",
          "moonPhase" : "phase4",
          "moonPhaseDate" : "2019-08-23T14:56+0000",
          "age" : 25,
          "sign" : "cancer",
          "date" : "2019-08-24T22:49+0000",
          "timeZone" : 2
        },
        {
          "signDate" : "2019-08-25T21:05+0000",
          "moonPhase" : "phase4",
          "moonPhaseDate" : "2019-08-23T14:56+0000",
          "age" : 26,
          "sign" : "cancer",
          "date" : "2019-08-25T23:34+0000",
          "timeZone" : 2
        },
        {
          "signDate" : "2019-08-25T21:05+0000",
          "moonPhase" : "phase4",
          "moonPhaseDate" : "2019-08-23T14:56+0000",
          "age" : 27,
          "sign" : "cancer",
          "date" : "2019-08-27T00:30+0000",
          "timeZone" : 2
        },
        {
          "signDate" : "2019-08-27T23:51+0000",
          "moonPhase" : "phase4",
          "moonPhaseDate" : "2019-08-23T14:56+0000",
          "age" : 28,
          "sign" : "leo",
          "date" : "2019-08-28T01:39+0000",
          "timeZone" : 2
        },
        {
          "signDate" : "2019-08-27T23:51+0000",
          "moonPhase" : "phase4",
          "moonPhaseDate" : "2019-08-23T14:56+0000",
          "age" : 29,
          "sign" : "leo",
          "date" : "2019-08-29T02:59+0000",
          "timeZone" : 2
        },
        {
          "signDate" : "2019-08-29T23:57+0000",
          "moonPhase" : "newMoon",
          "moonPhaseDate" : "2019-08-30T10:37+0000",
          "age" : 30,
          "sign" : "virgo",
          "date" : "2019-08-30T04:24+0000",
          "timeZone" : 2
        },
        {
          "signDate" : "2019-08-29T23:57+0000",
          "moonPhase" : "newMoon",
          "moonPhaseDate" : "2019-08-30T10:37+0000",
          "age" : 1,
          "sign" : "virgo",
          "date" : "2019-08-30T10:37+0000",
          "timeZone" : 2
        },
        {
          "signDate" : "2019-08-29T23:57+0000",
          "moonPhase" : "phase1",
          "moonPhaseDate" : "2019-08-30T10:37+0000",
          "age" : 2,
          "sign" : "virgo",
          "date" : "2019-08-31T05:50+0000",
          "timeZone" : 2
        },
        {
          "signDate" : "2019-08-31T23:12+0000",
          "moonPhase" : "phase1",
          "moonPhaseDate" : null,
          "age" : 3,
          "sign" : "libra",
          "date" : "2019-09-01T07:16+0000",
          "timeZone" : 2
        },
        {
          "signDate" : "2019-08-31T23:12+0000",
          "moonPhase" : "phase1",
          "moonPhaseDate" : null,
          "age" : 4,
          "sign" : "libra",
          "date" : "2019-09-02T08:40+0000",
          "timeZone" : 2
        },
        {
          "signDate" : "2019-09-02T23:38+0000",
          "moonPhase" : "phase1",
          "moonPhaseDate" : null,
          "age" : 5,
          "sign" : "scorpio",
          "date" : "2019-09-03T10:01+0000",
          "timeZone" : 2
        },
        {
          "signDate" : "2019-09-02T23:38+0000",
          "moonPhase" : "phase1",
          "moonPhaseDate" : null,
          "age" : 6,
          "sign" : "scorpio",
          "date" : "2019-09-04T11:20+0000",
          "timeZone" : 2
        },
        {
          "signDate" : "2019-09-05T03:06+0000",
          "moonPhase" : "phase1",
          "moonPhaseDate" : null,
          "age" : 7,
          "sign" : "sagittarius",
          "date" : "2019-09-05T12:34+0000",
          "timeZone" : 2
        },
        {
          "signDate" : "2019-09-05T03:06+0000",
          "moonPhase" : "phase2",
          "moonPhaseDate" : "2019-09-06T03:10+0000",
          "age" : 8,
          "sign" : "sagittarius",
          "date" : "2019-09-06T13:44+0000",
          "timeZone" : 2
        },
        {
          "signDate" : "2019-09-07T10:35+0000",
          "moonPhase" : "phase2",
          "moonPhaseDate" : "2019-09-06T03:10+0000",
          "age" : 9,
          "sign" : "capricorn",
          "date" : "2019-09-07T14:47+0000",
          "timeZone" : 2
        },
        {
          "signDate" : "2019-09-07T10:35+0000",
          "moonPhase" : "phase2",
          "moonPhaseDate" : "2019-09-06T03:10+0000",
          "age" : 10,
          "sign" : "capricorn",
          "date" : "2019-09-08T15:40+0000",
          "timeZone" : 2
        },
        {
          "signDate" : "2019-09-09T21:25+0000",
          "moonPhase" : "phase2",
          "moonPhaseDate" : "2019-09-06T03:10+0000",
          "age" : 11,
          "sign" : "aquarius",
          "date" : "2019-09-09T16:25+0000",
          "timeZone" : 2
        },
        {
          "signDate" : "2019-09-09T21:25+0000",
          "moonPhase" : "phase2",
          "moonPhaseDate" : "2019-09-06T03:10+0000",
          "age" : 12,
          "sign" : "aquarius",
          "date" : "2019-09-10T17:01+0000",
          "timeZone" : 2
        },
        {
          "signDate" : "2019-09-09T21:25+0000",
          "moonPhase" : "phase2",
          "moonPhaseDate" : "2019-09-06T03:10+0000",
          "age" : 13,
          "sign" : "aquarius",
          "date" : "2019-09-11T17:30+0000",
          "timeZone" : 2
        },
        {
          "signDate" : "2019-09-12T09:53+0000",
          "moonPhase" : "phase2",
          "moonPhaseDate" : "2019-09-06T03:10+0000",
          "age" : 14,
          "sign" : "pisces",
          "date" : "2019-09-12T17:55+0000",
          "timeZone" : 2
        },
        {
          "signDate" : "2019-09-12T09:53+0000",
          "moonPhase" : "phase2",
          "moonPhaseDate" : "2019-09-06T03:10+0000",
          "age" : 15,
          "sign" : "pisces",
          "date" : "2019-09-13T18:16+0000",
          "timeZone" : 2
        },
        {
          "signDate" : "2019-09-12T09:53+0000",
          "moonPhase" : "fullMoon",
          "moonPhaseDate" : "2019-09-14T04:33+0000",
          "age" : 16,
          "sign" : "pisces",
          "date" : "2019-09-14T18:35+0000",
          "timeZone" : 2
        },
        {
          "signDate" : "2019-09-14T22:32+0000",
          "moonPhase" : "phase3",
          "moonPhaseDate" : "2019-09-14T04:33+0000",
          "age" : 17,
          "sign" : "aries",
          "date" : "2019-09-15T18:53+0000",
          "timeZone" : 2
        },
        {
          "signDate" : "2019-09-14T22:32+0000",
          "moonPhase" : "phase3",
          "moonPhaseDate" : "2019-09-14T04:33+0000",
          "age" : 18,
          "sign" : "aries",
          "date" : "2019-09-16T19:11+0000",
          "timeZone" : 2
        },
        {
          "signDate" : "2019-09-17T10:30+0000",
          "moonPhase" : "phase3",
          "moonPhaseDate" : "2019-09-14T04:33+0000",
          "age" : 19,
          "sign" : "taurus",
          "date" : "2019-09-17T19:30+0000",
          "timeZone" : 2
        },
        {
          "signDate" : "2019-09-17T10:30+0000",
          "moonPhase" : "phase3",
          "moonPhaseDate" : "2019-09-14T04:33+0000",
          "age" : 20,
          "sign" : "taurus",
          "date" : "2019-09-18T19:51+0000",
          "timeZone" : 2
        },
        {
          "signDate" : "2019-09-19T20:58+0000",
          "moonPhase" : "phase3",
          "moonPhaseDate" : "2019-09-14T04:33+0000",
          "age" : 21,
          "sign" : "gemini",
          "date" : "2019-09-19T20:16+0000",
          "timeZone" : 2
        },
        {
          "signDate" : "2019-09-19T20:58+0000",
          "moonPhase" : "phase3",
          "moonPhaseDate" : "2019-09-14T04:33+0000",
          "age" : 22,
          "sign" : "gemini",
          "date" : "2019-09-20T20:47+0000",
          "timeZone" : 2
        },
        {
          "signDate" : "2019-09-19T20:58+0000",
          "moonPhase" : "phase3",
          "moonPhaseDate" : "2019-09-14T04:33+0000",
          "age" : 23,
          "sign" : "gemini",
          "date" : "2019-09-21T21:26+0000",
          "timeZone" : 2
        },
        {
          "signDate" : "2019-09-19T20:58+0000",
          "moonPhase" : "phase4",
          "moonPhaseDate" : "2019-09-22T02:41+0000",
          "age" : 24,
          "sign" : "cancer",
          "date" : "2019-09-22T22:15+0000",
          "timeZone" : 2
        },
        {
          "signDate" : "2019-09-24T09:19+0000",
          "moonPhase" : "phase4",
          "moonPhaseDate" : "2019-09-22T02:41+0000",
          "age" : 25,
          "sign" : "leo",
          "date" : "2019-09-23T23:17+0000",
          "timeZone" : 2
        },
        {
          "signDate" : "2019-09-24T09:19+0000",
          "moonPhase" : "phase4",
          "moonPhaseDate" : "2019-09-22T02:41+0000",
          "age" : 26,
          "sign" : "leo",
          "date" : "2019-09-25T00:31+0000",
          "timeZone" : 2
        },
        {
          "signDate" : "2019-09-26T10:35+0000",
          "moonPhase" : "phase4",
          "moonPhaseDate" : "2019-09-22T02:41+0000",
          "age" : 27,
          "sign" : "virgo",
          "date" : "2019-09-26T01:51+0000",
          "timeZone" : 2
        },
        {
          "signDate" : "2019-09-26T10:35+0000",
          "moonPhase" : "phase4",
          "moonPhaseDate" : "2019-09-22T02:41+0000",
          "age" : 28,
          "sign" : "virgo",
          "date" : "2019-09-27T03:16+0000",
          "timeZone" : 2
        },
        {
          "signDate" : "2019-09-28T10:04+0000",
          "moonPhase" : "newMoon",
          "moonPhaseDate" : "2019-09-28T18:26+0000",
          "age" : 29,
          "sign" : "libra",
          "date" : "2019-09-28T04:43+0000",
          "timeZone" : 2
        },
        {
          "signDate" : "2019-09-28T10:04+0000",
          "moonPhase" : "newMoon",
          "moonPhaseDate" : "2019-09-28T18:26+0000",
          "age" : 1,
          "sign" : "libra",
          "date" : "2019-09-28T18:26+0000",
          "timeZone" : 2
        },
        {
          "signDate" : "2019-09-28T10:04+0000",
          "moonPhase" : "phase1",
          "moonPhaseDate" : "2019-09-28T18:26+0000",
          "age" : 2,
          "sign" : "libra",
          "date" : "2019-09-29T06:08+0000",
          "timeZone" : 2
        },
        {
          "signDate" : "2019-09-30T09:45+0000",
          "moonPhase" : "phase1",
          "moonPhaseDate" : "2019-09-28T18:26+0000",
          "age" : 3,
          "sign" : "scorpio",
          "date" : "2019-09-30T07:33+0000",
          "timeZone" : 2
        },
        {
          "signDate" : "2019-09-30T09:45+0000",
          "moonPhase" : "phase1",
          "moonPhaseDate" : null,
          "age" : 4,
          "sign" : "scorpio",
          "date" : "2019-10-01T08:56+0000",
          "timeZone" : 2
        },
        {
          "signDate" : "2019-10-02T11:45+0000",
          "moonPhase" : "phase1",
          "moonPhaseDate" : null,
          "age" : 5,
          "sign" : "sagittarius",
          "date" : "2019-10-02T10:16+0000",
          "timeZone" : 2
        },
        {
          "signDate" : "2019-10-02T11:45+0000",
          "moonPhase" : "phase1",
          "moonPhaseDate" : null,
          "age" : 6,
          "sign" : "sagittarius",
          "date" : "2019-10-03T11:30+0000",
          "timeZone" : 2
        },
        {
          "signDate" : "2019-10-04T17:41+0000",
          "moonPhase" : "phase1",
          "moonPhaseDate" : null,
          "age" : 7,
          "sign" : "capricorn",
          "date" : "2019-10-04T12:38+0000",
          "timeZone" : 2
        },
        {
          "signDate" : "2019-10-04T17:41+0000",
          "moonPhase" : "phase2",
          "moonPhaseDate" : "2019-10-05T16:47+0000",
          "age" : 8,
          "sign" : "capricorn",
          "date" : "2019-10-05T13:37+0000",
          "timeZone" : 2
        },
        {
          "signDate" : "2019-10-04T17:41+0000",
          "moonPhase" : "phase2",
          "moonPhaseDate" : "2019-10-05T16:47+0000",
          "age" : 9,
          "sign" : "capricorn",
          "date" : "2019-10-06T14:25+0000",
          "timeZone" : 2
        },
        {
          "signDate" : "2019-10-07T03:43+0000",
          "moonPhase" : "phase2",
          "moonPhaseDate" : "2019-10-05T16:47+0000",
          "age" : 10,
          "sign" : "aquarius",
          "date" : "2019-10-07T15:04+0000",
          "timeZone" : 2
        },
        {
          "signDate" : "2019-10-07T03:43+0000",
          "moonPhase" : "phase2",
          "moonPhaseDate" : "2019-10-05T16:47+0000",
          "age" : 11,
          "sign" : "aquarius",
          "date" : "2019-10-08T15:35+0000",
          "timeZone" : 2
        },
        {
          "signDate" : "2019-10-09T16:08+0000",
          "moonPhase" : "phase2",
          "moonPhaseDate" : "2019-10-05T16:47+0000",
          "age" : 12,
          "sign" : "pisces",
          "date" : "2019-10-09T16:00+0000",
          "timeZone" : 2
        },
        {
          "signDate" : "2019-10-09T16:08+0000",
          "moonPhase" : "phase2",
          "moonPhaseDate" : "2019-10-05T16:47+0000",
          "age" : 13,
          "sign" : "pisces",
          "date" : "2019-10-10T16:22+0000",
          "timeZone" : 2
        },
        {
          "signDate" : "2019-10-09T16:08+0000",
          "moonPhase" : "phase2",
          "moonPhaseDate" : "2019-10-05T16:47+0000",
          "age" : 14,
          "sign" : "pisces",
          "date" : "2019-10-11T16:42+0000",
          "timeZone" : 2
        },
        {
          "signDate" : "2019-10-12T04:46+0000",
          "moonPhase" : "phase2",
          "moonPhaseDate" : "2019-10-05T16:47+0000",
          "age" : 15,
          "sign" : "aries",
          "date" : "2019-10-12T16:59+0000",
          "timeZone" : 2
        },
        {
          "signDate" : "2019-10-12T04:46+0000",
          "moonPhase" : "fullMoon",
          "moonPhaseDate" : "2019-10-13T21:08+0000",
          "age" : 16,
          "sign" : "aries",
          "date" : "2019-10-13T17:17+0000",
          "timeZone" : 2
        },
        {
          "signDate" : "2019-10-14T16:23+0000",
          "moonPhase" : "phase3",
          "moonPhaseDate" : "2019-10-13T21:08+0000",
          "age" : 17,
          "sign" : "taurus",
          "date" : "2019-10-14T17:35+0000",
          "timeZone" : 2
        },
        {
          "signDate" : "2019-10-14T16:23+0000",
          "moonPhase" : "phase3",
          "moonPhaseDate" : "2019-10-13T21:08+0000",
          "age" : 18,
          "sign" : "taurus",
          "date" : "2019-10-15T17:56+0000",
          "timeZone" : 2
        },
        {
          "signDate" : "2019-10-14T16:23+0000",
          "moonPhase" : "phase3",
          "moonPhaseDate" : "2019-10-13T21:08+0000",
          "age" : 19,
          "sign" : "taurus",
          "date" : "2019-10-16T18:19+0000",
          "timeZone" : 2
        },
        {
          "signDate" : "2019-10-17T02:29+0000",
          "moonPhase" : "phase3",
          "moonPhaseDate" : "2019-10-13T21:08+0000",
          "age" : 20,
          "sign" : "gemini",
          "date" : "2019-10-17T18:48+0000",
          "timeZone" : 2
        },
        {
          "signDate" : "2019-10-17T02:29+0000",
          "moonPhase" : "phase3",
          "moonPhaseDate" : "2019-10-13T21:08+0000",
          "age" : 21,
          "sign" : "gemini",
          "date" : "2019-10-18T19:23+0000",
          "timeZone" : 2
        },
        {
          "signDate" : "2019-10-19T10:42+0000",
          "moonPhase" : "phase3",
          "moonPhaseDate" : "2019-10-13T21:08+0000",
          "age" : 22,
          "sign" : "cancer",
          "date" : "2019-10-19T20:09+0000",
          "timeZone" : 2
        },
        {
          "signDate" : "2019-10-19T10:42+0000",
          "moonPhase" : "phase3",
          "moonPhaseDate" : "2019-10-13T21:08+0000",
          "age" : 23,
          "sign" : "cancer",
          "date" : "2019-10-20T21:05+0000",
          "timeZone" : 2
        },
        {
          "signDate" : "2019-10-19T10:42+0000",
          "moonPhase" : "phase4",
          "moonPhaseDate" : "2019-10-21T12:39+0000",
          "age" : 24,
          "sign" : "leo",
          "date" : "2019-10-21T22:12+0000",
          "timeZone" : 2
        },
        {
          "signDate" : "2019-10-23T19:30+0000",
          "moonPhase" : "phase4",
          "moonPhaseDate" : "2019-10-21T12:39+0000",
          "age" : 25,
          "sign" : "virgo",
          "date" : "2019-10-22T23:28+0000",
          "timeZone" : 2
        },
        {
          "signDate" : "2019-10-23T19:30+0000",
          "moonPhase" : "phase4",
          "moonPhaseDate" : "2019-10-21T12:39+0000",
          "age" : 26,
          "sign" : "virgo",
          "date" : "2019-10-24T00:48+0000",
          "timeZone" : 2
        },
        {
          "signDate" : "2019-10-25T20:20+0000",
          "moonPhase" : "phase4",
          "moonPhaseDate" : "2019-10-21T12:39+0000",
          "age" : 27,
          "sign" : "libra",
          "date" : "2019-10-25T02:12+0000",
          "timeZone" : 2
        },
        {
          "signDate" : "2019-10-25T20:20+0000",
          "moonPhase" : "phase4",
          "moonPhaseDate" : "2019-10-21T12:39+0000",
          "age" : 28,
          "sign" : "libra",
          "date" : "2019-10-26T03:37+0000",
          "timeZone" : 2
        },
        {
          "signDate" : "2019-10-27T19:31+0000",
          "moonPhase" : "phase4",
          "moonPhaseDate" : "2019-10-21T12:39+0000",
          "age" : 29,
          "sign" : "scorpio",
          "date" : "2019-10-27T04:01+0000",
          "timeZone" : 2
        },
        {
          "signDate" : "2019-10-27T19:31+0000",
          "moonPhase" : "newMoon",
          "moonPhaseDate" : "2019-10-28T02:38+0000",
          "age" : 1,
          "sign" : "scorpio",
          "date" : "2019-10-28T02:38+0000",
          "timeZone" : 2
        },
        {
          "signDate" : "2019-10-27T19:31+0000",
          "moonPhase" : "newMoon",
          "moonPhaseDate" : "2019-10-28T02:38+0000",
          "age" : 2,
          "sign" : "scorpio",
          "date" : "2019-10-28T05:25+0000",
          "timeZone" : 2
        },
        {
          "signDate" : "2019-10-29T21:00+0000",
          "moonPhase" : "phase1",
          "moonPhaseDate" : "2019-10-28T02:38+0000",
          "age" : 3,
          "sign" : "sagittarius",
          "date" : "2019-10-29T06:48+0000",
          "timeZone" : 2
        },
        {
          "signDate" : "2019-10-29T21:00+0000",
          "moonPhase" : "phase1",
          "moonPhaseDate" : "2019-10-28T02:38+0000",
          "age" : 4,
          "sign" : "sagittarius",
          "date" : "2019-10-30T08:07+0000",
          "timeZone" : 2
        },
        {
          "signDate" : "2019-10-29T21:00+0000",
          "moonPhase" : "phase1",
          "moonPhaseDate" : "2019-10-28T02:38+0000",
          "age" : 5,
          "sign" : "sagittarius",
          "date" : "2019-10-31T09:21+0000",
          "timeZone" : 2
        },
        {
          "signDate" : "2019-11-01T01:38+0000",
          "moonPhase" : "phase1",
          "moonPhaseDate" : null,
          "age" : 6,
          "sign" : "capricorn",
          "date" : "2019-11-01T10:26+0000",
          "timeZone" : 2
        },
        {
          "signDate" : "2019-11-01T01:38+0000",
          "moonPhase" : "phase1",
          "moonPhaseDate" : null,
          "age" : 7,
          "sign" : "capricorn",
          "date" : "2019-11-02T11:20+0000",
          "timeZone" : 2
        },
        {
          "signDate" : "2019-11-03T10:21+0000",
          "moonPhase" : "phase1",
          "moonPhaseDate" : null,
          "age" : 8,
          "sign" : "aquarius",
          "date" : "2019-11-03T12:04+0000",
          "timeZone" : 2
        },
        {
          "signDate" : "2019-11-03T10:21+0000",
          "moonPhase" : "phase2",
          "moonPhaseDate" : "2019-11-04T09:23+0000",
          "age" : 9,
          "sign" : "aquarius",
          "date" : "2019-11-04T12:38+0000",
          "timeZone" : 2
        },
        {
          "signDate" : "2019-11-03T10:21+0000",
          "moonPhase" : "phase2",
          "moonPhaseDate" : "2019-11-04T09:23+0000",
          "age" : 10,
          "sign" : "aquarius",
          "date" : "2019-11-05T13:06+0000",
          "timeZone" : 2
        },
        {
          "signDate" : "2019-11-05T22:11+0000",
          "moonPhase" : "phase2",
          "moonPhaseDate" : "2019-11-04T09:23+0000",
          "age" : 11,
          "sign" : "pisces",
          "date" : "2019-11-06T13:28+0000",
          "timeZone" : 2
        },
        {
          "signDate" : "2019-11-05T22:11+0000",
          "moonPhase" : "phase2",
          "moonPhaseDate" : "2019-11-04T09:23+0000",
          "age" : 12,
          "sign" : "pisces",
          "date" : "2019-11-07T13:48+0000",
          "timeZone" : 2
        },
        {
          "signDate" : "2019-11-08T10:50+0000",
          "moonPhase" : "phase2",
          "moonPhaseDate" : "2019-11-04T09:23+0000",
          "age" : 13,
          "sign" : "aries",
          "date" : "2019-11-08T14:06+0000",
          "timeZone" : 2
        },
        {
          "signDate" : "2019-11-08T10:50+0000",
          "moonPhase" : "phase2",
          "moonPhaseDate" : "2019-11-04T09:23+0000",
          "age" : 14,
          "sign" : "aries",
          "date" : "2019-11-09T14:23+0000",
          "timeZone" : 2
        },
        {
          "signDate" : "2019-11-08T10:50+0000",
          "moonPhase" : "phase2",
          "moonPhaseDate" : "2019-11-04T09:23+0000",
          "age" : 15,
          "sign" : "aries",
          "date" : "2019-11-10T14:41+0000",
          "timeZone" : 2
        },
        {
          "signDate" : "2019-11-10T22:19+0000",
          "moonPhase" : "phase2",
          "moonPhaseDate" : "2019-11-04T09:23+0000",
          "age" : 16,
          "sign" : "taurus",
          "date" : "2019-11-11T15:01+0000",
          "timeZone" : 2
        },
        {
          "signDate" : "2019-11-10T22:19+0000",
          "moonPhase" : "fullMoon",
          "moonPhaseDate" : "2019-11-12T12:35+0000",
          "age" : 17,
          "sign" : "taurus",
          "date" : "2019-11-12T15:23+0000",
          "timeZone" : 2
        },
        {
          "signDate" : "2019-11-13T07:45+0000",
          "moonPhase" : "phase3",
          "moonPhaseDate" : "2019-11-12T12:35+0000",
          "age" : 18,
          "sign" : "gemini",
          "date" : "2019-11-13T15:49+0000",
          "timeZone" : 2
        },
        {
          "signDate" : "2019-11-13T07:45+0000",
          "moonPhase" : "phase3",
          "moonPhaseDate" : "2019-11-12T12:35+0000",
          "age" : 19,
          "sign" : "gemini",
          "date" : "2019-11-14T16:23+0000",
          "timeZone" : 2
        },
        {
          "signDate" : "2019-11-15T15:12+0000",
          "moonPhase" : "phase3",
          "moonPhaseDate" : "2019-11-12T12:35+0000",
          "age" : 20,
          "sign" : "cancer",
          "date" : "2019-11-15T17:05+0000",
          "timeZone" : 2
        },
        {
          "signDate" : "2019-11-15T15:12+0000",
          "moonPhase" : "phase3",
          "moonPhaseDate" : "2019-11-12T12:35+0000",
          "age" : 21,
          "sign" : "cancer",
          "date" : "2019-11-16T17:59+0000",
          "timeZone" : 2
        },
        {
          "signDate" : "2019-11-17T20:54+0000",
          "moonPhase" : "phase3",
          "moonPhaseDate" : "2019-11-12T12:35+0000",
          "age" : 22,
          "sign" : "leo",
          "date" : "2019-11-17T19:03+0000",
          "timeZone" : 2
        },
        {
          "signDate" : "2019-11-17T20:54+0000",
          "moonPhase" : "phase3",
          "moonPhaseDate" : "2019-11-12T12:35+0000",
          "age" : 23,
          "sign" : "leo",
          "date" : "2019-11-18T20:15+0000",
          "timeZone" : 2
        },
        {
          "signDate" : "2019-11-17T20:54+0000",
          "moonPhase" : "phase4",
          "moonPhaseDate" : "2019-11-19T20:11+0000",
          "age" : 24,
          "sign" : "leo",
          "date" : "2019-11-19T21:32+0000",
          "timeZone" : 2
        },
        {
          "signDate" : "2019-11-17T20:54+0000",
          "moonPhase" : "phase4",
          "moonPhaseDate" : "2019-11-19T20:11+0000",
          "age" : 25,
          "sign" : "virgo",
          "date" : "2019-11-20T22:53+0000",
          "timeZone" : 2
        },
        {
          "signDate" : "2019-11-22T03:22+0000",
          "moonPhase" : "phase4",
          "moonPhaseDate" : "2019-11-19T20:11+0000",
          "age" : 26,
          "sign" : "libra",
          "date" : "2019-11-22T00:14+0000",
          "timeZone" : 2
        },
        {
          "signDate" : "2019-11-22T03:22+0000",
          "moonPhase" : "phase4",
          "moonPhaseDate" : "2019-11-19T20:11+0000",
          "age" : 27,
          "sign" : "libra",
          "date" : "2019-11-23T01:36+0000",
          "timeZone" : 2
        },
        {
          "signDate" : "2019-11-24T05:01+0000",
          "moonPhase" : "phase4",
          "moonPhaseDate" : "2019-11-19T20:11+0000",
          "age" : 28,
          "sign" : "scorpio",
          "date" : "2019-11-24T02:57+0000",
          "timeZone" : 2
        },
        {
          "signDate" : "2019-11-24T05:01+0000",
          "moonPhase" : "phase4",
          "moonPhaseDate" : "2019-11-19T20:11+0000",
          "age" : 29,
          "sign" : "scorpio",
          "date" : "2019-11-25T04:19+0000",
          "timeZone" : 2
        },
        {
          "signDate" : "2019-11-26T07:12+0000",
          "moonPhase" : "newMoon",
          "moonPhaseDate" : "2019-11-26T14:06+0000",
          "age" : 30,
          "sign" : "sagittarius",
          "date" : "2019-11-26T05:40+0000",
          "timeZone" : 2
        },
        {
          "signDate" : "2019-11-26T07:12+0000",
          "moonPhase" : "newMoon",
          "moonPhaseDate" : "2019-11-26T14:06+0000",
          "age" : 1,
          "sign" : "sagittarius",
          "date" : "2019-11-26T14:06+0000",
          "timeZone" : 2
        },
        {
          "signDate" : "2019-11-26T07:12+0000",
          "moonPhase" : "phase1",
          "moonPhaseDate" : "2019-11-26T14:06+0000",
          "age" : 2,
          "sign" : "sagittarius",
          "date" : "2019-11-27T06:58+0000",
          "timeZone" : 2
        },
        {
          "signDate" : "2019-11-28T11:32+0000",
          "moonPhase" : "phase1",
          "moonPhaseDate" : "2019-11-26T14:06+0000",
          "age" : 3,
          "sign" : "capricorn",
          "date" : "2019-11-28T08:09+0000",
          "timeZone" : 2
        },
        {
          "signDate" : "2019-11-28T11:32+0000",
          "moonPhase" : "phase1",
          "moonPhaseDate" : "2019-11-26T14:06+0000",
          "age" : 4,
          "sign" : "capricorn",
          "date" : "2019-11-29T09:09+0000",
          "timeZone" : 2
        },
        {
          "signDate" : "2019-11-30T19:15+0000",
          "moonPhase" : "phase1",
          "moonPhaseDate" : "2019-11-26T14:06+0000",
          "age" : 5,
          "sign" : "aquarius",
          "date" : "2019-11-30T09:59+0000",
          "timeZone" : 2
        },
        {
          "signDate" : "2019-11-30T19:15+0000",
          "moonPhase" : "phase1",
          "moonPhaseDate" : null,
          "age" : 6,
          "sign" : "aquarius",
          "date" : "2019-12-01T10:38+0000",
          "timeZone" : 2
        },
        {
          "signDate" : "2019-11-30T19:15+0000",
          "moonPhase" : "phase1",
          "moonPhaseDate" : null,
          "age" : 7,
          "sign" : "aquarius",
          "date" : "2019-12-02T11:08+0000",
          "timeZone" : 2
        },
        {
          "signDate" : "2019-12-03T06:14+0000",
          "moonPhase" : "phase1",
          "moonPhaseDate" : null,
          "age" : 8,
          "sign" : "pisces",
          "date" : "2019-12-03T11:33+0000",
          "timeZone" : 2
        },
        {
          "signDate" : "2019-12-03T06:14+0000",
          "moonPhase" : "phase2",
          "moonPhaseDate" : "2019-12-04T05:58+0000",
          "age" : 9,
          "sign" : "pisces",
          "date" : "2019-12-04T11:54+0000",
          "timeZone" : 2
        },
        {
          "signDate" : "2019-12-05T18:46+0000",
          "moonPhase" : "phase2",
          "moonPhaseDate" : "2019-12-04T05:58+0000",
          "age" : 10,
          "sign" : "aries",
          "date" : "2019-12-05T12:12+0000",
          "timeZone" : 2
        },
        {
          "signDate" : "2019-12-05T18:46+0000",
          "moonPhase" : "phase2",
          "moonPhaseDate" : "2019-12-04T05:58+0000",
          "age" : 11,
          "sign" : "aries",
          "date" : "2019-12-06T12:29+0000",
          "timeZone" : 2
        },
        {
          "signDate" : "2019-12-05T18:46+0000",
          "moonPhase" : "phase2",
          "moonPhaseDate" : "2019-12-04T05:58+0000",
          "age" : 12,
          "sign" : "aries",
          "date" : "2019-12-07T12:47+0000",
          "timeZone" : 2
        },
        {
          "signDate" : "2019-12-08T06:31+0000",
          "moonPhase" : "phase2",
          "moonPhaseDate" : "2019-12-04T05:58+0000",
          "age" : 13,
          "sign" : "taurus",
          "date" : "2019-12-08T13:04+0000",
          "timeZone" : 2
        },
        {
          "signDate" : "2019-12-08T06:31+0000",
          "moonPhase" : "phase2",
          "moonPhaseDate" : "2019-12-04T05:58+0000",
          "age" : 14,
          "sign" : "taurus",
          "date" : "2019-12-09T13:26+0000",
          "timeZone" : 2
        },
        {
          "signDate" : "2019-12-10T15:49+0000",
          "moonPhase" : "phase2",
          "moonPhaseDate" : "2019-12-04T05:58+0000",
          "age" : 15,
          "sign" : "gemini",
          "date" : "2019-12-10T13:50+0000",
          "timeZone" : 2
        },
        {
          "signDate" : "2019-12-10T15:49+0000",
          "moonPhase" : "phase2",
          "moonPhaseDate" : "2019-12-04T05:58+0000",
          "age" : 16,
          "sign" : "gemini",
          "date" : "2019-12-11T14:21+0000",
          "timeZone" : 2
        },
        {
          "signDate" : "2019-12-10T15:49+0000",
          "moonPhase" : "fullMoon",
          "moonPhaseDate" : "2019-12-12T04:12+0000",
          "age" : 17,
          "sign" : "gemini",
          "date" : "2019-12-12T15:00+0000",
          "timeZone" : 2
        },
        {
          "signDate" : "2019-12-12T22:24+0000",
          "moonPhase" : "phase3",
          "moonPhaseDate" : "2019-12-12T04:12+0000",
          "age" : 18,
          "sign" : "cancer",
          "date" : "2019-12-13T15:50+0000",
          "timeZone" : 2
        },
        {
          "signDate" : "2019-12-12T22:24+0000",
          "moonPhase" : "phase3",
          "moonPhaseDate" : "2019-12-12T04:12+0000",
          "age" : 19,
          "sign" : "cancer",
          "date" : "2019-12-14T16:52+0000",
          "timeZone" : 2
        },
        {
          "signDate" : "2019-12-15T02:53+0000",
          "moonPhase" : "phase3",
          "moonPhaseDate" : "2019-12-12T04:12+0000",
          "age" : 20,
          "sign" : "leo",
          "date" : "2019-12-15T18:04+0000",
          "timeZone" : 2
        },
        {
          "signDate" : "2019-12-15T02:53+0000",
          "moonPhase" : "phase3",
          "moonPhaseDate" : "2019-12-12T04:12+0000",
          "age" : 21,
          "sign" : "leo",
          "date" : "2019-12-16T19:21+0000",
          "timeZone" : 2
        },
        {
          "signDate" : "2019-12-17T06:13+0000",
          "moonPhase" : "phase3",
          "moonPhaseDate" : "2019-12-12T04:12+0000",
          "age" : 22,
          "sign" : "virgo",
          "date" : "2019-12-17T20:41+0000",
          "timeZone" : 2
        },
        {
          "signDate" : "2019-12-19T09:05+0000",
          "moonPhase" : "phase4",
          "moonPhaseDate" : "2019-12-19T03:57+0000",
          "age" : 23,
          "sign" : "libra",
          "date" : "2019-12-18T22:02+0000",
          "timeZone" : 2
        },
        {
          "signDate" : "2019-12-19T09:05+0000",
          "moonPhase" : "phase4",
          "moonPhaseDate" : "2019-12-19T03:57+0000",
          "age" : 24,
          "sign" : "libra",
          "date" : "2019-12-19T23:21+0000",
          "timeZone" : 2
        },
        {
          "signDate" : "2019-12-21T12:01+0000",
          "moonPhase" : "phase4",
          "moonPhaseDate" : "2019-12-19T03:57+0000",
          "age" : 25,
          "sign" : "scorpio",
          "date" : "2019-12-21T00:41+0000",
          "timeZone" : 2
        },
        {
          "signDate" : "2019-12-21T12:01+0000",
          "moonPhase" : "phase4",
          "moonPhaseDate" : "2019-12-19T03:57+0000",
          "age" : 26,
          "sign" : "scorpio",
          "date" : "2019-12-22T02:00+0000",
          "timeZone" : 2
        },
        {
          "signDate" : "2019-12-23T15:37+0000",
          "moonPhase" : "phase4",
          "moonPhaseDate" : "2019-12-19T03:57+0000",
          "age" : 27,
          "sign" : "sagittarius",
          "date" : "2019-12-23T03:19+0000",
          "timeZone" : 2
        },
        {
          "signDate" : "2019-12-23T15:37+0000",
          "moonPhase" : "phase4",
          "moonPhaseDate" : "2019-12-19T03:57+0000",
          "age" : 28,
          "sign" : "sagittarius",
          "date" : "2019-12-24T04:36+0000",
          "timeZone" : 2
        },
        {
          "signDate" : "2019-12-25T20:46+0000",
          "moonPhase" : "phase4",
          "moonPhaseDate" : "2019-12-19T03:57+0000",
          "age" : 29,
          "sign" : "capricorn",
          "date" : "2019-12-25T05:50+0000",
          "timeZone" : 2
        },
        {
          "signDate" : "2019-12-25T20:46+0000",
          "moonPhase" : "newMoon",
          "moonPhaseDate" : "2019-12-26T04:13+0000",
          "age" : 1,
          "sign" : "capricorn",
          "date" : "2019-12-26T04:13+0000",
          "timeZone" : 2
        },
        {
          "signDate" : "2019-12-25T20:46+0000",
          "moonPhase" : "newMoon",
          "moonPhaseDate" : "2019-12-26T04:13+0000",
          "age" : 2,
          "sign" : "capricorn",
          "date" : "2019-12-26T06:55+0000",
          "timeZone" : 2
        },
        {
          "signDate" : "2019-12-25T20:46+0000",
          "moonPhase" : "phase1",
          "moonPhaseDate" : "2019-12-26T04:13+0000",
          "age" : 3,
          "sign" : "capricorn",
          "date" : "2019-12-27T07:50+0000",
          "timeZone" : 2
        },
        {
          "signDate" : "2019-12-28T04:21+0000",
          "moonPhase" : "phase1",
          "moonPhaseDate" : "2019-12-26T04:13+0000",
          "age" : 4,
          "sign" : "aquarius",
          "date" : "2019-12-28T08:34+0000",
          "timeZone" : 2
        },
        {
          "signDate" : "2019-12-28T04:21+0000",
          "moonPhase" : "phase1",
          "moonPhaseDate" : "2019-12-26T04:13+0000",
          "age" : 5,
          "sign" : "aquarius",
          "date" : "2019-12-29T09:08+0000",
          "timeZone" : 2
        },
        {
          "signDate" : "2019-12-30T14:43+0000",
          "moonPhase" : "phase1",
          "moonPhaseDate" : "2019-12-26T04:13+0000",
          "age" : 6,
          "sign" : "pisces",
          "date" : "2019-12-30T09:36+0000",
          "timeZone" : 2
        },
        {
          "signDate" : "2019-12-30T14:43+0000",
          "moonPhase" : "phase1",
          "moonPhaseDate" : "2019-12-26T04:13+0000",
          "age" : 7,
          "sign" : "pisces",
          "date" : "2019-12-31T09:58+0000",
          "timeZone" : 2
        },
        {
          "signDate" : "2019-12-30T14:43+0000",
          "moonPhase" : "phase1",
          "moonPhaseDate" : null,
          "age" : 8,
          "sign" : "pisces",
          "date" : "2020-01-01T10:17+0000",
          "timeZone" : 2
        },
        {
          "signDate" : "2020-01-02T03:01+0000",
          "moonPhase" : "phase1",
          "moonPhaseDate" : null,
          "age" : 9,
          "sign" : "aries",
          "date" : "2020-01-02T10:35+0000",
          "timeZone" : 2
        },
        {
          "signDate" : "2020-01-02T03:01+0000",
          "moonPhase" : "phase2",
          "moonPhaseDate" : "2020-01-03T03:45+0000",
          "age" : 10,
          "sign" : "aries",
          "date" : "2020-01-03T10:52+0000",
          "timeZone" : 2
        },
        {
          "signDate" : "2020-01-04T15:15+0000",
          "moonPhase" : "phase2",
          "moonPhaseDate" : "2020-01-03T03:45+0000",
          "age" : 11,
          "sign" : "taurus",
          "date" : "2020-01-04T11:09+0000",
          "timeZone" : 2
        },
        {
          "signDate" : "2020-01-04T15:15+0000",
          "moonPhase" : "phase2",
          "moonPhaseDate" : "2020-01-03T03:45+0000",
          "age" : 12,
          "sign" : "taurus",
          "date" : "2020-01-05T11:28+0000",
          "timeZone" : 2
        },
        {
          "signDate" : "2020-01-04T15:15+0000",
          "moonPhase" : "phase2",
          "moonPhaseDate" : "2020-01-03T03:45+0000",
          "age" : 13,
          "sign" : "taurus",
          "date" : "2020-01-06T11:50+0000",
          "timeZone" : 2
        },
        {
          "signDate" : "2020-01-07T01:13+0000",
          "moonPhase" : "phase2",
          "moonPhaseDate" : "2020-01-03T03:45+0000",
          "age" : 14,
          "sign" : "gemini",
          "date" : "2020-01-07T12:18+0000",
          "timeZone" : 2
        },
        {
          "signDate" : "2020-01-07T01:13+0000",
          "moonPhase" : "phase2",
          "moonPhaseDate" : "2020-01-03T03:45+0000",
          "age" : 15,
          "sign" : "gemini",
          "date" : "2020-01-08T12:52+0000",
          "timeZone" : 2
        },
        {
          "signDate" : "2020-01-09T07:45+0000",
          "moonPhase" : "phase2",
          "moonPhaseDate" : "2020-01-03T03:45+0000",
          "age" : 16,
          "sign" : "cancer",
          "date" : "2020-01-09T13:38+0000",
          "timeZone" : 2
        },
        {
          "signDate" : "2020-01-09T07:45+0000",
          "moonPhase" : "fullMoon",
          "moonPhaseDate" : "2020-01-10T18:21+0000",
          "age" : 17,
          "sign" : "cancer",
          "date" : "2020-01-10T14:35+0000",
          "timeZone" : 2
        },
        {
          "signDate" : "2020-01-11T11:16+0000",
          "moonPhase" : "phase3",
          "moonPhaseDate" : "2020-01-10T18:21+0000",
          "age" : 18,
          "sign" : "leo",
          "date" : "2020-01-11T15:45+0000",
          "timeZone" : 2
        },
        {
          "signDate" : "2020-01-11T11:16+0000",
          "moonPhase" : "phase3",
          "moonPhaseDate" : "2020-01-10T18:21+0000",
          "age" : 19,
          "sign" : "leo",
          "date" : "2020-01-12T17:03+0000",
          "timeZone" : 2
        },
        {
          "signDate" : "2020-01-13T13:05+0000",
          "moonPhase" : "phase3",
          "moonPhaseDate" : "2020-01-10T18:21+0000",
          "age" : 20,
          "sign" : "virgo",
          "date" : "2020-01-13T18:25+0000",
          "timeZone" : 2
        },
        {
          "signDate" : "2020-01-13T13:05+0000",
          "moonPhase" : "phase3",
          "moonPhaseDate" : "2020-01-10T18:21+0000",
          "age" : 21,
          "sign" : "virgo",
          "date" : "2020-01-14T19:48+0000",
          "timeZone" : 2
        },
        {
          "signDate" : "2020-01-15T14:42+0000",
          "moonPhase" : "phase3",
          "moonPhaseDate" : "2020-01-10T18:21+0000",
          "age" : 22,
          "sign" : "libra",
          "date" : "2020-01-15T21:10+0000",
          "timeZone" : 2
        },
        {
          "signDate" : "2020-01-17T17:21+0000",
          "moonPhase" : "phase4",
          "moonPhaseDate" : "2020-01-17T11:58+0000",
          "age" : 23,
          "sign" : "scorpio",
          "date" : "2020-01-16T22:30+0000",
          "timeZone" : 2
        },
        {
          "signDate" : "2020-01-17T17:21+0000",
          "moonPhase" : "phase4",
          "moonPhaseDate" : "2020-01-17T11:58+0000",
          "age" : 24,
          "sign" : "scorpio",
          "date" : "2020-01-17T23:49+0000",
          "timeZone" : 2
        },
        {
          "signDate" : "2020-01-19T21:43+0000",
          "moonPhase" : "phase4",
          "moonPhaseDate" : "2020-01-17T11:58+0000",
          "age" : 25,
          "sign" : "sagittarius",
          "date" : "2020-01-19T01:06+0000",
          "timeZone" : 2
        },
        {
          "signDate" : "2020-01-19T21:43+0000",
          "moonPhase" : "phase4",
          "moonPhaseDate" : "2020-01-17T11:58+0000",
          "age" : 26,
          "sign" : "sagittarius",
          "date" : "2020-01-20T02:24+0000",
          "timeZone" : 2
        },
        {
          "signDate" : "2020-01-19T21:43+0000",
          "moonPhase" : "phase4",
          "moonPhaseDate" : "2020-01-17T11:58+0000",
          "age" : 27,
          "sign" : "sagittarius",
          "date" : "2020-01-21T03:37+0000",
          "timeZone" : 2
        },
        {
          "signDate" : "2020-01-22T04:02+0000",
          "moonPhase" : "phase4",
          "moonPhaseDate" : "2020-01-17T11:58+0000",
          "age" : 28,
          "sign" : "capricorn",
          "date" : "2020-01-22T04:44+0000",
          "timeZone" : 2
        },
        {
          "signDate" : "2020-01-22T04:02+0000",
          "moonPhase" : "phase4",
          "moonPhaseDate" : "2020-01-17T11:58+0000",
          "age" : 29,
          "sign" : "capricorn",
          "date" : "2020-01-23T05:42+0000",
          "timeZone" : 2
        },
        {
          "signDate" : "2020-01-24T12:22+0000",
          "moonPhase" : "newMoon",
          "moonPhaseDate" : "2020-01-24T20:42+0000",
          "age" : 30,
          "sign" : "aquarius",
          "date" : "2020-01-24T06:28+0000",
          "timeZone" : 2
        },
        {
          "signDate" : "2020-01-24T12:22+0000",
          "moonPhase" : "newMoon",
          "moonPhaseDate" : "2020-01-24T20:42+0000",
          "age" : 1,
          "sign" : "aquarius",
          "date" : "2020-01-24T20:42+0000",
          "timeZone" : 2
        },
        {
          "signDate" : "2020-01-24T12:22+0000",
          "moonPhase" : "phase1",
          "moonPhaseDate" : "2020-01-24T20:42+0000",
          "age" : 2,
          "sign" : "aquarius",
          "date" : "2020-01-25T07:07+0000",
          "timeZone" : 2
        },
        {
          "signDate" : "2020-01-24T12:22+0000",
          "moonPhase" : "phase1",
          "moonPhaseDate" : "2020-01-24T20:42+0000",
          "age" : 3,
          "sign" : "aquarius",
          "date" : "2020-01-26T07:37+0000",
          "timeZone" : 2
        },
        {
          "signDate" : "2020-01-26T22:45+0000",
          "moonPhase" : "phase1",
          "moonPhaseDate" : "2020-01-24T20:42+0000",
          "age" : 4,
          "sign" : "pisces",
          "date" : "2020-01-27T08:01+0000",
          "timeZone" : 2
        },
        {
          "signDate" : "2020-01-26T22:45+0000",
          "moonPhase" : "phase1",
          "moonPhaseDate" : "2020-01-24T20:42+0000",
          "age" : 5,
          "sign" : "pisces",
          "date" : "2020-01-28T08:22+0000",
          "timeZone" : 2
        },
        {
          "signDate" : "2020-01-29T10:51+0000",
          "moonPhase" : "phase1",
          "moonPhaseDate" : "2020-01-24T20:42+0000",
          "age" : 6,
          "sign" : "aries",
          "date" : "2020-01-29T08:40+0000",
          "timeZone" : 2
        },
        {
          "signDate" : "2020-01-29T10:51+0000",
          "moonPhase" : "phase1",
          "moonPhaseDate" : "2020-01-24T20:42+0000",
          "age" : 7,
          "sign" : "aries",
          "date" : "2020-01-30T08:57+0000",
          "timeZone" : 2
        },
        {
          "signDate" : "2020-01-29T10:51+0000",
          "moonPhase" : "phase1",
          "moonPhaseDate" : "2020-01-24T20:42+0000",
          "age" : 8,
          "sign" : "aries",
          "date" : "2020-01-31T09:14+0000",
          "timeZone" : 2
        },
        {
          "signDate" : "2020-01-29T10:51+0000",
          "moonPhase" : "phase1",
          "moonPhaseDate" : "2020-01-24T20:42+0000",
          "age" : 8,
          "sign" : "aries",
          "date" : "2020-01-31T09:14+0000",
          "timeZone" : 2
        }
      ],
      "cityName" : "Брюссель",
      "timeZone" : 2
    }
  ],
  "countryName" : "Бельгия"
}