{
  "countryName" : "Румыния",
  "cities" : [
    {
      "timeZone" : 3,
      "moonDays" : [
        {
          "date" : "2019-05-01T01:56+0000",
          "signDate" : "2019-05-01T10:23+0000",
          "moonPhaseDate" : null,
          "sign" : "aries",
          "moonPhase" : null,
          "timeZone" : 3,
          "age" : 26
        },
        {
          "date" : "2019-05-02T02:19+0000",
          "signDate" : "2019-05-01T10:23+0000",
          "moonPhaseDate" : null,
          "sign" : "aries",
          "moonPhase" : null,
          "timeZone" : 3,
          "age" : 27
        },
        {
          "date" : "2019-05-03T02:43+0000",
          "signDate" : "2019-05-03T20:21+0000",
          "moonPhaseDate" : null,
          "sign" : "taurus",
          "moonPhase" : null,
          "timeZone" : 3,
          "age" : 28
        },
        {
          "date" : "2019-05-04T03:09+0000",
          "signDate" : "2019-05-03T20:21+0000",
          "moonPhaseDate" : null,
          "sign" : "taurus",
          "moonPhase" : null,
          "timeZone" : 3,
          "age" : 29
        },
        {
          "date" : "2019-05-04T22:45+0000",
          "signDate" : "2019-05-03T20:21+0000",
          "moonPhaseDate" : "2019-05-04T22:45+0000",
          "sign" : "taurus",
          "moonPhase" : "newMoon",
          "timeZone" : 3,
          "age" : 1
        },
        {
          "date" : "2019-05-05T03:37+0000",
          "signDate" : "2019-05-03T20:21+0000",
          "moonPhaseDate" : "2019-05-04T22:45+0000",
          "sign" : "taurus",
          "moonPhase" : "newMoon",
          "timeZone" : 3,
          "age" : 2
        },
        {
          "date" : "2019-05-06T04:08+0000",
          "signDate" : "2019-05-06T03:42+0000",
          "moonPhaseDate" : "2019-05-04T22:45+0000",
          "sign" : "gemini",
          "moonPhase" : "phase1",
          "timeZone" : 3,
          "age" : 3
        },
        {
          "date" : "2019-05-07T04:47+0000",
          "signDate" : "2019-05-06T03:42+0000",
          "moonPhaseDate" : "2019-05-04T22:45+0000",
          "sign" : "gemini",
          "moonPhase" : "phase1",
          "timeZone" : 3,
          "age" : 4
        },
        {
          "date" : "2019-05-08T05:33+0000",
          "signDate" : "2019-05-08T09:05+0000",
          "sign" : "cancer",
          "moonPhaseDate" : "2019-05-04T22:45+0000",
          "moonPhase" : "phase1",
          "timeZone" : 3,
          "age" : 5
        },
        {
          "date" : "2019-05-09T06:27+0000",
          "signDate" : "2019-05-08T09:05+0000",
          "moonPhaseDate" : "2019-05-04T22:45+0000",
          "sign" : "cancer",
          "moonPhase" : "phase1",
          "timeZone" : 3,
          "age" : 6
        },
        {
          "date" : "2019-05-10T07:29+0000",
          "signDate" : "2019-05-10T13:12+0000",
          "moonPhaseDate" : "2019-05-04T22:45+0000",
          "sign" : "leo",
          "moonPhase" : "phase1",
          "timeZone" : 3,
          "age" : 7
        },
        {
          "date" : "2019-05-11T08:37+0000",
          "signDate" : "2019-05-10T13:12+0000",
          "sign" : "leo",
          "moonPhaseDate" : "2019-05-04T22:45+0000",
          "moonPhase" : "phase1",
          "timeZone" : 3,
          "age" : 8
        },
        {
          "date" : "2019-05-12T09:50+0000",
          "signDate" : "2019-05-12T16:23+0000",
          "moonPhaseDate" : "2019-05-12T01:12+0000",
          "sign" : "virgo",
          "moonPhase" : "phase2",
          "timeZone" : 3,
          "age" : 9
        },
        {
          "date" : "2019-05-13T11:04+0000",
          "signDate" : "2019-05-12T16:23+0000",
          "moonPhaseDate" : "2019-05-12T01:12+0000",
          "sign" : "virgo",
          "moonPhase" : "phase2",
          "timeZone" : 3,
          "age" : 10
        },
        {
          "date" : "2019-05-14T12:18+0000",
          "signDate" : "2019-05-14T18:53+0000",
          "moonPhaseDate" : "2019-05-12T01:12+0000",
          "sign" : "libra",
          "moonPhase" : "phase2",
          "timeZone" : 3,
          "age" : 11
        },
        {
          "date" : "2019-05-15T13:31+0000",
          "signDate" : "2019-05-14T18:53+0000",
          "moonPhaseDate" : "2019-05-12T01:12+0000",
          "sign" : "libra",
          "moonPhase" : "phase2",
          "timeZone" : 3,
          "age" : 12
        },
        {
          "date" : "2019-05-16T14:45+0000",
          "signDate" : "2019-05-14T18:53+0000",
          "moonPhaseDate" : "2019-05-12T01:12+0000",
          "sign" : "libra",
          "moonPhase" : "phase2",
          "timeZone" : 3,
          "age" : 13
        },
        {
          "date" : "2019-05-17T15:57+0000",
          "signDate" : "2019-05-16T21:25+0000",
          "moonPhaseDate" : "2019-05-12T01:12+0000",
          "sign" : "scorpio",
          "moonPhase" : "phase2",
          "timeZone" : 3,
          "age" : 14
        },
        {
          "date" : "2019-05-18T17:09+0000",
          "signDate" : "2019-05-16T21:25+0000",
          "sign" : "scorpio",
          "moonPhaseDate" : "2019-05-12T01:12+0000",
          "moonPhase" : "phase2",
          "timeZone" : 3,
          "age" : 15
        },
        {
          "date" : "2019-05-19T18:18+0000",
          "signDate" : "2019-05-19T01:19+0000",
          "moonPhaseDate" : "2019-05-18T21:11+0000",
          "sign" : "sagittarius",
          "moonPhase" : "fullMoon",
          "timeZone" : 3,
          "age" : 16
        },
        {
          "date" : "2019-05-20T19:23+0000",
          "signDate" : "2019-05-19T01:19+0000",
          "moonPhaseDate" : "2019-05-18T21:11+0000",
          "sign" : "sagittarius",
          "moonPhase" : "phase3",
          "timeZone" : 3,
          "age" : 17
        },
        {
          "date" : "2019-05-21T20:22+0000",
          "signDate" : "2019-05-21T07:56+0000",
          "moonPhaseDate" : "2019-05-18T21:11+0000",
          "sign" : "capricorn",
          "moonPhase" : "phase3",
          "timeZone" : 3,
          "age" : 18
        },
        {
          "date" : "2019-05-22T21:13+0000",
          "signDate" : "2019-05-23T17:51+0000",
          "moonPhaseDate" : "2019-05-18T21:11+0000",
          "sign" : "aquarius",
          "moonPhase" : "phase3",
          "timeZone" : 3,
          "age" : 19
        },
        {
          "date" : "2019-05-23T21:57+0000",
          "signDate" : "2019-05-23T17:51+0000",
          "moonPhaseDate" : "2019-05-18T21:11+0000",
          "sign" : "aquarius",
          "moonPhase" : "phase3",
          "timeZone" : 3,
          "age" : 20
        },
        {
          "date" : "2019-05-24T22:34+0000",
          "signDate" : "2019-05-23T17:51+0000",
          "sign" : "aquarius",
          "moonPhaseDate" : "2019-05-18T21:11+0000",
          "moonPhase" : "phase3",
          "timeZone" : 3,
          "age" : 21
        },
        {
          "date" : "2019-05-25T23:06+0000",
          "signDate" : "2019-05-26T06:07+0000",
          "moonPhaseDate" : "2019-05-26T16:33+0000",
          "sign" : "pisces",
          "moonPhase" : "phase4",
          "timeZone" : 3,
          "age" : 22
        },
        {
          "date" : "2019-05-26T23:34+0000",
          "signDate" : "2019-05-26T06:07+0000",
          "moonPhaseDate" : "2019-05-26T16:33+0000",
          "sign" : "pisces",
          "moonPhase" : "phase4",
          "timeZone" : 3,
          "age" : 23
        },
        {
          "date" : "2019-05-27T23:59+0000",
          "signDate" : "2019-05-28T18:29+0000",
          "sign" : "aries",
          "moonPhaseDate" : "2019-05-26T16:33+0000",
          "moonPhase" : "phase4",
          "timeZone" : 3,
          "age" : 24
        },
        {
          "date" : "2019-05-29T00:23+0000",
          "signDate" : "2019-05-28T18:29+0000",
          "moonPhaseDate" : "2019-05-26T16:33+0000",
          "sign" : "aries",
          "moonPhase" : "phase4",
          "timeZone" : 3,
          "age" : 25
        },
        {
          "date" : "2019-05-30T00:46+0000",
          "signDate" : "2019-05-28T18:29+0000",
          "moonPhaseDate" : "2019-05-26T16:33+0000",
          "sign" : "aries",
          "moonPhase" : "phase4",
          "timeZone" : 3,
          "age" : 26
        },
        {
          "date" : "2019-05-31T01:11+0000",
          "signDate" : "2019-05-31T04:44+0000",
          "moonPhaseDate" : "2019-05-26T16:33+0000",
          "sign" : "taurus",
          "moonPhase" : "phase4",
          "timeZone" : 3,
          "age" : 27
        },
        {
          "date" : "2019-06-01T01:37+0000",
          "signDate" : "2019-05-31T04:44+0000",
          "moonPhaseDate" : null,
          "sign" : "taurus",
          "moonPhase" : "phase4",
          "timeZone" : 3,
          "age" : 28
        },
        {
          "date" : "2019-06-02T02:07+0000",
          "signDate" : "2019-06-02T11:51+0000",
          "moonPhaseDate" : null,
          "sign" : "gemini",
          "moonPhase" : "phase4",
          "timeZone" : 3,
          "age" : 29
        },
        {
          "date" : "2019-06-03T02:43+0000",
          "signDate" : "2019-06-02T11:51+0000",
          "moonPhaseDate" : "2019-06-03T10:02+0000",
          "sign" : "gemini",
          "moonPhase" : "newMoon",
          "timeZone" : 3,
          "age" : 30
        },
        {
          "date" : "2019-06-03T10:02+0000",
          "signDate" : "2019-06-02T11:51+0000",
          "sign" : "gemini",
          "moonPhaseDate" : "2019-06-03T10:02+0000",
          "moonPhase" : "newMoon",
          "timeZone" : 3,
          "age" : 1
        },
        {
          "date" : "2019-06-04T03:26+0000",
          "signDate" : "2019-06-04T16:18+0000",
          "moonPhaseDate" : "2019-06-03T10:02+0000",
          "sign" : "cancer",
          "moonPhase" : "phase1",
          "timeZone" : 3,
          "age" : 2
        },
        {
          "date" : "2019-06-05T04:18+0000",
          "signDate" : "2019-06-04T16:18+0000",
          "moonPhaseDate" : "2019-06-03T10:02+0000",
          "sign" : "cancer",
          "moonPhase" : "phase1",
          "timeZone" : 3,
          "age" : 3
        },
        {
          "date" : "2019-06-06T05:19+0000",
          "signDate" : "2019-06-06T19:14+0000",
          "moonPhaseDate" : "2019-06-03T10:02+0000",
          "sign" : "leo",
          "moonPhase" : "phase1",
          "timeZone" : 3,
          "age" : 4
        },
        {
          "date" : "2019-06-07T06:27+0000",
          "signDate" : "2019-06-06T19:14+0000",
          "sign" : "leo",
          "moonPhaseDate" : "2019-06-03T10:02+0000",
          "moonPhase" : "phase1",
          "timeZone" : 3,
          "age" : 5
        },
        {
          "date" : "2019-06-08T07:40+0000",
          "signDate" : "2019-06-06T19:14+0000",
          "sign" : "leo",
          "moonPhaseDate" : "2019-06-03T10:02+0000",
          "moonPhase" : "phase1",
          "timeZone" : 3,
          "age" : 6
        },
        {
          "date" : "2019-06-09T08:54+0000",
          "signDate" : "2019-06-08T21:43+0000",
          "moonPhaseDate" : "2019-06-03T10:02+0000",
          "sign" : "virgo",
          "moonPhase" : "phase1",
          "timeZone" : 3,
          "age" : 7
        },
        {
          "date" : "2019-06-10T10:08+0000",
          "signDate" : "2019-06-08T21:43+0000",
          "moonPhaseDate" : "2019-06-10T05:59+0000",
          "sign" : "virgo",
          "moonPhase" : "phase2",
          "timeZone" : 3,
          "age" : 8
        },
        {
          "date" : "2019-06-11T11:20+0000",
          "signDate" : "2019-06-11T00:30+0000",
          "moonPhaseDate" : "2019-06-10T05:59+0000",
          "sign" : "libra",
          "moonPhase" : "phase2",
          "timeZone" : 3,
          "age" : 9
        },
        {
          "date" : "2019-06-12T12:32+0000",
          "signDate" : "2019-06-11T00:30+0000",
          "sign" : "libra",
          "moonPhaseDate" : "2019-06-10T05:59+0000",
          "moonPhase" : "phase2",
          "timeZone" : 3,
          "age" : 10
        },
        {
          "date" : "2019-06-13T13:43+0000",
          "signDate" : "2019-06-13T04:03+0000",
          "moonPhaseDate" : "2019-06-10T05:59+0000",
          "sign" : "scorpio",
          "moonPhase" : "phase2",
          "timeZone" : 3,
          "age" : 11
        },
        {
          "date" : "2019-06-14T14:54+0000",
          "signDate" : "2019-06-13T04:03+0000",
          "sign" : "scorpio",
          "moonPhaseDate" : "2019-06-10T05:59+0000",
          "moonPhase" : "phase2",
          "timeZone" : 3,
          "age" : 12
        },
        {
          "date" : "2019-06-15T16:03+0000",
          "signDate" : "2019-06-15T09:01+0000",
          "moonPhaseDate" : "2019-06-10T05:59+0000",
          "sign" : "sagittarius",
          "moonPhase" : "phase2",
          "timeZone" : 3,
          "age" : 13
        },
        {
          "date" : "2019-06-16T17:09+0000",
          "signDate" : "2019-06-15T09:01+0000",
          "moonPhaseDate" : "2019-06-10T05:59+0000",
          "sign" : "sagittarius",
          "moonPhase" : "phase2",
          "timeZone" : 3,
          "age" : 14
        },
        {
          "date" : "2019-06-17T18:10+0000",
          "signDate" : "2019-06-17T16:11+0000",
          "moonPhaseDate" : "2019-06-17T08:31+0000",
          "sign" : "capricorn",
          "moonPhase" : "fullMoon",
          "timeZone" : 3,
          "age" : 15
        },
        {
          "date" : "2019-06-18T19:05+0000",
          "signDate" : "2019-06-17T16:11+0000",
          "sign" : "capricorn",
          "moonPhaseDate" : "2019-06-17T08:31+0000",
          "moonPhase" : "phase3",
          "timeZone" : 3,
          "age" : 16
        },
        {
          "date" : "2019-06-19T19:52+0000",
          "signDate" : "2019-06-17T16:11+0000",
          "moonPhaseDate" : "2019-06-17T08:31+0000",
          "sign" : "capricorn",
          "moonPhase" : "phase3",
          "timeZone" : 3,
          "age" : 17
        },
        {
          "date" : "2019-06-20T20:33+0000",
          "signDate" : "2019-06-20T02:01+0000",
          "moonPhaseDate" : "2019-06-17T08:31+0000",
          "sign" : "aquarius",
          "moonPhase" : "phase3",
          "timeZone" : 3,
          "age" : 18
        },
        {
          "date" : "2019-06-21T21:07+0000",
          "signDate" : "2019-06-22T14:01+0000",
          "moonPhaseDate" : "2019-06-17T08:31+0000",
          "sign" : "pisces",
          "moonPhase" : "phase3",
          "timeZone" : 3,
          "age" : 19
        },
        {
          "date" : "2019-06-22T21:36+0000",
          "signDate" : "2019-06-22T14:01+0000",
          "moonPhaseDate" : "2019-06-17T08:31+0000",
          "sign" : "pisces",
          "moonPhase" : "phase3",
          "timeZone" : 3,
          "age" : 20
        },
        {
          "date" : "2019-06-23T22:02+0000",
          "signDate" : "2019-06-22T14:01+0000",
          "moonPhaseDate" : "2019-06-17T08:31+0000",
          "sign" : "pisces",
          "moonPhase" : "phase3",
          "timeZone" : 3,
          "age" : 21
        },
        {
          "date" : "2019-06-24T22:26+0000",
          "signDate" : "2019-06-25T02:34+0000",
          "moonPhaseDate" : "2019-06-25T09:46+0000",
          "sign" : "aries",
          "moonPhase" : "phase4",
          "timeZone" : 3,
          "age" : 22
        },
        {
          "date" : "2019-06-25T22:49+0000",
          "signDate" : "2019-06-25T02:34+0000",
          "moonPhaseDate" : "2019-06-25T09:46+0000",
          "sign" : "aries",
          "moonPhase" : "phase4",
          "timeZone" : 3,
          "age" : 23
        },
        {
          "date" : "2019-06-26T23:12+0000",
          "signDate" : "2019-06-27T13:30+0000",
          "moonPhaseDate" : "2019-06-25T09:46+0000",
          "sign" : "taurus",
          "moonPhase" : "phase4",
          "timeZone" : 3,
          "age" : 24
        },
        {
          "date" : "2019-06-27T23:37+0000",
          "signDate" : "2019-06-27T13:30+0000",
          "moonPhaseDate" : "2019-06-25T09:46+0000",
          "sign" : "taurus",
          "moonPhase" : "phase4",
          "timeZone" : 3,
          "age" : 25
        },
        {
          "date" : "2019-06-29T00:05+0000",
          "signDate" : "2019-06-27T13:30+0000",
          "moonPhaseDate" : "2019-06-25T09:46+0000",
          "sign" : "taurus",
          "moonPhase" : "phase4",
          "timeZone" : 3,
          "age" : 26
        },
        {
          "date" : "2019-06-30T00:38+0000",
          "signDate" : "2019-06-29T21:10+0000",
          "sign" : "gemini",
          "moonPhaseDate" : "2019-06-25T09:46+0000",
          "moonPhase" : "phase4",
          "timeZone" : 3,
          "age" : 27
        },
        {
          "date" : "2019-07-01T01:17+0000",
          "signDate" : "2019-06-29T21:10+0000",
          "sign" : "gemini",
          "moonPhaseDate" : null,
          "moonPhase" : "phase4",
          "timeZone" : 3,
          "age" : 28
        },
        {
          "date" : "2019-07-02T02:05+0000",
          "signDate" : "2019-07-02T01:26+0000",
          "moonPhaseDate" : "2019-07-02T19:16+0000",
          "sign" : "cancer",
          "moonPhase" : "newMoon",
          "timeZone" : 3,
          "age" : 29
        },
        {
          "date" : "2019-07-02T19:16+0000",
          "signDate" : "2019-07-02T01:26+0000",
          "sign" : "cancer",
          "moonPhaseDate" : "2019-07-02T19:16+0000",
          "moonPhase" : "newMoon",
          "timeZone" : 3,
          "age" : 1
        },
        {
          "date" : "2019-07-03T03:03+0000",
          "signDate" : "2019-07-02T01:26+0000",
          "moonPhaseDate" : "2019-07-02T19:16+0000",
          "sign" : "cancer",
          "moonPhase" : "phase1",
          "timeZone" : 3,
          "age" : 2
        },
        {
          "date" : "2019-07-04T04:10+0000",
          "signDate" : "2019-07-04T03:21+0000",
          "sign" : "leo",
          "moonPhaseDate" : "2019-07-02T19:16+0000",
          "moonPhase" : "phase1",
          "timeZone" : 3,
          "age" : 3
        },
        {
          "date" : "2019-07-05T05:24+0000",
          "signDate" : "2019-07-04T03:21+0000",
          "moonPhaseDate" : "2019-07-02T19:16+0000",
          "sign" : "leo",
          "moonPhase" : "phase1",
          "timeZone" : 3,
          "age" : 4
        },
        {
          "date" : "2019-07-06T06:40+0000",
          "signDate" : "2019-07-06T04:25+0000",
          "moonPhaseDate" : "2019-07-02T19:16+0000",
          "sign" : "virgo",
          "moonPhase" : "phase1",
          "timeZone" : 3,
          "age" : 5
        },
        {
          "date" : "2019-07-07T07:56+0000",
          "signDate" : "2019-07-06T04:25+0000",
          "moonPhaseDate" : "2019-07-02T19:16+0000",
          "sign" : "virgo",
          "moonPhase" : "phase1",
          "timeZone" : 3,
          "age" : 6
        },
        {
          "date" : "2019-07-08T09:11+0000",
          "signDate" : "2019-07-08T06:07+0000",
          "moonPhaseDate" : "2019-07-02T19:16+0000",
          "sign" : "libra",
          "moonPhase" : "phase1",
          "timeZone" : 3,
          "age" : 7
        },
        {
          "date" : "2019-07-09T10:23+0000",
          "signDate" : "2019-07-08T06:07+0000",
          "moonPhaseDate" : "2019-07-09T10:55+0000",
          "sign" : "libra",
          "moonPhase" : "phase2",
          "timeZone" : 3,
          "age" : 8
        },
        {
          "date" : "2019-07-10T11:34+0000",
          "signDate" : "2019-07-10T09:28+0000",
          "moonPhaseDate" : "2019-07-09T10:55+0000",
          "sign" : "scorpio",
          "moonPhase" : "phase2",
          "timeZone" : 3,
          "age" : 9
        },
        {
          "date" : "2019-07-11T12:44+0000",
          "signDate" : "2019-07-10T09:28+0000",
          "moonPhaseDate" : "2019-07-09T10:55+0000",
          "sign" : "scorpio",
          "moonPhase" : "phase2",
          "timeZone" : 3,
          "age" : 10
        },
        {
          "date" : "2019-07-12T13:53+0000",
          "signDate" : "2019-07-12T15:04+0000",
          "moonPhaseDate" : "2019-07-09T10:55+0000",
          "sign" : "sagittarius",
          "moonPhase" : "phase2",
          "timeZone" : 3,
          "age" : 11
        },
        {
          "date" : "2019-07-13T14:59+0000",
          "signDate" : "2019-07-12T15:04+0000",
          "moonPhaseDate" : "2019-07-09T10:55+0000",
          "sign" : "sagittarius",
          "moonPhase" : "phase2",
          "timeZone" : 3,
          "age" : 12
        },
        {
          "date" : "2019-07-14T16:01+0000",
          "signDate" : "2019-07-12T15:04+0000",
          "moonPhaseDate" : "2019-07-09T10:55+0000",
          "sign" : "sagittarius",
          "moonPhase" : "phase2",
          "timeZone" : 3,
          "age" : 13
        },
        {
          "date" : "2019-07-15T16:58+0000",
          "signDate" : "2019-07-14T23:03+0000",
          "moonPhaseDate" : "2019-07-09T10:55+0000",
          "sign" : "capricorn",
          "moonPhase" : "phase2",
          "timeZone" : 3,
          "age" : 14
        },
        {
          "date" : "2019-07-16T17:48+0000",
          "signDate" : "2019-07-14T23:03+0000",
          "sign" : "capricorn",
          "moonPhaseDate" : "2019-07-09T10:55+0000",
          "moonPhase" : "phase2",
          "timeZone" : 3,
          "age" : 15
        },
        {
          "date" : "2019-07-17T18:30+0000",
          "signDate" : "2019-07-17T09:18+0000",
          "moonPhaseDate" : "2019-07-16T21:38+0000",
          "sign" : "aquarius",
          "moonPhase" : "fullMoon",
          "timeZone" : 3,
          "age" : 16
        },
        {
          "date" : "2019-07-18T19:07+0000",
          "signDate" : "2019-07-17T09:18+0000",
          "moonPhaseDate" : "2019-07-16T21:38+0000",
          "sign" : "aquarius",
          "moonPhase" : "phase3",
          "timeZone" : 3,
          "age" : 17
        },
        {
          "date" : "2019-07-19T19:38+0000",
          "signDate" : "2019-07-17T09:18+0000",
          "moonPhaseDate" : "2019-07-16T21:38+0000",
          "sign" : "aquarius",
          "moonPhase" : "phase3",
          "timeZone" : 3,
          "age" : 18
        },
        {
          "date" : "2019-07-20T20:05+0000",
          "signDate" : "2019-07-19T21:19+0000",
          "moonPhaseDate" : "2019-07-16T21:38+0000",
          "sign" : "pisces",
          "moonPhase" : "phase3",
          "timeZone" : 3,
          "age" : 19
        },
        {
          "date" : "2019-07-21T20:29+0000",
          "signDate" : "2019-07-19T21:19+0000",
          "moonPhaseDate" : "2019-07-16T21:38+0000",
          "sign" : "pisces",
          "moonPhase" : "phase3",
          "timeZone" : 3,
          "age" : 20
        },
        {
          "date" : "2019-07-22T20:52+0000",
          "signDate" : "2019-07-22T10:01+0000",
          "moonPhaseDate" : "2019-07-16T21:38+0000",
          "sign" : "aries",
          "moonPhase" : "phase3",
          "timeZone" : 3,
          "age" : 21
        },
        {
          "date" : "2019-07-23T21:15+0000",
          "signDate" : "2019-07-22T10:01+0000",
          "moonPhaseDate" : "2019-07-16T21:38+0000",
          "sign" : "aries",
          "moonPhase" : "phase3",
          "timeZone" : 3,
          "age" : 22
        },
        {
          "date" : "2019-07-24T21:39+0000",
          "signDate" : "2019-07-24T21:40+0000",
          "moonPhaseDate" : "2019-07-25T01:18+0000",
          "sign" : "taurus",
          "moonPhase" : "phase4",
          "timeZone" : 3,
          "age" : 23
        },
        {
          "date" : "2019-07-25T22:05+0000",
          "signDate" : "2019-07-24T21:40+0000",
          "moonPhaseDate" : "2019-07-25T01:18+0000",
          "sign" : "taurus",
          "moonPhase" : "phase4",
          "timeZone" : 3,
          "age" : 24
        },
        {
          "date" : "2019-07-26T22:34+0000",
          "signDate" : "2019-07-27T06:28+0000",
          "moonPhaseDate" : "2019-07-25T01:18+0000",
          "sign" : "gemini",
          "moonPhase" : "phase4",
          "timeZone" : 3,
          "age" : 25
        },
        {
          "date" : "2019-07-27T23:09+0000",
          "signDate" : "2019-07-27T06:28+0000",
          "sign" : "gemini",
          "moonPhaseDate" : "2019-07-25T01:18+0000",
          "moonPhase" : "phase4",
          "timeZone" : 3,
          "age" : 26
        },
        {
          "date" : "2019-07-28T23:52+0000",
          "signDate" : "2019-07-29T11:30+0000",
          "moonPhaseDate" : "2019-07-25T01:18+0000",
          "sign" : "cancer",
          "moonPhase" : "phase4",
          "timeZone" : 3,
          "age" : 27
        },
        {
          "date" : "2019-07-30T00:45+0000",
          "signDate" : "2019-07-29T11:30+0000",
          "moonPhaseDate" : "2019-07-25T01:18+0000",
          "sign" : "cancer",
          "moonPhase" : "phase4",
          "timeZone" : 3,
          "age" : 28
        },
        {
          "date" : "2019-07-31T01:47+0000",
          "signDate" : "2019-07-31T13:18+0000",
          "moonPhaseDate" : "2019-07-25T01:18+0000",
          "sign" : "leo",
          "moonPhase" : "phase4",
          "timeZone" : 3,
          "age" : 29
        },
        {
          "date" : "2019-08-01T03:00+0000",
          "signDate" : "2019-07-31T13:18+0000",
          "sign" : "leo",
          "moonPhaseDate" : "2019-08-01T03:12+0000",
          "moonPhase" : "newMoon",
          "timeZone" : 3,
          "age" : 30
        },
        {
          "date" : "2019-08-01T03:12+0000",
          "signDate" : "2019-07-31T13:18+0000",
          "moonPhaseDate" : "2019-08-01T03:12+0000",
          "sign" : "leo",
          "moonPhase" : "newMoon",
          "timeZone" : 3,
          "age" : 1
        },
        {
          "date" : "2019-08-02T04:17+0000",
          "signDate" : "2019-08-02T13:23+0000",
          "moonPhaseDate" : "2019-08-01T03:12+0000",
          "sign" : "virgo",
          "moonPhase" : "phase1",
          "timeZone" : 3,
          "age" : 2
        },
        {
          "date" : "2019-08-03T05:36+0000",
          "signDate" : "2019-08-02T13:23+0000",
          "moonPhaseDate" : "2019-08-01T03:12+0000",
          "sign" : "virgo",
          "moonPhase" : "phase1",
          "timeZone" : 3,
          "age" : 3
        },
        {
          "date" : "2019-08-04T06:54+0000",
          "signDate" : "2019-08-04T13:32+0000",
          "moonPhaseDate" : "2019-08-01T03:12+0000",
          "sign" : "libra",
          "moonPhase" : "phase1",
          "timeZone" : 3,
          "age" : 4
        },
        {
          "date" : "2019-08-05T08:10+0000",
          "signDate" : "2019-08-04T13:32+0000",
          "moonPhaseDate" : "2019-08-01T03:12+0000",
          "sign" : "libra",
          "moonPhase" : "phase1",
          "timeZone" : 3,
          "age" : 5
        },
        {
          "date" : "2019-08-06T09:24+0000",
          "signDate" : "2019-08-06T15:31+0000",
          "moonPhaseDate" : "2019-08-01T03:12+0000",
          "sign" : "scorpio",
          "moonPhase" : "phase1",
          "timeZone" : 3,
          "age" : 6
        },
        {
          "date" : "2019-08-07T10:35+0000",
          "signDate" : "2019-08-06T15:31+0000",
          "moonPhaseDate" : "2019-08-07T17:31+0000",
          "sign" : "scorpio",
          "moonPhase" : "phase2",
          "timeZone" : 3,
          "age" : 7
        },
        {
          "date" : "2019-08-08T11:45+0000",
          "signDate" : "2019-08-08T20:32+0000",
          "moonPhaseDate" : "2019-08-07T17:31+0000",
          "sign" : "sagittarius",
          "moonPhase" : "phase2",
          "timeZone" : 3,
          "age" : 8
        },
        {
          "date" : "2019-08-09T12:52+0000",
          "signDate" : "2019-08-08T20:32+0000",
          "moonPhaseDate" : "2019-08-07T17:31+0000",
          "sign" : "sagittarius",
          "moonPhase" : "phase2",
          "timeZone" : 3,
          "age" : 9
        },
        {
          "date" : "2019-08-10T13:55+0000",
          "signDate" : "2019-08-08T20:32+0000",
          "sign" : "sagittarius",
          "moonPhaseDate" : "2019-08-07T17:31+0000",
          "moonPhase" : "phase2",
          "timeZone" : 3,
          "age" : 10
        },
        {
          "date" : "2019-08-11T14:54+0000",
          "signDate" : "2019-08-11T04:48+0000",
          "moonPhaseDate" : "2019-08-07T17:31+0000",
          "sign" : "capricorn",
          "moonPhase" : "phase2",
          "timeZone" : 3,
          "age" : 11
        },
        {
          "date" : "2019-08-12T15:45+0000",
          "signDate" : "2019-08-11T04:48+0000",
          "moonPhaseDate" : "2019-08-07T17:31+0000",
          "sign" : "capricorn",
          "moonPhase" : "phase2",
          "timeZone" : 3,
          "age" : 12
        },
        {
          "signDate" : "2019-08-13T15:36+0000",
          "moonPhase" : "phase2",
          "moonPhaseDate" : "2019-08-07T17:31+0000",
          "timeZone" : 3,
          "age" : 13,
          "date" : "2019-08-13T16:29+0000",
          "sign" : "aquarius"
        },
        {
          "date" : "2019-08-14T17:07+0000",
          "moonPhase" : "phase2",
          "timeZone" : 3,
          "age" : 14,
          "moonPhaseDate" : "2019-08-07T17:31+0000",
          "signDate" : "2019-08-13T15:36+0000",
          "sign" : "aquarius"
        },
        {
          "date" : "2019-08-15T17:40+0000",
          "moonPhase" : "fullMoon",
          "timeZone" : 3,
          "age" : 15,
          "moonPhaseDate" : "2019-08-15T12:29+0000",
          "signDate" : "2019-08-13T15:36+0000",
          "sign" : "aquarius"
        },
        {
          "date" : "2019-08-16T18:08+0000",
          "moonPhase" : "phase3",
          "timeZone" : 3,
          "age" : 16,
          "moonPhaseDate" : "2019-08-15T12:29+0000",
          "signDate" : "2019-08-16T03:50+0000",
          "sign" : "pisces"
        },
        {
          "date" : "2019-08-17T18:33+0000",
          "moonPhase" : "phase3",
          "timeZone" : 3,
          "age" : 17,
          "moonPhaseDate" : "2019-08-15T12:29+0000",
          "signDate" : "2019-08-16T03:50+0000",
          "sign" : "pisces"
        },
        {
          "date" : "2019-08-18T18:57+0000",
          "moonPhase" : "phase3",
          "timeZone" : 3,
          "age" : 18,
          "moonPhaseDate" : "2019-08-15T12:29+0000",
          "signDate" : "2019-08-18T16:32+0000",
          "sign" : "aries"
        },
        {
          "date" : "2019-08-19T19:19+0000",
          "moonPhase" : "phase3",
          "timeZone" : 3,
          "age" : 19,
          "moonPhaseDate" : "2019-08-15T12:29+0000",
          "signDate" : "2019-08-18T16:32+0000",
          "sign" : "aries"
        },
        {
          "date" : "2019-08-20T19:42+0000",
          "moonPhase" : "phase3",
          "timeZone" : 3,
          "age" : 20,
          "moonPhaseDate" : "2019-08-15T12:29+0000",
          "signDate" : "2019-08-18T16:32+0000",
          "sign" : "aries"
        },
        {
          "date" : "2019-08-21T20:06+0000",
          "moonPhase" : "phase3",
          "timeZone" : 3,
          "age" : 21,
          "moonPhaseDate" : "2019-08-15T12:29+0000",
          "signDate" : "2019-08-21T04:36+0000",
          "sign" : "taurus"
        },
        {
          "date" : "2019-08-22T20:34+0000",
          "moonPhase" : "phase3",
          "timeZone" : 3,
          "age" : 22,
          "moonPhaseDate" : "2019-08-15T12:29+0000",
          "signDate" : "2019-08-21T04:36+0000",
          "sign" : "taurus"
        },
        {
          "date" : "2019-08-23T21:05+0000",
          "moonPhase" : "phase4",
          "timeZone" : 3,
          "age" : 23,
          "moonPhaseDate" : "2019-08-23T14:56+0000",
          "signDate" : "2019-08-21T04:36+0000",
          "sign" : "gemini"
        },
        {
          "date" : "2019-08-24T21:43+0000",
          "moonPhase" : "phase4",
          "timeZone" : 3,
          "age" : 24,
          "moonPhaseDate" : "2019-08-23T14:56+0000",
          "signDate" : "2019-08-21T04:36+0000",
          "sign" : "gemini"
        },
        {
          "date" : "2019-08-25T22:30+0000",
          "moonPhase" : "phase4",
          "timeZone" : 3,
          "age" : 25,
          "moonPhaseDate" : "2019-08-23T14:56+0000",
          "signDate" : "2019-08-25T21:05+0000",
          "sign" : "cancer"
        },
        {
          "date" : "2019-08-26T23:27+0000",
          "moonPhase" : "phase4",
          "timeZone" : 3,
          "age" : 26,
          "moonPhaseDate" : "2019-08-23T14:56+0000",
          "signDate" : "2019-08-25T21:05+0000",
          "sign" : "cancer"
        },
        {
          "date" : "2019-08-28T00:34+0000",
          "moonPhase" : "phase4",
          "timeZone" : 3,
          "age" : 27,
          "moonPhaseDate" : "2019-08-23T14:56+0000",
          "signDate" : "2019-08-27T23:51+0000",
          "sign" : "leo"
        },
        {
          "date" : "2019-08-29T01:48+0000",
          "moonPhase" : "phase4",
          "timeZone" : 3,
          "age" : 28,
          "moonPhaseDate" : "2019-08-23T14:56+0000",
          "signDate" : "2019-08-27T23:51+0000",
          "sign" : "leo"
        },
        {
          "date" : "2019-08-30T03:07+0000",
          "moonPhase" : "newMoon",
          "age" : 29,
          "timeZone" : 3,
          "moonPhaseDate" : "2019-08-30T10:37+0000",
          "signDate" : "2019-08-29T23:57+0000",
          "sign" : "virgo"
        },
        {
          "date" : "2019-08-30T10:37+0000",
          "moonPhase" : "newMoon",
          "timeZone" : 3,
          "age" : 1,
          "moonPhaseDate" : "2019-08-30T10:37+0000",
          "signDate" : "2019-08-29T23:57+0000",
          "sign" : "virgo"
        },
        {
          "date" : "2019-08-31T04:28+0000",
          "moonPhase" : "phase1",
          "timeZone" : 3,
          "age" : 2,
          "moonPhaseDate" : "2019-08-30T10:37+0000",
          "signDate" : "2019-08-29T23:57+0000",
          "sign" : "virgo"
        },
        {
          "date" : "2019-09-01T05:47+0000",
          "moonPhase" : "phase1",
          "timeZone" : 3,
          "age" : 3,
          "moonPhaseDate" : null,
          "signDate" : "2019-08-31T23:12+0000",
          "sign" : "libra"
        },
        {
          "date" : "2019-09-02T07:04+0000",
          "moonPhase" : "phase1",
          "timeZone" : 3,
          "age" : 4,
          "moonPhaseDate" : null,
          "signDate" : "2019-08-31T23:12+0000",
          "sign" : "libra"
        },
        {
          "date" : "2019-09-03T08:20+0000",
          "moonPhase" : "phase1",
          "age" : 5,
          "timeZone" : 3,
          "moonPhaseDate" : null,
          "signDate" : "2019-09-02T23:38+0000",
          "sign" : "scorpio"
        },
        {
          "date" : "2019-09-04T09:33+0000",
          "moonPhase" : "phase1",
          "age" : 6,
          "timeZone" : 3,
          "moonPhaseDate" : null,
          "signDate" : "2019-09-02T23:38+0000",
          "sign" : "scorpio"
        },
        {
          "date" : "2019-09-05T10:43+0000",
          "moonPhase" : "phase1",
          "timeZone" : 3,
          "age" : 7,
          "moonPhaseDate" : null,
          "signDate" : "2019-09-05T03:06+0000",
          "sign" : "sagittarius"
        },
        {
          "date" : "2019-09-06T11:49+0000",
          "moonPhase" : "phase2",
          "timeZone" : 3,
          "age" : 8,
          "moonPhaseDate" : "2019-09-06T03:10+0000",
          "signDate" : "2019-09-05T03:06+0000",
          "sign" : "sagittarius"
        },
        {
          "date" : "2019-09-07T12:49+0000",
          "moonPhase" : "phase2",
          "age" : 9,
          "timeZone" : 3,
          "moonPhaseDate" : "2019-09-06T03:10+0000",
          "signDate" : "2019-09-07T10:35+0000",
          "sign" : "capricorn"
        },
        {
          "date" : "2019-09-08T13:43+0000",
          "moonPhase" : "phase2",
          "timeZone" : 3,
          "age" : 10,
          "moonPhaseDate" : "2019-09-06T03:10+0000",
          "signDate" : "2019-09-07T10:35+0000",
          "sign" : "capricorn"
        },
        {
          "date" : "2019-09-09T14:29+0000",
          "moonPhase" : "phase2",
          "age" : 11,
          "timeZone" : 3,
          "moonPhaseDate" : "2019-09-06T03:10+0000",
          "signDate" : "2019-09-07T10:35+0000",
          "sign" : "capricorn"
        },
        {
          "date" : "2019-09-10T15:09+0000",
          "moonPhase" : "phase2",
          "timeZone" : 3,
          "age" : 12,
          "moonPhaseDate" : "2019-09-06T03:10+0000",
          "signDate" : "2019-09-09T21:25+0000",
          "sign" : "aquarius"
        },
        {
          "date" : "2019-09-11T15:43+0000",
          "moonPhase" : "phase2",
          "timeZone" : 3,
          "age" : 13,
          "moonPhaseDate" : "2019-09-06T03:10+0000",
          "signDate" : "2019-09-09T21:25+0000",
          "sign" : "aquarius"
        },
        {
          "date" : "2019-09-12T16:12+0000",
          "moonPhase" : "phase2",
          "timeZone" : 3,
          "age" : 14,
          "moonPhaseDate" : "2019-09-06T03:10+0000",
          "signDate" : "2019-09-12T09:53+0000",
          "sign" : "pisces"
        },
        {
          "date" : "2019-09-13T16:38+0000",
          "moonPhase" : "phase2",
          "timeZone" : 3,
          "age" : 15,
          "moonPhaseDate" : "2019-09-06T03:10+0000",
          "signDate" : "2019-09-12T09:53+0000",
          "sign" : "pisces"
        },
        {
          "date" : "2019-09-14T17:01+0000",
          "moonPhase" : "fullMoon",
          "timeZone" : 3,
          "age" : 16,
          "moonPhaseDate" : "2019-09-14T04:33+0000",
          "signDate" : "2019-09-12T09:53+0000",
          "sign" : "pisces"
        },
        {
          "date" : "2019-09-15T17:24+0000",
          "moonPhase" : "phase3",
          "age" : 17,
          "timeZone" : 3,
          "moonPhaseDate" : "2019-09-14T04:33+0000",
          "signDate" : "2019-09-14T22:32+0000",
          "sign" : "aries"
        },
        {
          "date" : "2019-09-16T17:46+0000",
          "moonPhase" : "phase3",
          "timeZone" : 3,
          "age" : 18,
          "moonPhaseDate" : "2019-09-14T04:33+0000",
          "signDate" : "2019-09-14T22:32+0000",
          "sign" : "aries"
        },
        {
          "date" : "2019-09-17T18:10+0000",
          "moonPhase" : "phase3",
          "timeZone" : 3,
          "age" : 19,
          "moonPhaseDate" : "2019-09-14T04:33+0000",
          "signDate" : "2019-09-17T10:30+0000",
          "sign" : "taurus"
        },
        {
          "date" : "2019-09-18T18:36+0000",
          "moonPhase" : "phase3",
          "timeZone" : 3,
          "age" : 20,
          "moonPhaseDate" : "2019-09-14T04:33+0000",
          "signDate" : "2019-09-17T10:30+0000",
          "sign" : "taurus"
        },
        {
          "date" : "2019-09-19T19:05+0000",
          "moonPhase" : "phase3",
          "timeZone" : 3,
          "age" : 21,
          "moonPhaseDate" : "2019-09-14T04:33+0000",
          "signDate" : "2019-09-19T20:58+0000",
          "sign" : "gemini"
        },
        {
          "date" : "2019-09-20T19:40+0000",
          "moonPhase" : "phase3",
          "timeZone" : 3,
          "age" : 22,
          "moonPhaseDate" : "2019-09-14T04:33+0000",
          "signDate" : "2019-09-19T20:58+0000",
          "sign" : "gemini"
        },
        {
          "date" : "2019-09-21T20:22+0000",
          "moonPhase" : "phase3",
          "timeZone" : 3,
          "age" : 23,
          "moonPhaseDate" : "2019-09-14T04:33+0000",
          "signDate" : "2019-09-19T20:58+0000",
          "sign" : "gemini"
        },
        {
          "date" : "2019-09-22T21:13+0000",
          "moonPhase" : "phase4",
          "timeZone" : 3,
          "age" : 24,
          "moonPhaseDate" : "2019-09-22T02:41+0000",
          "signDate" : "2019-09-19T20:58+0000",
          "sign" : "cancer"
        },
        {
          "date" : "2019-09-23T22:13+0000",
          "moonPhase" : "phase4",
          "age" : 25,
          "timeZone" : 3,
          "moonPhaseDate" : "2019-09-22T02:41+0000",
          "signDate" : "2019-09-24T09:19+0000",
          "sign" : "leo"
        },
        {
          "date" : "2019-09-24T23:23+0000",
          "moonPhase" : "phase4",
          "timeZone" : 3,
          "age" : 26,
          "moonPhaseDate" : "2019-09-22T02:41+0000",
          "signDate" : "2019-09-24T09:19+0000",
          "sign" : "leo"
        },
        {
          "date" : "2019-09-26T00:38+0000",
          "moonPhase" : "phase4",
          "timeZone" : 3,
          "age" : 27,
          "moonPhaseDate" : "2019-09-22T02:41+0000",
          "signDate" : "2019-09-26T10:35+0000",
          "sign" : "virgo"
        },
        {
          "date" : "2019-09-27T01:57+0000",
          "moonPhase" : "phase4",
          "timeZone" : 3,
          "age" : 28,
          "moonPhaseDate" : "2019-09-22T02:41+0000",
          "signDate" : "2019-09-26T10:35+0000",
          "sign" : "virgo"
        },
        {
          "date" : "2019-09-28T03:17+0000",
          "moonPhase" : "newMoon",
          "timeZone" : 3,
          "age" : 29,
          "moonPhaseDate" : "2019-09-28T18:26+0000",
          "signDate" : "2019-09-28T10:04+0000",
          "sign" : "libra"
        },
        {
          "date" : "2019-09-28T18:26+0000",
          "moonPhase" : "newMoon",
          "timeZone" : 3,
          "age" : 1,
          "moonPhaseDate" : "2019-09-28T18:26+0000",
          "signDate" : "2019-09-28T10:04+0000",
          "sign" : "libra"
        },
        {
          "date" : "2019-09-29T04:36+0000",
          "moonPhase" : "phase1",
          "timeZone" : 3,
          "age" : 2,
          "moonPhaseDate" : "2019-09-28T18:26+0000",
          "signDate" : "2019-09-28T10:04+0000",
          "sign" : "libra"
        },
        {
          "date" : "2019-09-30T05:55+0000",
          "moonPhase" : "phase1",
          "timeZone" : 3,
          "age" : 3,
          "moonPhaseDate" : "2019-09-28T18:26+0000",
          "signDate" : "2019-09-30T09:45+0000",
          "sign" : "scorpio"
        },
        {
          "date" : "2019-10-01T07:11+0000",
          "moonPhase" : "phase1",
          "timeZone" : 3,
          "age" : 4,
          "moonPhaseDate" : null,
          "signDate" : "2019-09-30T09:45+0000",
          "sign" : "scorpio"
        },
        {
          "date" : "2019-10-02T08:26+0000",
          "moonPhase" : "phase1",
          "age" : 5,
          "timeZone" : 3,
          "moonPhaseDate" : null,
          "signDate" : "2019-10-02T11:45+0000",
          "sign" : "sagittarius"
        },
        {
          "date" : "2019-10-03T09:36+0000",
          "moonPhase" : "phase1",
          "timeZone" : 3,
          "age" : 6,
          "moonPhaseDate" : null,
          "signDate" : "2019-10-02T11:45+0000",
          "sign" : "sagittarius"
        },
        {
          "date" : "2019-10-04T10:41+0000",
          "moonPhase" : "phase1",
          "timeZone" : 3,
          "age" : 7,
          "moonPhaseDate" : null,
          "signDate" : "2019-10-04T17:41+0000",
          "sign" : "capricorn"
        },
        {
          "date" : "2019-10-05T11:39+0000",
          "moonPhase" : "phase2",
          "timeZone" : 3,
          "age" : 8,
          "moonPhaseDate" : "2019-10-05T16:47+0000",
          "signDate" : "2019-10-04T17:41+0000",
          "sign" : "capricorn"
        },
        {
          "date" : "2019-10-06T12:28+0000",
          "moonPhase" : "phase2",
          "timeZone" : 3,
          "age" : 9,
          "moonPhaseDate" : "2019-10-05T16:47+0000",
          "signDate" : "2019-10-04T17:41+0000",
          "sign" : "capricorn"
        },
        {
          "date" : "2019-10-07T13:10+0000",
          "moonPhase" : "phase2",
          "timeZone" : 3,
          "age" : 10,
          "moonPhaseDate" : "2019-10-05T16:47+0000",
          "signDate" : "2019-10-07T03:43+0000",
          "sign" : "aquarius"
        },
        {
          "date" : "2019-10-08T13:46+0000",
          "moonPhase" : "phase2",
          "timeZone" : 3,
          "age" : 11,
          "moonPhaseDate" : "2019-10-05T16:47+0000",
          "signDate" : "2019-10-07T03:43+0000",
          "sign" : "aquarius"
        },
        {
          "date" : "2019-10-09T14:16+0000",
          "moonPhase" : "phase2",
          "timeZone" : 3,
          "age" : 12,
          "moonPhaseDate" : "2019-10-05T16:47+0000",
          "signDate" : "2019-10-09T16:08+0000",
          "sign" : "pisces"
        },
        {
          "date" : "2019-10-10T14:42+0000",
          "moonPhase" : "phase2",
          "timeZone" : 3,
          "age" : 13,
          "moonPhaseDate" : "2019-10-05T16:47+0000",
          "signDate" : "2019-10-09T16:08+0000",
          "sign" : "pisces"
        },
        {
          "date" : "2019-10-11T15:06+0000",
          "moonPhase" : "phase2",
          "age" : 14,
          "timeZone" : 3,
          "moonPhaseDate" : "2019-10-05T16:47+0000",
          "signDate" : "2019-10-09T16:08+0000",
          "sign" : "pisces"
        },
        {
          "date" : "2019-10-12T15:29+0000",
          "moonPhase" : "phase2",
          "timeZone" : 3,
          "age" : 15,
          "moonPhaseDate" : "2019-10-05T16:47+0000",
          "signDate" : "2019-10-12T04:46+0000",
          "sign" : "aries"
        },
        {
          "date" : "2019-10-13T15:51+0000",
          "moonPhase" : "phase2",
          "timeZone" : 3,
          "age" : 16,
          "moonPhaseDate" : "2019-10-05T16:47+0000",
          "signDate" : "2019-10-12T04:46+0000",
          "sign" : "aries"
        },
        {
          "date" : "2019-10-14T16:14+0000",
          "moonPhase" : "fullMoon",
          "timeZone" : 3,
          "age" : 17,
          "moonPhaseDate" : "2019-10-13T21:08+0000",
          "signDate" : "2019-10-14T16:23+0000",
          "sign" : "taurus"
        },
        {
          "date" : "2019-10-15T16:39+0000",
          "moonPhase" : "phase3",
          "age" : 18,
          "timeZone" : 3,
          "moonPhaseDate" : "2019-10-13T21:08+0000",
          "signDate" : "2019-10-14T16:23+0000",
          "sign" : "taurus"
        },
        {
          "date" : "2019-10-16T17:07+0000",
          "moonPhase" : "phase3",
          "timeZone" : 3,
          "age" : 19,
          "moonPhaseDate" : "2019-10-13T21:08+0000",
          "signDate" : "2019-10-14T16:23+0000",
          "sign" : "taurus"
        },
        {
          "date" : "2019-10-17T17:40+0000",
          "moonPhase" : "phase3",
          "timeZone" : 3,
          "age" : 20,
          "moonPhaseDate" : "2019-10-13T21:08+0000",
          "signDate" : "2019-10-17T02:29+0000",
          "sign" : "gemini"
        },
        {
          "date" : "2019-10-18T18:19+0000",
          "moonPhase" : "phase3",
          "timeZone" : 3,
          "age" : 21,
          "moonPhaseDate" : "2019-10-13T21:08+0000",
          "signDate" : "2019-10-17T02:29+0000",
          "sign" : "gemini"
        },
        {
          "date" : "2019-10-19T19:06+0000",
          "moonPhase" : "phase3",
          "timeZone" : 3,
          "age" : 22,
          "moonPhaseDate" : "2019-10-13T21:08+0000",
          "signDate" : "2019-10-19T10:42+0000",
          "sign" : "cancer"
        },
        {
          "date" : "2019-10-20T20:02+0000",
          "moonPhase" : "phase3",
          "timeZone" : 3,
          "age" : 23,
          "moonPhaseDate" : "2019-10-13T21:08+0000",
          "signDate" : "2019-10-19T10:42+0000",
          "sign" : "cancer"
        },
        {
          "date" : "2019-10-21T21:07+0000",
          "moonPhase" : "phase4",
          "timeZone" : 3,
          "age" : 24,
          "moonPhaseDate" : "2019-10-21T12:39+0000",
          "signDate" : "2019-10-19T10:42+0000",
          "sign" : "leo"
        },
        {
          "date" : "2019-10-22T22:18+0000",
          "moonPhase" : "phase4",
          "timeZone" : 3,
          "age" : 25,
          "moonPhaseDate" : "2019-10-21T12:39+0000",
          "signDate" : "2019-10-23T19:30+0000",
          "sign" : "virgo"
        },
        {
          "date" : "2019-10-23T23:33+0000",
          "moonPhase" : "phase4",
          "timeZone" : 3,
          "age" : 26,
          "moonPhaseDate" : "2019-10-21T12:39+0000",
          "signDate" : "2019-10-23T19:30+0000",
          "sign" : "virgo"
        },
        {
          "date" : "2019-10-25T00:50+0000",
          "moonPhase" : "phase4",
          "age" : 27,
          "timeZone" : 3,
          "moonPhaseDate" : "2019-10-21T12:39+0000",
          "signDate" : "2019-10-25T20:20+0000",
          "sign" : "libra"
        },
        {
          "date" : "2019-10-26T02:08+0000",
          "moonPhase" : "phase4",
          "timeZone" : 3,
          "age" : 28,
          "moonPhaseDate" : "2019-10-21T12:39+0000",
          "signDate" : "2019-10-25T20:20+0000",
          "sign" : "libra"
        },
        {
          "date" : "2019-10-27T02:26+0000",
          "moonPhase" : "phase4",
          "timeZone" : 3,
          "age" : 29,
          "moonPhaseDate" : "2019-10-21T12:39+0000",
          "signDate" : "2019-10-27T19:31+0000",
          "sign" : "scorpio"
        },
        {
          "date" : "2019-10-28T02:38+0000",
          "moonPhase" : "newMoon",
          "age" : 1,
          "timeZone" : 3,
          "moonPhaseDate" : "2019-10-28T02:38+0000",
          "signDate" : "2019-10-27T19:31+0000",
          "sign" : "scorpio"
        },
        {
          "date" : "2019-10-28T03:43+0000",
          "moonPhase" : "newMoon",
          "timeZone" : 3,
          "age" : 2,
          "moonPhaseDate" : "2019-10-28T02:38+0000",
          "signDate" : "2019-10-27T19:31+0000",
          "sign" : "scorpio"
        },
        {
          "date" : "2019-10-29T05:00+0000",
          "moonPhase" : "phase1",
          "timeZone" : 3,
          "age" : 3,
          "moonPhaseDate" : "2019-10-28T02:38+0000",
          "signDate" : "2019-10-28T21:00+0000",
          "sign" : "sagittarius"
        },
        {
          "date" : "2019-10-30T06:15+0000",
          "moonPhase" : "phase1",
          "age" : 4,
          "timeZone" : 3,
          "moonPhaseDate" : "2019-10-28T02:38+0000",
          "signDate" : "2019-10-28T21:00+0000",
          "sign" : "sagittarius"
        },
        {
          "date" : "2019-10-31T07:24+0000",
          "moonPhase" : "phase1",
          "timeZone" : 3,
          "age" : 5,
          "moonPhaseDate" : "2019-10-28T02:38+0000",
          "signDate" : "2019-10-28T21:00+0000",
          "sign" : "sagittarius"
        },
        {
          "date" : "2019-11-01T08:28+0000",
          "moonPhase" : "phase1",
          "timeZone" : 3,
          "age" : 6,
          "moonPhaseDate" : null,
          "signDate" : "2019-11-01T01:38+0000",
          "sign" : "capricorn"
        },
        {
          "date" : "2019-11-02T09:22+0000",
          "moonPhase" : "phase1",
          "timeZone" : 3,
          "age" : 7,
          "moonPhaseDate" : null,
          "signDate" : "2019-11-01T01:38+0000",
          "sign" : "capricorn"
        },
        {
          "date" : "2019-11-03T10:08+0000",
          "moonPhase" : "phase1",
          "timeZone" : 3,
          "age" : 8,
          "moonPhaseDate" : null,
          "signDate" : "2019-11-03T10:21+0000",
          "sign" : "aquarius"
        },
        {
          "date" : "2019-11-04T10:47+0000",
          "moonPhase" : "phase2",
          "age" : 9,
          "timeZone" : 3,
          "moonPhaseDate" : "2019-11-04T09:23+0000",
          "signDate" : "2019-11-03T10:21+0000",
          "sign" : "aquarius"
        },
        {
          "date" : "2019-11-05T11:19+0000",
          "moonPhase" : "phase2",
          "timeZone" : 3,
          "age" : 10,
          "moonPhaseDate" : "2019-11-04T09:23+0000",
          "signDate" : "2019-11-03T10:21+0000",
          "sign" : "aquarius"
        },
        {
          "date" : "2019-11-06T11:46+0000",
          "moonPhase" : "phase2",
          "timeZone" : 3,
          "age" : 11,
          "moonPhaseDate" : "2019-11-04T09:23+0000",
          "signDate" : "2019-11-05T22:11+0000",
          "sign" : "pisces"
        },
        {
          "date" : "2019-11-07T12:11+0000",
          "moonPhase" : "phase2",
          "timeZone" : 3,
          "age" : 12,
          "moonPhaseDate" : "2019-11-04T09:23+0000",
          "signDate" : "2019-11-05T22:11+0000",
          "sign" : "pisces"
        },
        {
          "date" : "2019-11-08T12:34+0000",
          "moonPhase" : "phase2",
          "timeZone" : 3,
          "age" : 13,
          "moonPhaseDate" : "2019-11-04T09:23+0000",
          "signDate" : "2019-11-08T10:50+0000",
          "sign" : "aries"
        },
        {
          "date" : "2019-11-09T12:56+0000",
          "moonPhase" : "phase2",
          "timeZone" : 3,
          "age" : 14,
          "moonPhaseDate" : "2019-11-04T09:23+0000",
          "signDate" : "2019-11-08T10:50+0000",
          "sign" : "aries"
        },
        {
          "date" : "2019-11-10T13:18+0000",
          "moonPhase" : "phase2",
          "timeZone" : 3,
          "age" : 15,
          "moonPhaseDate" : "2019-11-04T09:23+0000",
          "signDate" : "2019-11-08T10:50+0000",
          "sign" : "aries"
        },
        {
          "date" : "2019-11-11T13:42+0000",
          "moonPhase" : "phase2",
          "age" : 16,
          "timeZone" : 3,
          "moonPhaseDate" : "2019-11-04T09:23+0000",
          "signDate" : "2019-11-10T22:19+0000",
          "sign" : "taurus"
        },
        {
          "date" : "2019-11-12T14:09+0000",
          "moonPhase" : "fullMoon",
          "timeZone" : 3,
          "age" : 17,
          "moonPhaseDate" : "2019-11-12T12:35+0000",
          "signDate" : "2019-11-10T22:19+0000",
          "sign" : "taurus"
        },
        {
          "date" : "2019-11-13T14:41+0000",
          "moonPhase" : "phase3",
          "age" : 18,
          "timeZone" : 3,
          "moonPhaseDate" : "2019-11-12T12:35+0000",
          "signDate" : "2019-11-13T07:45+0000",
          "sign" : "gemini"
        },
        {
          "date" : "2019-11-14T15:18+0000",
          "moonPhase" : "phase3",
          "timeZone" : 3,
          "age" : 19,
          "moonPhaseDate" : "2019-11-12T12:35+0000",
          "signDate" : "2019-11-13T07:45+0000",
          "sign" : "gemini"
        },
        {
          "date" : "2019-11-15T16:03+0000",
          "moonPhase" : "phase3",
          "timeZone" : 3,
          "age" : 20,
          "moonPhaseDate" : "2019-11-12T12:35+0000",
          "signDate" : "2019-11-15T15:12+0000",
          "sign" : "cancer"
        },
        {
          "date" : "2019-11-16T16:56+0000",
          "moonPhase" : "phase3",
          "timeZone" : 3,
          "age" : 21,
          "moonPhaseDate" : "2019-11-12T12:35+0000",
          "signDate" : "2019-11-15T15:12+0000",
          "sign" : "cancer"
        },
        {
          "date" : "2019-11-17T17:58+0000",
          "moonPhase" : "phase3",
          "age" : 22,
          "timeZone" : 3,
          "moonPhaseDate" : "2019-11-12T12:35+0000",
          "signDate" : "2019-11-17T20:54+0000",
          "sign" : "leo"
        },
        {
          "date" : "2019-11-18T19:07+0000",
          "moonPhase" : "phase3",
          "timeZone" : 3,
          "age" : 23,
          "moonPhaseDate" : "2019-11-12T12:35+0000",
          "signDate" : "2019-11-17T20:54+0000",
          "sign" : "leo"
        },
        {
          "date" : "2019-11-19T20:19+0000",
          "moonPhase" : "phase4",
          "timeZone" : 3,
          "age" : 24,
          "moonPhaseDate" : "2019-11-19T20:11+0000",
          "signDate" : "2019-11-17T20:54+0000",
          "sign" : "leo"
        },
        {
          "date" : "2019-11-20T21:33+0000",
          "moonPhase" : "phase4",
          "timeZone" : 3,
          "age" : 25,
          "moonPhaseDate" : "2019-11-19T20:11+0000",
          "signDate" : "2019-11-17T20:54+0000",
          "sign" : "virgo"
        },
        {
          "date" : "2019-11-21T22:48+0000",
          "moonPhase" : "phase4",
          "timeZone" : 3,
          "age" : 26,
          "moonPhaseDate" : "2019-11-19T20:11+0000",
          "signDate" : "2019-11-22T03:22+0000",
          "sign" : "libra"
        },
        {
          "date" : "2019-11-23T00:03+0000",
          "moonPhase" : "phase4",
          "timeZone" : 3,
          "age" : 27,
          "moonPhaseDate" : "2019-11-19T20:11+0000",
          "signDate" : "2019-11-22T03:22+0000",
          "sign" : "libra"
        },
        {
          "date" : "2019-11-24T01:19+0000",
          "moonPhase" : "phase4",
          "timeZone" : 3,
          "age" : 28,
          "moonPhaseDate" : "2019-11-19T20:11+0000",
          "signDate" : "2019-11-24T05:01+0000",
          "sign" : "scorpio"
        },
        {
          "date" : "2019-11-25T02:35+0000",
          "moonPhase" : "phase4",
          "timeZone" : 3,
          "age" : 29,
          "moonPhaseDate" : "2019-11-19T20:11+0000",
          "signDate" : "2019-11-24T05:01+0000",
          "sign" : "scorpio"
        },
        {
          "date" : "2019-11-26T03:50+0000",
          "moonPhase" : "newMoon",
          "timeZone" : 3,
          "age" : 30,
          "moonPhaseDate" : "2019-11-26T14:06+0000",
          "signDate" : "2019-11-26T07:12+0000",
          "sign" : "sagittarius"
        },
        {
          "date" : "2019-11-26T14:06+0000",
          "moonPhase" : "newMoon",
          "age" : 1,
          "timeZone" : 3,
          "moonPhaseDate" : "2019-11-26T14:06+0000",
          "signDate" : "2019-11-26T07:12+0000",
          "sign" : "sagittarius"
        },
        {
          "date" : "2019-11-27T05:02+0000",
          "moonPhase" : "phase1",
          "timeZone" : 3,
          "age" : 2,
          "moonPhaseDate" : "2019-11-26T14:06+0000",
          "signDate" : "2019-11-26T07:12+0000",
          "sign" : "sagittarius"
        },
        {
          "date" : "2019-11-28T06:10+0000",
          "moonPhase" : "phase1",
          "timeZone" : 3,
          "age" : 3,
          "moonPhaseDate" : "2019-11-26T14:06+0000",
          "signDate" : "2019-11-28T11:32+0000",
          "sign" : "capricorn"
        },
        {
          "date" : "2019-11-29T07:10+0000",
          "moonPhase" : "phase1",
          "timeZone" : 3,
          "age" : 4,
          "moonPhaseDate" : "2019-11-26T14:06+0000",
          "signDate" : "2019-11-28T11:32+0000",
          "sign" : "capricorn"
        },
        {
          "date" : "2019-11-30T08:02+0000",
          "moonPhase" : "phase1",
          "timeZone" : 3,
          "age" : 5,
          "moonPhaseDate" : "2019-11-26T14:06+0000",
          "signDate" : "2019-11-30T19:15+0000",
          "sign" : "aquarius"
        },
        {
          "date" : "2019-12-01T08:44+0000",
          "moonPhase" : "phase1",
          "timeZone" : 3,
          "age" : 6,
          "moonPhaseDate" : null,
          "signDate" : "2019-11-30T19:15+0000",
          "sign" : "aquarius"
        },
        {
          "date" : "2019-12-02T09:19+0000",
          "moonPhase" : "phase1",
          "timeZone" : 3,
          "age" : 7,
          "moonPhaseDate" : null,
          "signDate" : "2019-11-30T19:15+0000",
          "sign" : "aquarius"
        },
        {
          "date" : "2019-12-03T09:49+0000",
          "moonPhase" : "phase1",
          "timeZone" : 3,
          "age" : 8,
          "moonPhaseDate" : null,
          "signDate" : "2019-12-03T06:14+0000",
          "sign" : "pisces"
        },
        {
          "date" : "2019-12-04T10:15+0000",
          "moonPhase" : "phase2",
          "timeZone" : 3,
          "age" : 9,
          "moonPhaseDate" : "2019-12-04T05:58+0000",
          "signDate" : "2019-12-03T06:14+0000",
          "sign" : "pisces"
        },
        {
          "date" : "2019-12-05T10:38+0000",
          "moonPhase" : "phase2",
          "timeZone" : 3,
          "age" : 10,
          "moonPhaseDate" : "2019-12-04T05:58+0000",
          "signDate" : "2019-12-05T18:46+0000",
          "sign" : "aries"
        },
        {
          "date" : "2019-12-06T11:00+0000",
          "moonPhase" : "phase2",
          "timeZone" : 3,
          "age" : 11,
          "moonPhaseDate" : "2019-12-04T05:58+0000",
          "signDate" : "2019-12-05T18:46+0000",
          "sign" : "aries"
        },
        {
          "date" : "2019-12-07T11:22+0000",
          "moonPhase" : "phase2",
          "timeZone" : 3,
          "age" : 12,
          "moonPhaseDate" : "2019-12-04T05:58+0000",
          "signDate" : "2019-12-05T18:46+0000",
          "sign" : "aries"
        },
        {
          "date" : "2019-12-08T11:45+0000",
          "moonPhase" : "phase2",
          "timeZone" : 3,
          "age" : 13,
          "moonPhaseDate" : "2019-12-04T05:58+0000",
          "signDate" : "2019-12-08T06:31+0000",
          "sign" : "taurus"
        },
        {
          "date" : "2019-12-09T12:10+0000",
          "moonPhase" : "phase2",
          "timeZone" : 3,
          "age" : 14,
          "moonPhaseDate" : "2019-12-04T05:58+0000",
          "signDate" : "2019-12-08T06:31+0000",
          "sign" : "taurus"
        },
        {
          "date" : "2019-12-10T12:40+0000",
          "moonPhase" : "phase2",
          "timeZone" : 3,
          "age" : 15,
          "moonPhaseDate" : "2019-12-04T05:58+0000",
          "signDate" : "2019-12-10T15:49+0000",
          "sign" : "gemini"
        },
        {
          "date" : "2019-12-11T13:14+0000",
          "moonPhase" : "phase2",
          "timeZone" : 3,
          "age" : 16,
          "moonPhaseDate" : "2019-12-04T05:58+0000",
          "signDate" : "2019-12-10T15:49+0000",
          "sign" : "gemini"
        },
        {
          "date" : "2019-12-12T13:57+0000",
          "moonPhase" : "fullMoon",
          "timeZone" : 3,
          "age" : 17,
          "moonPhaseDate" : "2019-12-12T04:12+0000",
          "signDate" : "2019-12-10T15:49+0000",
          "sign" : "gemini"
        },
        {
          "date" : "2019-12-13T14:48+0000",
          "moonPhase" : "phase3",
          "timeZone" : 3,
          "age" : 18,
          "moonPhaseDate" : "2019-12-12T04:12+0000",
          "signDate" : "2019-12-12T22:24+0000",
          "sign" : "cancer"
        },
        {
          "date" : "2019-12-14T15:49+0000",
          "moonPhase" : "phase3",
          "timeZone" : 3,
          "age" : 19,
          "moonPhaseDate" : "2019-12-12T04:12+0000",
          "signDate" : "2019-12-12T22:24+0000",
          "sign" : "cancer"
        },
        {
          "date" : "2019-12-15T16:57+0000",
          "moonPhase" : "phase3",
          "timeZone" : 3,
          "age" : 20,
          "moonPhaseDate" : "2019-12-12T04:12+0000",
          "signDate" : "2019-12-15T02:53+0000",
          "sign" : "leo"
        },
        {
          "date" : "2019-12-16T18:09+0000",
          "moonPhase" : "phase3",
          "timeZone" : 3,
          "age" : 21,
          "moonPhaseDate" : "2019-12-12T04:12+0000",
          "signDate" : "2019-12-15T02:53+0000",
          "sign" : "leo"
        },
        {
          "date" : "2019-12-17T19:24+0000",
          "moonPhase" : "phase3",
          "timeZone" : 3,
          "age" : 22,
          "moonPhaseDate" : "2019-12-12T04:12+0000",
          "signDate" : "2019-12-17T06:13+0000",
          "sign" : "virgo"
        },
        {
          "date" : "2019-12-18T20:38+0000",
          "moonPhase" : "phase3",
          "timeZone" : 3,
          "age" : 23,
          "moonPhaseDate" : "2019-12-12T04:12+0000",
          "signDate" : "2019-12-17T06:13+0000",
          "sign" : "virgo"
        },
        {
          "date" : "2019-12-19T21:51+0000",
          "moonPhase" : "phase4",
          "timeZone" : 3,
          "age" : 24,
          "moonPhaseDate" : "2019-12-19T03:57+0000",
          "signDate" : "2019-12-17T06:13+0000",
          "sign" : "libra"
        },
        {
          "date" : "2019-12-20T23:05+0000",
          "moonPhase" : "phase4",
          "age" : 25,
          "timeZone" : 3,
          "moonPhaseDate" : "2019-12-19T03:57+0000",
          "signDate" : "2019-12-21T12:01+0000",
          "sign" : "scorpio"
        },
        {
          "date" : "2019-12-22T00:18+0000",
          "moonPhase" : "phase4",
          "timeZone" : 3,
          "age" : 26,
          "moonPhaseDate" : "2019-12-19T03:57+0000",
          "signDate" : "2019-12-21T12:01+0000",
          "sign" : "scorpio"
        },
        {
          "date" : "2019-12-23T01:31+0000",
          "moonPhase" : "phase4",
          "timeZone" : 3,
          "age" : 27,
          "moonPhaseDate" : "2019-12-19T03:57+0000",
          "signDate" : "2019-12-23T15:37+0000",
          "sign" : "sagittarius"
        },
        {
          "date" : "2019-12-24T02:43+0000",
          "moonPhase" : "phase4",
          "timeZone" : 3,
          "age" : 28,
          "moonPhaseDate" : "2019-12-19T03:57+0000",
          "signDate" : "2019-12-23T15:37+0000",
          "sign" : "sagittarius"
        },
        {
          "date" : "2019-12-25T03:52+0000",
          "moonPhase" : "phase4",
          "timeZone" : 3,
          "age" : 29,
          "moonPhaseDate" : "2019-12-19T03:57+0000",
          "signDate" : "2019-12-25T20:46+0000",
          "sign" : "capricorn"
        },
        {
          "date" : "2019-12-26T04:13+0000",
          "moonPhase" : "newMoon",
          "timeZone" : 3,
          "age" : 1,
          "moonPhaseDate" : "2019-12-26T04:13+0000",
          "signDate" : "2019-12-25T20:46+0000",
          "sign" : "capricorn"
        },
        {
          "date" : "2019-12-26T04:56+0000",
          "moonPhase" : "newMoon",
          "age" : 2,
          "timeZone" : 3,
          "moonPhaseDate" : "2019-12-26T04:13+0000",
          "signDate" : "2019-12-25T20:46+0000",
          "sign" : "capricorn"
        },
        {
          "date" : "2019-12-27T05:51+0000",
          "moonPhase" : "phase1",
          "age" : 3,
          "timeZone" : 3,
          "moonPhaseDate" : "2019-12-26T04:13+0000",
          "signDate" : "2019-12-25T20:46+0000",
          "sign" : "capricorn"
        },
        {
          "date" : "2019-12-28T06:38+0000",
          "moonPhase" : "phase1",
          "timeZone" : 3,
          "age" : 4,
          "moonPhaseDate" : "2019-12-26T04:13+0000",
          "signDate" : "2019-12-28T04:21+0000",
          "sign" : "aquarius"
        },
        {
          "date" : "2019-12-29T07:17+0000",
          "moonPhase" : "phase1",
          "timeZone" : 3,
          "age" : 5,
          "moonPhaseDate" : "2019-12-26T04:13+0000",
          "signDate" : "2019-12-28T04:21+0000",
          "sign" : "aquarius"
        },
        {
          "date" : "2019-12-30T07:49+0000",
          "moonPhase" : "phase1",
          "timeZone" : 3,
          "age" : 6,
          "moonPhaseDate" : "2019-12-26T04:13+0000",
          "signDate" : "2019-12-30T14:43+0000",
          "sign" : "pisces"
        },
        {
          "date" : "2019-12-31T08:17+0000",
          "moonPhase" : "phase1",
          "age" : 7,
          "timeZone" : 3,
          "moonPhaseDate" : "2019-12-26T04:13+0000",
          "signDate" : "2019-12-30T14:43+0000",
          "sign" : "pisces"
        },
        {
          "date" : "2020-01-01T08:41+0000",
          "moonPhase" : "phase1",
          "age" : 8,
          "timeZone" : 3,
          "moonPhaseDate" : null,
          "signDate" : "2019-12-30T14:43+0000",
          "sign" : "pisces"
        },
        {
          "date" : "2020-01-02T09:03+0000",
          "moonPhase" : "phase1",
          "timeZone" : 3,
          "age" : 9,
          "moonPhaseDate" : null,
          "signDate" : "2020-01-02T03:01+0000",
          "sign" : "aries"
        },
        {
          "date" : "2020-01-03T09:25+0000",
          "moonPhase" : "phase2",
          "timeZone" : 3,
          "age" : 10,
          "moonPhaseDate" : "2020-01-03T03:45+0000",
          "signDate" : "2020-01-02T03:01+0000",
          "sign" : "aries"
        },
        {
          "date" : "2020-01-04T09:47+0000",
          "moonPhase" : "phase2",
          "age" : 11,
          "timeZone" : 3,
          "moonPhaseDate" : "2020-01-03T03:45+0000",
          "signDate" : "2020-01-04T15:15+0000",
          "sign" : "taurus"
        },
        {
          "date" : "2020-01-05T10:11+0000",
          "moonPhase" : "phase2",
          "timeZone" : 3,
          "age" : 12,
          "moonPhaseDate" : "2020-01-03T03:45+0000",
          "signDate" : "2020-01-04T15:15+0000",
          "sign" : "taurus"
        },
        {
          "date" : "2020-01-06T10:38+0000",
          "moonPhase" : "phase2",
          "timeZone" : 3,
          "age" : 13,
          "moonPhaseDate" : "2020-01-03T03:45+0000",
          "signDate" : "2020-01-04T15:15+0000",
          "sign" : "taurus"
        },
        {
          "date" : "2020-01-07T11:09+0000",
          "moonPhase" : "phase2",
          "timeZone" : 3,
          "age" : 14,
          "moonPhaseDate" : "2020-01-03T03:45+0000",
          "signDate" : "2020-01-07T01:13+0000",
          "sign" : "gemini"
        },
        {
          "date" : "2020-01-08T11:48+0000",
          "moonPhase" : "phase2",
          "timeZone" : 3,
          "age" : 15,
          "moonPhaseDate" : "2020-01-03T03:45+0000",
          "signDate" : "2020-01-07T01:13+0000",
          "sign" : "gemini"
        },
        {
          "date" : "2020-01-09T12:35+0000",
          "moonPhase" : "phase2",
          "timeZone" : 3,
          "age" : 16,
          "moonPhaseDate" : "2020-01-03T03:45+0000",
          "signDate" : "2020-01-09T07:45+0000",
          "sign" : "cancer"
        },
        {
          "date" : "2020-01-10T13:33+0000",
          "moonPhase" : "fullMoon",
          "timeZone" : 3,
          "age" : 17,
          "moonPhaseDate" : "2020-01-10T18:21+0000",
          "signDate" : "2020-01-09T07:45+0000",
          "sign" : "cancer"
        },
        {
          "date" : "2020-01-11T14:40+0000",
          "moonPhase" : "phase3",
          "timeZone" : 3,
          "age" : 18,
          "moonPhaseDate" : "2020-01-10T18:21+0000",
          "signDate" : "2020-01-11T11:16+0000",
          "sign" : "leo"
        },
        {
          "date" : "2020-01-12T15:53+0000",
          "moonPhase" : "phase3",
          "timeZone" : 3,
          "age" : 19,
          "moonPhaseDate" : "2020-01-10T18:21+0000",
          "signDate" : "2020-01-11T11:16+0000",
          "sign" : "leo"
        },
        {
          "date" : "2020-01-13T17:10+0000",
          "moonPhase" : "phase3",
          "timeZone" : 3,
          "age" : 20,
          "moonPhaseDate" : "2020-01-10T18:21+0000",
          "signDate" : "2020-01-13T13:05+0000",
          "sign" : "virgo"
        },
        {
          "date" : "2020-01-14T18:26+0000",
          "moonPhase" : "phase3",
          "timeZone" : 3,
          "age" : 21,
          "moonPhaseDate" : "2020-01-10T18:21+0000",
          "signDate" : "2020-01-13T13:05+0000",
          "sign" : "virgo"
        },
        {
          "date" : "2020-01-15T19:42+0000",
          "moonPhase" : "phase3",
          "timeZone" : 3,
          "age" : 22,
          "moonPhaseDate" : "2020-01-10T18:21+0000",
          "signDate" : "2020-01-15T14:42+0000",
          "sign" : "libra"
        },
        {
          "date" : "2020-01-16T20:56+0000",
          "moonPhase" : "phase3",
          "timeZone" : 3,
          "age" : 23,
          "moonPhaseDate" : "2020-01-10T18:21+0000",
          "signDate" : "2020-01-15T14:42+0000",
          "sign" : "libra"
        },
        {
          "date" : "2020-01-17T22:09+0000",
          "moonPhase" : "phase4",
          "timeZone" : 3,
          "age" : 24,
          "moonPhaseDate" : "2020-01-17T11:58+0000",
          "signDate" : "2020-01-15T14:42+0000",
          "sign" : "scorpio"
        },
        {
          "date" : "2020-01-18T23:20+0000",
          "moonPhase" : "phase4",
          "timeZone" : 3,
          "age" : 25,
          "moonPhaseDate" : "2020-01-17T11:58+0000",
          "signDate" : "2020-01-15T14:42+0000",
          "sign" : "scorpio"
        },
        {
          "date" : "2020-01-20T00:32+0000",
          "moonPhase" : "phase4",
          "timeZone" : 3,
          "age" : 26,
          "moonPhaseDate" : "2020-01-17T11:58+0000",
          "signDate" : "2020-01-19T21:43+0000",
          "sign" : "sagittarius"
        },
        {
          "date" : "2020-01-21T01:41+0000",
          "moonPhase" : "phase4",
          "timeZone" : 3,
          "age" : 27,
          "moonPhaseDate" : "2020-01-17T11:58+0000",
          "signDate" : "2020-01-19T21:43+0000",
          "sign" : "sagittarius"
        },
        {
          "date" : "2020-01-22T02:45+0000",
          "moonPhase" : "phase4",
          "age" : 28,
          "timeZone" : 3,
          "moonPhaseDate" : "2020-01-17T11:58+0000",
          "signDate" : "2020-01-22T04:02+0000",
          "sign" : "capricorn"
        },
        {
          "date" : "2020-01-23T03:43+0000",
          "moonPhase" : "phase4",
          "timeZone" : 3,
          "age" : 29,
          "moonPhaseDate" : "2020-01-17T11:58+0000",
          "signDate" : "2020-01-22T04:02+0000",
          "sign" : "capricorn"
        },
        {
          "date" : "2020-01-24T04:32+0000",
          "moonPhase" : "newMoon",
          "timeZone" : 3,
          "age" : 30,
          "moonPhaseDate" : "2020-01-24T20:42+0000",
          "signDate" : "2020-01-24T12:22+0000",
          "sign" : "aquarius"
        },
        {
          "date" : "2020-01-24T20:42+0000",
          "moonPhase" : "newMoon",
          "timeZone" : 3,
          "age" : 1,
          "moonPhaseDate" : "2020-01-24T20:42+0000",
          "signDate" : "2020-01-24T12:22+0000",
          "sign" : "aquarius"
        },
        {
          "date" : "2020-01-25T05:14+0000",
          "moonPhase" : "phase1",
          "timeZone" : 3,
          "age" : 2,
          "moonPhaseDate" : "2020-01-24T20:42+0000",
          "signDate" : "2020-01-24T12:22+0000",
          "sign" : "aquarius"
        },
        {
          "moonPhaseDate" : "2020-01-24T20:42+0000",
          "date" : "2020-01-26T05:49+0000",
          "moonPhase" : "phase1",
          "timeZone" : 3,
          "age" : 3,
          "signDate" : "2020-01-24T12:22+0000",
          "sign" : "aquarius"
        },
        {
          "date" : "2020-01-27T06:18+0000",
          "signDate" : "2020-01-26T22:45+0000",
          "moonPhaseDate" : "2020-01-24T20:42+0000",
          "sign" : "pisces",
          "moonPhase" : "phase1",
          "timeZone" : 3,
          "age" : 4
        },
        {
          "date" : "2020-01-28T06:43+0000",
          "signDate" : "2020-01-26T22:45+0000",
          "moonPhaseDate" : "2020-01-24T20:42+0000",
          "sign" : "pisces",
          "moonPhase" : "phase1",
          "timeZone" : 3,
          "age" : 5
        },
        {
          "date" : "2020-01-29T07:06+0000",
          "signDate" : "2020-01-29T10:51+0000",
          "moonPhaseDate" : "2020-01-24T20:42+0000",
          "sign" : "aries",
          "moonPhase" : "phase1",
          "timeZone" : 3,
          "age" : 6
        },
        {
          "date" : "2020-01-30T07:28+0000",
          "signDate" : "2020-01-29T10:51+0000",
          "sign" : "aries",
          "moonPhaseDate" : "2020-01-24T20:42+0000",
          "moonPhase" : "phase1",
          "timeZone" : 3,
          "age" : 7
        },
        {
          "date" : "2020-01-31T07:49+0000",
          "signDate" : "2020-01-29T10:51+0000",
          "moonPhaseDate" : "2020-01-24T20:42+0000",
          "sign" : "aries",
          "moonPhase" : "phase1",
          "timeZone" : 3,
          "age" : 8
        },
        {
          "date" : "2020-01-31T07:49+0000",
          "signDate" : "2020-01-29T10:51+0000",
          "moonPhaseDate" : "2020-01-24T20:42+0000",
          "sign" : "aries",
          "moonPhase" : "phase1",
          "timeZone" : 3,
          "age" : 8
        }
      ],
      "cityName" : "Бухарест"
    }
  ]
}