{
  "countryName" : "Киргизия",
  "cities" : [
    {
      "timeZone" : 6,
      "cityName" : "Бишкек",
      "moonDays" : [
        {
          "moonPhase" : null,
          "timeZone" : 6,
          "sign" : "aries",
          "date" : "2019-04-30T22:37+0000",
          "signDate" : "2019-05-01T10:23+0000",
          "moonPhaseDate" : null,
          "age" : 26
        },
        {
          "age" : 27,
          "timeZone" : 6,
          "sign" : "aries",
          "date" : "2019-05-01T23:02+0000",
          "moonPhaseDate" : null,
          "signDate" : "2019-05-01T10:23+0000",
          "moonPhase" : null
        },
        {
          "moonPhase" : null,
          "timeZone" : 6,
          "sign" : "aries",
          "date" : "2019-05-02T23:27+0000",
          "signDate" : "2019-05-01T10:23+0000",
          "moonPhaseDate" : null,
          "age" : 28
        },
        {
          "moonPhase" : null,
          "timeZone" : 6,
          "sign" : "taurus",
          "date" : "2019-05-03T23:53+0000",
          "signDate" : "2019-05-03T20:21+0000",
          "moonPhaseDate" : null,
          "age" : 29
        },
        {
          "age" : 1,
          "timeZone" : 6,
          "sign" : "taurus",
          "date" : "2019-05-04T22:45+0000",
          "signDate" : "2019-05-03T20:21+0000",
          "moonPhaseDate" : "2019-05-04T22:45+0000",
          "moonPhase" : "newMoon"
        },
        {
          "age" : 2,
          "timeZone" : 6,
          "sign" : "taurus",
          "date" : "2019-05-05T00:21+0000",
          "moonPhaseDate" : "2019-05-04T22:45+0000",
          "signDate" : "2019-05-03T20:21+0000",
          "moonPhase" : "newMoon"
        },
        {
          "moonPhase" : "phase1",
          "timeZone" : 6,
          "sign" : "gemini",
          "date" : "2019-05-06T00:54+0000",
          "signDate" : "2019-05-06T03:42+0000",
          "moonPhaseDate" : "2019-05-04T22:45+0000",
          "age" : 3
        },
        {
          "moonPhase" : "phase1",
          "timeZone" : 6,
          "sign" : "gemini",
          "date" : "2019-05-07T01:32+0000",
          "moonPhaseDate" : "2019-05-04T22:45+0000",
          "signDate" : "2019-05-06T03:42+0000",
          "age" : 4
        },
        {
          "age" : 5,
          "timeZone" : 6,
          "sign" : "cancer",
          "date" : "2019-05-08T02:17+0000",
          "signDate" : "2019-05-08T09:05+0000",
          "moonPhaseDate" : "2019-05-04T22:45+0000",
          "moonPhase" : "phase1"
        },
        {
          "moonPhase" : "phase1",
          "timeZone" : 6,
          "sign" : "cancer",
          "date" : "2019-05-09T03:10+0000",
          "moonPhaseDate" : "2019-05-04T22:45+0000",
          "signDate" : "2019-05-08T09:05+0000",
          "age" : 6
        },
        {
          "age" : 7,
          "timeZone" : 6,
          "sign" : "leo",
          "date" : "2019-05-10T04:11+0000",
          "moonPhaseDate" : "2019-05-04T22:45+0000",
          "signDate" : "2019-05-10T13:12+0000",
          "moonPhase" : "phase1"
        },
        {
          "moonPhase" : "phase1",
          "timeZone" : 6,
          "sign" : "leo",
          "date" : "2019-05-11T05:19+0000",
          "moonPhaseDate" : "2019-05-04T22:45+0000",
          "signDate" : "2019-05-10T13:12+0000",
          "age" : 8
        },
        {
          "moonPhase" : "phase2",
          "timeZone" : 6,
          "sign" : "virgo",
          "date" : "2019-05-12T06:30+0000",
          "signDate" : "2019-05-12T16:23+0000",
          "moonPhaseDate" : "2019-05-12T01:12+0000",
          "age" : 9
        },
        {
          "moonPhase" : "phase2",
          "timeZone" : 6,
          "sign" : "virgo",
          "date" : "2019-05-13T07:42+0000",
          "moonPhaseDate" : "2019-05-12T01:12+0000",
          "signDate" : "2019-05-12T16:23+0000",
          "age" : 10
        },
        {
          "moonPhase" : "phase2",
          "timeZone" : 6,
          "sign" : "virgo",
          "date" : "2019-05-14T08:55+0000",
          "moonPhaseDate" : "2019-05-12T01:12+0000",
          "signDate" : "2019-05-12T16:23+0000",
          "age" : 11
        },
        {
          "age" : 12,
          "timeZone" : 6,
          "sign" : "libra",
          "date" : "2019-05-15T10:08+0000",
          "signDate" : "2019-05-14T18:53+0000",
          "moonPhaseDate" : "2019-05-12T01:12+0000",
          "moonPhase" : "phase2"
        },
        {
          "moonPhase" : "phase2",
          "timeZone" : 6,
          "sign" : "libra",
          "date" : "2019-05-16T11:20+0000",
          "moonPhaseDate" : "2019-05-12T01:12+0000",
          "signDate" : "2019-05-14T18:53+0000",
          "age" : 13
        },
        {
          "moonPhase" : "phase2",
          "timeZone" : 6,
          "sign" : "scorpio",
          "date" : "2019-05-17T12:31+0000",
          "moonPhaseDate" : "2019-05-12T01:12+0000",
          "signDate" : "2019-05-16T21:25+0000",
          "age" : 14
        },
        {
          "moonPhase" : "phase2",
          "timeZone" : 6,
          "sign" : "scorpio",
          "date" : "2019-05-18T13:42+0000",
          "moonPhaseDate" : "2019-05-12T01:12+0000",
          "signDate" : "2019-05-16T21:25+0000",
          "age" : 15
        },
        {
          "moonPhase" : "fullMoon",
          "timeZone" : 6,
          "sign" : "sagittarius",
          "date" : "2019-05-19T14:51+0000",
          "moonPhaseDate" : "2019-05-18T21:11+0000",
          "signDate" : "2019-05-19T01:19+0000",
          "age" : 16
        },
        {
          "age" : 17,
          "timeZone" : 6,
          "sign" : "sagittarius",
          "date" : "2019-05-20T15:55+0000",
          "moonPhaseDate" : "2019-05-18T21:11+0000",
          "signDate" : "2019-05-19T01:19+0000",
          "moonPhase" : "phase3"
        },
        {
          "moonPhase" : "phase3",
          "timeZone" : 6,
          "sign" : "capricorn",
          "date" : "2019-05-21T16:55+0000",
          "moonPhaseDate" : "2019-05-18T21:11+0000",
          "signDate" : "2019-05-21T07:56+0000",
          "age" : 18
        },
        {
          "age" : 19,
          "timeZone" : 6,
          "sign" : "capricorn",
          "date" : "2019-05-22T17:47+0000",
          "signDate" : "2019-05-21T07:56+0000",
          "moonPhaseDate" : "2019-05-18T21:11+0000",
          "moonPhase" : "phase3"
        },
        {
          "age" : 20,
          "timeZone" : 6,
          "sign" : "aquarius",
          "date" : "2019-05-23T18:33+0000",
          "signDate" : "2019-05-21T07:56+0000",
          "moonPhaseDate" : "2019-05-18T21:11+0000",
          "moonPhase" : "phase3"
        },
        {
          "age" : 21,
          "timeZone" : 6,
          "sign" : "aquarius",
          "date" : "2019-05-24T19:11+0000",
          "signDate" : "2019-05-21T07:56+0000",
          "moonPhaseDate" : "2019-05-18T21:11+0000",
          "moonPhase" : "phase3"
        },
        {
          "age" : 22,
          "timeZone" : 6,
          "sign" : "pisces",
          "date" : "2019-05-25T19:45+0000",
          "signDate" : "2019-05-26T06:07+0000",
          "moonPhaseDate" : "2019-05-26T16:33+0000",
          "moonPhase" : "phase4"
        },
        {
          "moonPhase" : "phase4",
          "timeZone" : 6,
          "sign" : "pisces",
          "date" : "2019-05-26T20:14+0000",
          "signDate" : "2019-05-26T06:07+0000",
          "moonPhaseDate" : "2019-05-26T16:33+0000",
          "age" : 23
        },
        {
          "age" : 24,
          "timeZone" : 6,
          "sign" : "pisces",
          "date" : "2019-05-27T20:40+0000",
          "signDate" : "2019-05-26T06:07+0000",
          "moonPhaseDate" : "2019-05-26T16:33+0000",
          "moonPhase" : "phase4"
        },
        {
          "moonPhase" : "phase4",
          "timeZone" : 6,
          "sign" : "aries",
          "date" : "2019-05-28T21:05+0000",
          "signDate" : "2019-05-28T18:29+0000",
          "moonPhaseDate" : "2019-05-26T16:33+0000",
          "age" : 25
        },
        {
          "moonPhase" : "phase4",
          "timeZone" : 6,
          "sign" : "aries",
          "date" : "2019-05-29T21:29+0000",
          "moonPhaseDate" : "2019-05-26T16:33+0000",
          "signDate" : "2019-05-28T18:29+0000",
          "age" : 26
        },
        {
          "moonPhase" : "phase4",
          "timeZone" : 6,
          "sign" : "taurus",
          "date" : "2019-05-30T21:54+0000",
          "moonPhaseDate" : "2019-05-26T16:33+0000",
          "signDate" : "2019-05-31T04:44+0000",
          "age" : 27
        },
        {
          "moonPhase" : "phase4",
          "timeZone" : 6,
          "sign" : "taurus",
          "date" : "2019-05-31T22:21+0000",
          "moonPhaseDate" : null,
          "signDate" : "2019-05-31T04:44+0000",
          "age" : 28
        },
        {
          "age" : 29,
          "timeZone" : 6,
          "sign" : "gemini",
          "date" : "2019-06-01T22:52+0000",
          "moonPhaseDate" : null,
          "signDate" : "2019-06-02T11:51+0000",
          "moonPhase" : "phase4"
        },
        {
          "moonPhase" : "newMoon",
          "timeZone" : 6,
          "sign" : "gemini",
          "date" : "2019-06-02T23:28+0000",
          "moonPhaseDate" : "2019-06-03T10:02+0000",
          "signDate" : "2019-06-02T11:51+0000",
          "age" : 30
        },
        {
          "moonPhase" : "newMoon",
          "timeZone" : 6,
          "sign" : "gemini",
          "date" : "2019-06-03T10:02+0000",
          "moonPhaseDate" : "2019-06-03T10:02+0000",
          "signDate" : "2019-06-02T11:51+0000",
          "age" : 1
        },
        {
          "moonPhase" : "phase1",
          "timeZone" : 6,
          "sign" : "cancer",
          "date" : "2019-06-04T00:11+0000",
          "signDate" : "2019-06-04T16:18+0000",
          "moonPhaseDate" : "2019-06-03T10:02+0000",
          "age" : 2
        },
        {
          "age" : 3,
          "timeZone" : 6,
          "sign" : "cancer",
          "date" : "2019-06-05T01:02+0000",
          "signDate" : "2019-06-04T16:18+0000",
          "moonPhaseDate" : "2019-06-03T10:02+0000",
          "moonPhase" : "phase1"
        },
        {
          "age" : 4,
          "timeZone" : 6,
          "sign" : "cancer",
          "date" : "2019-06-06T02:02+0000",
          "moonPhaseDate" : "2019-06-03T10:02+0000",
          "signDate" : "2019-06-04T16:18+0000",
          "moonPhase" : "phase1"
        },
        {
          "moonPhase" : "phase1",
          "timeZone" : 6,
          "sign" : "leo",
          "date" : "2019-06-07T03:09+0000",
          "signDate" : "2019-06-06T19:14+0000",
          "moonPhaseDate" : "2019-06-03T10:02+0000",
          "age" : 5
        },
        {
          "moonPhase" : "phase1",
          "timeZone" : 6,
          "sign" : "leo",
          "date" : "2019-06-08T04:20+0000",
          "moonPhaseDate" : "2019-06-03T10:02+0000",
          "signDate" : "2019-06-06T19:14+0000",
          "age" : 6
        },
        {
          "age" : 7,
          "timeZone" : 6,
          "sign" : "virgo",
          "date" : "2019-06-09T05:32+0000",
          "moonPhaseDate" : "2019-06-03T10:02+0000",
          "signDate" : "2019-06-08T21:43+0000",
          "moonPhase" : "phase1"
        },
        {
          "moonPhase" : "phase2",
          "timeZone" : 6,
          "sign" : "virgo",
          "date" : "2019-06-10T06:46+0000",
          "moonPhaseDate" : "2019-06-10T05:59+0000",
          "signDate" : "2019-06-08T21:43+0000",
          "age" : 8
        },
        {
          "age" : 9,
          "timeZone" : 6,
          "sign" : "libra",
          "date" : "2019-06-11T07:57+0000",
          "moonPhaseDate" : "2019-06-10T05:59+0000",
          "signDate" : "2019-06-11T00:30+0000",
          "moonPhase" : "phase2"
        },
        {
          "age" : 10,
          "timeZone" : 6,
          "sign" : "libra",
          "date" : "2019-06-12T09:08+0000",
          "moonPhaseDate" : "2019-06-10T05:59+0000",
          "signDate" : "2019-06-11T00:30+0000",
          "moonPhase" : "phase2"
        },
        {
          "age" : 11,
          "timeZone" : 6,
          "sign" : "scorpio",
          "date" : "2019-06-13T10:18+0000",
          "signDate" : "2019-06-13T04:03+0000",
          "moonPhaseDate" : "2019-06-10T05:59+0000",
          "moonPhase" : "phase2"
        },
        {
          "moonPhase" : "phase2",
          "timeZone" : 6,
          "sign" : "scorpio",
          "date" : "2019-06-14T11:27+0000",
          "signDate" : "2019-06-13T04:03+0000",
          "moonPhaseDate" : "2019-06-10T05:59+0000",
          "age" : 12
        },
        {
          "age" : 13,
          "timeZone" : 6,
          "sign" : "sagittarius",
          "date" : "2019-06-15T12:36+0000",
          "moonPhaseDate" : "2019-06-10T05:59+0000",
          "signDate" : "2019-06-15T09:01+0000",
          "moonPhase" : "phase2"
        },
        {
          "moonPhase" : "phase2",
          "timeZone" : 6,
          "sign" : "sagittarius",
          "date" : "2019-06-16T13:42+0000",
          "signDate" : "2019-06-15T09:01+0000",
          "moonPhaseDate" : "2019-06-10T05:59+0000",
          "age" : 14
        },
        {
          "moonPhase" : "fullMoon",
          "timeZone" : 6,
          "sign" : "capricorn",
          "date" : "2019-06-17T14:43+0000",
          "moonPhaseDate" : "2019-06-17T08:31+0000",
          "signDate" : "2019-06-17T16:11+0000",
          "age" : 15
        },
        {
          "moonPhase" : "phase3",
          "timeZone" : 6,
          "sign" : "capricorn",
          "date" : "2019-06-18T15:39+0000",
          "signDate" : "2019-06-17T16:11+0000",
          "moonPhaseDate" : "2019-06-17T08:31+0000",
          "age" : 16
        },
        {
          "age" : 17,
          "timeZone" : 6,
          "sign" : "capricorn",
          "date" : "2019-06-19T16:27+0000",
          "moonPhaseDate" : "2019-06-17T08:31+0000",
          "signDate" : "2019-06-17T16:11+0000",
          "moonPhase" : "phase3"
        },
        {
          "moonPhase" : "phase3",
          "timeZone" : 6,
          "sign" : "aquarius",
          "date" : "2019-06-20T17:09+0000",
          "moonPhaseDate" : "2019-06-17T08:31+0000",
          "signDate" : "2019-06-20T02:01+0000",
          "age" : 18
        },
        {
          "age" : 19,
          "timeZone" : 6,
          "sign" : "aquarius",
          "date" : "2019-06-21T17:45+0000",
          "signDate" : "2019-06-20T02:01+0000",
          "moonPhaseDate" : "2019-06-17T08:31+0000",
          "moonPhase" : "phase3"
        },
        {
          "moonPhase" : "phase3",
          "timeZone" : 6,
          "sign" : "pisces",
          "date" : "2019-06-22T18:15+0000",
          "moonPhaseDate" : "2019-06-17T08:31+0000",
          "signDate" : "2019-06-20T02:01+0000",
          "age" : 20
        },
        {
          "age" : 21,
          "timeZone" : 6,
          "sign" : "pisces",
          "date" : "2019-06-23T18:42+0000",
          "moonPhaseDate" : "2019-06-17T08:31+0000",
          "signDate" : "2019-06-20T02:01+0000",
          "moonPhase" : "phase3"
        },
        {
          "age" : 22,
          "timeZone" : 6,
          "sign" : "aries",
          "date" : "2019-06-24T19:08+0000",
          "signDate" : "2019-06-25T02:34+0000",
          "moonPhaseDate" : "2019-06-25T09:46+0000",
          "moonPhase" : "phase4"
        },
        {
          "moonPhase" : "phase4",
          "timeZone" : 6,
          "sign" : "aries",
          "date" : "2019-06-25T19:32+0000",
          "moonPhaseDate" : "2019-06-25T09:46+0000",
          "signDate" : "2019-06-25T02:34+0000",
          "age" : 23
        },
        {
          "moonPhase" : "phase4",
          "timeZone" : 6,
          "sign" : "taurus",
          "date" : "2019-06-26T19:56+0000",
          "moonPhaseDate" : "2019-06-25T09:46+0000",
          "signDate" : "2019-06-27T13:30+0000",
          "age" : 24
        },
        {
          "age" : 25,
          "timeZone" : 6,
          "sign" : "taurus",
          "date" : "2019-06-27T20:21+0000",
          "moonPhaseDate" : "2019-06-25T09:46+0000",
          "signDate" : "2019-06-27T13:30+0000",
          "moonPhase" : "phase4"
        },
        {
          "age" : 26,
          "timeZone" : 6,
          "sign" : "taurus",
          "date" : "2019-06-28T20:50+0000",
          "moonPhaseDate" : "2019-06-25T09:46+0000",
          "signDate" : "2019-06-27T13:30+0000",
          "moonPhase" : "phase4"
        },
        {
          "moonPhase" : "phase4",
          "timeZone" : 6,
          "sign" : "gemini",
          "date" : "2019-06-29T21:23+0000",
          "moonPhaseDate" : "2019-06-25T09:46+0000",
          "signDate" : "2019-06-29T21:10+0000",
          "age" : 27
        },
        {
          "moonPhase" : "phase4",
          "timeZone" : 6,
          "sign" : "gemini",
          "date" : "2019-06-30T22:02+0000",
          "moonPhaseDate" : null,
          "signDate" : "2019-06-29T21:10+0000",
          "age" : 28
        },
        {
          "moonPhase" : "phase4",
          "timeZone" : 6,
          "sign" : "cancer",
          "date" : "2019-07-01T22:49+0000",
          "signDate" : "2019-07-02T01:26+0000",
          "moonPhaseDate" : null,
          "age" : 29
        },
        {
          "age" : 1,
          "timeZone" : 6,
          "sign" : "cancer",
          "date" : "2019-07-02T19:16+0000",
          "signDate" : "2019-07-02T01:26+0000",
          "moonPhaseDate" : "2019-07-02T19:16+0000",
          "moonPhase" : "newMoon"
        },
        {
          "moonPhase" : "newMoon",
          "timeZone" : 6,
          "sign" : "cancer",
          "date" : "2019-07-02T23:46+0000",
          "moonPhaseDate" : "2019-07-02T19:16+0000",
          "signDate" : "2019-07-02T01:26+0000",
          "age" : 2
        },
        {
          "age" : 3,
          "timeZone" : 6,
          "sign" : "leo",
          "date" : "2019-07-04T00:52+0000",
          "moonPhaseDate" : "2019-07-02T19:16+0000",
          "signDate" : "2019-07-04T03:21+0000",
          "moonPhase" : "phase1"
        },
        {
          "age" : 4,
          "timeZone" : 6,
          "sign" : "leo",
          "date" : "2019-07-05T02:04+0000",
          "signDate" : "2019-07-04T03:21+0000",
          "moonPhaseDate" : "2019-07-02T19:16+0000",
          "moonPhase" : "phase1"
        },
        {
          "age" : 5,
          "timeZone" : 6,
          "sign" : "virgo",
          "date" : "2019-07-06T03:19+0000",
          "moonPhaseDate" : "2019-07-02T19:16+0000",
          "signDate" : "2019-07-06T04:25+0000",
          "moonPhase" : "phase1"
        },
        {
          "moonPhase" : "phase1",
          "timeZone" : 6,
          "sign" : "virgo",
          "date" : "2019-07-07T04:34+0000",
          "signDate" : "2019-07-06T04:25+0000",
          "moonPhaseDate" : "2019-07-02T19:16+0000",
          "age" : 6
        },
        {
          "moonPhase" : "phase1",
          "timeZone" : 6,
          "sign" : "libra",
          "date" : "2019-07-08T05:48+0000",
          "moonPhaseDate" : "2019-07-02T19:16+0000",
          "signDate" : "2019-07-08T06:07+0000",
          "age" : 7
        },
        {
          "moonPhase" : "phase2",
          "timeZone" : 6,
          "sign" : "libra",
          "date" : "2019-07-09T06:59+0000",
          "moonPhaseDate" : "2019-07-09T10:55+0000",
          "signDate" : "2019-07-08T06:07+0000",
          "age" : 8
        },
        {
          "moonPhase" : "phase2",
          "timeZone" : 6,
          "sign" : "scorpio",
          "date" : "2019-07-10T08:10+0000",
          "moonPhaseDate" : "2019-07-09T10:55+0000",
          "signDate" : "2019-07-10T09:28+0000",
          "age" : 9
        },
        {
          "moonPhase" : "phase2",
          "timeZone" : 6,
          "sign" : "scorpio",
          "date" : "2019-07-11T09:19+0000",
          "moonPhaseDate" : "2019-07-09T10:55+0000",
          "signDate" : "2019-07-10T09:28+0000",
          "age" : 10
        },
        {
          "moonPhase" : "phase2",
          "timeZone" : 6,
          "sign" : "sagittarius",
          "date" : "2019-07-12T10:26+0000",
          "signDate" : "2019-07-12T15:04+0000",
          "moonPhaseDate" : "2019-07-09T10:55+0000",
          "age" : 11
        },
        {
          "age" : 12,
          "timeZone" : 6,
          "sign" : "sagittarius",
          "date" : "2019-07-13T11:32+0000",
          "moonPhaseDate" : "2019-07-09T10:55+0000",
          "signDate" : "2019-07-12T15:04+0000",
          "moonPhase" : "phase2"
        },
        {
          "moonPhase" : "phase2",
          "timeZone" : 6,
          "sign" : "sagittarius",
          "date" : "2019-07-14T12:34+0000",
          "moonPhaseDate" : "2019-07-09T10:55+0000",
          "signDate" : "2019-07-12T15:04+0000",
          "age" : 13
        },
        {
          "moonPhase" : "phase2",
          "timeZone" : 6,
          "sign" : "capricorn",
          "date" : "2019-07-15T13:31+0000",
          "signDate" : "2019-07-14T23:03+0000",
          "moonPhaseDate" : "2019-07-09T10:55+0000",
          "age" : 14
        },
        {
          "moonPhase" : "phase2",
          "timeZone" : 6,
          "sign" : "capricorn",
          "date" : "2019-07-16T14:22+0000",
          "moonPhaseDate" : "2019-07-09T10:55+0000",
          "signDate" : "2019-07-14T23:03+0000",
          "age" : 15
        },
        {
          "moonPhase" : "fullMoon",
          "timeZone" : 6,
          "sign" : "aquarius",
          "date" : "2019-07-17T15:06+0000",
          "signDate" : "2019-07-17T09:18+0000",
          "moonPhaseDate" : "2019-07-16T21:38+0000",
          "age" : 16
        },
        {
          "moonPhase" : "phase3",
          "timeZone" : 6,
          "sign" : "aquarius",
          "date" : "2019-07-18T15:44+0000",
          "moonPhaseDate" : "2019-07-16T21:38+0000",
          "signDate" : "2019-07-17T09:18+0000",
          "age" : 17
        },
        {
          "moonPhase" : "phase3",
          "timeZone" : 6,
          "sign" : "aquarius",
          "date" : "2019-07-19T16:16+0000",
          "moonPhaseDate" : "2019-07-16T21:38+0000",
          "signDate" : "2019-07-17T09:18+0000",
          "age" : 18
        },
        {
          "moonPhase" : "phase3",
          "timeZone" : 6,
          "sign" : "pisces",
          "date" : "2019-07-20T16:45+0000",
          "moonPhaseDate" : "2019-07-16T21:38+0000",
          "signDate" : "2019-07-19T21:19+0000",
          "age" : 19
        },
        {
          "moonPhase" : "phase3",
          "timeZone" : 6,
          "sign" : "pisces",
          "date" : "2019-07-21T17:11+0000",
          "moonPhaseDate" : "2019-07-16T21:38+0000",
          "signDate" : "2019-07-19T21:19+0000",
          "age" : 20
        },
        {
          "moonPhase" : "phase3",
          "timeZone" : 6,
          "sign" : "aries",
          "date" : "2019-07-22T17:35+0000",
          "moonPhaseDate" : "2019-07-16T21:38+0000",
          "signDate" : "2019-07-22T10:01+0000",
          "age" : 21
        },
        {
          "age" : 22,
          "timeZone" : 6,
          "sign" : "aries",
          "date" : "2019-07-23T17:58+0000",
          "moonPhaseDate" : "2019-07-16T21:38+0000",
          "signDate" : "2019-07-22T10:01+0000",
          "moonPhase" : "phase3"
        },
        {
          "age" : 23,
          "timeZone" : 6,
          "sign" : "taurus",
          "date" : "2019-07-24T18:23+0000",
          "moonPhaseDate" : "2019-07-25T01:18+0000",
          "signDate" : "2019-07-24T21:40+0000",
          "moonPhase" : "phase4"
        },
        {
          "moonPhase" : "phase4",
          "timeZone" : 6,
          "sign" : "taurus",
          "date" : "2019-07-25T18:49+0000",
          "moonPhaseDate" : "2019-07-25T01:18+0000",
          "signDate" : "2019-07-24T21:40+0000",
          "age" : 24
        },
        {
          "moonPhase" : "phase4",
          "timeZone" : 6,
          "sign" : "gemini",
          "date" : "2019-07-26T19:19+0000",
          "moonPhaseDate" : "2019-07-25T01:18+0000",
          "signDate" : "2019-07-27T06:28+0000",
          "age" : 25
        },
        {
          "age" : 26,
          "timeZone" : 6,
          "sign" : "gemini",
          "date" : "2019-07-27T19:54+0000",
          "moonPhaseDate" : "2019-07-25T01:18+0000",
          "signDate" : "2019-07-27T06:28+0000",
          "moonPhase" : "phase4"
        },
        {
          "age" : 27,
          "timeZone" : 6,
          "sign" : "cancer",
          "date" : "2019-07-28T20:37+0000",
          "signDate" : "2019-07-29T11:30+0000",
          "moonPhaseDate" : "2019-07-25T01:18+0000",
          "moonPhase" : "phase4"
        },
        {
          "age" : 28,
          "timeZone" : 6,
          "sign" : "cancer",
          "date" : "2019-07-29T21:29+0000",
          "moonPhaseDate" : "2019-07-25T01:18+0000",
          "signDate" : "2019-07-29T11:30+0000",
          "moonPhase" : "phase4"
        },
        {
          "age" : 29,
          "timeZone" : 6,
          "sign" : "leo",
          "date" : "2019-07-30T22:30+0000",
          "signDate" : "2019-07-31T13:18+0000",
          "moonPhaseDate" : "2019-07-25T01:18+0000",
          "moonPhase" : "phase4"
        },
        {
          "age" : 30,
          "timeZone" : 6,
          "sign" : "leo",
          "date" : "2019-07-31T23:41+0000",
          "signDate" : "2019-07-31T13:18+0000",
          "moonPhaseDate" : "2019-08-01T03:12+0000",
          "moonPhase" : "newMoon"
        },
        {
          "moonPhase" : "newMoon",
          "timeZone" : 6,
          "sign" : "leo",
          "date" : "2019-08-01T03:12+0000",
          "moonPhaseDate" : "2019-08-01T03:12+0000",
          "signDate" : "2019-07-31T13:18+0000",
          "age" : 1
        },
        {
          "age" : 2,
          "timeZone" : 6,
          "sign" : "virgo",
          "date" : "2019-08-02T00:57+0000",
          "moonPhaseDate" : "2019-08-01T03:12+0000",
          "signDate" : "2019-08-02T13:23+0000",
          "moonPhase" : "phase1"
        },
        {
          "age" : 3,
          "timeZone" : 6,
          "sign" : "virgo",
          "date" : "2019-08-03T02:14+0000",
          "signDate" : "2019-08-02T13:23+0000",
          "moonPhaseDate" : "2019-08-01T03:12+0000",
          "moonPhase" : "phase1"
        },
        {
          "age" : 4,
          "timeZone" : 6,
          "sign" : "libra",
          "date" : "2019-08-04T03:31+0000",
          "signDate" : "2019-08-04T13:32+0000",
          "moonPhaseDate" : "2019-08-01T03:12+0000",
          "moonPhase" : "phase1"
        },
        {
          "moonPhase" : "phase1",
          "timeZone" : 6,
          "sign" : "libra",
          "date" : "2019-08-05T04:46+0000",
          "moonPhaseDate" : "2019-08-01T03:12+0000",
          "signDate" : "2019-08-04T13:32+0000",
          "age" : 5
        },
        {
          "age" : 6,
          "timeZone" : 6,
          "sign" : "scorpio",
          "date" : "2019-08-06T05:59+0000",
          "moonPhaseDate" : "2019-08-01T03:12+0000",
          "signDate" : "2019-08-06T15:31+0000",
          "moonPhase" : "phase1"
        },
        {
          "age" : 7,
          "timeZone" : 6,
          "sign" : "scorpio",
          "date" : "2019-08-07T07:10+0000",
          "moonPhaseDate" : "2019-08-07T17:31+0000",
          "signDate" : "2019-08-06T15:31+0000",
          "moonPhase" : "phase2"
        },
        {
          "age" : 8,
          "timeZone" : 6,
          "sign" : "scorpio",
          "date" : "2019-08-08T08:19+0000",
          "moonPhaseDate" : "2019-08-07T17:31+0000",
          "signDate" : "2019-08-06T15:31+0000",
          "moonPhase" : "phase2"
        },
        {
          "moonPhase" : "phase2",
          "timeZone" : 6,
          "sign" : "sagittarius",
          "date" : "2019-08-09T09:25+0000",
          "signDate" : "2019-08-08T20:32+0000",
          "moonPhaseDate" : "2019-08-07T17:31+0000",
          "age" : 9
        },
        {
          "moonPhase" : "phase2",
          "timeZone" : 6,
          "sign" : "sagittarius",
          "date" : "2019-08-10T10:28+0000",
          "signDate" : "2019-08-08T20:32+0000",
          "moonPhaseDate" : "2019-08-07T17:31+0000",
          "age" : 10
        },
        {
          "moonPhase" : "phase2",
          "timeZone" : 6,
          "sign" : "capricorn",
          "date" : "2019-08-11T11:27+0000",
          "moonPhaseDate" : "2019-08-07T17:31+0000",
          "signDate" : "2019-08-11T04:48+0000",
          "age" : 11
        },
        {
          "age" : 12,
          "timeZone" : 6,
          "sign" : "capricorn",
          "date" : "2019-08-12T12:19+0000",
          "signDate" : "2019-08-11T04:48+0000",
          "moonPhaseDate" : "2019-08-07T17:31+0000",
          "moonPhase" : "phase2"
        },
        {
          "moonPhase" : "phase2",
          "timeZone" : 6,
          "sign" : "aquarius",
          "date" : "2019-08-13T13:05+0000",
          "signDate" : "2019-08-13T15:36+0000",
          "moonPhaseDate" : "2019-08-07T17:31+0000",
          "age" : 13
        },
        {
          "moonPhase" : "phase2",
          "timeZone" : 6,
          "sign" : "aquarius",
          "date" : "2019-08-14T13:44+0000",
          "moonPhaseDate" : "2019-08-07T17:31+0000",
          "signDate" : "2019-08-13T15:36+0000",
          "age" : 14
        },
        {
          "moonPhase" : "fullMoon",
          "timeZone" : 6,
          "sign" : "aquarius",
          "date" : "2019-08-15T14:18+0000",
          "moonPhaseDate" : "2019-08-15T12:29+0000",
          "signDate" : "2019-08-13T15:36+0000",
          "age" : 15
        },
        {
          "moonPhase" : "phase3",
          "timeZone" : 6,
          "sign" : "pisces",
          "date" : "2019-08-16T14:48+0000",
          "signDate" : "2019-08-16T03:50+0000",
          "moonPhaseDate" : "2019-08-15T12:29+0000",
          "age" : 16
        },
        {
          "moonPhaseDate" : "2019-08-15T12:29+0000",
          "sign" : "pisces",
          "date" : "2019-08-17T15:14+0000",
          "age" : 17,
          "moonPhase" : "phase3",
          "timeZone" : 6,
          "signDate" : "2019-08-16T03:50+0000"
        },
        {
          "timeZone" : 6,
          "signDate" : "2019-08-18T16:32+0000",
          "date" : "2019-08-18T15:38+0000",
          "moonPhaseDate" : "2019-08-15T12:29+0000",
          "sign" : "aries",
          "age" : 18,
          "moonPhase" : "phase3"
        },
        {
          "moonPhaseDate" : "2019-08-15T12:29+0000",
          "age" : 19,
          "date" : "2019-08-19T16:02+0000",
          "moonPhase" : "phase3",
          "signDate" : "2019-08-18T16:32+0000",
          "timeZone" : 6,
          "sign" : "aries"
        },
        {
          "moonPhase" : "phase3",
          "date" : "2019-08-20T16:26+0000",
          "sign" : "aries",
          "age" : 20,
          "timeZone" : 6,
          "signDate" : "2019-08-18T16:32+0000",
          "moonPhaseDate" : "2019-08-15T12:29+0000"
        },
        {
          "moonPhase" : "phase3",
          "date" : "2019-08-21T16:51+0000",
          "sign" : "taurus",
          "signDate" : "2019-08-21T04:36+0000",
          "moonPhaseDate" : "2019-08-15T12:29+0000",
          "timeZone" : 6,
          "age" : 21
        },
        {
          "moonPhase" : "phase3",
          "date" : "2019-08-22T17:19+0000",
          "sign" : "taurus",
          "age" : 22,
          "timeZone" : 6,
          "signDate" : "2019-08-21T04:36+0000",
          "moonPhaseDate" : "2019-08-15T12:29+0000"
        },
        {
          "moonPhase" : "phase4",
          "date" : "2019-08-23T17:50+0000",
          "sign" : "gemini",
          "age" : 23,
          "moonPhaseDate" : "2019-08-23T14:56+0000",
          "timeZone" : 6,
          "signDate" : "2019-08-23T14:34+0000"
        },
        {
          "moonPhase" : "phase4",
          "date" : "2019-08-24T18:28+0000",
          "sign" : "gemini",
          "signDate" : "2019-08-23T14:34+0000",
          "moonPhaseDate" : "2019-08-23T14:56+0000",
          "timeZone" : 6,
          "age" : 24
        },
        {
          "moonPhase" : "phase4",
          "date" : "2019-08-25T19:14+0000",
          "sign" : "cancer",
          "signDate" : "2019-08-25T21:05+0000",
          "moonPhaseDate" : "2019-08-23T14:56+0000",
          "timeZone" : 6,
          "age" : 25
        },
        {
          "moonPhase" : "phase4",
          "date" : "2019-08-26T20:10+0000",
          "sign" : "cancer",
          "age" : 26,
          "moonPhaseDate" : "2019-08-23T14:56+0000",
          "timeZone" : 6,
          "signDate" : "2019-08-25T21:05+0000"
        },
        {
          "moonPhase" : "phase4",
          "date" : "2019-08-27T21:15+0000",
          "sign" : "leo",
          "age" : 27,
          "moonPhaseDate" : "2019-08-23T14:56+0000",
          "timeZone" : 6,
          "signDate" : "2019-08-27T23:51+0000"
        },
        {
          "moonPhase" : "phase4",
          "date" : "2019-08-28T22:28+0000",
          "sign" : "leo",
          "age" : 28,
          "moonPhaseDate" : "2019-08-23T14:56+0000",
          "timeZone" : 6,
          "signDate" : "2019-08-27T23:51+0000"
        },
        {
          "moonPhase" : "newMoon",
          "date" : "2019-08-29T23:46+0000",
          "sign" : "virgo",
          "age" : 29,
          "moonPhaseDate" : "2019-08-30T10:37+0000",
          "timeZone" : 6,
          "signDate" : "2019-08-29T23:57+0000"
        },
        {
          "moonPhase" : "newMoon",
          "date" : "2019-08-30T10:37+0000",
          "sign" : "virgo",
          "age" : 1,
          "moonPhaseDate" : "2019-08-30T10:37+0000",
          "timeZone" : 6,
          "signDate" : "2019-08-29T23:57+0000"
        },
        {
          "moonPhase" : "phase1",
          "date" : "2019-08-31T01:05+0000",
          "sign" : "virgo",
          "age" : 2,
          "moonPhaseDate" : "2019-08-30T10:37+0000",
          "timeZone" : 6,
          "signDate" : "2019-08-29T23:57+0000"
        },
        {
          "moonPhase" : "phase1",
          "date" : "2019-09-01T02:23+0000",
          "sign" : "libra",
          "signDate" : "2019-08-31T23:12+0000",
          "moonPhaseDate" : null,
          "timeZone" : 6,
          "age" : 3
        },
        {
          "moonPhase" : "phase1",
          "date" : "2019-09-02T03:40+0000",
          "sign" : "libra",
          "age" : 4,
          "signDate" : "2019-08-31T23:12+0000",
          "timeZone" : 6,
          "moonPhaseDate" : null
        },
        {
          "moonPhase" : "phase1",
          "date" : "2019-09-03T04:54+0000",
          "sign" : "scorpio",
          "signDate" : "2019-09-02T23:38+0000",
          "moonPhaseDate" : null,
          "timeZone" : 6,
          "age" : 5
        },
        {
          "moonPhase" : "phase1",
          "date" : "2019-09-04T06:06+0000",
          "sign" : "scorpio",
          "signDate" : "2019-09-02T23:38+0000",
          "moonPhaseDate" : null,
          "age" : 6,
          "timeZone" : 6
        },
        {
          "moonPhase" : "phase1",
          "date" : "2019-09-05T07:16+0000",
          "sign" : "sagittarius",
          "signDate" : "2019-09-05T03:06+0000",
          "timeZone" : 6,
          "age" : 7,
          "moonPhaseDate" : null
        },
        {
          "moonPhase" : "phase2",
          "date" : "2019-09-06T08:22+0000",
          "sign" : "sagittarius",
          "signDate" : "2019-09-05T03:06+0000",
          "moonPhaseDate" : "2019-09-06T03:10+0000",
          "timeZone" : 6,
          "age" : 8
        },
        {
          "moonPhase" : "phase2",
          "date" : "2019-09-07T09:22+0000",
          "sign" : "capricorn",
          "signDate" : "2019-09-07T10:35+0000",
          "timeZone" : 6,
          "age" : 9,
          "moonPhaseDate" : "2019-09-06T03:10+0000"
        },
        {
          "moonPhase" : "phase2",
          "date" : "2019-09-08T10:17+0000",
          "sign" : "capricorn",
          "signDate" : "2019-09-07T10:35+0000",
          "timeZone" : 6,
          "age" : 10,
          "moonPhaseDate" : "2019-09-06T03:10+0000"
        },
        {
          "moonPhase" : "phase2",
          "date" : "2019-09-09T11:04+0000",
          "sign" : "capricorn",
          "age" : 11,
          "moonPhaseDate" : "2019-09-06T03:10+0000",
          "timeZone" : 6,
          "signDate" : "2019-09-07T10:35+0000"
        },
        {
          "moonPhase" : "phase2",
          "date" : "2019-09-10T11:45+0000",
          "sign" : "aquarius",
          "signDate" : "2019-09-09T21:25+0000",
          "moonPhaseDate" : "2019-09-06T03:10+0000",
          "timeZone" : 6,
          "age" : 12
        },
        {
          "moonPhase" : "phase2",
          "date" : "2019-09-11T12:20+0000",
          "sign" : "aquarius",
          "signDate" : "2019-09-09T21:25+0000",
          "moonPhaseDate" : "2019-09-06T03:10+0000",
          "timeZone" : 6,
          "age" : 13
        },
        {
          "moonPhase" : "phase2",
          "date" : "2019-09-12T12:51+0000",
          "sign" : "pisces",
          "age" : 14,
          "moonPhaseDate" : "2019-09-06T03:10+0000",
          "timeZone" : 6,
          "signDate" : "2019-09-12T09:53+0000"
        },
        {
          "moonPhase" : "phase2",
          "date" : "2019-09-13T13:18+0000",
          "sign" : "pisces",
          "signDate" : "2019-09-12T09:53+0000",
          "moonPhaseDate" : "2019-09-06T03:10+0000",
          "timeZone" : 6,
          "age" : 15
        },
        {
          "moonPhase" : "fullMoon",
          "date" : "2019-09-14T13:43+0000",
          "sign" : "pisces",
          "signDate" : "2019-09-12T09:53+0000",
          "moonPhaseDate" : "2019-09-14T04:33+0000",
          "age" : 16,
          "timeZone" : 6
        },
        {
          "moonPhase" : "phase3",
          "date" : "2019-09-15T14:07+0000",
          "sign" : "aries",
          "age" : 17,
          "moonPhaseDate" : "2019-09-14T04:33+0000",
          "timeZone" : 6,
          "signDate" : "2019-09-14T22:32+0000"
        },
        {
          "moonPhase" : "phase3",
          "date" : "2019-09-16T14:30+0000",
          "sign" : "aries",
          "signDate" : "2019-09-14T22:32+0000",
          "timeZone" : 6,
          "age" : 18,
          "moonPhaseDate" : "2019-09-14T04:33+0000"
        },
        {
          "moonPhase" : "phase3",
          "date" : "2019-09-17T14:54+0000",
          "sign" : "taurus",
          "age" : 19,
          "moonPhaseDate" : "2019-09-14T04:33+0000",
          "timeZone" : 6,
          "signDate" : "2019-09-17T10:30+0000"
        },
        {
          "moonPhase" : "phase3",
          "date" : "2019-09-18T15:21+0000",
          "sign" : "taurus",
          "age" : 20,
          "moonPhaseDate" : "2019-09-14T04:33+0000",
          "timeZone" : 6,
          "signDate" : "2019-09-17T10:30+0000"
        },
        {
          "moonPhase" : "phase3",
          "date" : "2019-09-19T15:50+0000",
          "sign" : "taurus",
          "age" : 21,
          "moonPhaseDate" : "2019-09-14T04:33+0000",
          "signDate" : "2019-09-17T10:30+0000",
          "timeZone" : 6
        },
        {
          "moonPhase" : "phase3",
          "date" : "2019-09-20T16:25+0000",
          "sign" : "gemini",
          "signDate" : "2019-09-19T20:58+0000",
          "moonPhaseDate" : "2019-09-14T04:33+0000",
          "timeZone" : 6,
          "age" : 22
        },
        {
          "moonPhase" : "phase3",
          "date" : "2019-09-21T17:07+0000",
          "sign" : "gemini",
          "signDate" : "2019-09-19T20:58+0000",
          "timeZone" : 6,
          "age" : 23,
          "moonPhaseDate" : "2019-09-14T04:33+0000"
        },
        {
          "moonPhase" : "phase4",
          "date" : "2019-09-22T17:57+0000",
          "sign" : "cancer",
          "signDate" : "2019-09-22T04:52+0000",
          "moonPhaseDate" : "2019-09-22T02:41+0000",
          "timeZone" : 6,
          "age" : 24
        },
        {
          "moonPhase" : "phase4",
          "date" : "2019-09-23T18:56+0000",
          "sign" : "leo",
          "signDate" : "2019-09-24T09:19+0000",
          "moonPhaseDate" : "2019-09-22T02:41+0000",
          "age" : 25,
          "timeZone" : 6
        },
        {
          "moonPhase" : "phase4",
          "date" : "2019-09-24T20:04+0000",
          "sign" : "leo",
          "signDate" : "2019-09-24T09:19+0000",
          "moonPhaseDate" : "2019-09-22T02:41+0000",
          "timeZone" : 6,
          "age" : 26
        },
        {
          "moonPhase" : "phase4",
          "date" : "2019-09-25T21:18+0000",
          "sign" : "virgo",
          "age" : 27,
          "signDate" : "2019-09-26T10:35+0000",
          "moonPhaseDate" : "2019-09-22T02:41+0000",
          "timeZone" : 6
        },
        {
          "moonPhase" : "phase4",
          "date" : "2019-09-26T22:35+0000",
          "sign" : "virgo",
          "age" : 28,
          "moonPhaseDate" : "2019-09-22T02:41+0000",
          "timeZone" : 6,
          "signDate" : "2019-09-26T10:35+0000"
        },
        {
          "moonPhase" : "phase4",
          "date" : "2019-09-27T23:54+0000",
          "sign" : "libra",
          "signDate" : "2019-09-28T10:04+0000",
          "moonPhaseDate" : "2019-09-22T02:41+0000",
          "age" : 29,
          "timeZone" : 6
        },
        {
          "moonPhase" : "newMoon",
          "date" : "2019-09-28T18:26+0000",
          "sign" : "libra",
          "age" : 1,
          "moonPhaseDate" : "2019-09-28T18:26+0000",
          "timeZone" : 6,
          "signDate" : "2019-09-28T10:04+0000"
        },
        {
          "moonPhase" : "newMoon",
          "date" : "2019-09-29T01:12+0000",
          "sign" : "libra",
          "age" : 2,
          "moonPhaseDate" : "2019-09-28T18:26+0000",
          "timeZone" : 6,
          "signDate" : "2019-09-28T10:04+0000"
        },
        {
          "moonPhase" : "phase1",
          "date" : "2019-09-30T02:29+0000",
          "sign" : "scorpio",
          "signDate" : "2019-09-30T09:45+0000",
          "moonPhaseDate" : "2019-09-28T18:26+0000",
          "timeZone" : 6,
          "age" : 3
        },
        {
          "moonPhase" : "phase1",
          "date" : "2019-10-01T03:45+0000",
          "sign" : "scorpio",
          "age" : 4,
          "moonPhaseDate" : null,
          "timeZone" : 6,
          "signDate" : "2019-09-30T09:45+0000"
        },
        {
          "moonPhase" : "phase1",
          "date" : "2019-10-02T04:58+0000",
          "sign" : "sagittarius",
          "age" : 5,
          "moonPhaseDate" : null,
          "signDate" : "2019-10-02T11:45+0000",
          "timeZone" : 6
        },
        {
          "moonPhase" : "phase1",
          "date" : "2019-10-03T06:08+0000",
          "sign" : "sagittarius",
          "age" : 6,
          "moonPhaseDate" : null,
          "timeZone" : 6,
          "signDate" : "2019-10-02T11:45+0000"
        },
        {
          "moonPhase" : "phase1",
          "date" : "2019-10-04T07:13+0000",
          "sign" : "capricorn",
          "signDate" : "2019-10-04T17:41+0000",
          "moonPhaseDate" : null,
          "age" : 7,
          "timeZone" : 6
        },
        {
          "moonPhase" : "phase2",
          "date" : "2019-10-05T08:12+0000",
          "sign" : "capricorn",
          "signDate" : "2019-10-04T17:41+0000",
          "timeZone" : 6,
          "age" : 8,
          "moonPhaseDate" : "2019-10-05T16:47+0000"
        },
        {
          "moonPhase" : "phase2",
          "date" : "2019-10-06T09:02+0000",
          "sign" : "capricorn",
          "age" : 9,
          "moonPhaseDate" : "2019-10-05T16:47+0000",
          "timeZone" : 6,
          "signDate" : "2019-10-04T17:41+0000"
        },
        {
          "moonPhase" : "phase2",
          "date" : "2019-10-07T09:46+0000",
          "sign" : "aquarius",
          "signDate" : "2019-10-07T03:43+0000",
          "moonPhaseDate" : "2019-10-05T16:47+0000",
          "age" : 10,
          "timeZone" : 6
        },
        {
          "moonPhase" : "phase2",
          "date" : "2019-10-08T10:23+0000",
          "sign" : "aquarius",
          "signDate" : "2019-10-07T03:43+0000",
          "moonPhaseDate" : "2019-10-05T16:47+0000",
          "timeZone" : 6,
          "age" : 11
        },
        {
          "moonPhase" : "phase2",
          "date" : "2019-10-09T10:55+0000",
          "sign" : "pisces",
          "age" : 12,
          "moonPhaseDate" : "2019-10-05T16:47+0000",
          "timeZone" : 6,
          "signDate" : "2019-10-09T16:08+0000"
        },
        {
          "moonPhase" : "phase2",
          "date" : "2019-10-10T11:22+0000",
          "sign" : "pisces",
          "signDate" : "2019-10-09T16:08+0000",
          "moonPhaseDate" : "2019-10-05T16:47+0000",
          "timeZone" : 6,
          "age" : 13
        },
        {
          "moonPhase" : "phase2",
          "date" : "2019-10-11T11:48+0000",
          "sign" : "pisces",
          "signDate" : "2019-10-09T16:08+0000",
          "moonPhaseDate" : "2019-10-05T16:47+0000",
          "timeZone" : 6,
          "age" : 14
        },
        {
          "moonPhase" : "phase2",
          "date" : "2019-10-12T12:11+0000",
          "sign" : "aries",
          "signDate" : "2019-10-12T04:46+0000",
          "moonPhaseDate" : "2019-10-05T16:47+0000",
          "timeZone" : 6,
          "age" : 15
        },
        {
          "moonPhase" : "phase2",
          "date" : "2019-10-13T12:35+0000",
          "sign" : "aries",
          "age" : 16,
          "signDate" : "2019-10-12T04:46+0000",
          "timeZone" : 6,
          "moonPhaseDate" : "2019-10-05T16:47+0000"
        },
        {
          "moonPhase" : "fullMoon",
          "date" : "2019-10-14T12:59+0000",
          "sign" : "taurus",
          "age" : 17,
          "moonPhaseDate" : "2019-10-13T21:08+0000",
          "timeZone" : 6,
          "signDate" : "2019-10-14T16:23+0000"
        },
        {
          "moonPhase" : "phase3",
          "date" : "2019-10-15T13:24+0000",
          "sign" : "taurus",
          "signDate" : "2019-10-14T16:23+0000",
          "timeZone" : 6,
          "age" : 18,
          "moonPhaseDate" : "2019-10-13T21:08+0000"
        },
        {
          "moonPhase" : "phase3",
          "date" : "2019-10-16T13:53+0000",
          "sign" : "taurus",
          "age" : 19,
          "timeZone" : 6,
          "signDate" : "2019-10-14T16:23+0000",
          "moonPhaseDate" : "2019-10-13T21:08+0000"
        },
        {
          "moonPhase" : "phase3",
          "date" : "2019-10-17T14:26+0000",
          "sign" : "gemini",
          "signDate" : "2019-10-17T02:29+0000",
          "moonPhaseDate" : "2019-10-13T21:08+0000",
          "timeZone" : 6,
          "age" : 20
        },
        {
          "moonPhase" : "phase3",
          "date" : "2019-10-18T15:05+0000",
          "sign" : "gemini",
          "signDate" : "2019-10-17T02:29+0000",
          "moonPhaseDate" : "2019-10-13T21:08+0000",
          "timeZone" : 6,
          "age" : 21
        },
        {
          "moonPhase" : "phase3",
          "date" : "2019-10-19T15:51+0000",
          "sign" : "cancer",
          "signDate" : "2019-10-19T10:42+0000",
          "moonPhaseDate" : "2019-10-13T21:08+0000",
          "timeZone" : 6,
          "age" : 22
        },
        {
          "moonPhase" : "phase3",
          "date" : "2019-10-20T16:46+0000",
          "sign" : "cancer",
          "age" : 23,
          "moonPhaseDate" : "2019-10-13T21:08+0000",
          "timeZone" : 6,
          "signDate" : "2019-10-19T10:42+0000"
        },
        {
          "moonPhase" : "phase4",
          "date" : "2019-10-21T17:49+0000",
          "sign" : "leo",
          "age" : 24,
          "moonPhaseDate" : "2019-10-21T12:39+0000",
          "signDate" : "2019-10-21T16:30+0000",
          "timeZone" : 6
        },
        {
          "moonPhase" : "phase4",
          "date" : "2019-10-22T18:58+0000",
          "sign" : "leo",
          "signDate" : "2019-10-21T16:30+0000",
          "moonPhaseDate" : "2019-10-21T12:39+0000",
          "timeZone" : 6,
          "age" : 25
        },
        {
          "moonPhase" : "phase4",
          "date" : "2019-10-23T20:12+0000",
          "sign" : "virgo",
          "signDate" : "2019-10-23T19:30+0000",
          "moonPhaseDate" : "2019-10-21T12:39+0000",
          "timeZone" : 6,
          "age" : 26
        },
        {
          "moonPhase" : "phase4",
          "date" : "2019-10-24T21:28+0000",
          "sign" : "virgo",
          "signDate" : "2019-10-23T19:30+0000",
          "moonPhaseDate" : "2019-10-21T12:39+0000",
          "timeZone" : 6,
          "age" : 27
        },
        {
          "moonPhase" : "phase4",
          "date" : "2019-10-25T22:44+0000",
          "sign" : "libra",
          "age" : 28,
          "timeZone" : 6,
          "signDate" : "2019-10-25T20:20+0000",
          "moonPhaseDate" : "2019-10-21T12:39+0000"
        },
        {
          "moonPhase" : "phase4",
          "date" : "2019-10-27T00:01+0000",
          "sign" : "libra",
          "signDate" : "2019-10-25T20:20+0000",
          "moonPhaseDate" : "2019-10-21T12:39+0000",
          "timeZone" : 6,
          "age" : 29
        },
        {
          "moonPhase" : "newMoon",
          "date" : "2019-10-28T01:17+0000",
          "sign" : "scorpio",
          "signDate" : "2019-10-27T20:31+0000",
          "timeZone" : 6,
          "age" : 30,
          "moonPhaseDate" : "2019-10-28T03:38+0000"
        },
        {
          "moonPhase" : "newMoon",
          "date" : "2019-10-28T03:38+0000",
          "sign" : "scorpio",
          "age" : 1,
          "timeZone" : 6,
          "signDate" : "2019-10-27T20:31+0000",
          "moonPhaseDate" : "2019-10-28T03:38+0000"
        },
        {
          "moonPhase" : "phase1",
          "date" : "2019-10-29T02:33+0000",
          "sign" : "scorpio",
          "signDate" : "2019-10-27T20:31+0000",
          "moonPhaseDate" : "2019-10-28T03:38+0000",
          "timeZone" : 6,
          "age" : 2
        },
        {
          "moonPhase" : "phase1",
          "date" : "2019-10-30T03:47+0000",
          "sign" : "sagittarius",
          "age" : 3,
          "moonPhaseDate" : "2019-10-28T03:38+0000",
          "signDate" : "2019-10-29T22:00+0000",
          "timeZone" : 6
        },
        {
          "moonPhase" : "phase1",
          "date" : "2019-10-31T04:56+0000",
          "sign" : "sagittarius",
          "signDate" : "2019-10-29T22:00+0000",
          "moonPhaseDate" : "2019-10-28T03:38+0000",
          "timeZone" : 6,
          "age" : 4
        },
        {
          "moonPhase" : "phase1",
          "date" : "2019-11-01T06:00+0000",
          "sign" : "capricorn",
          "age" : 5,
          "moonPhaseDate" : null,
          "timeZone" : 6,
          "signDate" : "2019-11-01T02:38+0000"
        },
        {
          "moonPhase" : "phase1",
          "date" : "2019-11-02T06:56+0000",
          "sign" : "capricorn",
          "signDate" : "2019-11-01T02:38+0000",
          "moonPhaseDate" : null,
          "timeZone" : 6,
          "age" : 6
        },
        {
          "moonPhase" : "phase1",
          "date" : "2019-11-03T07:43+0000",
          "sign" : "aquarius",
          "signDate" : "2019-11-03T11:21+0000",
          "moonPhaseDate" : null,
          "timeZone" : 6,
          "age" : 7
        },
        {
          "moonPhase" : "phase2",
          "date" : "2019-11-04T08:23+0000",
          "sign" : "aquarius",
          "age" : 8,
          "moonPhaseDate" : "2019-11-04T10:23+0000",
          "timeZone" : 6,
          "signDate" : "2019-11-03T11:21+0000"
        },
        {
          "moonPhase" : "phase2",
          "date" : "2019-11-05T08:57+0000",
          "sign" : "aquarius",
          "age" : 9,
          "moonPhaseDate" : "2019-11-04T10:23+0000",
          "timeZone" : 6,
          "signDate" : "2019-11-03T11:21+0000"
        },
        {
          "moonPhase" : "phase2",
          "date" : "2019-11-06T09:26+0000",
          "sign" : "pisces",
          "signDate" : "2019-11-05T23:11+0000",
          "moonPhaseDate" : "2019-11-04T10:23+0000",
          "age" : 10,
          "timeZone" : 6
        },
        {
          "moonPhase" : "phase2",
          "date" : "2019-11-07T09:52+0000",
          "sign" : "pisces",
          "signDate" : "2019-11-05T23:11+0000",
          "moonPhaseDate" : "2019-11-04T10:23+0000",
          "timeZone" : 6,
          "age" : 11
        },
        {
          "moonPhase" : "phase2",
          "date" : "2019-11-08T10:16+0000",
          "sign" : "aries",
          "age" : 12,
          "moonPhaseDate" : "2019-11-04T10:23+0000",
          "timeZone" : 6,
          "signDate" : "2019-11-08T11:50+0000"
        },
        {
          "moonPhase" : "phase2",
          "date" : "2019-11-09T10:39+0000",
          "sign" : "aries",
          "age" : 13,
          "moonPhaseDate" : "2019-11-04T10:23+0000",
          "timeZone" : 6,
          "signDate" : "2019-11-08T11:50+0000"
        },
        {
          "moonPhase" : "phase2",
          "date" : "2019-11-10T11:02+0000",
          "sign" : "aries",
          "age" : 14,
          "moonPhaseDate" : "2019-11-04T10:23+0000",
          "timeZone" : 6,
          "signDate" : "2019-11-08T11:50+0000"
        },
        {
          "moonPhase" : "phase2",
          "date" : "2019-11-11T11:27+0000",
          "sign" : "taurus",
          "age" : 15,
          "timeZone" : 6,
          "signDate" : "2019-11-10T23:19+0000",
          "moonPhaseDate" : "2019-11-04T10:23+0000"
        },
        {
          "moonPhase" : "fullMoon",
          "date" : "2019-11-12T11:55+0000",
          "sign" : "taurus",
          "age" : 16,
          "timeZone" : 6,
          "signDate" : "2019-11-10T23:19+0000",
          "moonPhaseDate" : "2019-11-12T13:35+0000"
        },
        {
          "moonPhase" : "phase3",
          "date" : "2019-11-13T12:26+0000",
          "sign" : "gemini",
          "signDate" : "2019-11-13T08:45+0000",
          "timeZone" : 6,
          "age" : 17,
          "moonPhaseDate" : "2019-11-12T13:35+0000"
        },
        {
          "moonPhase" : "phase3",
          "date" : "2019-11-14T13:03+0000",
          "sign" : "gemini",
          "age" : 18,
          "timeZone" : 6,
          "moonPhaseDate" : "2019-11-12T13:35+0000",
          "signDate" : "2019-11-13T08:45+0000"
        },
        {
          "moonPhase" : "phase3",
          "date" : "2019-11-15T13:48+0000",
          "sign" : "cancer",
          "signDate" : "2019-11-15T16:12+0000",
          "age" : 19,
          "timeZone" : 6,
          "moonPhaseDate" : "2019-11-12T13:35+0000"
        },
        {
          "moonPhase" : "phase3",
          "date" : "2019-11-16T14:40+0000",
          "sign" : "cancer",
          "signDate" : "2019-11-15T16:12+0000",
          "moonPhaseDate" : "2019-11-12T13:35+0000",
          "age" : 20,
          "timeZone" : 6
        },
        {
          "moonPhase" : "phase3",
          "date" : "2019-11-17T15:41+0000",
          "sign" : "cancer",
          "age" : 21,
          "moonPhaseDate" : "2019-11-12T13:35+0000",
          "timeZone" : 6,
          "signDate" : "2019-11-15T16:12+0000"
        },
        {
          "moonPhase" : "phase3",
          "date" : "2019-11-18T16:48+0000",
          "sign" : "leo",
          "signDate" : "2019-11-17T21:54+0000",
          "age" : 22,
          "timeZone" : 6,
          "moonPhaseDate" : "2019-11-12T13:35+0000"
        },
        {
          "moonPhase" : "phase3",
          "date" : "2019-11-19T17:59+0000",
          "sign" : "leo",
          "signDate" : "2019-11-17T21:54+0000",
          "moonPhaseDate" : "2019-11-12T13:35+0000",
          "age" : 23,
          "timeZone" : 6
        },
        {
          "moonPhase" : "phase4",
          "date" : "2019-11-20T19:12+0000",
          "sign" : "virgo",
          "signDate" : "2019-11-17T21:54+0000",
          "moonPhaseDate" : "2019-11-19T21:11+0000",
          "age" : 24,
          "timeZone" : 6
        },
        {
          "moonPhase" : "phase4",
          "date" : "2019-11-21T20:26+0000",
          "sign" : "libra",
          "signDate" : "2019-11-22T04:22+0000",
          "moonPhaseDate" : "2019-11-19T21:11+0000",
          "age" : 25,
          "timeZone" : 6
        },
        {
          "moonPhase" : "phase4",
          "date" : "2019-11-22T21:39+0000",
          "sign" : "libra",
          "signDate" : "2019-11-22T04:22+0000",
          "age" : 26,
          "timeZone" : 6,
          "moonPhaseDate" : "2019-11-19T21:11+0000"
        },
        {
          "moonPhase" : "phase4",
          "date" : "2019-11-23T22:54+0000",
          "sign" : "scorpio",
          "age" : 27,
          "moonPhaseDate" : "2019-11-19T21:11+0000",
          "timeZone" : 6,
          "signDate" : "2019-11-24T06:01+0000"
        },
        {
          "moonPhase" : "phase4",
          "date" : "2019-11-25T00:07+0000",
          "sign" : "scorpio",
          "signDate" : "2019-11-24T06:01+0000",
          "moonPhaseDate" : "2019-11-19T21:11+0000",
          "age" : 28,
          "timeZone" : 6
        },
        {
          "moonPhase" : "newMoon",
          "date" : "2019-11-26T01:22+0000",
          "sign" : "sagittarius",
          "signDate" : "2019-11-26T08:12+0000",
          "age" : 29,
          "timeZone" : 6,
          "moonPhaseDate" : "2019-11-26T15:06+0000"
        },
        {
          "moonPhase" : "newMoon",
          "date" : "2019-11-26T15:06+0000",
          "sign" : "sagittarius",
          "signDate" : "2019-11-26T08:12+0000",
          "moonPhaseDate" : "2019-11-26T15:06+0000",
          "age" : 1,
          "timeZone" : 6
        },
        {
          "moonPhase" : "phase1",
          "date" : "2019-11-27T02:34+0000",
          "sign" : "sagittarius",
          "signDate" : "2019-11-26T08:12+0000",
          "age" : 2,
          "timeZone" : 6,
          "moonPhaseDate" : "2019-11-26T15:06+0000"
        },
        {
          "moonPhase" : "phase1",
          "date" : "2019-11-28T03:42+0000",
          "sign" : "capricorn",
          "signDate" : "2019-11-28T12:32+0000",
          "moonPhaseDate" : "2019-11-26T15:06+0000",
          "timeZone" : 6,
          "age" : 3
        },
        {
          "moonPhase" : "phase1",
          "date" : "2019-11-29T04:43+0000",
          "sign" : "capricorn",
          "signDate" : "2019-11-28T12:32+0000",
          "moonPhaseDate" : "2019-11-26T15:06+0000",
          "age" : 4,
          "timeZone" : 6
        },
        {
          "moonPhase" : "phase1",
          "date" : "2019-11-30T05:36+0000",
          "sign" : "capricorn",
          "signDate" : "2019-11-28T12:32+0000",
          "moonPhaseDate" : "2019-11-26T15:06+0000",
          "timeZone" : 6,
          "age" : 5
        },
        {
          "moonPhase" : "phase1",
          "date" : "2019-12-01T06:20+0000",
          "sign" : "aquarius",
          "age" : 6,
          "moonPhaseDate" : null,
          "timeZone" : 6,
          "signDate" : "2019-11-30T20:15+0000"
        },
        {
          "moonPhase" : "phase1",
          "date" : "2019-12-02T06:57+0000",
          "sign" : "aquarius",
          "signDate" : "2019-11-30T20:15+0000",
          "moonPhaseDate" : null,
          "age" : 7,
          "timeZone" : 6
        },
        {
          "moonPhase" : "phase1",
          "date" : "2019-12-03T07:28+0000",
          "sign" : "pisces",
          "signDate" : "2019-12-03T07:14+0000",
          "age" : 8,
          "timeZone" : 6,
          "moonPhaseDate" : null
        },
        {
          "moonPhase" : "phase2",
          "date" : "2019-12-04T07:55+0000",
          "sign" : "pisces",
          "signDate" : "2019-12-03T07:14+0000",
          "moonPhaseDate" : "2019-12-04T06:58+0000",
          "age" : 9,
          "timeZone" : 6
        },
        {
          "moonPhase" : "phase2",
          "date" : "2019-12-05T08:19+0000",
          "sign" : "pisces",
          "signDate" : "2019-12-03T07:14+0000",
          "age" : 10,
          "timeZone" : 6,
          "moonPhaseDate" : "2019-12-04T06:58+0000"
        },
        {
          "moonPhase" : "phase2",
          "date" : "2019-12-06T08:42+0000",
          "sign" : "aries",
          "signDate" : "2019-12-05T19:46+0000",
          "moonPhaseDate" : "2019-12-04T06:58+0000",
          "age" : 11,
          "timeZone" : 6
        },
        {
          "moonPhase" : "phase2",
          "date" : "2019-12-07T09:05+0000",
          "sign" : "aries",
          "age" : 12,
          "moonPhaseDate" : "2019-12-04T06:58+0000",
          "timeZone" : 6,
          "signDate" : "2019-12-05T19:46+0000"
        },
        {
          "moonPhase" : "phase2",
          "date" : "2019-12-08T09:29+0000",
          "sign" : "taurus",
          "signDate" : "2019-12-08T07:31+0000",
          "timeZone" : 6,
          "moonPhaseDate" : "2019-12-04T06:58+0000",
          "age" : 13
        },
        {
          "moonPhase" : "phase2",
          "date" : "2019-12-09T09:55+0000",
          "sign" : "taurus",
          "age" : 14,
          "moonPhaseDate" : "2019-12-04T06:58+0000",
          "signDate" : "2019-12-08T07:31+0000",
          "timeZone" : 6
        },
        {
          "moonPhase" : "phase2",
          "date" : "2019-12-10T10:25+0000",
          "sign" : "gemini",
          "age" : 15,
          "signDate" : "2019-12-10T16:49+0000",
          "moonPhaseDate" : "2019-12-04T06:58+0000",
          "timeZone" : 6
        },
        {
          "moonPhase" : "phase2",
          "date" : "2019-12-11T11:00+0000",
          "sign" : "gemini",
          "signDate" : "2019-12-10T16:49+0000",
          "moonPhaseDate" : "2019-12-04T06:58+0000",
          "age" : 16,
          "timeZone" : 6
        },
        {
          "moonPhase" : "fullMoon",
          "date" : "2019-12-12T11:42+0000",
          "sign" : "gemini",
          "signDate" : "2019-12-10T16:49+0000",
          "age" : 17,
          "timeZone" : 6,
          "moonPhaseDate" : "2019-12-12T05:12+0000"
        },
        {
          "moonPhase" : "phase3",
          "date" : "2019-12-13T12:33+0000",
          "sign" : "cancer",
          "signDate" : "2019-12-12T23:24+0000",
          "age" : 18,
          "moonPhaseDate" : "2019-12-12T05:12+0000",
          "timeZone" : 6
        },
        {
          "moonPhase" : "phase3",
          "date" : "2019-12-14T13:32+0000",
          "sign" : "cancer",
          "age" : 19,
          "signDate" : "2019-12-12T23:24+0000",
          "timeZone" : 6,
          "moonPhaseDate" : "2019-12-12T05:12+0000"
        },
        {
          "moonPhase" : "phase3",
          "date" : "2019-12-15T14:38+0000",
          "sign" : "leo",
          "signDate" : "2019-12-15T03:53+0000",
          "timeZone" : 6,
          "age" : 20,
          "moonPhaseDate" : "2019-12-12T05:12+0000"
        },
        {
          "moonPhase" : "phase3",
          "date" : "2019-12-16T15:50+0000",
          "sign" : "leo",
          "signDate" : "2019-12-15T03:53+0000",
          "age" : 21,
          "timeZone" : 6,
          "moonPhaseDate" : "2019-12-12T05:12+0000"
        },
        {
          "moonPhase" : "phase3",
          "date" : "2019-12-17T17:03+0000",
          "sign" : "virgo",
          "signDate" : "2019-12-17T07:13+0000",
          "moonPhaseDate" : "2019-12-12T05:12+0000",
          "age" : 22,
          "timeZone" : 6
        },
        {
          "moonPhase" : "phase4",
          "date" : "2019-12-18T18:16+0000",
          "sign" : "libra",
          "age" : 23,
          "timeZone" : 6,
          "signDate" : "2019-12-19T10:05+0000",
          "moonPhaseDate" : "2019-12-19T04:57+0000"
        },
        {
          "moonPhase" : "phase4",
          "date" : "2019-12-19T19:28+0000",
          "sign" : "libra",
          "signDate" : "2019-12-19T10:05+0000",
          "timeZone" : 6,
          "age" : 24,
          "moonPhaseDate" : "2019-12-19T04:57+0000"
        },
        {
          "moonPhase" : "phase4",
          "date" : "2019-12-20T20:40+0000",
          "sign" : "scorpio",
          "signDate" : "2019-12-21T13:01+0000",
          "timeZone" : 6,
          "age" : 25,
          "moonPhaseDate" : "2019-12-19T04:57+0000"
        },
        {
          "moonPhase" : "phase4",
          "date" : "2019-12-21T21:52+0000",
          "sign" : "scorpio",
          "signDate" : "2019-12-21T13:01+0000",
          "moonPhaseDate" : "2019-12-19T04:57+0000",
          "age" : 26,
          "timeZone" : 6
        },
        {
          "moonPhase" : "phase4",
          "date" : "2019-12-22T23:04+0000",
          "sign" : "sagittarius",
          "age" : 27,
          "signDate" : "2019-12-23T16:37+0000",
          "moonPhaseDate" : "2019-12-19T04:57+0000",
          "timeZone" : 6
        },
        {
          "moonPhase" : "phase4",
          "date" : "2019-12-24T00:16+0000",
          "sign" : "sagittarius",
          "age" : 28,
          "signDate" : "2019-12-23T16:37+0000",
          "moonPhaseDate" : "2019-12-19T04:57+0000",
          "timeZone" : 6
        },
        {
          "moonPhase" : "phase4",
          "date" : "2019-12-25T01:24+0000",
          "sign" : "sagittarius",
          "age" : 29,
          "moonPhaseDate" : "2019-12-19T04:57+0000",
          "signDate" : "2019-12-23T16:37+0000",
          "timeZone" : 6
        },
        {
          "moonPhase" : "newMoon",
          "date" : "2019-12-26T02:28+0000",
          "sign" : "capricorn",
          "age" : 30,
          "moonPhaseDate" : "2019-12-26T05:13+0000",
          "timeZone" : 6,
          "signDate" : "2019-12-25T21:46+0000"
        },
        {
          "moonPhase" : "newMoon",
          "date" : "2019-12-26T05:13+0000",
          "sign" : "capricorn",
          "signDate" : "2019-12-25T21:46+0000",
          "moonPhaseDate" : "2019-12-26T05:13+0000",
          "timeZone" : 6,
          "age" : 1
        },
        {
          "moonPhase" : "phase1",
          "date" : "2019-12-27T03:25+0000",
          "sign" : "capricorn",
          "signDate" : "2019-12-25T21:46+0000",
          "moonPhaseDate" : "2019-12-26T05:13+0000",
          "timeZone" : 6,
          "age" : 2
        },
        {
          "moonPhase" : "phase1",
          "date" : "2019-12-28T04:13+0000",
          "sign" : "aquarius",
          "age" : 3,
          "signDate" : "2019-12-28T05:21+0000",
          "moonPhaseDate" : "2019-12-26T05:13+0000",
          "timeZone" : 6
        },
        {
          "moonPhase" : "phase1",
          "date" : "2019-12-29T04:54+0000",
          "sign" : "aquarius",
          "age" : 4,
          "signDate" : "2019-12-28T05:21+0000",
          "timeZone" : 6,
          "moonPhaseDate" : "2019-12-26T05:13+0000"
        },
        {
          "moonPhase" : "phase1",
          "date" : "2019-12-30T05:27+0000",
          "sign" : "pisces",
          "age" : 5,
          "signDate" : "2019-12-30T15:43+0000",
          "moonPhaseDate" : "2019-12-26T05:13+0000",
          "timeZone" : 6
        },
        {
          "moonPhase" : "phase1",
          "date" : "2019-12-31T05:56+0000",
          "sign" : "pisces",
          "signDate" : "2019-12-30T15:43+0000",
          "moonPhaseDate" : "2019-12-26T05:13+0000",
          "timeZone" : 6,
          "age" : 6
        },
        {
          "moonPhase" : "phase1",
          "date" : "2020-01-01T06:22+0000",
          "sign" : "pisces",
          "age" : 7,
          "moonPhaseDate" : null,
          "timeZone" : 6,
          "signDate" : "2019-12-30T15:43+0000"
        },
        {
          "moonPhase" : "phase1",
          "date" : "2020-01-02T06:45+0000",
          "sign" : "aries",
          "signDate" : "2020-01-02T04:01+0000",
          "moonPhaseDate" : null,
          "timeZone" : 6,
          "age" : 8
        },
        {
          "moonPhase" : "phase2",
          "date" : "2020-01-03T07:07+0000",
          "sign" : "aries",
          "age" : 9,
          "signDate" : "2020-01-02T04:01+0000",
          "moonPhaseDate" : "2020-01-03T04:45+0000",
          "timeZone" : 6
        },
        {
          "moonPhase" : "phase2",
          "date" : "2020-01-04T07:31+0000",
          "sign" : "taurus",
          "age" : 10,
          "signDate" : "2020-01-04T16:15+0000",
          "timeZone" : 6,
          "moonPhaseDate" : "2020-01-03T04:45+0000"
        },
        {
          "moonPhase" : "phase2",
          "date" : "2020-01-05T07:55+0000",
          "sign" : "taurus",
          "signDate" : "2020-01-04T16:15+0000",
          "age" : 11,
          "moonPhaseDate" : "2020-01-03T04:45+0000",
          "timeZone" : 6
        },
        {
          "moonPhase" : "phase2",
          "date" : "2020-01-06T08:23+0000",
          "sign" : "taurus",
          "signDate" : "2020-01-04T16:15+0000",
          "moonPhaseDate" : "2020-01-03T04:45+0000",
          "timeZone" : 6,
          "age" : 12
        },
        {
          "moonPhase" : "phase2",
          "date" : "2020-01-07T08:55+0000",
          "sign" : "gemini",
          "signDate" : "2020-01-07T02:13+0000",
          "moonPhaseDate" : "2020-01-03T04:45+0000",
          "timeZone" : 6,
          "age" : 13
        },
        {
          "moonPhase" : "phase2",
          "date" : "2020-01-08T09:33+0000",
          "sign" : "gemini",
          "age" : 14,
          "signDate" : "2020-01-07T02:13+0000",
          "moonPhaseDate" : "2020-01-03T04:45+0000",
          "timeZone" : 6
        },
        {
          "moonPhase" : "phase2",
          "date" : "2020-01-09T10:20+0000",
          "sign" : "cancer",
          "age" : 15,
          "timeZone" : 6,
          "moonPhaseDate" : "2020-01-03T04:45+0000",
          "signDate" : "2020-01-09T08:45+0000"
        },
        {
          "moonPhase" : "phase2",
          "date" : "2020-01-10T11:16+0000",
          "sign" : "cancer",
          "age" : 16,
          "timeZone" : 6,
          "moonPhaseDate" : "2020-01-03T04:45+0000",
          "signDate" : "2020-01-09T08:45+0000"
        },
        {
          "moonPhase" : "fullMoon",
          "date" : "2020-01-11T12:22+0000",
          "sign" : "leo",
          "age" : 17,
          "signDate" : "2020-01-11T12:16+0000",
          "moonPhaseDate" : "2020-01-10T19:21+0000",
          "timeZone" : 6
        },
        {
          "moonPhase" : "phase3",
          "date" : "2020-01-12T13:34+0000",
          "sign" : "leo",
          "age" : 18,
          "moonPhaseDate" : "2020-01-10T19:21+0000",
          "signDate" : "2020-01-11T12:16+0000",
          "timeZone" : 6
        },
        {
          "moonPhase" : "phase3",
          "date" : "2020-01-13T14:49+0000",
          "sign" : "virgo",
          "signDate" : "2020-01-13T14:05+0000",
          "moonPhaseDate" : "2020-01-10T19:21+0000",
          "timeZone" : 6,
          "age" : 19
        },
        {
          "moonPhase" : "phase3",
          "date" : "2020-01-14T16:04+0000",
          "sign" : "virgo",
          "age" : 20,
          "moonPhaseDate" : "2020-01-10T19:21+0000",
          "signDate" : "2020-01-13T14:05+0000",
          "timeZone" : 6
        },
        {
          "moonPhase" : "phase3",
          "date" : "2020-01-15T17:18+0000",
          "sign" : "libra",
          "age" : 21,
          "signDate" : "2020-01-15T15:42+0000",
          "moonPhaseDate" : "2020-01-10T19:21+0000",
          "timeZone" : 6
        },
        {
          "moonPhase" : "phase4",
          "date" : "2020-01-16T18:31+0000",
          "sign" : "libra",
          "age" : 22,
          "signDate" : "2020-01-15T15:42+0000",
          "moonPhaseDate" : "2020-01-17T12:58+0000",
          "timeZone" : 6
        },
        {
          "moonPhase" : "phase4",
          "date" : "2020-01-17T19:43+0000",
          "sign" : "scorpio",
          "age" : 23,
          "timeZone" : 6,
          "moonPhaseDate" : "2020-01-17T12:58+0000",
          "signDate" : "2020-01-17T18:21+0000"
        },
        {
          "moonPhase" : "phase4",
          "date" : "2020-01-18T20:55+0000",
          "sign" : "scorpio",
          "age" : 24,
          "signDate" : "2020-01-17T18:21+0000",
          "moonPhaseDate" : "2020-01-17T12:58+0000",
          "timeZone" : 6
        },
        {
          "moonPhase" : "phase4",
          "date" : "2020-01-19T22:05+0000",
          "sign" : "sagittarius",
          "age" : 25,
          "signDate" : "2020-01-19T22:43+0000",
          "timeZone" : 6,
          "moonPhaseDate" : "2020-01-17T12:58+0000"
        },
        {
          "moonPhase" : "phase4",
          "date" : "2020-01-20T23:13+0000",
          "sign" : "sagittarius",
          "age" : 26,
          "signDate" : "2020-01-19T22:43+0000",
          "timeZone" : 6,
          "moonPhaseDate" : "2020-01-17T12:58+0000"
        },
        {
          "moonPhase" : "phase4",
          "date" : "2020-01-22T00:18+0000",
          "sign" : "capricorn",
          "signDate" : "2020-01-22T05:02+0000",
          "timeZone" : 6,
          "moonPhaseDate" : "2020-01-17T12:58+0000",
          "age" : 27
        },
        {
          "moonPhase" : "phase4",
          "date" : "2020-01-23T01:16+0000",
          "sign" : "capricorn",
          "age" : 28,
          "timeZone" : 6,
          "signDate" : "2020-01-22T05:02+0000",
          "moonPhaseDate" : "2020-01-17T12:58+0000"
        },
        {
          "moonPhase" : "phase4",
          "date" : "2020-01-24T02:07+0000",
          "sign" : "aquarius",
          "age" : 29,
          "signDate" : "2020-01-24T13:22+0000",
          "timeZone" : 6,
          "moonPhaseDate" : "2020-01-17T12:58+0000"
        },
        {
          "moonPhase" : "newMoon",
          "date" : "2020-01-24T21:42+0000",
          "sign" : "aquarius",
          "signDate" : "2020-01-24T13:22+0000",
          "moonPhaseDate" : "2020-01-24T21:42+0000",
          "timeZone" : 6,
          "age" : 1
        },
        {
          "moonPhase" : "newMoon",
          "date" : "2020-01-25T02:50+0000",
          "sign" : "aquarius",
          "signDate" : "2020-01-24T13:22+0000",
          "moonPhaseDate" : "2020-01-24T21:42+0000",
          "age" : 2,
          "timeZone" : 6
        },
        {
          "moonPhase" : "phase1",
          "date" : "2020-01-26T03:26+0000",
          "sign" : "aquarius",
          "age" : 3,
          "signDate" : "2020-01-24T13:22+0000",
          "timeZone" : 6,
          "moonPhaseDate" : "2020-01-24T21:42+0000"
        },
        {
          "moonPhase" : "phase1",
          "date" : "2020-01-27T03:57+0000",
          "sign" : "pisces",
          "age" : 4,
          "signDate" : "2020-01-26T23:45+0000",
          "moonPhaseDate" : "2020-01-24T21:42+0000",
          "timeZone" : 6
        },
        {
          "moonPhase" : "phase1",
          "date" : "2020-01-28T04:24+0000",
          "sign" : "pisces",
          "signDate" : "2020-01-26T23:45+0000",
          "age" : 5,
          "moonPhaseDate" : "2020-01-24T21:42+0000",
          "timeZone" : 6
        },
        {
          "moonPhase" : "phase1",
          "date" : "2020-01-29T04:48+0000",
          "sign" : "aries",
          "age" : 6,
          "moonPhaseDate" : "2020-01-24T21:42+0000",
          "timeZone" : 6,
          "signDate" : "2020-01-29T11:51+0000"
        },
        {
          "moonPhase" : "phase1",
          "date" : "2020-01-30T05:11+0000",
          "sign" : "aries",
          "age" : 7,
          "timeZone" : 6,
          "moonPhaseDate" : "2020-01-24T21:42+0000",
          "signDate" : "2020-01-29T11:51+0000"
        },
        {
          "moonPhase" : "phase1",
          "date" : "2020-01-31T05:33+0000",
          "sign" : "aries",
          "age" : 8,
          "signDate" : "2020-01-29T11:51+0000",
          "timeZone" : 6,
          "moonPhaseDate" : "2020-01-24T21:42+0000"
        },
        {
          "moonPhase" : "phase1",
          "date" : "2020-01-31T05:33+0000",
          "sign" : "aries",
          "signDate" : "2020-01-29T11:51+0000",
          "moonPhaseDate" : "2020-01-24T21:42+0000",
          "age" : 8,
          "timeZone" : 6
        }
      ]
    }
  ]
}