{
  "countryName" : "Литва",
  "cities" : [
    {
      "timeZone" : 3,
      "cityName" : "Вильнюс",
      "moonDays" : [
        {
          "moonPhase" : null,
          "age" : 26,
          "date" : "2019-05-01T02:09+0000",
          "sign" : "aries",
          "moonPhaseDate" : null,
          "timeZone" : 3,
          "signDate" : "2019-05-01T10:23+0000"
        },
        {
          "moonPhaseDate" : null,
          "signDate" : "2019-05-01T10:23+0000",
          "sign" : "aries",
          "date" : "2019-05-02T02:25+0000",
          "age" : 27,
          "timeZone" : 3,
          "moonPhase" : null
        },
        {
          "moonPhase" : null,
          "age" : 28,
          "sign" : "taurus",
          "date" : "2019-05-03T02:41+0000",
          "timeZone" : 3,
          "moonPhaseDate" : null,
          "signDate" : "2019-05-03T20:21+0000"
        },
        {
          "date" : "2019-05-04T02:58+0000",
          "age" : 29,
          "timeZone" : 3,
          "sign" : "taurus",
          "signDate" : "2019-05-03T20:21+0000",
          "moonPhaseDate" : null,
          "moonPhase" : null
        },
        {
          "date" : "2019-05-04T22:45+0000",
          "moonPhase" : "newMoon",
          "signDate" : "2019-05-03T20:21+0000",
          "age" : 1,
          "timeZone" : 3,
          "moonPhaseDate" : "2019-05-04T22:45+0000",
          "sign" : "taurus"
        },
        {
          "signDate" : "2019-05-03T20:21+0000",
          "date" : "2019-05-05T03:17+0000",
          "moonPhaseDate" : "2019-05-04T22:45+0000",
          "sign" : "taurus",
          "moonPhase" : "newMoon",
          "age" : 2,
          "timeZone" : 3
        },
        {
          "date" : "2019-05-06T03:40+0000",
          "moonPhaseDate" : "2019-05-04T22:45+0000",
          "moonPhase" : "phase1",
          "sign" : "gemini",
          "signDate" : "2019-05-06T03:42+0000",
          "timeZone" : 3,
          "age" : 3
        },
        {
          "moonPhaseDate" : "2019-05-04T22:45+0000",
          "date" : "2019-05-07T04:10+0000",
          "age" : 4,
          "moonPhase" : "phase1",
          "signDate" : "2019-05-06T03:42+0000",
          "timeZone" : 3,
          "sign" : "gemini"
        },
        {
          "moonPhase" : "phase1",
          "timeZone" : 3,
          "date" : "2019-05-08T04:50+0000",
          "sign" : "cancer",
          "signDate" : "2019-05-08T09:05+0000",
          "moonPhaseDate" : "2019-05-04T22:45+0000",
          "age" : 5
        },
        {
          "moonPhase" : "phase1",
          "signDate" : "2019-05-08T09:05+0000",
          "sign" : "cancer",
          "age" : 6,
          "date" : "2019-05-09T05:41+0000",
          "moonPhaseDate" : "2019-05-04T22:45+0000",
          "timeZone" : 3
        },
        {
          "sign" : "leo",
          "moonPhaseDate" : "2019-05-04T22:45+0000",
          "date" : "2019-05-10T06:46+0000",
          "timeZone" : 3,
          "moonPhase" : "phase1",
          "age" : 7,
          "signDate" : "2019-05-10T13:12+0000"
        },
        {
          "age" : 8,
          "signDate" : "2019-05-10T13:12+0000",
          "timeZone" : 3,
          "sign" : "leo",
          "moonPhase" : "phase1",
          "moonPhaseDate" : "2019-05-04T22:45+0000",
          "date" : "2019-05-11T08:01+0000"
        },
        {
          "signDate" : "2019-05-12T16:23+0000",
          "date" : "2019-05-12T09:22+0000",
          "sign" : "virgo",
          "moonPhase" : "phase2",
          "timeZone" : 3,
          "age" : 9,
          "moonPhaseDate" : "2019-05-12T01:12+0000"
        },
        {
          "moonPhase" : "phase2",
          "date" : "2019-05-13T10:46+0000",
          "sign" : "virgo",
          "signDate" : "2019-05-12T16:23+0000",
          "timeZone" : 3,
          "age" : 10,
          "moonPhaseDate" : "2019-05-12T01:12+0000"
        },
        {
          "moonPhaseDate" : "2019-05-12T01:12+0000",
          "moonPhase" : "phase2",
          "date" : "2019-05-14T12:10+0000",
          "timeZone" : 3,
          "age" : 11,
          "sign" : "libra",
          "signDate" : "2019-05-14T18:53+0000"
        },
        {
          "signDate" : "2019-05-14T18:53+0000",
          "age" : 12,
          "moonPhase" : "phase2",
          "date" : "2019-05-15T13:34+0000",
          "moonPhaseDate" : "2019-05-12T01:12+0000",
          "sign" : "libra",
          "timeZone" : 3
        },
        {
          "age" : 13,
          "timeZone" : 3,
          "sign" : "libra",
          "moonPhaseDate" : "2019-05-12T01:12+0000",
          "signDate" : "2019-05-14T18:53+0000",
          "moonPhase" : "phase2",
          "date" : "2019-05-16T14:58+0000"
        },
        {
          "moonPhase" : "phase2",
          "timeZone" : 3,
          "moonPhaseDate" : "2019-05-12T01:12+0000",
          "date" : "2019-05-17T16:21+0000",
          "sign" : "scorpio",
          "age" : 14,
          "signDate" : "2019-05-16T21:25+0000"
        },
        {
          "timeZone" : 3,
          "sign" : "scorpio",
          "date" : "2019-05-18T17:42+0000",
          "moonPhase" : "phase2",
          "signDate" : "2019-05-16T21:25+0000",
          "moonPhaseDate" : "2019-05-12T01:12+0000",
          "age" : 15
        },
        {
          "sign" : "sagittarius",
          "date" : "2019-05-19T19:00+0000",
          "signDate" : "2019-05-19T01:19+0000",
          "moonPhaseDate" : "2019-05-18T21:11+0000",
          "moonPhase" : "fullMoon",
          "timeZone" : 3,
          "age" : 16
        },
        {
          "timeZone" : 3,
          "sign" : "sagittarius",
          "signDate" : "2019-05-19T01:19+0000",
          "date" : "2019-05-20T20:11+0000",
          "moonPhaseDate" : "2019-05-18T21:11+0000",
          "moonPhase" : "phase3",
          "age" : 17
        },
        {
          "moonPhase" : "phase3",
          "timeZone" : 3,
          "age" : 18,
          "moonPhaseDate" : "2019-05-18T21:11+0000",
          "signDate" : "2019-05-19T01:19+0000",
          "date" : "2019-05-21T21:13+0000",
          "sign" : "capricorn"
        },
        {
          "signDate" : "2019-05-23T17:51+0000",
          "sign" : "aquarius",
          "timeZone" : 3,
          "age" : 19,
          "moonPhase" : "phase3",
          "date" : "2019-05-22T22:04+0000",
          "moonPhaseDate" : "2019-05-18T21:11+0000"
        },
        {
          "timeZone" : 3,
          "signDate" : "2019-05-23T17:51+0000",
          "age" : 20,
          "sign" : "aquarius",
          "moonPhase" : "phase3",
          "date" : "2019-05-23T22:44+0000",
          "moonPhaseDate" : "2019-05-18T21:11+0000"
        },
        {
          "sign" : "aquarius",
          "age" : 21,
          "moonPhase" : "phase3",
          "date" : "2019-05-24T23:15+0000",
          "moonPhaseDate" : "2019-05-18T21:11+0000",
          "timeZone" : 3,
          "signDate" : "2019-05-23T17:51+0000"
        },
        {
          "sign" : "pisces",
          "age" : 22,
          "date" : "2019-05-25T23:39+0000",
          "moonPhaseDate" : "2019-05-26T16:33+0000",
          "signDate" : "2019-05-26T06:07+0000",
          "timeZone" : 3,
          "moonPhase" : "phase4"
        },
        {
          "timeZone" : 3,
          "sign" : "pisces",
          "signDate" : "2019-05-26T06:07+0000",
          "date" : "2019-05-26T23:59+0000",
          "moonPhaseDate" : "2019-05-26T16:33+0000",
          "age" : 23,
          "moonPhase" : "phase4"
        },
        {
          "age" : 24,
          "timeZone" : 3,
          "signDate" : "2019-05-28T18:29+0000",
          "moonPhaseDate" : "2019-05-26T16:33+0000",
          "moonPhase" : "phase4",
          "sign" : "aries",
          "date" : "2019-05-28T00:16+0000"
        },
        {
          "timeZone" : 3,
          "sign" : "aries",
          "signDate" : "2019-05-28T18:29+0000",
          "moonPhase" : "phase4",
          "age" : 25,
          "date" : "2019-05-29T00:32+0000",
          "moonPhaseDate" : "2019-05-26T16:33+0000"
        },
        {
          "moonPhaseDate" : "2019-05-26T16:33+0000",
          "age" : 26,
          "sign" : "aries",
          "moonPhase" : "phase4",
          "signDate" : "2019-05-28T18:29+0000",
          "date" : "2019-05-30T00:47+0000",
          "timeZone" : 3
        },
        {
          "date" : "2019-05-31T01:03+0000",
          "moonPhaseDate" : "2019-05-26T16:33+0000",
          "moonPhase" : "phase4",
          "age" : 27,
          "sign" : "taurus",
          "signDate" : "2019-05-31T04:44+0000",
          "timeZone" : 3
        },
        {
          "age" : 28,
          "timeZone" : 3,
          "moonPhase" : "phase4",
          "moonPhaseDate" : null,
          "sign" : "taurus",
          "signDate" : "2019-05-31T04:44+0000",
          "date" : "2019-06-01T01:21+0000"
        },
        {
          "date" : "2019-06-02T01:42+0000",
          "timeZone" : 3,
          "moonPhaseDate" : null,
          "moonPhase" : "phase4",
          "sign" : "gemini",
          "signDate" : "2019-06-02T11:51+0000",
          "age" : 29
        },
        {
          "moonPhase" : "newMoon",
          "sign" : "gemini",
          "age" : 30,
          "timeZone" : 3,
          "moonPhaseDate" : "2019-06-03T10:02+0000",
          "date" : "2019-06-03T02:09+0000",
          "signDate" : "2019-06-02T11:51+0000"
        },
        {
          "moonPhase" : "newMoon",
          "timeZone" : 3,
          "age" : 1,
          "date" : "2019-06-03T10:02+0000",
          "moonPhaseDate" : "2019-06-03T10:02+0000",
          "signDate" : "2019-06-02T11:51+0000",
          "sign" : "gemini"
        },
        {
          "signDate" : "2019-06-04T16:18+0000",
          "age" : 2,
          "moonPhaseDate" : "2019-06-03T10:02+0000",
          "moonPhase" : "phase1",
          "date" : "2019-06-04T02:45+0000",
          "sign" : "cancer",
          "timeZone" : 3
        },
        {
          "date" : "2019-06-05T03:33+0000",
          "moonPhaseDate" : "2019-06-03T10:02+0000",
          "timeZone" : 3,
          "signDate" : "2019-06-04T16:18+0000",
          "sign" : "cancer",
          "moonPhase" : "phase1",
          "age" : 3
        },
        {
          "moonPhaseDate" : "2019-06-03T10:02+0000",
          "date" : "2019-06-06T04:34+0000",
          "sign" : "leo",
          "moonPhase" : "phase1",
          "age" : 4,
          "timeZone" : 3,
          "signDate" : "2019-06-06T19:14+0000"
        },
        {
          "date" : "2019-06-07T05:47+0000",
          "moonPhaseDate" : "2019-06-03T10:02+0000",
          "sign" : "leo",
          "age" : 5,
          "signDate" : "2019-06-06T19:14+0000",
          "timeZone" : 3,
          "moonPhase" : "phase1"
        },
        {
          "timeZone" : 3,
          "sign" : "leo",
          "moonPhase" : "phase1",
          "moonPhaseDate" : "2019-06-03T10:02+0000",
          "date" : "2019-06-08T07:09+0000",
          "age" : 6,
          "signDate" : "2019-06-06T19:14+0000"
        },
        {
          "moonPhase" : "phase1",
          "moonPhaseDate" : "2019-06-03T10:02+0000",
          "age" : 7,
          "signDate" : "2019-06-08T21:43+0000",
          "date" : "2019-06-09T08:33+0000",
          "timeZone" : 3,
          "sign" : "virgo"
        },
        {
          "date" : "2019-06-10T09:57+0000",
          "sign" : "virgo",
          "moonPhaseDate" : "2019-06-10T05:59+0000",
          "signDate" : "2019-06-08T21:43+0000",
          "age" : 8,
          "moonPhase" : "phase2",
          "timeZone" : 3
        },
        {
          "signDate" : "2019-06-11T00:30+0000",
          "sign" : "libra",
          "date" : "2019-06-11T11:20+0000",
          "moonPhase" : "phase2",
          "timeZone" : 3,
          "age" : 9,
          "moonPhaseDate" : "2019-06-10T05:59+0000"
        },
        {
          "date" : "2019-06-12T12:42+0000",
          "timeZone" : 3,
          "moonPhase" : "phase2",
          "moonPhaseDate" : "2019-06-10T05:59+0000",
          "age" : 10,
          "sign" : "libra",
          "signDate" : "2019-06-11T00:30+0000"
        },
        {
          "moonPhaseDate" : "2019-06-10T05:59+0000",
          "timeZone" : 3,
          "age" : 11,
          "signDate" : "2019-06-13T04:03+0000",
          "sign" : "scorpio",
          "moonPhase" : "phase2",
          "date" : "2019-06-13T14:03+0000"
        },
        {
          "moonPhase" : "phase2",
          "date" : "2019-06-14T15:23+0000",
          "timeZone" : 3,
          "age" : 12,
          "sign" : "scorpio",
          "moonPhaseDate" : "2019-06-10T05:59+0000",
          "signDate" : "2019-06-13T04:03+0000"
        },
        {
          "timeZone" : 3,
          "moonPhaseDate" : "2019-06-10T05:59+0000",
          "date" : "2019-06-15T16:41+0000",
          "sign" : "sagittarius",
          "moonPhase" : "phase2",
          "age" : 13,
          "signDate" : "2019-06-15T09:01+0000"
        },
        {
          "signDate" : "2019-06-15T09:01+0000",
          "sign" : "sagittarius",
          "timeZone" : 3,
          "moonPhase" : "phase2",
          "moonPhaseDate" : "2019-06-10T05:59+0000",
          "date" : "2019-06-16T17:55+0000",
          "age" : 14
        },
        {
          "timeZone" : 3,
          "date" : "2019-06-17T19:00+0000",
          "age" : 15,
          "signDate" : "2019-06-17T16:11+0000",
          "moonPhase" : "fullMoon",
          "sign" : "capricorn",
          "moonPhaseDate" : "2019-06-17T08:31+0000"
        },
        {
          "moonPhase" : "phase3",
          "sign" : "capricorn",
          "moonPhaseDate" : "2019-06-17T08:31+0000",
          "date" : "2019-06-18T19:57+0000",
          "signDate" : "2019-06-17T16:11+0000",
          "age" : 16,
          "timeZone" : 3
        },
        {
          "timeZone" : 3,
          "date" : "2019-06-19T20:42+0000",
          "sign" : "capricorn",
          "age" : 17,
          "moonPhaseDate" : "2019-06-17T08:31+0000",
          "moonPhase" : "phase3",
          "signDate" : "2019-06-17T16:11+0000"
        },
        {
          "moonPhase" : "phase3",
          "age" : 18,
          "sign" : "aquarius",
          "date" : "2019-06-20T21:16+0000",
          "timeZone" : 3,
          "moonPhaseDate" : "2019-06-17T08:31+0000",
          "signDate" : "2019-06-17T16:11+0000"
        },
        {
          "moonPhaseDate" : "2019-06-17T08:31+0000",
          "timeZone" : 3,
          "sign" : "pisces",
          "signDate" : "2019-06-22T14:01+0000",
          "moonPhase" : "phase3",
          "age" : 19,
          "date" : "2019-06-21T21:43+0000"
        },
        {
          "age" : 20,
          "sign" : "pisces",
          "signDate" : "2019-06-22T14:01+0000",
          "moonPhase" : "phase3",
          "timeZone" : 3,
          "date" : "2019-06-22T22:05+0000",
          "moonPhaseDate" : "2019-06-17T08:31+0000"
        },
        {
          "timeZone" : 3,
          "signDate" : "2019-06-22T14:01+0000",
          "moonPhaseDate" : "2019-06-17T08:31+0000",
          "date" : "2019-06-23T22:23+0000",
          "sign" : "pisces",
          "moonPhase" : "phase3",
          "age" : 21
        },
        {
          "age" : 22,
          "sign" : "aries",
          "date" : "2019-06-24T22:39+0000",
          "signDate" : "2019-06-25T02:34+0000",
          "moonPhaseDate" : "2019-06-25T09:46+0000",
          "timeZone" : 3,
          "moonPhase" : "phase4"
        },
        {
          "moonPhaseDate" : "2019-06-25T09:46+0000",
          "signDate" : "2019-06-25T02:34+0000",
          "moonPhase" : "phase4",
          "sign" : "aries",
          "date" : "2019-06-25T22:54+0000",
          "timeZone" : 3,
          "age" : 23
        },
        {
          "timeZone" : 3,
          "moonPhase" : "phase4",
          "age" : 24,
          "signDate" : "2019-06-27T13:30+0000",
          "sign" : "taurus",
          "moonPhaseDate" : "2019-06-25T09:46+0000",
          "date" : "2019-06-26T23:09+0000"
        },
        {
          "timeZone" : 3,
          "signDate" : "2019-06-27T13:30+0000",
          "moonPhaseDate" : "2019-06-25T09:46+0000",
          "moonPhase" : "phase4",
          "date" : "2019-06-27T23:25+0000",
          "sign" : "taurus",
          "age" : 25
        },
        {
          "age" : 26,
          "date" : "2019-06-28T23:44+0000",
          "moonPhase" : "phase4",
          "sign" : "taurus",
          "moonPhaseDate" : "2019-06-25T09:46+0000",
          "signDate" : "2019-06-27T13:30+0000",
          "timeZone" : 3
        },
        {
          "date" : "2019-06-30T00:08+0000",
          "age" : 27,
          "moonPhaseDate" : "2019-06-25T09:46+0000",
          "sign" : "gemini",
          "moonPhase" : "phase4",
          "timeZone" : 3,
          "signDate" : "2019-06-29T21:10+0000"
        },
        {
          "sign" : "gemini",
          "signDate" : "2019-06-29T21:10+0000",
          "moonPhaseDate" : null,
          "timeZone" : 3,
          "moonPhase" : "phase4",
          "age" : 28,
          "date" : "2019-07-01T00:39+0000"
        },
        {
          "moonPhaseDate" : "2019-07-02T19:16+0000",
          "sign" : "cancer",
          "date" : "2019-07-02T01:21+0000",
          "moonPhase" : "newMoon",
          "timeZone" : 3,
          "signDate" : "2019-07-02T01:26+0000",
          "age" : 29
        },
        {
          "timeZone" : 3,
          "date" : "2019-07-02T19:16+0000",
          "moonPhaseDate" : "2019-07-02T19:16+0000",
          "age" : 1,
          "signDate" : "2019-07-02T01:26+0000",
          "sign" : "cancer",
          "moonPhase" : "newMoon"
        },
        {
          "signDate" : "2019-07-02T01:26+0000",
          "age" : 2,
          "date" : "2019-07-03T02:17+0000",
          "moonPhaseDate" : "2019-07-02T19:16+0000",
          "moonPhase" : "phase1",
          "timeZone" : 3,
          "sign" : "cancer"
        },
        {
          "age" : 3,
          "signDate" : "2019-07-04T03:21+0000",
          "timeZone" : 3,
          "moonPhaseDate" : "2019-07-02T19:16+0000",
          "sign" : "leo",
          "date" : "2019-07-04T03:28+0000",
          "moonPhase" : "phase1"
        },
        {
          "age" : 4,
          "moonPhase" : "phase1",
          "sign" : "leo",
          "date" : "2019-07-05T04:49+0000",
          "timeZone" : 3,
          "moonPhaseDate" : "2019-07-02T19:16+0000",
          "signDate" : "2019-07-04T03:21+0000"
        },
        {
          "sign" : "virgo",
          "timeZone" : 3,
          "age" : 5,
          "moonPhase" : "phase1",
          "date" : "2019-07-06T06:15+0000",
          "moonPhaseDate" : "2019-07-02T19:16+0000",
          "signDate" : "2019-07-06T04:25+0000"
        },
        {
          "sign" : "virgo",
          "date" : "2019-07-07T07:42+0000",
          "timeZone" : 3,
          "moonPhaseDate" : "2019-07-02T19:16+0000",
          "moonPhase" : "phase1",
          "signDate" : "2019-07-06T04:25+0000",
          "age" : 6
        },
        {
          "age" : 7,
          "sign" : "libra",
          "moonPhase" : "phase1",
          "signDate" : "2019-07-08T06:07+0000",
          "moonPhaseDate" : "2019-07-02T19:16+0000",
          "timeZone" : 3,
          "date" : "2019-07-08T09:07+0000"
        },
        {
          "sign" : "libra",
          "age" : 8,
          "moonPhase" : "phase2",
          "timeZone" : 3,
          "signDate" : "2019-07-08T06:07+0000",
          "moonPhaseDate" : "2019-07-09T10:55+0000",
          "date" : "2019-07-09T10:30+0000"
        },
        {
          "age" : 9,
          "sign" : "scorpio",
          "date" : "2019-07-10T11:51+0000",
          "signDate" : "2019-07-10T09:28+0000",
          "moonPhase" : "phase2",
          "moonPhaseDate" : "2019-07-09T10:55+0000",
          "timeZone" : 3
        },
        {
          "date" : "2019-07-11T13:11+0000",
          "moonPhase" : "phase2",
          "signDate" : "2019-07-10T09:28+0000",
          "moonPhaseDate" : "2019-07-09T10:55+0000",
          "age" : 10,
          "sign" : "scorpio",
          "timeZone" : 3
        },
        {
          "moonPhaseDate" : "2019-07-09T10:55+0000",
          "signDate" : "2019-07-12T15:04+0000",
          "timeZone" : 3,
          "sign" : "sagittarius",
          "moonPhase" : "phase2",
          "age" : 11,
          "date" : "2019-07-12T14:28+0000"
        },
        {
          "signDate" : "2019-07-12T15:04+0000",
          "moonPhaseDate" : "2019-07-09T10:55+0000",
          "sign" : "sagittarius",
          "timeZone" : 3,
          "date" : "2019-07-13T15:43+0000",
          "moonPhase" : "phase2",
          "age" : 12
        },
        {
          "age" : 13,
          "timeZone" : 3,
          "sign" : "sagittarius",
          "moonPhaseDate" : "2019-07-09T10:55+0000",
          "moonPhase" : "phase2",
          "signDate" : "2019-07-12T15:04+0000",
          "date" : "2019-07-14T16:51+0000"
        },
        {
          "date" : "2019-07-15T17:50+0000",
          "sign" : "capricorn",
          "moonPhaseDate" : "2019-07-09T10:55+0000",
          "moonPhase" : "phase2",
          "timeZone" : 3,
          "age" : 14,
          "signDate" : "2019-07-14T23:03+0000"
        },
        {
          "signDate" : "2019-07-14T23:03+0000",
          "timeZone" : 3,
          "moonPhase" : "phase2",
          "sign" : "capricorn",
          "moonPhaseDate" : "2019-07-09T10:55+0000",
          "date" : "2019-07-16T18:38+0000",
          "age" : 15
        },
        {
          "sign" : "aquarius",
          "date" : "2019-07-17T19:17+0000",
          "age" : 16,
          "signDate" : "2019-07-17T09:18+0000",
          "timeZone" : 3,
          "moonPhaseDate" : "2019-07-16T21:38+0000",
          "moonPhase" : "fullMoon"
        },
        {
          "moonPhaseDate" : "2019-07-16T21:38+0000",
          "age" : 17,
          "timeZone" : 3,
          "sign" : "aquarius",
          "date" : "2019-07-18T19:46+0000",
          "signDate" : "2019-07-17T09:18+0000",
          "moonPhase" : "phase3"
        },
        {
          "moonPhaseDate" : "2019-07-16T21:38+0000",
          "moonPhase" : "phase3",
          "sign" : "aquarius",
          "date" : "2019-07-19T20:10+0000",
          "signDate" : "2019-07-17T09:18+0000",
          "timeZone" : 3,
          "age" : 18
        },
        {
          "timeZone" : 3,
          "sign" : "pisces",
          "signDate" : "2019-07-19T21:19+0000",
          "moonPhaseDate" : "2019-07-16T21:38+0000",
          "age" : 19,
          "moonPhase" : "phase3",
          "date" : "2019-07-20T20:29+0000"
        },
        {
          "moonPhaseDate" : "2019-07-16T21:38+0000",
          "age" : 20,
          "sign" : "pisces",
          "date" : "2019-07-21T20:45+0000",
          "signDate" : "2019-07-19T21:19+0000",
          "timeZone" : 3,
          "moonPhase" : "phase3"
        },
        {
          "signDate" : "2019-07-19T21:19+0000",
          "moonPhase" : "phase3",
          "age" : 21,
          "timeZone" : 3,
          "date" : "2019-07-22T21:00+0000",
          "sign" : "aries",
          "moonPhaseDate" : "2019-07-16T21:38+0000"
        },
        {
          "age" : 22,
          "date" : "2019-07-23T21:15+0000",
          "moonPhaseDate" : "2019-07-16T21:38+0000",
          "signDate" : "2019-07-19T21:19+0000",
          "timeZone" : 3,
          "sign" : "aries",
          "moonPhase" : "phase3"
        },
        {
          "moonPhaseDate" : "2019-07-25T01:18+0000",
          "moonPhase" : "phase4",
          "sign" : "taurus",
          "date" : "2019-07-24T21:30+0000",
          "signDate" : "2019-07-24T21:40+0000",
          "timeZone" : 3,
          "age" : 23
        },
        {
          "sign" : "taurus",
          "age" : 24,
          "signDate" : "2019-07-24T21:40+0000",
          "timeZone" : 3,
          "date" : "2019-07-25T21:48+0000",
          "moonPhaseDate" : "2019-07-25T01:18+0000",
          "moonPhase" : "phase4"
        },
        {
          "date" : "2019-07-26T22:09+0000",
          "sign" : "gemini",
          "age" : 25,
          "signDate" : "2019-07-27T06:28+0000",
          "timeZone" : 3,
          "moonPhaseDate" : "2019-07-25T01:18+0000",
          "moonPhase" : "phase4"
        },
        {
          "moonPhaseDate" : "2019-07-25T01:18+0000",
          "moonPhase" : "phase4",
          "date" : "2019-07-27T22:35+0000",
          "signDate" : "2019-07-27T06:28+0000",
          "sign" : "gemini",
          "timeZone" : 3,
          "age" : 26
        },
        {
          "timeZone" : 3,
          "date" : "2019-07-28T23:11+0000",
          "moonPhaseDate" : "2019-07-25T01:18+0000",
          "age" : 27,
          "sign" : "cancer",
          "moonPhase" : "phase4",
          "signDate" : "2019-07-29T11:30+0000"
        },
        {
          "age" : 28,
          "sign" : "cancer",
          "moonPhaseDate" : "2019-07-25T01:18+0000",
          "moonPhase" : "phase4",
          "date" : "2019-07-30T00:00+0000",
          "signDate" : "2019-07-29T11:30+0000",
          "timeZone" : 3
        },
        {
          "timeZone" : 3,
          "moonPhase" : "phase4",
          "moonPhaseDate" : "2019-07-25T01:18+0000",
          "age" : 29,
          "sign" : "leo",
          "date" : "2019-07-31T01:03+0000",
          "signDate" : "2019-07-31T13:18+0000"
        },
        {
          "date" : "2019-08-01T02:21+0000",
          "signDate" : "2019-07-31T13:18+0000",
          "moonPhaseDate" : "2019-08-01T03:12+0000",
          "age" : 30,
          "timeZone" : 3,
          "sign" : "leo",
          "moonPhase" : "newMoon"
        },
        {
          "moonPhaseDate" : "2019-08-01T03:12+0000",
          "age" : 1,
          "signDate" : "2019-07-31T13:18+0000",
          "sign" : "leo",
          "date" : "2019-08-01T03:12+0000",
          "timeZone" : 3,
          "moonPhase" : "newMoon"
        },
        {
          "moonPhaseDate" : "2019-08-01T03:12+0000",
          "timeZone" : 3,
          "sign" : "virgo",
          "age" : 2,
          "moonPhase" : "phase1",
          "signDate" : "2019-08-02T13:23+0000",
          "date" : "2019-08-02T03:48+0000"
        },
        {
          "moonPhase" : "phase1",
          "moonPhaseDate" : "2019-08-01T03:12+0000",
          "sign" : "virgo",
          "date" : "2019-08-03T05:17+0000",
          "timeZone" : 3,
          "signDate" : "2019-08-02T13:23+0000",
          "age" : 3
        },
        {
          "age" : 4,
          "sign" : "libra",
          "timeZone" : 3,
          "moonPhase" : "phase1",
          "date" : "2019-08-04T06:46+0000",
          "signDate" : "2019-08-04T13:32+0000",
          "moonPhaseDate" : "2019-08-01T03:12+0000"
        },
        {
          "moonPhaseDate" : "2019-08-01T03:12+0000",
          "timeZone" : 3,
          "date" : "2019-08-05T08:13+0000",
          "moonPhase" : "phase1",
          "signDate" : "2019-08-04T13:32+0000",
          "age" : 5,
          "sign" : "libra"
        },
        {
          "signDate" : "2019-08-06T15:31+0000",
          "date" : "2019-08-06T09:37+0000",
          "timeZone" : 3,
          "moonPhaseDate" : "2019-08-01T03:12+0000",
          "moonPhase" : "phase1",
          "age" : 6,
          "sign" : "scorpio"
        },
        {
          "timeZone" : 3,
          "sign" : "scorpio",
          "moonPhaseDate" : "2019-08-07T17:31+0000",
          "signDate" : "2019-08-06T15:31+0000",
          "moonPhase" : "phase2",
          "date" : "2019-08-07T10:59+0000",
          "age" : 7
        },
        {
          "moonPhaseDate" : "2019-08-07T17:31+0000",
          "age" : 8,
          "date" : "2019-08-08T12:18+0000",
          "timeZone" : 3,
          "moonPhase" : "phase2",
          "sign" : "sagittarius",
          "signDate" : "2019-08-08T20:32+0000"
        },
        {
          "sign" : "sagittarius",
          "age" : 9,
          "signDate" : "2019-08-08T20:32+0000",
          "moonPhaseDate" : "2019-08-07T17:31+0000",
          "moonPhase" : "phase2",
          "date" : "2019-08-09T13:34+0000",
          "timeZone" : 3
        },
        {
          "moonPhase" : "phase2",
          "timeZone" : 3,
          "signDate" : "2019-08-08T20:32+0000",
          "sign" : "sagittarius",
          "moonPhaseDate" : "2019-08-07T17:31+0000",
          "date" : "2019-08-10T14:44+0000",
          "age" : 10
        },
        {
          "moonPhaseDate" : "2019-08-07T17:31+0000",
          "age" : 11,
          "signDate" : "2019-08-11T04:48+0000",
          "moonPhase" : "phase2",
          "timeZone" : 3,
          "date" : "2019-08-11T15:45+0000",
          "sign" : "capricorn"
        },
        {
          "signDate" : "2019-08-11T04:48+0000",
          "sign" : "capricorn",
          "age" : 12,
          "timeZone" : 3,
          "moonPhase" : "phase2",
          "date" : "2019-08-12T16:36+0000",
          "moonPhaseDate" : "2019-08-07T17:31+0000"
        },
        {
          "sign" : "aquarius",
          "timeZone" : 3,
          "moonPhase" : "phase2",
          "moonPhaseDate" : "2019-08-07T17:31+0000",
          "age" : 13,
          "date" : "2019-08-13T17:17+0000",
          "signDate" : "2019-08-13T15:36+0000"
        },
        {
          "sign" : "aquarius",
          "age" : 14,
          "signDate" : "2019-08-13T15:36+0000",
          "date" : "2019-08-14T17:49+0000",
          "moonPhaseDate" : "2019-08-07T17:31+0000",
          "timeZone" : 3,
          "moonPhase" : "phase2"
        },
        {
          "timeZone" : 3,
          "date" : "2019-08-15T18:14+0000",
          "sign" : "aquarius",
          "moonPhase" : "fullMoon",
          "signDate" : "2019-08-13T15:36+0000",
          "moonPhaseDate" : "2019-08-15T12:29+0000",
          "age" : 15
        },
        {
          "timeZone" : 3,
          "sign" : "pisces",
          "signDate" : "2019-08-16T03:50+0000",
          "moonPhaseDate" : "2019-08-15T12:29+0000",
          "moonPhase" : "phase3",
          "date" : "2019-08-16T18:34+0000",
          "age" : 16
        },
        {
          "date" : "2019-08-17T18:52+0000",
          "signDate" : "2019-08-16T03:50+0000",
          "moonPhaseDate" : "2019-08-15T12:29+0000",
          "timeZone" : 3,
          "age" : 17,
          "moonPhase" : "phase3",
          "sign" : "pisces"
        },
        {
          "age" : 18,
          "date" : "2019-08-18T19:07+0000",
          "timeZone" : 3,
          "sign" : "aries",
          "moonPhase" : "phase3",
          "signDate" : "2019-08-18T16:32+0000",
          "moonPhaseDate" : "2019-08-15T12:29+0000"
        },
        {
          "moonPhaseDate" : "2019-08-15T12:29+0000",
          "date" : "2019-08-19T19:21+0000",
          "age" : 19,
          "moonPhase" : "phase3",
          "sign" : "aries",
          "signDate" : "2019-08-18T16:32+0000",
          "timeZone" : 3
        },
        {
          "date" : "2019-08-20T19:36+0000",
          "sign" : "aries",
          "age" : 20,
          "moonPhase" : "phase3",
          "moonPhaseDate" : "2019-08-15T12:29+0000",
          "timeZone" : 3,
          "signDate" : "2019-08-18T16:32+0000"
        },
        {
          "timeZone" : 3,
          "moonPhaseDate" : "2019-08-15T12:29+0000",
          "moonPhase" : "phase3",
          "signDate" : "2019-08-21T04:36+0000",
          "age" : 21,
          "sign" : "taurus",
          "date" : "2019-08-21T19:52+0000"
        },
        {
          "age" : 22,
          "timeZone" : 3,
          "moonPhaseDate" : "2019-08-15T12:29+0000",
          "moonPhase" : "phase3",
          "sign" : "taurus",
          "date" : "2019-08-22T20:11+0000",
          "signDate" : "2019-08-21T04:36+0000"
        },
        {
          "moonPhaseDate" : "2019-08-23T14:56+0000",
          "sign" : "gemini",
          "age" : 23,
          "moonPhase" : "phase4",
          "timeZone" : 3,
          "signDate" : "2019-08-23T14:34+0000",
          "date" : "2019-08-23T20:34+0000"
        },
        {
          "date" : "2019-08-24T21:05+0000",
          "timeZone" : 3,
          "moonPhase" : "phase4",
          "sign" : "gemini",
          "age" : 24,
          "moonPhaseDate" : "2019-08-23T14:56+0000",
          "signDate" : "2019-08-23T14:34+0000"
        },
        {
          "moonPhase" : "phase4",
          "signDate" : "2019-08-25T21:05+0000",
          "age" : 25,
          "timeZone" : 3,
          "moonPhaseDate" : "2019-08-23T14:56+0000",
          "sign" : "cancer",
          "date" : "2019-08-25T21:46+0000"
        },
        {
          "sign" : "cancer",
          "timeZone" : 3,
          "moonPhaseDate" : "2019-08-23T14:56+0000",
          "moonPhase" : "phase4",
          "date" : "2019-08-26T22:41+0000",
          "age" : 26,
          "signDate" : "2019-08-25T21:05+0000"
        },
        {
          "age" : 27,
          "moonPhaseDate" : "2019-08-23T14:56+0000",
          "sign" : "leo",
          "moonPhase" : "phase4",
          "timeZone" : 3,
          "signDate" : "2019-08-27T23:51+0000",
          "date" : "2019-08-27T23:51+0000"
        },
        {
          "timeZone" : 3,
          "date" : "2019-08-29T01:13+0000",
          "signDate" : "2019-08-27T23:51+0000",
          "age" : 28,
          "moonPhaseDate" : "2019-08-23T14:56+0000",
          "sign" : "leo",
          "moonPhase" : "phase4"
        },
        {
          "signDate" : "2019-08-29T23:57+0000",
          "timeZone" : 3,
          "moonPhase" : "newMoon",
          "moonPhaseDate" : "2019-08-30T10:37+0000",
          "age" : 29,
          "sign" : "virgo",
          "date" : "2019-08-30T02:43+0000"
        },
        {
          "sign" : "virgo",
          "timeZone" : 3,
          "signDate" : "2019-08-29T23:57+0000",
          "moonPhaseDate" : "2019-08-30T10:37+0000",
          "date" : "2019-08-30T10:37+0000",
          "moonPhase" : "newMoon",
          "age" : 1
        },
        {
          "moonPhase" : "phase1",
          "sign" : "virgo",
          "signDate" : "2019-08-29T23:57+0000",
          "date" : "2019-08-31T04:14+0000",
          "timeZone" : 3,
          "moonPhaseDate" : "2019-08-30T10:37+0000",
          "age" : 2
        },
        {
          "sign" : "libra",
          "moonPhaseDate" : null,
          "signDate" : "2019-08-31T23:12+0000",
          "moonPhase" : "phase1",
          "age" : 3,
          "timeZone" : 3,
          "date" : "2019-09-01T05:45+0000"
        },
        {
          "sign" : "libra",
          "signDate" : "2019-08-31T23:12+0000",
          "age" : 4,
          "moonPhaseDate" : null,
          "moonPhase" : "phase1",
          "timeZone" : 3,
          "date" : "2019-09-02T07:13+0000"
        },
        {
          "sign" : "scorpio",
          "signDate" : "2019-09-02T23:38+0000",
          "age" : 5,
          "timeZone" : 3,
          "moonPhaseDate" : null,
          "moonPhase" : "phase1",
          "date" : "2019-09-03T08:39+0000"
        },
        {
          "timeZone" : 3,
          "moonPhase" : "phase1",
          "age" : 6,
          "moonPhaseDate" : null,
          "date" : "2019-09-04T10:03+0000",
          "signDate" : "2019-09-02T23:38+0000",
          "sign" : "scorpio"
        },
        {
          "moonPhase" : "phase1",
          "age" : 7,
          "moonPhaseDate" : null,
          "signDate" : "2019-09-05T03:06+0000",
          "date" : "2019-09-05T11:22+0000",
          "timeZone" : 3,
          "sign" : "sagittarius"
        },
        {
          "sign" : "sagittarius",
          "signDate" : "2019-09-05T03:06+0000",
          "age" : 8,
          "timeZone" : 3,
          "date" : "2019-09-06T12:36+0000",
          "moonPhaseDate" : "2019-09-06T03:10+0000",
          "moonPhase" : "phase2"
        },
        {
          "sign" : "capricorn",
          "date" : "2019-09-07T13:41+0000",
          "moonPhaseDate" : "2019-09-06T03:10+0000",
          "timeZone" : 3,
          "moonPhase" : "phase2",
          "signDate" : "2019-09-07T10:35+0000",
          "age" : 9
        },
        {
          "moonPhase" : "phase2",
          "moonPhaseDate" : "2019-09-06T03:10+0000",
          "signDate" : "2019-09-07T10:35+0000",
          "age" : 10,
          "sign" : "capricorn",
          "timeZone" : 3,
          "date" : "2019-09-08T14:35+0000"
        },
        {
          "timeZone" : 3,
          "date" : "2019-09-09T15:19+0000",
          "sign" : "capricorn",
          "signDate" : "2019-09-07T10:35+0000",
          "moonPhaseDate" : "2019-09-06T03:10+0000",
          "moonPhase" : "phase2",
          "age" : 11
        },
        {
          "moonPhaseDate" : "2019-09-06T03:10+0000",
          "timeZone" : 3,
          "moonPhase" : "phase2",
          "signDate" : "2019-09-09T21:25+0000",
          "sign" : "aquarius",
          "age" : 12,
          "date" : "2019-09-10T15:53+0000"
        },
        {
          "moonPhaseDate" : "2019-09-06T03:10+0000",
          "signDate" : "2019-09-09T21:25+0000",
          "age" : 13,
          "moonPhase" : "phase2",
          "date" : "2019-09-11T16:20+0000",
          "timeZone" : 3,
          "sign" : "aquarius"
        },
        {
          "age" : 14,
          "moonPhase" : "phase2",
          "date" : "2019-09-12T16:41+0000",
          "sign" : "pisces",
          "moonPhaseDate" : "2019-09-06T03:10+0000",
          "timeZone" : 3,
          "signDate" : "2019-09-12T09:53+0000"
        },
        {
          "date" : "2019-09-13T16:58+0000",
          "moonPhase" : "phase2",
          "timeZone" : 3,
          "moonPhaseDate" : "2019-09-06T03:10+0000",
          "age" : 15,
          "signDate" : "2019-09-12T09:53+0000",
          "sign" : "pisces"
        },
        {
          "moonPhase" : "fullMoon",
          "timeZone" : 3,
          "moonPhaseDate" : "2019-09-14T04:33+0000",
          "age" : 16,
          "date" : "2019-09-14T17:14+0000",
          "signDate" : "2019-09-12T09:53+0000",
          "sign" : "pisces"
        },
        {
          "timeZone" : 3,
          "signDate" : "2019-09-14T22:32+0000",
          "moonPhaseDate" : "2019-09-14T04:33+0000",
          "date" : "2019-09-15T17:29+0000",
          "sign" : "aries",
          "age" : 17,
          "moonPhase" : "phase3"
        },
        {
          "moonPhaseDate" : "2019-09-14T04:33+0000",
          "sign" : "aries",
          "timeZone" : 3,
          "moonPhase" : "phase3",
          "date" : "2019-09-16T17:43+0000",
          "signDate" : "2019-09-14T22:32+0000",
          "age" : 18
        },
        {
          "timeZone" : 3,
          "signDate" : "2019-09-17T10:30+0000",
          "moonPhaseDate" : "2019-09-14T04:33+0000",
          "moonPhase" : "phase3",
          "date" : "2019-09-17T17:58+0000",
          "sign" : "taurus",
          "age" : 19
        },
        {
          "moonPhase" : "phase3",
          "moonPhaseDate" : "2019-09-14T04:33+0000",
          "age" : 20,
          "sign" : "taurus",
          "timeZone" : 3,
          "date" : "2019-09-18T18:16+0000",
          "signDate" : "2019-09-17T10:30+0000"
        },
        {
          "moonPhaseDate" : "2019-09-14T04:33+0000",
          "moonPhase" : "phase3",
          "date" : "2019-09-19T18:37+0000",
          "age" : 21,
          "timeZone" : 3,
          "signDate" : "2019-09-19T20:58+0000",
          "sign" : "gemini"
        },
        {
          "signDate" : "2019-09-19T20:58+0000",
          "date" : "2019-09-20T19:03+0000",
          "sign" : "gemini",
          "moonPhaseDate" : "2019-09-14T04:33+0000",
          "age" : 22,
          "timeZone" : 3,
          "moonPhase" : "phase3"
        },
        {
          "timeZone" : 3,
          "date" : "2019-09-21T19:39+0000",
          "age" : 23,
          "signDate" : "2019-09-19T20:58+0000",
          "sign" : "gemini",
          "moonPhase" : "phase3",
          "moonPhaseDate" : "2019-09-14T04:33+0000"
        },
        {
          "timeZone" : 3,
          "moonPhase" : "phase4",
          "signDate" : "2019-09-22T04:52+0000",
          "moonPhaseDate" : "2019-09-22T02:41+0000",
          "sign" : "cancer",
          "age" : 24,
          "date" : "2019-09-22T20:26+0000"
        },
        {
          "moonPhase" : "phase4",
          "signDate" : "2019-09-24T09:19+0000",
          "age" : 25,
          "moonPhaseDate" : "2019-09-22T02:41+0000",
          "sign" : "leo",
          "date" : "2019-09-23T21:28+0000",
          "timeZone" : 3
        },
        {
          "moonPhaseDate" : "2019-09-22T02:41+0000",
          "date" : "2019-09-24T22:43+0000",
          "timeZone" : 3,
          "sign" : "leo",
          "moonPhase" : "phase4",
          "signDate" : "2019-09-24T09:19+0000",
          "age" : 26
        },
        {
          "date" : "2019-09-26T00:08+0000",
          "age" : 27,
          "moonPhase" : "phase4",
          "timeZone" : 3,
          "sign" : "virgo",
          "moonPhaseDate" : "2019-09-22T02:41+0000",
          "signDate" : "2019-09-26T10:35+0000"
        },
        {
          "signDate" : "2019-09-26T10:35+0000",
          "sign" : "virgo",
          "date" : "2019-09-27T01:38+0000",
          "moonPhase" : "phase4",
          "timeZone" : 3,
          "moonPhaseDate" : "2019-09-22T02:41+0000",
          "age" : 28
        },
        {
          "sign" : "libra",
          "date" : "2019-09-28T03:09+0000",
          "signDate" : "2019-09-28T10:04+0000",
          "moonPhaseDate" : "2019-09-28T18:26+0000",
          "moonPhase" : "newMoon",
          "timeZone" : 3,
          "age" : 29
        },
        {
          "date" : "2019-09-28T18:26+0000",
          "age" : 1,
          "signDate" : "2019-09-28T10:04+0000",
          "timeZone" : 3,
          "moonPhase" : "newMoon",
          "moonPhaseDate" : "2019-09-28T18:26+0000",
          "sign" : "libra"
        },
        {
          "age" : 2,
          "signDate" : "2019-09-28T10:04+0000",
          "timeZone" : 3,
          "sign" : "libra",
          "moonPhase" : "phase1",
          "moonPhaseDate" : "2019-09-28T18:26+0000",
          "date" : "2019-09-29T04:40+0000"
        },
        {
          "timeZone" : 3,
          "moonPhase" : "phase1",
          "age" : 3,
          "signDate" : "2019-09-30T09:45+0000",
          "date" : "2019-09-30T06:09+0000",
          "moonPhaseDate" : "2019-09-28T18:26+0000",
          "sign" : "scorpio"
        },
        {
          "signDate" : "2019-09-30T09:45+0000",
          "age" : 4,
          "moonPhase" : "phase1",
          "sign" : "scorpio",
          "date" : "2019-10-01T07:37+0000",
          "timeZone" : 3,
          "moonPhaseDate" : null
        },
        {
          "age" : 5,
          "sign" : "sagittarius",
          "moonPhaseDate" : null,
          "signDate" : "2019-10-02T11:45+0000",
          "date" : "2019-10-02T09:01+0000",
          "moonPhase" : "phase1",
          "timeZone" : 3
        },
        {
          "timeZone" : 3,
          "date" : "2019-10-03T10:21+0000",
          "moonPhaseDate" : null,
          "signDate" : "2019-10-02T11:45+0000",
          "moonPhase" : "phase1",
          "sign" : "sagittarius",
          "age" : 6
        },
        {
          "sign" : "capricorn",
          "moonPhaseDate" : null,
          "signDate" : "2019-10-04T17:41+0000",
          "timeZone" : 3,
          "date" : "2019-10-04T11:32+0000",
          "age" : 7,
          "moonPhase" : "phase1"
        },
        {
          "moonPhase" : "phase2",
          "date" : "2019-10-05T12:32+0000",
          "sign" : "capricorn",
          "age" : 8,
          "moonPhaseDate" : "2019-10-05T16:47+0000",
          "signDate" : "2019-10-04T17:41+0000",
          "timeZone" : 3
        },
        {
          "date" : "2019-10-06T13:20+0000",
          "age" : 9,
          "sign" : "capricorn",
          "timeZone" : 3,
          "moonPhaseDate" : "2019-10-05T16:47+0000",
          "signDate" : "2019-10-04T17:41+0000",
          "moonPhase" : "phase2"
        },
        {
          "timeZone" : 3,
          "sign" : "aquarius",
          "signDate" : "2019-10-07T03:43+0000",
          "age" : 10,
          "moonPhaseDate" : "2019-10-05T16:47+0000",
          "date" : "2019-10-07T13:57+0000",
          "moonPhase" : "phase2"
        },
        {
          "moonPhaseDate" : "2019-10-05T16:47+0000",
          "moonPhase" : "phase2",
          "age" : 11,
          "signDate" : "2019-10-07T03:43+0000",
          "date" : "2019-10-08T14:25+0000",
          "timeZone" : 3,
          "sign" : "aquarius"
        },
        {
          "moonPhase" : "phase2",
          "age" : 12,
          "timeZone" : 3,
          "date" : "2019-10-09T14:48+0000",
          "signDate" : "2019-10-09T16:08+0000",
          "moonPhaseDate" : "2019-10-05T16:47+0000",
          "sign" : "pisces"
        },
        {
          "moonPhaseDate" : "2019-10-05T16:47+0000",
          "signDate" : "2019-10-09T16:08+0000",
          "moonPhase" : "phase2",
          "timeZone" : 3,
          "age" : 13,
          "sign" : "pisces",
          "date" : "2019-10-10T15:06+0000"
        },
        {
          "moonPhase" : "phase2",
          "moonPhaseDate" : "2019-10-05T16:47+0000",
          "age" : 14,
          "timeZone" : 3,
          "sign" : "pisces",
          "date" : "2019-10-11T15:22+0000",
          "signDate" : "2019-10-09T16:08+0000"
        },
        {
          "age" : 15,
          "timeZone" : 3,
          "sign" : "aries",
          "signDate" : "2019-10-12T04:46+0000",
          "moonPhase" : "phase2",
          "moonPhaseDate" : "2019-10-05T16:47+0000",
          "date" : "2019-10-12T15:36+0000"
        },
        {
          "age" : 16,
          "moonPhaseDate" : "2019-10-05T16:47+0000",
          "date" : "2019-10-13T15:50+0000",
          "timeZone" : 3,
          "moonPhase" : "phase2",
          "signDate" : "2019-10-12T04:46+0000",
          "sign" : "aries"
        },
        {
          "signDate" : "2019-10-14T16:23+0000",
          "moonPhase" : "fullMoon",
          "sign" : "taurus",
          "timeZone" : 3,
          "date" : "2019-10-14T16:05+0000",
          "age" : 17,
          "moonPhaseDate" : "2019-10-13T21:08+0000"
        },
        {
          "moonPhaseDate" : "2019-10-13T21:08+0000",
          "moonPhase" : "phase3",
          "age" : 18,
          "sign" : "taurus",
          "signDate" : "2019-10-14T16:23+0000",
          "date" : "2019-10-15T16:21+0000",
          "timeZone" : 3
        },
        {
          "date" : "2019-10-16T16:41+0000",
          "moonPhaseDate" : "2019-10-13T21:08+0000",
          "moonPhase" : "phase3",
          "age" : 19,
          "signDate" : "2019-10-14T16:23+0000",
          "timeZone" : 3,
          "sign" : "taurus"
        },
        {
          "moonPhase" : "phase3",
          "timeZone" : 3,
          "moonPhaseDate" : "2019-10-13T21:08+0000",
          "signDate" : "2019-10-17T02:29+0000",
          "age" : 20,
          "sign" : "gemini",
          "date" : "2019-10-17T17:05+0000"
        },
        {
          "signDate" : "2019-10-17T02:29+0000",
          "moonPhaseDate" : "2019-10-13T21:08+0000",
          "timeZone" : 3,
          "date" : "2019-10-18T17:37+0000",
          "age" : 21,
          "moonPhase" : "phase3",
          "sign" : "gemini"
        },
        {
          "moonPhase" : "phase3",
          "signDate" : "2019-10-19T10:42+0000",
          "date" : "2019-10-19T18:20+0000",
          "age" : 22,
          "moonPhaseDate" : "2019-10-13T21:08+0000",
          "timeZone" : 3,
          "sign" : "cancer"
        },
        {
          "signDate" : "2019-10-19T10:42+0000",
          "age" : 23,
          "sign" : "cancer",
          "moonPhaseDate" : "2019-10-13T21:08+0000",
          "timeZone" : 3,
          "date" : "2019-10-20T19:15+0000",
          "moonPhase" : "phase3"
        },
        {
          "signDate" : "2019-10-21T16:30+0000",
          "timeZone" : 3,
          "sign" : "leo",
          "age" : 24,
          "moonPhase" : "phase4",
          "date" : "2019-10-21T20:24+0000",
          "moonPhaseDate" : "2019-10-21T12:39+0000"
        },
        {
          "signDate" : "2019-10-23T19:30+0000",
          "timeZone" : 3,
          "sign" : "virgo",
          "moonPhase" : "phase4",
          "age" : 25,
          "date" : "2019-10-22T21:43+0000",
          "moonPhaseDate" : "2019-10-21T12:39+0000"
        },
        {
          "age" : 26,
          "date" : "2019-10-23T23:08+0000",
          "sign" : "virgo",
          "timeZone" : 3,
          "signDate" : "2019-10-23T19:30+0000",
          "moonPhase" : "phase4",
          "moonPhaseDate" : "2019-10-21T12:39+0000"
        },
        {
          "date" : "2019-10-25T00:36+0000",
          "moonPhase" : "phase4",
          "timeZone" : 3,
          "sign" : "libra",
          "signDate" : "2019-10-25T20:20+0000",
          "moonPhaseDate" : "2019-10-21T12:39+0000",
          "age" : 27
        },
        {
          "signDate" : "2019-10-25T20:20+0000",
          "date" : "2019-10-26T02:05+0000",
          "age" : 28,
          "timeZone" : 3,
          "moonPhase" : "phase4",
          "moonPhaseDate" : "2019-10-21T12:39+0000",
          "sign" : "libra"
        },
        {
          "age" : 29,
          "sign" : "scorpio",
          "timeZone" : 3,
          "moonPhase" : "phase4",
          "date" : "2019-10-27T02:34+0000",
          "signDate" : "2019-10-27T19:31+0000",
          "moonPhaseDate" : "2019-10-21T12:39+0000"
        },
        {
          "signDate" : "2019-10-27T19:31+0000",
          "timeZone" : 3,
          "moonPhase" : "newMoon",
          "date" : "2019-10-28T02:38+0000",
          "moonPhaseDate" : "2019-10-28T02:38+0000",
          "sign" : "scorpio",
          "age" : 1
        },
        {
          "age" : 2,
          "moonPhaseDate" : "2019-10-28T02:38+0000",
          "date" : "2019-10-28T04:03+0000",
          "signDate" : "2019-10-27T19:31+0000",
          "timeZone" : 3,
          "moonPhase" : "newMoon",
          "sign" : "scorpio"
        },
        {
          "sign" : "sagittarius",
          "timeZone" : 3,
          "moonPhaseDate" : "2019-10-28T02:38+0000",
          "age" : 3,
          "date" : "2019-10-29T05:31+0000",
          "signDate" : "2019-10-28T21:00+0000",
          "moonPhase" : "phase1"
        },
        {
          "age" : 4,
          "date" : "2019-10-30T06:56+0000",
          "moonPhase" : "phase1",
          "timeZone" : 3,
          "moonPhaseDate" : "2019-10-28T02:38+0000",
          "signDate" : "2019-10-28T21:00+0000",
          "sign" : "sagittarius"
        },
        {
          "sign" : "sagittarius",
          "moonPhase" : "phase1",
          "age" : 5,
          "moonPhaseDate" : "2019-10-28T02:38+0000",
          "signDate" : "2019-10-28T21:00+0000",
          "timeZone" : 3,
          "date" : "2019-10-31T08:14+0000"
        },
        {
          "moonPhase" : "phase1",
          "signDate" : "2019-11-01T01:38+0000",
          "date" : "2019-11-01T09:21+0000",
          "timeZone" : 3,
          "moonPhaseDate" : null,
          "age" : 6,
          "sign" : "capricorn"
        },
        {
          "age" : 7,
          "moonPhaseDate" : null,
          "date" : "2019-11-02T10:16+0000",
          "timeZone" : 3,
          "sign" : "capricorn",
          "signDate" : "2019-11-01T01:38+0000",
          "moonPhase" : "phase1"
        },
        {
          "moonPhase" : "phase1",
          "age" : 8,
          "signDate" : "2019-11-03T10:21+0000",
          "sign" : "aquarius",
          "moonPhaseDate" : null,
          "date" : "2019-11-03T10:58+0000",
          "timeZone" : 3
        },
        {
          "age" : 9,
          "sign" : "aquarius",
          "signDate" : "2019-11-03T10:21+0000",
          "date" : "2019-11-04T11:30+0000",
          "timeZone" : 3,
          "moonPhase" : "phase2",
          "moonPhaseDate" : "2019-11-04T09:23+0000"
        },
        {
          "age" : 10,
          "timeZone" : 3,
          "signDate" : "2019-11-03T10:21+0000",
          "moonPhaseDate" : "2019-11-04T09:23+0000",
          "sign" : "aquarius",
          "date" : "2019-11-05T11:54+0000",
          "moonPhase" : "phase2"
        },
        {
          "age" : 11,
          "date" : "2019-11-06T12:14+0000",
          "moonPhaseDate" : "2019-11-04T09:23+0000",
          "timeZone" : 3,
          "moonPhase" : "phase2",
          "signDate" : "2019-11-05T22:11+0000",
          "sign" : "pisces"
        },
        {
          "timeZone" : 3,
          "signDate" : "2019-11-05T22:11+0000",
          "date" : "2019-11-07T12:30+0000",
          "moonPhaseDate" : "2019-11-04T09:23+0000",
          "age" : 12,
          "sign" : "pisces",
          "moonPhase" : "phase2"
        },
        {
          "moonPhaseDate" : "2019-11-04T09:23+0000",
          "timeZone" : 3,
          "sign" : "aries",
          "date" : "2019-11-08T12:44+0000",
          "moonPhase" : "phase2",
          "signDate" : "2019-11-08T10:50+0000",
          "age" : 13
        },
        {
          "timeZone" : 3,
          "moonPhaseDate" : "2019-11-04T09:23+0000",
          "moonPhase" : "phase2",
          "age" : 14,
          "date" : "2019-11-09T12:58+0000",
          "signDate" : "2019-11-08T10:50+0000",
          "sign" : "aries"
        },
        {
          "moonPhaseDate" : "2019-11-04T09:23+0000",
          "date" : "2019-11-10T13:12+0000",
          "timeZone" : 3,
          "moonPhase" : "phase2",
          "signDate" : "2019-11-08T10:50+0000",
          "age" : 15,
          "sign" : "aries"
        },
        {
          "moonPhase" : "phase2",
          "date" : "2019-11-11T13:28+0000",
          "moonPhaseDate" : "2019-11-04T09:23+0000",
          "signDate" : "2019-11-10T22:19+0000",
          "timeZone" : 3,
          "age" : 16,
          "sign" : "taurus"
        },
        {
          "signDate" : "2019-11-10T22:19+0000",
          "sign" : "taurus",
          "age" : 17,
          "moonPhaseDate" : "2019-11-12T12:35+0000",
          "moonPhase" : "fullMoon",
          "date" : "2019-11-12T13:46+0000",
          "timeZone" : 3
        },
        {
          "moonPhaseDate" : "2019-11-12T12:35+0000",
          "age" : 18,
          "moonPhase" : "phase3",
          "date" : "2019-11-13T14:08+0000",
          "timeZone" : 3,
          "signDate" : "2019-11-13T07:45+0000",
          "sign" : "gemini"
        },
        {
          "moonPhase" : "phase3",
          "timeZone" : 3,
          "signDate" : "2019-11-13T07:45+0000",
          "date" : "2019-11-14T14:38+0000",
          "sign" : "gemini",
          "moonPhaseDate" : "2019-11-12T12:35+0000",
          "age" : 19
        },
        {
          "moonPhaseDate" : "2019-11-12T12:35+0000",
          "age" : 20,
          "signDate" : "2019-11-15T15:12+0000",
          "date" : "2019-11-15T15:16+0000",
          "sign" : "cancer",
          "timeZone" : 3,
          "moonPhase" : "phase3"
        },
        {
          "age" : 21,
          "sign" : "cancer",
          "moonPhase" : "phase3",
          "timeZone" : 3,
          "moonPhaseDate" : "2019-11-12T12:35+0000",
          "signDate" : "2019-11-15T15:12+0000",
          "date" : "2019-11-16T16:08+0000"
        },
        {
          "date" : "2019-11-17T17:13+0000",
          "sign" : "leo",
          "moonPhaseDate" : "2019-11-12T12:35+0000",
          "age" : 22,
          "timeZone" : 3,
          "signDate" : "2019-11-17T20:54+0000",
          "moonPhase" : "phase3"
        },
        {
          "moonPhaseDate" : "2019-11-12T12:35+0000",
          "moonPhase" : "phase3",
          "sign" : "leo",
          "signDate" : "2019-11-17T20:54+0000",
          "age" : 23,
          "date" : "2019-11-18T18:29+0000",
          "timeZone" : 3
        },
        {
          "age" : 24,
          "moonPhase" : "phase4",
          "sign" : "leo",
          "date" : "2019-11-19T19:50+0000",
          "moonPhaseDate" : "2019-11-19T20:11+0000",
          "signDate" : "2019-11-17T20:54+0000",
          "timeZone" : 3
        },
        {
          "moonPhase" : "phase4",
          "date" : "2019-11-20T21:15+0000",
          "signDate" : "2019-11-17T20:54+0000",
          "age" : 25,
          "timeZone" : 3,
          "moonPhaseDate" : "2019-11-19T20:11+0000",
          "sign" : "virgo"
        },
        {
          "moonPhaseDate" : "2019-11-19T20:11+0000",
          "moonPhase" : "phase4",
          "sign" : "libra",
          "date" : "2019-11-21T22:41+0000",
          "signDate" : "2019-11-22T03:22+0000",
          "timeZone" : 3,
          "age" : 26
        },
        {
          "moonPhase" : "phase4",
          "signDate" : "2019-11-22T03:22+0000",
          "moonPhaseDate" : "2019-11-19T20:11+0000",
          "timeZone" : 3,
          "sign" : "libra",
          "age" : 27,
          "date" : "2019-11-23T00:07+0000"
        },
        {
          "age" : 28,
          "sign" : "scorpio",
          "timeZone" : 3,
          "date" : "2019-11-24T01:34+0000",
          "signDate" : "2019-11-24T05:01+0000",
          "moonPhaseDate" : "2019-11-19T20:11+0000",
          "moonPhase" : "phase4"
        },
        {
          "date" : "2019-11-25T03:00+0000",
          "signDate" : "2019-11-24T05:01+0000",
          "age" : 29,
          "timeZone" : 3,
          "moonPhaseDate" : "2019-11-19T20:11+0000",
          "moonPhase" : "phase4",
          "sign" : "scorpio"
        },
        {
          "sign" : "sagittarius",
          "signDate" : "2019-11-26T07:12+0000",
          "date" : "2019-11-26T04:25+0000",
          "moonPhaseDate" : "2019-11-26T14:06+0000",
          "age" : 30,
          "moonPhase" : "newMoon",
          "timeZone" : 3
        },
        {
          "age" : 1,
          "timeZone" : 3,
          "signDate" : "2019-11-26T07:12+0000",
          "moonPhaseDate" : "2019-11-26T14:06+0000",
          "sign" : "sagittarius",
          "date" : "2019-11-26T14:06+0000",
          "moonPhase" : "newMoon"
        },
        {
          "sign" : "sagittarius",
          "signDate" : "2019-11-26T07:12+0000",
          "moonPhaseDate" : "2019-11-26T14:06+0000",
          "age" : 2,
          "date" : "2019-11-27T05:48+0000",
          "moonPhase" : "phase1",
          "timeZone" : 3
        },
        {
          "sign" : "capricorn",
          "age" : 3,
          "moonPhase" : "phase1",
          "moonPhaseDate" : "2019-11-26T14:06+0000",
          "signDate" : "2019-11-28T11:32+0000",
          "date" : "2019-11-28T07:03+0000",
          "timeZone" : 3
        },
        {
          "age" : 4,
          "moonPhaseDate" : "2019-11-26T14:06+0000",
          "timeZone" : 3,
          "date" : "2019-11-29T08:05+0000",
          "moonPhase" : "phase1",
          "signDate" : "2019-11-28T11:32+0000",
          "sign" : "capricorn"
        },
        {
          "date" : "2019-11-30T08:54+0000",
          "moonPhaseDate" : "2019-11-26T14:06+0000",
          "age" : 5,
          "timeZone" : 3,
          "sign" : "aquarius",
          "signDate" : "2019-11-30T19:15+0000",
          "moonPhase" : "phase1"
        },
        {
          "timeZone" : 3,
          "moonPhaseDate" : null,
          "moonPhase" : "phase1",
          "date" : "2019-12-01T09:31+0000",
          "age" : 6,
          "signDate" : "2019-11-30T19:15+0000",
          "sign" : "aquarius"
        },
        {
          "signDate" : "2019-11-30T19:15+0000",
          "moonPhaseDate" : null,
          "moonPhase" : "phase1",
          "age" : 7,
          "timeZone" : 3,
          "date" : "2019-12-02T09:59+0000",
          "sign" : "aquarius"
        },
        {
          "date" : "2019-12-03T10:19+0000",
          "sign" : "pisces",
          "moonPhase" : "phase1",
          "signDate" : "2019-12-03T06:14+0000",
          "timeZone" : 3,
          "age" : 8,
          "moonPhaseDate" : null
        },
        {
          "date" : "2019-12-04T10:37+0000",
          "signDate" : "2019-12-03T06:14+0000",
          "age" : 9,
          "moonPhase" : "phase2",
          "timeZone" : 3,
          "sign" : "pisces",
          "moonPhaseDate" : "2019-12-04T05:58+0000"
        },
        {
          "moonPhase" : "phase2",
          "moonPhaseDate" : "2019-12-04T05:58+0000",
          "date" : "2019-12-05T10:52+0000",
          "signDate" : "2019-12-05T18:46+0000",
          "age" : 10,
          "timeZone" : 3,
          "sign" : "aries"
        },
        {
          "date" : "2019-12-06T11:06+0000",
          "moonPhaseDate" : "2019-12-04T05:58+0000",
          "signDate" : "2019-12-05T18:46+0000",
          "moonPhase" : "phase2",
          "timeZone" : 3,
          "age" : 11,
          "sign" : "aries"
        },
        {
          "moonPhase" : "phase2",
          "timeZone" : 3,
          "date" : "2019-12-07T11:19+0000",
          "moonPhaseDate" : "2019-12-04T05:58+0000",
          "signDate" : "2019-12-05T18:46+0000",
          "age" : 12,
          "sign" : "aries"
        },
        {
          "sign" : "taurus",
          "age" : 13,
          "moonPhase" : "phase2",
          "signDate" : "2019-12-08T06:31+0000",
          "date" : "2019-12-08T11:34+0000",
          "moonPhaseDate" : "2019-12-04T05:58+0000",
          "timeZone" : 3
        },
        {
          "age" : 14,
          "date" : "2019-12-09T11:50+0000",
          "timeZone" : 3,
          "moonPhaseDate" : "2019-12-04T05:58+0000",
          "signDate" : "2019-12-08T06:31+0000",
          "sign" : "taurus",
          "moonPhase" : "phase2"
        },
        {
          "sign" : "gemini",
          "signDate" : "2019-12-10T15:49+0000",
          "moonPhase" : "phase2",
          "age" : 15,
          "moonPhaseDate" : "2019-12-04T05:58+0000",
          "timeZone" : 3,
          "date" : "2019-12-10T12:11+0000"
        },
        {
          "signDate" : "2019-12-10T15:49+0000",
          "moonPhase" : "phase2",
          "moonPhaseDate" : "2019-12-04T05:58+0000",
          "sign" : "gemini",
          "timeZone" : 3,
          "age" : 16,
          "date" : "2019-12-11T12:37+0000"
        },
        {
          "age" : 17,
          "date" : "2019-12-12T13:12+0000",
          "moonPhaseDate" : "2019-12-12T04:12+0000",
          "signDate" : "2019-12-10T15:49+0000",
          "sign" : "gemini",
          "timeZone" : 3,
          "moonPhase" : "fullMoon"
        },
        {
          "date" : "2019-12-13T14:00+0000",
          "age" : 18,
          "moonPhase" : "phase3",
          "signDate" : "2019-12-12T22:24+0000",
          "sign" : "cancer",
          "moonPhaseDate" : "2019-12-12T04:12+0000",
          "timeZone" : 3
        },
        {
          "moonPhase" : "phase3",
          "moonPhaseDate" : "2019-12-12T04:12+0000",
          "sign" : "cancer",
          "date" : "2019-12-14T15:02+0000",
          "age" : 19,
          "timeZone" : 3,
          "signDate" : "2019-12-12T22:24+0000"
        },
        {
          "date" : "2019-12-15T16:16+0000",
          "sign" : "leo",
          "timeZone" : 3,
          "moonPhase" : "phase3",
          "moonPhaseDate" : "2019-12-12T04:12+0000",
          "signDate" : "2019-12-15T02:53+0000",
          "age" : 20
        },
        {
          "moonPhaseDate" : "2019-12-12T04:12+0000",
          "sign" : "leo",
          "timeZone" : 3,
          "signDate" : "2019-12-15T02:53+0000",
          "moonPhase" : "phase3",
          "age" : 21,
          "date" : "2019-12-16T17:37+0000"
        },
        {
          "age" : 22,
          "moonPhase" : "phase3",
          "sign" : "virgo",
          "signDate" : "2019-12-17T06:13+0000",
          "date" : "2019-12-17T19:02+0000",
          "timeZone" : 3,
          "moonPhaseDate" : "2019-12-12T04:12+0000"
        },
        {
          "timeZone" : 3,
          "moonPhaseDate" : "2019-12-12T04:12+0000",
          "signDate" : "2019-12-17T06:13+0000",
          "age" : 23,
          "moonPhase" : "phase3",
          "date" : "2019-12-18T20:27+0000",
          "sign" : "virgo"
        },
        {
          "moonPhase" : "phase4",
          "age" : 24,
          "signDate" : "2019-12-17T06:13+0000",
          "date" : "2019-12-19T21:51+0000",
          "moonPhaseDate" : "2019-12-19T03:57+0000",
          "timeZone" : 3,
          "sign" : "libra"
        },
        {
          "date" : "2019-12-20T23:15+0000",
          "signDate" : "2019-12-21T12:01+0000",
          "timeZone" : 3,
          "moonPhase" : "phase4",
          "moonPhaseDate" : "2019-12-19T03:57+0000",
          "sign" : "scorpio",
          "age" : 25
        },
        {
          "moonPhase" : "phase4",
          "timeZone" : 3,
          "date" : "2019-12-22T00:39+0000",
          "age" : 26,
          "sign" : "scorpio",
          "moonPhaseDate" : "2019-12-19T03:57+0000",
          "signDate" : "2019-12-21T12:01+0000"
        },
        {
          "moonPhase" : "phase4",
          "signDate" : "2019-12-23T15:37+0000",
          "age" : 27,
          "date" : "2019-12-23T02:02+0000",
          "timeZone" : 3,
          "moonPhaseDate" : "2019-12-19T03:57+0000",
          "sign" : "sagittarius"
        },
        {
          "moonPhaseDate" : "2019-12-19T03:57+0000",
          "moonPhase" : "phase4",
          "signDate" : "2019-12-23T15:37+0000",
          "date" : "2019-12-24T03:25+0000",
          "age" : 28,
          "timeZone" : 3,
          "sign" : "sagittarius"
        },
        {
          "moonPhaseDate" : "2019-12-19T03:57+0000",
          "date" : "2019-12-25T04:42+0000",
          "age" : 29,
          "timeZone" : 3,
          "signDate" : "2019-12-25T20:46+0000",
          "sign" : "capricorn",
          "moonPhase" : "phase4"
        },
        {
          "timeZone" : 3,
          "signDate" : "2019-12-25T20:46+0000",
          "sign" : "capricorn",
          "date" : "2019-12-26T04:13+0000",
          "age" : 1,
          "moonPhase" : "newMoon",
          "moonPhaseDate" : "2019-12-26T04:13+0000"
        },
        {
          "date" : "2019-12-26T05:50+0000",
          "moonPhaseDate" : "2019-12-26T04:13+0000",
          "moonPhase" : "newMoon",
          "age" : 2,
          "signDate" : "2019-12-25T20:46+0000",
          "timeZone" : 3,
          "sign" : "capricorn"
        },
        {
          "date" : "2019-12-27T06:46+0000",
          "timeZone" : 3,
          "age" : 3,
          "moonPhaseDate" : "2019-12-26T04:13+0000",
          "signDate" : "2019-12-25T20:46+0000",
          "moonPhase" : "phase1",
          "sign" : "capricorn"
        },
        {
          "age" : 4,
          "date" : "2019-12-28T07:28+0000",
          "timeZone" : 3,
          "moonPhaseDate" : "2019-12-26T04:13+0000",
          "moonPhase" : "phase1",
          "signDate" : "2019-12-28T04:21+0000",
          "sign" : "aquarius"
        },
        {
          "moonPhase" : "phase1",
          "sign" : "aquarius",
          "moonPhaseDate" : "2019-12-26T04:13+0000",
          "date" : "2019-12-29T08:00+0000",
          "age" : 5,
          "timeZone" : 3,
          "signDate" : "2019-12-28T04:21+0000"
        },
        {
          "date" : "2019-12-30T08:24+0000",
          "sign" : "pisces",
          "timeZone" : 3,
          "moonPhaseDate" : "2019-12-26T04:13+0000",
          "moonPhase" : "phase1",
          "age" : 6,
          "signDate" : "2019-12-30T14:43+0000"
        },
        {
          "moonPhaseDate" : "2019-12-26T04:13+0000",
          "sign" : "pisces",
          "timeZone" : 3,
          "date" : "2019-12-31T08:43+0000",
          "age" : 7,
          "signDate" : "2019-12-30T14:43+0000",
          "moonPhase" : "phase1"
        },
        {
          "date" : "2020-01-01T08:59+0000",
          "sign" : "pisces",
          "signDate" : "2019-12-30T14:43+0000",
          "moonPhase" : "phase1",
          "timeZone" : 3,
          "moonPhaseDate" : null,
          "age" : 8
        },
        {
          "sign" : "aries",
          "age" : 9,
          "moonPhase" : "phase1",
          "timeZone" : 3,
          "moonPhaseDate" : null,
          "signDate" : "2020-01-02T03:01+0000",
          "date" : "2020-01-02T09:13+0000"
        },
        {
          "moonPhase" : "phase2",
          "timeZone" : 3,
          "age" : 10,
          "sign" : "aries",
          "moonPhaseDate" : "2020-01-03T03:45+0000",
          "signDate" : "2020-01-02T03:01+0000",
          "date" : "2020-01-03T09:26+0000"
        },
        {
          "date" : "2020-01-04T09:40+0000",
          "moonPhase" : "phase2",
          "timeZone" : 3,
          "moonPhaseDate" : "2020-01-03T03:45+0000",
          "sign" : "taurus",
          "age" : 11,
          "signDate" : "2020-01-04T15:15+0000"
        },
        {
          "age" : 12,
          "date" : "2020-01-05T09:55+0000",
          "sign" : "taurus",
          "timeZone" : 3,
          "signDate" : "2020-01-04T15:15+0000",
          "moonPhaseDate" : "2020-01-03T03:45+0000",
          "moonPhase" : "phase2"
        },
        {
          "date" : "2020-01-06T10:13+0000",
          "age" : 13,
          "moonPhase" : "phase2",
          "sign" : "taurus",
          "timeZone" : 3,
          "moonPhaseDate" : "2020-01-03T03:45+0000",
          "signDate" : "2020-01-04T15:15+0000"
        },
        {
          "signDate" : "2020-01-07T01:13+0000",
          "moonPhaseDate" : "2020-01-03T03:45+0000",
          "timeZone" : 3,
          "date" : "2020-01-07T10:36+0000",
          "age" : 14,
          "moonPhase" : "phase2",
          "sign" : "gemini"
        },
        {
          "moonPhase" : "phase2",
          "timeZone" : 3,
          "sign" : "gemini",
          "moonPhaseDate" : "2020-01-03T03:45+0000",
          "date" : "2020-01-08T11:07+0000",
          "signDate" : "2020-01-07T01:13+0000",
          "age" : 15
        },
        {
          "age" : 16,
          "moonPhase" : "phase2",
          "date" : "2020-01-09T11:48+0000",
          "moonPhaseDate" : "2020-01-03T03:45+0000",
          "sign" : "cancer",
          "signDate" : "2020-01-09T07:45+0000",
          "timeZone" : 3
        },
        {
          "moonPhase" : "fullMoon",
          "timeZone" : 3,
          "sign" : "cancer",
          "date" : "2020-01-10T12:45+0000",
          "signDate" : "2020-01-09T07:45+0000",
          "age" : 17,
          "moonPhaseDate" : "2020-01-10T18:21+0000"
        },
        {
          "signDate" : "2020-01-11T11:16+0000",
          "moonPhaseDate" : "2020-01-10T18:21+0000",
          "moonPhase" : "phase3",
          "timeZone" : 3,
          "date" : "2020-01-11T13:56+0000",
          "age" : 18,
          "sign" : "leo"
        },
        {
          "timeZone" : 3,
          "date" : "2020-01-12T15:17+0000",
          "sign" : "leo",
          "signDate" : "2020-01-11T11:16+0000",
          "moonPhase" : "phase3",
          "age" : 19,
          "moonPhaseDate" : "2020-01-10T18:21+0000"
        },
        {
          "moonPhase" : "phase3",
          "signDate" : "2020-01-13T13:05+0000",
          "sign" : "virgo",
          "timeZone" : 3,
          "date" : "2020-01-13T16:44+0000",
          "age" : 20,
          "moonPhaseDate" : "2020-01-10T18:21+0000"
        },
        {
          "date" : "2020-01-14T18:12+0000",
          "moonPhaseDate" : "2020-01-10T18:21+0000",
          "timeZone" : 3,
          "moonPhase" : "phase3",
          "sign" : "virgo",
          "signDate" : "2020-01-13T13:05+0000",
          "age" : 21
        },
        {
          "timeZone" : 3,
          "moonPhaseDate" : "2020-01-10T18:21+0000",
          "moonPhase" : "phase3",
          "date" : "2020-01-15T19:38+0000",
          "sign" : "libra",
          "age" : 22,
          "signDate" : "2020-01-15T14:42+0000"
        },
        {
          "age" : 23,
          "signDate" : "2020-01-17T17:21+0000",
          "moonPhase" : "phase4",
          "moonPhaseDate" : "2020-01-17T11:58+0000",
          "date" : "2020-01-16T21:03+0000",
          "sign" : "scorpio",
          "timeZone" : 3
        },
        {
          "timeZone" : 3,
          "sign" : "scorpio",
          "moonPhase" : "phase4",
          "date" : "2020-01-17T22:27+0000",
          "moonPhaseDate" : "2020-01-17T11:58+0000",
          "signDate" : "2020-01-17T17:21+0000",
          "age" : 24
        },
        {
          "date" : "2020-01-18T23:50+0000",
          "moonPhase" : "phase4",
          "moonPhaseDate" : "2020-01-17T11:58+0000",
          "age" : 25,
          "timeZone" : 3,
          "sign" : "scorpio",
          "signDate" : "2020-01-17T17:21+0000"
        },
        {
          "date" : "2020-01-20T01:11+0000",
          "moonPhaseDate" : "2020-01-17T11:58+0000",
          "moonPhase" : "phase4",
          "signDate" : "2020-01-19T21:43+0000",
          "sign" : "sagittarius",
          "timeZone" : 3,
          "age" : 26
        },
        {
          "timeZone" : 3,
          "sign" : "sagittarius",
          "moonPhase" : "phase4",
          "date" : "2020-01-21T02:28+0000",
          "age" : 27,
          "signDate" : "2020-01-19T21:43+0000",
          "moonPhaseDate" : "2020-01-17T11:58+0000"
        },
        {
          "timeZone" : 3,
          "signDate" : "2020-01-22T04:02+0000",
          "date" : "2020-01-22T03:38+0000",
          "sign" : "capricorn",
          "moonPhase" : "phase4",
          "age" : 28,
          "moonPhaseDate" : "2020-01-17T11:58+0000"
        },
        {
          "sign" : "capricorn",
          "timeZone" : 3,
          "age" : 29,
          "signDate" : "2020-01-22T04:02+0000",
          "date" : "2020-01-23T04:38+0000",
          "moonPhase" : "phase4",
          "moonPhaseDate" : "2020-01-17T11:58+0000"
        },
        {
          "signDate" : "2020-01-24T12:22+0000",
          "sign" : "aquarius",
          "timeZone" : 3,
          "moonPhase" : "newMoon",
          "moonPhaseDate" : "2020-01-24T20:42+0000",
          "age" : 30,
          "date" : "2020-01-24T05:24+0000"
        },
        {
          "sign" : "aquarius",
          "moonPhaseDate" : "2020-01-24T20:42+0000",
          "signDate" : "2020-01-24T12:22+0000",
          "date" : "2020-01-24T20:42+0000",
          "age" : 1,
          "timeZone" : 3,
          "moonPhase" : "newMoon"
        },
        {
          "signDate" : "2020-01-24T12:22+0000",
          "age" : 2,
          "sign" : "aquarius",
          "moonPhaseDate" : "2020-01-24T20:42+0000",
          "moonPhase" : "phase1",
          "timeZone" : 3,
          "date" : "2020-01-25T06:00+0000"
        },
        {
          "timeZone" : 3,
          "age" : 3,
          "moonPhase" : "phase1",
          "signDate" : "2020-01-24T12:22+0000",
          "date" : "2020-01-26T06:27+0000",
          "moonPhaseDate" : "2020-01-24T20:42+0000",
          "sign" : "aquarius"
        },
        {
          "date" : "2020-01-27T06:48+0000",
          "timeZone" : 3,
          "sign" : "pisces",
          "signDate" : "2020-01-26T22:45+0000",
          "moonPhaseDate" : "2020-01-24T20:42+0000",
          "moonPhase" : "phase1",
          "age" : 4
        },
        {
          "timeZone" : 3,
          "date" : "2020-01-28T07:04+0000",
          "moonPhase" : "phase1",
          "signDate" : "2020-01-26T22:45+0000",
          "sign" : "pisces",
          "moonPhaseDate" : "2020-01-24T20:42+0000",
          "age" : 5
        },
        {
          "moonPhaseDate" : "2020-01-24T20:42+0000",
          "moonPhase" : "phase1",
          "date" : "2020-01-29T07:19+0000",
          "sign" : "aries",
          "timeZone" : 3,
          "age" : 6,
          "signDate" : "2020-01-29T10:51+0000"
        },
        {
          "age" : 7,
          "signDate" : "2020-01-29T10:51+0000",
          "moonPhase" : "phase1",
          "timeZone" : 3,
          "sign" : "aries",
          "moonPhaseDate" : "2020-01-24T20:42+0000",
          "date" : "2020-01-30T07:32+0000"
        },
        {
          "signDate" : "2020-01-29T10:51+0000",
          "moonPhaseDate" : "2020-01-24T20:42+0000",
          "moonPhase" : "phase1",
          "sign" : "aries",
          "age" : 8,
          "date" : "2020-01-31T07:46+0000",
          "timeZone" : 3
        },
        {
          "timeZone" : 3,
          "signDate" : "2020-01-29T10:51+0000",
          "moonPhaseDate" : "2020-01-24T20:42+0000",
          "sign" : "aries",
          "date" : "2020-01-31T07:46+0000",
          "age" : 8,
          "moonPhase" : "phase1"
        }
      ]
    }
  ]
}