{
  "countryName" : "Дания",
  "cities" : [
    {
      "timeZone" : 2,
      "moonDays" : [
        {
          "moonPhaseDate" : null,
          "signDate" : "2019-05-01T10:23+0000",
          "sign" : "aries",
          "date" : "2019-05-01T03:02+0000",
          "age" : 26,
          "moonPhase" : null,
          "timeZone" : 2
        },
        {
          "moonPhaseDate" : null,
          "signDate" : "2019-05-01T10:23+0000",
          "sign" : "aries",
          "date" : "2019-05-02T03:16+0000",
          "age" : 27,
          "moonPhase" : null,
          "timeZone" : 2
        },
        {
          "moonPhaseDate" : null,
          "signDate" : "2019-05-03T20:21+0000",
          "sign" : "taurus",
          "date" : "2019-05-03T03:31+0000",
          "age" : 28,
          "moonPhase" : null,
          "timeZone" : 2
        },
        {
          "moonPhaseDate" : null,
          "signDate" : "2019-05-03T20:21+0000",
          "sign" : "taurus",
          "date" : "2019-05-04T03:47+0000",
          "age" : 29,
          "moonPhase" : null,
          "timeZone" : 2
        },
        {
          "moonPhaseDate" : "2019-05-04T22:45+0000",
          "signDate" : "2019-05-03T20:21+0000",
          "sign" : "taurus",
          "date" : "2019-05-04T22:45+0000",
          "age" : 1,
          "moonPhase" : "newMoon",
          "timeZone" : 2
        },
        {
          "moonPhaseDate" : "2019-05-04T22:45+0000",
          "signDate" : "2019-05-03T20:21+0000",
          "sign" : "taurus",
          "date" : "2019-05-05T04:05+0000",
          "age" : 2,
          "moonPhase" : "newMoon",
          "timeZone" : 2
        },
        {
          "moonPhaseDate" : "2019-05-04T22:45+0000",
          "signDate" : "2019-05-06T03:42+0000",
          "sign" : "gemini",
          "date" : "2019-05-06T04:28+0000",
          "age" : 3,
          "moonPhase" : "phase1",
          "timeZone" : 2
        },
        {
          "moonPhaseDate" : "2019-05-04T22:45+0000",
          "signDate" : "2019-05-06T03:42+0000",
          "sign" : "gemini",
          "date" : "2019-05-07T04:57+0000",
          "age" : 4,
          "moonPhase" : "phase1",
          "timeZone" : 2
        },
        {
          "moonPhaseDate" : "2019-05-04T22:45+0000",
          "signDate" : "2019-05-08T09:05+0000",
          "sign" : "cancer",
          "date" : "2019-05-08T05:36+0000",
          "age" : 5,
          "moonPhase" : "phase1",
          "timeZone" : 2
        },
        {
          "moonPhaseDate" : "2019-05-04T22:45+0000",
          "signDate" : "2019-05-08T09:05+0000",
          "sign" : "cancer",
          "date" : "2019-05-09T06:28+0000",
          "age" : 6,
          "moonPhase" : "phase1",
          "timeZone" : 2
        },
        {
          "moonPhaseDate" : "2019-05-04T22:45+0000",
          "signDate" : "2019-05-10T13:12+0000",
          "sign" : "leo",
          "date" : "2019-05-10T07:33+0000",
          "age" : 7,
          "moonPhase" : "phase1",
          "timeZone" : 2
        },
        {
          "moonPhaseDate" : "2019-05-04T22:45+0000",
          "signDate" : "2019-05-10T13:12+0000",
          "sign" : "leo",
          "date" : "2019-05-11T08:49+0000",
          "age" : 8,
          "moonPhase" : "phase1",
          "timeZone" : 2
        },
        {
          "moonPhaseDate" : "2019-05-12T01:12+0000",
          "signDate" : "2019-05-12T16:23+0000",
          "sign" : "virgo",
          "date" : "2019-05-12T10:12+0000",
          "age" : 9,
          "moonPhase" : "phase2",
          "timeZone" : 2
        },
        {
          "moonPhaseDate" : "2019-05-12T01:12+0000",
          "signDate" : "2019-05-12T16:23+0000",
          "sign" : "virgo",
          "date" : "2019-05-13T11:36+0000",
          "age" : 10,
          "moonPhase" : "phase2",
          "timeZone" : 2
        },
        {
          "moonPhaseDate" : "2019-05-12T01:12+0000",
          "signDate" : "2019-05-14T18:53+0000",
          "sign" : "libra",
          "date" : "2019-05-14T13:03+0000",
          "age" : 11,
          "moonPhase" : "phase2",
          "timeZone" : 2
        },
        {
          "moonPhaseDate" : "2019-05-12T01:12+0000",
          "signDate" : "2019-05-14T18:53+0000",
          "sign" : "libra",
          "date" : "2019-05-15T14:28+0000",
          "age" : 12,
          "moonPhase" : "phase2",
          "timeZone" : 2
        },
        {
          "moonPhaseDate" : "2019-05-12T01:12+0000",
          "signDate" : "2019-05-16T21:25+0000",
          "sign" : "scorpio",
          "date" : "2019-05-16T15:52+0000",
          "age" : 13,
          "moonPhase" : "phase2",
          "timeZone" : 2
        },
        {
          "moonPhaseDate" : "2019-05-12T01:12+0000",
          "signDate" : "2019-05-16T21:25+0000",
          "sign" : "scorpio",
          "date" : "2019-05-17T17:17+0000",
          "age" : 14,
          "moonPhase" : "phase2",
          "timeZone" : 2
        },
        {
          "moonPhaseDate" : "2019-05-18T21:11+0000",
          "signDate" : "2019-05-16T21:25+0000",
          "sign" : "scorpio",
          "date" : "2019-05-18T18:39+0000",
          "age" : 15,
          "moonPhase" : "fullMoon",
          "timeZone" : 2
        },
        {
          "moonPhaseDate" : "2019-05-18T21:11+0000",
          "signDate" : "2019-05-19T01:19+0000",
          "sign" : "sagittarius",
          "date" : "2019-05-19T19:58+0000",
          "age" : 16,
          "moonPhase" : "phase3",
          "timeZone" : 2
        },
        {
          "moonPhaseDate" : "2019-05-18T21:11+0000",
          "signDate" : "2019-05-19T01:19+0000",
          "sign" : "sagittarius",
          "date" : "2019-05-20T21:10+0000",
          "age" : 17,
          "moonPhase" : "phase3",
          "timeZone" : 2
        },
        {
          "moonPhaseDate" : "2019-05-18T21:11+0000",
          "signDate" : "2019-05-19T01:19+0000",
          "sign" : "capricorn",
          "date" : "2019-05-21T22:12+0000",
          "age" : 18,
          "moonPhase" : "phase3",
          "timeZone" : 2
        },
        {
          "moonPhaseDate" : "2019-05-18T21:11+0000",
          "signDate" : "2019-05-23T17:51+0000",
          "sign" : "aquarius",
          "date" : "2019-05-22T23:02+0000",
          "age" : 19,
          "moonPhase" : "phase3",
          "timeZone" : 2
        },
        {
          "moonPhaseDate" : "2019-05-18T21:11+0000",
          "signDate" : "2019-05-23T17:51+0000",
          "sign" : "aquarius",
          "date" : "2019-05-23T23:41+0000",
          "age" : 20,
          "moonPhase" : "phase3",
          "timeZone" : 2
        },
        {
          "moonPhaseDate" : "2019-05-18T21:11+0000",
          "signDate" : "2019-05-23T17:51+0000",
          "sign" : "aquarius",
          "date" : "2019-05-25T00:11+0000",
          "age" : 21,
          "moonPhase" : "phase3",
          "timeZone" : 2
        },
        {
          "moonPhaseDate" : "2019-05-26T16:33+0000",
          "signDate" : "2019-05-26T06:07+0000",
          "sign" : "pisces",
          "date" : "2019-05-26T00:34+0000",
          "age" : 22,
          "moonPhase" : "phase4",
          "timeZone" : 2
        },
        {
          "moonPhaseDate" : "2019-05-26T16:33+0000",
          "signDate" : "2019-05-26T06:07+0000",
          "sign" : "pisces",
          "date" : "2019-05-27T00:53+0000",
          "age" : 23,
          "moonPhase" : "phase4",
          "timeZone" : 2
        },
        {
          "moonPhaseDate" : "2019-05-26T16:33+0000",
          "signDate" : "2019-05-28T18:29+0000",
          "sign" : "aries",
          "date" : "2019-05-28T01:09+0000",
          "age" : 24,
          "moonPhase" : "phase4",
          "timeZone" : 2
        },
        {
          "moonPhaseDate" : "2019-05-26T16:33+0000",
          "signDate" : "2019-05-28T18:29+0000",
          "sign" : "aries",
          "date" : "2019-05-29T01:24+0000",
          "age" : 25,
          "moonPhase" : "phase4",
          "timeZone" : 2
        },
        {
          "moonPhaseDate" : "2019-05-26T16:33+0000",
          "signDate" : "2019-05-28T18:29+0000",
          "sign" : "aries",
          "date" : "2019-05-30T01:38+0000",
          "age" : 26,
          "moonPhase" : "phase4",
          "timeZone" : 2
        },
        {
          "moonPhaseDate" : "2019-05-26T16:33+0000",
          "signDate" : "2019-05-31T04:44+0000",
          "sign" : "taurus",
          "date" : "2019-05-31T01:53+0000",
          "age" : 27,
          "moonPhase" : "phase4",
          "timeZone" : 2
        },
        {
          "moonPhaseDate" : null,
          "signDate" : "2019-05-31T04:44+0000",
          "sign" : "taurus",
          "date" : "2019-06-01T02:10+0000",
          "age" : 28,
          "moonPhase" : "phase4",
          "timeZone" : 2
        },
        {
          "moonPhaseDate" : null,
          "signDate" : "2019-06-02T11:51+0000",
          "sign" : "gemini",
          "date" : "2019-06-02T02:30+0000",
          "age" : 29,
          "moonPhase" : "phase4",
          "timeZone" : 2
        },
        {
          "moonPhase" : "newMoon",
          "moonPhaseDate" : "2019-06-03T10:02+0000",
          "timeZone" : 2,
          "date" : "2019-06-03T02:57+0000",
          "sign" : "gemini",
          "age" : 30,
          "signDate" : "2019-06-02T11:51+0000"
        },
        {
          "moonPhaseDate" : "2019-06-03T10:02+0000",
          "signDate" : "2019-06-02T11:51+0000",
          "sign" : "gemini",
          "date" : "2019-06-03T10:02+0000",
          "age" : 1,
          "moonPhase" : "newMoon",
          "timeZone" : 2
        },
        {
          "moonPhaseDate" : "2019-06-03T10:02+0000",
          "signDate" : "2019-06-04T16:18+0000",
          "sign" : "cancer",
          "date" : "2019-06-04T03:32+0000",
          "age" : 2,
          "moonPhase" : "phase1",
          "timeZone" : 2
        },
        {
          "moonPhaseDate" : "2019-06-03T10:02+0000",
          "signDate" : "2019-06-04T16:18+0000",
          "sign" : "cancer",
          "date" : "2019-06-05T04:19+0000",
          "age" : 3,
          "moonPhase" : "phase1",
          "timeZone" : 2
        },
        {
          "moonPhaseDate" : "2019-06-03T10:02+0000",
          "signDate" : "2019-06-06T19:14+0000",
          "sign" : "leo",
          "date" : "2019-06-06T05:21+0000",
          "age" : 4,
          "moonPhase" : "phase1",
          "timeZone" : 2
        },
        {
          "moonPhaseDate" : "2019-06-03T10:02+0000",
          "signDate" : "2019-06-06T19:14+0000",
          "sign" : "leo",
          "date" : "2019-06-07T06:35+0000",
          "age" : 5,
          "moonPhase" : "phase1",
          "timeZone" : 2
        },
        {
          "moonPhaseDate" : "2019-06-03T10:02+0000",
          "signDate" : "2019-06-08T21:43+0000",
          "sign" : "virgo",
          "date" : "2019-06-08T07:58+0000",
          "age" : 6,
          "moonPhase" : "phase1",
          "timeZone" : 2
        },
        {
          "moonPhaseDate" : "2019-06-03T10:02+0000",
          "signDate" : "2019-06-08T21:43+0000",
          "sign" : "virgo",
          "date" : "2019-06-09T09:23+0000",
          "age" : 7,
          "moonPhase" : "phase1",
          "timeZone" : 2
        },
        {
          "moonPhaseDate" : "2019-06-10T05:59+0000",
          "signDate" : "2019-06-08T21:43+0000",
          "sign" : "virgo",
          "date" : "2019-06-10T10:49+0000",
          "age" : 8,
          "moonPhase" : "phase2",
          "timeZone" : 2
        },
        {
          "moonPhaseDate" : "2019-06-10T05:59+0000",
          "signDate" : "2019-06-11T00:30+0000",
          "sign" : "libra",
          "date" : "2019-06-11T12:13+0000",
          "age" : 9,
          "moonPhase" : "phase2",
          "timeZone" : 2
        },
        {
          "moonPhaseDate" : "2019-06-10T05:59+0000",
          "signDate" : "2019-06-11T00:30+0000",
          "sign" : "libra",
          "date" : "2019-06-12T13:35+0000",
          "age" : 10,
          "moonPhase" : "phase2",
          "timeZone" : 2
        },
        {
          "moonPhaseDate" : "2019-06-10T05:59+0000",
          "signDate" : "2019-06-13T04:03+0000",
          "sign" : "scorpio",
          "date" : "2019-06-13T14:58+0000",
          "age" : 11,
          "moonPhase" : "phase2",
          "timeZone" : 2
        },
        {
          "moonPhaseDate" : "2019-06-10T05:59+0000",
          "signDate" : "2019-06-13T04:03+0000",
          "sign" : "scorpio",
          "date" : "2019-06-14T16:20+0000",
          "age" : 12,
          "moonPhase" : "phase2",
          "timeZone" : 2
        },
        {
          "moonPhaseDate" : "2019-06-10T05:59+0000",
          "signDate" : "2019-06-15T09:01+0000",
          "sign" : "sagittarius",
          "date" : "2019-06-15T17:39+0000",
          "age" : 13,
          "moonPhase" : "phase2",
          "timeZone" : 2
        },
        {
          "moonPhaseDate" : "2019-06-10T05:59+0000",
          "signDate" : "2019-06-15T09:01+0000",
          "sign" : "sagittarius",
          "date" : "2019-06-16T18:53+0000",
          "age" : 14,
          "moonPhase" : "phase2",
          "timeZone" : 2
        },
        {
          "moonPhaseDate" : "2019-06-17T08:31+0000",
          "signDate" : "2019-06-17T16:11+0000",
          "sign" : "capricorn",
          "date" : "2019-06-17T20:00+0000",
          "age" : 15,
          "moonPhase" : "fullMoon",
          "timeZone" : 2
        },
        {
          "moonPhaseDate" : "2019-06-17T08:31+0000",
          "signDate" : "2019-06-17T16:11+0000",
          "sign" : "capricorn",
          "date" : "2019-06-18T20:55+0000",
          "age" : 16,
          "moonPhase" : "phase3",
          "timeZone" : 2
        },
        {
          "moonPhaseDate" : "2019-06-17T08:31+0000",
          "signDate" : "2019-06-17T16:11+0000",
          "sign" : "capricorn",
          "date" : "2019-06-19T21:39+0000",
          "age" : 17,
          "moonPhase" : "phase3",
          "timeZone" : 2
        },
        {
          "moonPhaseDate" : "2019-06-17T08:31+0000",
          "signDate" : "2019-06-17T16:11+0000",
          "sign" : "aquarius",
          "date" : "2019-06-20T22:13+0000",
          "age" : 18,
          "moonPhase" : "phase3",
          "timeZone" : 2
        },
        {
          "moonPhaseDate" : "2019-06-17T08:31+0000",
          "signDate" : "2019-06-22T14:01+0000",
          "sign" : "pisces",
          "date" : "2019-06-21T22:39+0000",
          "age" : 19,
          "moonPhase" : "phase3",
          "timeZone" : 2
        },
        {
          "moonPhaseDate" : "2019-06-17T08:31+0000",
          "signDate" : "2019-06-22T14:01+0000",
          "sign" : "pisces",
          "date" : "2019-06-22T22:59+0000",
          "age" : 20,
          "moonPhase" : "phase3",
          "timeZone" : 2
        },
        {
          "moonPhaseDate" : "2019-06-17T08:31+0000",
          "signDate" : "2019-06-22T14:01+0000",
          "sign" : "pisces",
          "date" : "2019-06-23T23:16+0000",
          "age" : 21,
          "moonPhase" : "phase3",
          "timeZone" : 2
        },
        {
          "moonPhaseDate" : "2019-06-25T09:46+0000",
          "signDate" : "2019-06-25T02:34+0000",
          "sign" : "aries",
          "date" : "2019-06-24T23:31+0000",
          "age" : 22,
          "moonPhase" : "phase4",
          "timeZone" : 2
        },
        {
          "moonPhaseDate" : "2019-06-25T09:46+0000",
          "signDate" : "2019-06-25T02:34+0000",
          "sign" : "aries",
          "date" : "2019-06-25T23:45+0000",
          "age" : 23,
          "moonPhase" : "phase4",
          "timeZone" : 2
        },
        {
          "moonPhaseDate" : "2019-06-25T09:46+0000",
          "signDate" : "2019-06-27T13:30+0000",
          "sign" : "taurus",
          "date" : "2019-06-26T23:59+0000",
          "age" : 24,
          "moonPhase" : "phase4",
          "timeZone" : 2
        },
        {
          "moonPhaseDate" : "2019-06-25T09:46+0000",
          "signDate" : "2019-06-27T13:30+0000",
          "sign" : "taurus",
          "date" : "2019-06-28T00:15+0000",
          "age" : 25,
          "moonPhase" : "phase4",
          "timeZone" : 2
        },
        {
          "moonPhaseDate" : "2019-06-25T09:46+0000",
          "signDate" : "2019-06-29T21:10+0000",
          "sign" : "gemini",
          "date" : "2019-06-29T00:33+0000",
          "age" : 26,
          "moonPhase" : "phase4",
          "timeZone" : 2
        },
        {
          "moonPhaseDate" : "2019-06-25T09:46+0000",
          "signDate" : "2019-06-29T21:10+0000",
          "sign" : "gemini",
          "date" : "2019-06-30T00:56+0000",
          "age" : 27,
          "moonPhase" : "phase4",
          "timeZone" : 2
        },
        {
          "moonPhaseDate" : null,
          "signDate" : "2019-06-29T21:10+0000",
          "sign" : "gemini",
          "date" : "2019-07-01T01:26+0000",
          "age" : 28,
          "moonPhase" : "phase4",
          "timeZone" : 2
        },
        {
          "moonPhaseDate" : "2019-07-02T19:16+0000",
          "signDate" : "2019-07-02T01:26+0000",
          "sign" : "cancer",
          "date" : "2019-07-02T02:08+0000",
          "age" : 29,
          "moonPhase" : "newMoon",
          "timeZone" : 2
        },
        {
          "moonPhaseDate" : "2019-07-02T19:16+0000",
          "signDate" : "2019-07-02T01:26+0000",
          "sign" : "cancer",
          "date" : "2019-07-02T19:16+0000",
          "age" : 1,
          "moonPhase" : "newMoon",
          "timeZone" : 2
        },
        {
          "moonPhaseDate" : "2019-07-02T19:16+0000",
          "signDate" : "2019-07-02T01:26+0000",
          "sign" : "cancer",
          "date" : "2019-07-03T03:04+0000",
          "age" : 2,
          "moonPhase" : "phase1",
          "timeZone" : 2
        },
        {
          "moonPhaseDate" : "2019-07-02T19:16+0000",
          "signDate" : "2019-07-04T03:21+0000",
          "sign" : "leo",
          "date" : "2019-07-04T04:15+0000",
          "age" : 3,
          "moonPhase" : "phase1",
          "timeZone" : 2
        },
        {
          "moonPhaseDate" : "2019-07-02T19:16+0000",
          "signDate" : "2019-07-04T03:21+0000",
          "sign" : "leo",
          "date" : "2019-07-05T05:38+0000",
          "age" : 4,
          "moonPhase" : "phase1",
          "timeZone" : 2
        },
        {
          "moonPhaseDate" : "2019-07-02T19:16+0000",
          "signDate" : "2019-07-06T04:25+0000",
          "sign" : "virgo",
          "date" : "2019-07-06T07:06+0000",
          "age" : 5,
          "moonPhase" : "phase1",
          "timeZone" : 2
        },
        {
          "signDate" : "2019-07-06T04:25+0000",
          "timeZone" : 2,
          "moonPhaseDate" : "2019-07-02T19:16+0000",
          "moonPhase" : "phase1",
          "sign" : "virgo",
          "age" : 6,
          "date" : "2019-07-07T08:33+0000"
        },
        {
          "date" : "2019-07-08T10:00+0000",
          "age" : 7,
          "moonPhase" : "phase1",
          "signDate" : "2019-07-08T06:07+0000",
          "moonPhaseDate" : "2019-07-02T19:16+0000",
          "sign" : "libra",
          "timeZone" : 2
        },
        {
          "date" : "2019-07-09T11:24+0000",
          "age" : 8,
          "moonPhase" : "phase2",
          "signDate" : "2019-07-08T06:07+0000",
          "moonPhaseDate" : "2019-07-09T10:55+0000",
          "sign" : "libra",
          "timeZone" : 2
        },
        {
          "date" : "2019-07-10T12:45+0000",
          "age" : 9,
          "moonPhase" : "phase2",
          "signDate" : "2019-07-10T09:28+0000",
          "moonPhaseDate" : "2019-07-09T10:55+0000",
          "sign" : "scorpio",
          "timeZone" : 2
        },
        {
          "date" : "2019-07-11T14:07+0000",
          "age" : 10,
          "moonPhase" : "phase2",
          "signDate" : "2019-07-10T09:28+0000",
          "moonPhaseDate" : "2019-07-09T10:55+0000",
          "sign" : "scorpio",
          "timeZone" : 2
        },
        {
          "date" : "2019-07-12T15:26+0000",
          "age" : 11,
          "moonPhase" : "phase2",
          "signDate" : "2019-07-12T15:04+0000",
          "moonPhaseDate" : "2019-07-09T10:55+0000",
          "sign" : "sagittarius",
          "timeZone" : 2
        },
        {
          "date" : "2019-07-13T16:41+0000",
          "age" : 12,
          "moonPhase" : "phase2",
          "signDate" : "2019-07-12T15:04+0000",
          "moonPhaseDate" : "2019-07-09T10:55+0000",
          "sign" : "sagittarius",
          "timeZone" : 2
        },
        {
          "date" : "2019-07-14T17:50+0000",
          "age" : 13,
          "moonPhase" : "phase2",
          "signDate" : "2019-07-12T15:04+0000",
          "moonPhaseDate" : "2019-07-09T10:55+0000",
          "sign" : "sagittarius",
          "timeZone" : 2
        },
        {
          "date" : "2019-07-15T18:49+0000",
          "age" : 14,
          "moonPhase" : "phase2",
          "signDate" : "2019-07-14T23:03+0000",
          "moonPhaseDate" : "2019-07-09T10:55+0000",
          "sign" : "capricorn",
          "timeZone" : 2
        },
        {
          "date" : "2019-07-16T19:36+0000",
          "age" : 15,
          "moonPhase" : "fullMoon",
          "signDate" : "2019-07-14T23:03+0000",
          "moonPhaseDate" : "2019-07-16T21:38+0000",
          "sign" : "capricorn",
          "timeZone" : 2
        },
        {
          "date" : "2019-07-17T20:14+0000",
          "age" : 16,
          "moonPhase" : "phase3",
          "signDate" : "2019-07-17T09:18+0000",
          "moonPhaseDate" : "2019-07-16T21:38+0000",
          "sign" : "aquarius",
          "timeZone" : 2
        },
        {
          "date" : "2019-07-18T20:42+0000",
          "age" : 17,
          "moonPhase" : "phase3",
          "signDate" : "2019-07-17T09:18+0000",
          "moonPhaseDate" : "2019-07-16T21:38+0000",
          "sign" : "aquarius",
          "timeZone" : 2
        },
        {
          "date" : "2019-07-19T21:04+0000",
          "age" : 18,
          "moonPhase" : "phase3",
          "signDate" : "2019-07-19T21:19+0000",
          "moonPhaseDate" : "2019-07-16T21:38+0000",
          "sign" : "pisces",
          "timeZone" : 2
        },
        {
          "date" : "2019-07-20T21:22+0000",
          "age" : 19,
          "moonPhase" : "phase3",
          "signDate" : "2019-07-19T21:19+0000",
          "moonPhaseDate" : "2019-07-16T21:38+0000",
          "sign" : "pisces",
          "timeZone" : 2
        },
        {
          "date" : "2019-07-21T21:38+0000",
          "age" : 20,
          "moonPhase" : "phase3",
          "signDate" : "2019-07-19T21:19+0000",
          "moonPhaseDate" : "2019-07-16T21:38+0000",
          "sign" : "pisces",
          "timeZone" : 2
        },
        {
          "date" : "2019-07-22T21:52+0000",
          "age" : 21,
          "moonPhase" : "phase3",
          "signDate" : "2019-07-22T10:01+0000",
          "moonPhaseDate" : "2019-07-16T21:38+0000",
          "sign" : "aries",
          "timeZone" : 2
        },
        {
          "date" : "2019-07-23T22:06+0000",
          "age" : 22,
          "moonPhase" : "phase3",
          "signDate" : "2019-07-24T21:40+0000",
          "moonPhaseDate" : "2019-07-16T21:38+0000",
          "sign" : "taurus",
          "timeZone" : 2
        },
        {
          "date" : "2019-07-24T22:20+0000",
          "age" : 23,
          "moonPhase" : "phase4",
          "signDate" : "2019-07-24T21:40+0000",
          "moonPhaseDate" : "2019-07-25T01:18+0000",
          "sign" : "taurus",
          "timeZone" : 2
        },
        {
          "date" : "2019-07-25T22:36+0000",
          "age" : 24,
          "moonPhase" : "phase4",
          "signDate" : "2019-07-24T21:40+0000",
          "moonPhaseDate" : "2019-07-25T01:18+0000",
          "sign" : "taurus",
          "timeZone" : 2
        },
        {
          "date" : "2019-07-26T22:57+0000",
          "age" : 25,
          "moonPhase" : "phase4",
          "signDate" : "2019-07-27T06:28+0000",
          "moonPhaseDate" : "2019-07-25T01:18+0000",
          "sign" : "gemini",
          "timeZone" : 2
        },
        {
          "date" : "2019-07-27T23:22+0000",
          "age" : 26,
          "moonPhase" : "phase4",
          "signDate" : "2019-07-27T06:28+0000",
          "moonPhaseDate" : "2019-07-25T01:18+0000",
          "sign" : "gemini",
          "timeZone" : 2
        },
        {
          "date" : "2019-07-28T23:58+0000",
          "age" : 27,
          "moonPhase" : "phase4",
          "signDate" : "2019-07-29T11:30+0000",
          "moonPhaseDate" : "2019-07-25T01:18+0000",
          "sign" : "cancer",
          "timeZone" : 2
        },
        {
          "date" : "2019-07-30T00:46+0000",
          "age" : 28,
          "moonPhase" : "phase4",
          "signDate" : "2019-07-29T11:30+0000",
          "moonPhaseDate" : "2019-07-25T01:18+0000",
          "sign" : "cancer",
          "timeZone" : 2
        },
        {
          "date" : "2019-07-31T01:50+0000",
          "age" : 29,
          "moonPhase" : "phase4",
          "signDate" : "2019-07-31T13:18+0000",
          "moonPhaseDate" : "2019-07-25T01:18+0000",
          "sign" : "leo",
          "timeZone" : 2
        },
        {
          "date" : "2019-08-01T03:09+0000",
          "age" : 30,
          "moonPhase" : "newMoon",
          "signDate" : "2019-07-31T13:18+0000",
          "moonPhaseDate" : "2019-08-01T03:12+0000",
          "sign" : "leo",
          "timeZone" : 2
        },
        {
          "date" : "2019-08-01T03:12+0000",
          "age" : 1,
          "moonPhase" : "newMoon",
          "signDate" : "2019-07-31T13:18+0000",
          "moonPhaseDate" : "2019-08-01T03:12+0000",
          "sign" : "leo",
          "timeZone" : 2
        },
        {
          "date" : "2019-08-02T04:37+0000",
          "age" : 2,
          "moonPhase" : "phase1",
          "signDate" : "2019-08-02T13:23+0000",
          "moonPhaseDate" : "2019-08-01T03:12+0000",
          "sign" : "virgo",
          "timeZone" : 2
        },
        {
          "date" : "2019-08-03T06:08+0000",
          "age" : 3,
          "moonPhase" : "phase1",
          "signDate" : "2019-08-02T13:23+0000",
          "moonPhaseDate" : "2019-08-01T03:12+0000",
          "sign" : "virgo",
          "timeZone" : 2
        },
        {
          "date" : "2019-08-04T07:39+0000",
          "age" : 4,
          "moonPhase" : "phase1",
          "signDate" : "2019-08-04T13:32+0000",
          "moonPhaseDate" : "2019-08-01T03:12+0000",
          "sign" : "libra",
          "timeZone" : 2
        },
        {
          "date" : "2019-08-05T09:06+0000",
          "age" : 5,
          "moonPhase" : "phase1",
          "signDate" : "2019-08-04T13:32+0000",
          "moonPhaseDate" : "2019-08-01T03:12+0000",
          "sign" : "libra",
          "timeZone" : 2
        },
        {
          "date" : "2019-08-06T10:32+0000",
          "age" : 6,
          "moonPhase" : "phase1",
          "signDate" : "2019-08-06T15:31+0000",
          "moonPhaseDate" : "2019-08-01T03:12+0000",
          "sign" : "scorpio",
          "timeZone" : 2
        },
        {
          "date" : "2019-08-07T11:55+0000",
          "age" : 7,
          "moonPhase" : "phase2",
          "signDate" : "2019-08-06T15:31+0000",
          "moonPhaseDate" : "2019-08-07T17:31+0000",
          "sign" : "scorpio",
          "timeZone" : 2
        },
        {
          "date" : "2019-08-08T13:15+0000",
          "age" : 8,
          "moonPhase" : "phase2",
          "signDate" : "2019-08-08T20:32+0000",
          "moonPhaseDate" : "2019-08-07T17:31+0000",
          "sign" : "sagittarius",
          "timeZone" : 2
        },
        {
          "date" : "2019-08-09T14:32+0000",
          "age" : 9,
          "moonPhase" : "phase2",
          "signDate" : "2019-08-08T20:32+0000",
          "moonPhaseDate" : "2019-08-07T17:31+0000",
          "sign" : "sagittarius",
          "timeZone" : 2
        },
        {
          "date" : "2019-08-10T15:42+0000",
          "age" : 10,
          "moonPhase" : "phase2",
          "signDate" : "2019-08-08T20:32+0000",
          "moonPhaseDate" : "2019-08-07T17:31+0000",
          "sign" : "sagittarius",
          "timeZone" : 2
        },
        {
          "date" : "2019-08-11T16:44+0000",
          "age" : 11,
          "moonPhase" : "phase2",
          "signDate" : "2019-08-11T04:48+0000",
          "moonPhaseDate" : "2019-08-07T17:31+0000",
          "sign" : "capricorn",
          "timeZone" : 2
        },
        {
          "date" : "2019-08-12T17:35+0000",
          "age" : 12,
          "moonPhase" : "phase2",
          "signDate" : "2019-08-11T04:48+0000",
          "moonPhaseDate" : "2019-08-07T17:31+0000",
          "sign" : "capricorn",
          "timeZone" : 2
        },
        {
          "date" : "2019-08-13T18:15+0000",
          "age" : 13,
          "moonPhase" : "phase2",
          "signDate" : "2019-08-13T15:36+0000",
          "moonPhaseDate" : "2019-08-07T17:31+0000",
          "sign" : "aquarius",
          "timeZone" : 2
        },
        {
          "date" : "2019-08-14T18:46+0000",
          "age" : 14,
          "moonPhase" : "phase2",
          "signDate" : "2019-08-13T15:36+0000",
          "moonPhaseDate" : "2019-08-07T17:31+0000",
          "sign" : "aquarius",
          "timeZone" : 2
        },
        {
          "date" : "2019-08-15T19:09+0000",
          "age" : 15,
          "moonPhase" : "fullMoon",
          "signDate" : "2019-08-13T15:36+0000",
          "moonPhaseDate" : "2019-08-15T12:29+0000",
          "sign" : "aquarius",
          "timeZone" : 2
        },
        {
          "date" : "2019-08-16T19:28+0000",
          "age" : 16,
          "moonPhase" : "phase3",
          "signDate" : "2019-08-16T03:50+0000",
          "moonPhaseDate" : "2019-08-15T12:29+0000",
          "sign" : "pisces",
          "timeZone" : 2
        },
        {
          "date" : "2019-08-17T19:45+0000",
          "age" : 17,
          "moonPhase" : "phase3",
          "signDate" : "2019-08-16T03:50+0000",
          "moonPhaseDate" : "2019-08-15T12:29+0000",
          "sign" : "pisces",
          "timeZone" : 2
        },
        {
          "date" : "2019-08-18T19:59+0000",
          "age" : 18,
          "moonPhase" : "phase3",
          "signDate" : "2019-08-18T16:32+0000",
          "moonPhaseDate" : "2019-08-15T12:29+0000",
          "sign" : "aries",
          "timeZone" : 2
        },
        {
          "date" : "2019-08-19T20:12+0000",
          "age" : 19,
          "moonPhase" : "phase3",
          "signDate" : "2019-08-18T16:32+0000",
          "moonPhaseDate" : "2019-08-15T12:29+0000",
          "sign" : "aries",
          "timeZone" : 2
        },
        {
          "date" : "2019-08-20T20:26+0000",
          "age" : 20,
          "moonPhase" : "phase3",
          "signDate" : "2019-08-18T16:32+0000",
          "moonPhaseDate" : "2019-08-15T12:29+0000",
          "sign" : "aries",
          "timeZone" : 2
        },
        {
          "date" : "2019-08-21T20:41+0000",
          "age" : 21,
          "moonPhase" : "phase3",
          "signDate" : "2019-08-21T04:36+0000",
          "moonPhaseDate" : "2019-08-15T12:29+0000",
          "sign" : "taurus",
          "timeZone" : 2
        },
        {
          "date" : "2019-08-22T20:59+0000",
          "age" : 22,
          "moonPhase" : "phase3",
          "signDate" : "2019-08-21T04:36+0000",
          "moonPhaseDate" : "2019-08-15T12:29+0000",
          "sign" : "taurus",
          "timeZone" : 2
        },
        {
          "date" : "2019-08-23T21:22+0000",
          "age" : 23,
          "moonPhase" : "phase4",
          "signDate" : "2019-08-23T14:34+0000",
          "moonPhaseDate" : "2019-08-23T14:56+0000",
          "sign" : "gemini",
          "timeZone" : 2
        },
        {
          "date" : "2019-08-24T21:51+0000",
          "age" : 24,
          "moonPhase" : "phase4",
          "signDate" : "2019-08-23T14:34+0000",
          "moonPhaseDate" : "2019-08-23T14:56+0000",
          "sign" : "gemini",
          "timeZone" : 2
        },
        {
          "date" : "2019-08-25T22:32+0000",
          "age" : 25,
          "moonPhase" : "phase4",
          "signDate" : "2019-08-23T14:34+0000",
          "moonPhaseDate" : "2019-08-23T14:56+0000",
          "sign" : "cancer",
          "timeZone" : 2
        },
        {
          "date" : "2019-08-26T23:27+0000",
          "age" : 26,
          "moonPhase" : "phase4",
          "signDate" : "2019-08-23T14:34+0000",
          "moonPhaseDate" : "2019-08-23T14:56+0000",
          "sign" : "cancer",
          "timeZone" : 2
        },
        {
          "date" : "2019-08-28T00:38+0000",
          "age" : 27,
          "moonPhase" : "phase4",
          "signDate" : "2019-08-27T23:51+0000",
          "moonPhaseDate" : "2019-08-23T14:56+0000",
          "sign" : "leo",
          "timeZone" : 2
        },
        {
          "date" : "2019-08-29T02:02+0000",
          "age" : 28,
          "moonPhase" : "phase4",
          "signDate" : "2019-08-27T23:51+0000",
          "moonPhaseDate" : "2019-08-23T14:56+0000",
          "sign" : "leo",
          "timeZone" : 2
        },
        {
          "date" : "2019-08-30T03:33+0000",
          "age" : 29,
          "moonPhase" : "newMoon",
          "signDate" : "2019-08-29T23:57+0000",
          "moonPhaseDate" : "2019-08-30T10:37+0000",
          "sign" : "virgo",
          "timeZone" : 2
        },
        {
          "date" : "2019-08-30T10:37+0000",
          "age" : 1,
          "moonPhase" : "newMoon",
          "signDate" : "2019-08-29T23:57+0000",
          "moonPhaseDate" : "2019-08-30T10:37+0000",
          "sign" : "virgo",
          "timeZone" : 2
        },
        {
          "date" : "2019-08-31T05:06+0000",
          "age" : 2,
          "moonPhase" : "phase1",
          "signDate" : "2019-08-29T23:57+0000",
          "moonPhaseDate" : "2019-08-30T10:37+0000",
          "sign" : "virgo",
          "timeZone" : 2
        },
        {
          "date" : "2019-09-01T06:38+0000",
          "age" : 3,
          "moonPhase" : "phase1",
          "signDate" : "2019-08-31T23:12+0000",
          "moonPhaseDate" : null,
          "sign" : "libra",
          "timeZone" : 2
        },
        {
          "date" : "2019-09-02T08:08+0000",
          "age" : 4,
          "moonPhase" : "phase1",
          "signDate" : "2019-08-31T23:12+0000",
          "moonPhaseDate" : null,
          "sign" : "libra",
          "timeZone" : 2
        },
        {
          "date" : "2019-09-03T09:35+0000",
          "age" : 5,
          "moonPhase" : "phase1",
          "signDate" : "2019-09-02T23:38+0000",
          "moonPhaseDate" : null,
          "sign" : "scorpio",
          "timeZone" : 2
        },
        {
          "date" : "2019-09-04T10:59+0000",
          "age" : 6,
          "moonPhase" : "phase1",
          "signDate" : "2019-09-02T23:38+0000",
          "moonPhaseDate" : null,
          "sign" : "scorpio",
          "timeZone" : 2
        },
        {
          "date" : "2019-09-05T12:20+0000",
          "age" : 7,
          "moonPhase" : "phase1",
          "signDate" : "2019-09-05T03:06+0000",
          "moonPhaseDate" : null,
          "sign" : "sagittarius",
          "timeZone" : 2
        },
        {
          "date" : "2019-09-06T13:34+0000",
          "age" : 8,
          "moonPhase" : "phase2",
          "signDate" : "2019-09-05T03:06+0000",
          "moonPhaseDate" : "2019-09-06T03:10+0000",
          "sign" : "sagittarius",
          "timeZone" : 2
        },
        {
          "date" : "2019-09-07T14:40+0000",
          "age" : 9,
          "moonPhase" : "phase2",
          "signDate" : "2019-09-07T10:35+0000",
          "moonPhaseDate" : "2019-09-06T03:10+0000",
          "sign" : "capricorn",
          "timeZone" : 2
        },
        {
          "date" : "2019-09-08T15:34+0000",
          "age" : 10,
          "moonPhase" : "phase2",
          "signDate" : "2019-09-07T10:35+0000",
          "moonPhaseDate" : "2019-09-06T03:10+0000",
          "sign" : "capricorn",
          "timeZone" : 2
        },
        {
          "date" : "2019-09-09T16:17+0000",
          "age" : 11,
          "moonPhase" : "phase2",
          "signDate" : "2019-09-09T21:25+0000",
          "moonPhaseDate" : "2019-09-06T03:10+0000",
          "sign" : "aquarius",
          "timeZone" : 2
        },
        {
          "date" : "2019-09-10T16:50+0000",
          "age" : 12,
          "moonPhase" : "phase2",
          "signDate" : "2019-09-09T21:25+0000",
          "moonPhaseDate" : "2019-09-06T03:10+0000",
          "sign" : "aquarius",
          "timeZone" : 2
        },
        {
          "date" : "2019-09-11T17:15+0000",
          "age" : 13,
          "moonPhase" : "phase2",
          "signDate" : "2019-09-09T21:25+0000",
          "moonPhaseDate" : "2019-09-06T03:10+0000",
          "sign" : "aquarius",
          "timeZone" : 2
        },
        {
          "date" : "2019-09-12T17:35+0000",
          "age" : 14,
          "moonPhase" : "phase2",
          "signDate" : "2019-09-12T09:53+0000",
          "moonPhaseDate" : "2019-09-06T03:10+0000",
          "sign" : "pisces",
          "timeZone" : 2
        },
        {
          "date" : "2019-09-13T17:52+0000",
          "age" : 15,
          "moonPhase" : "phase2",
          "signDate" : "2019-09-12T09:53+0000",
          "moonPhaseDate" : "2019-09-06T03:10+0000",
          "sign" : "pisces",
          "timeZone" : 2
        },
        {
          "date" : "2019-09-14T18:06+0000",
          "age" : 16,
          "moonPhase" : "fullMoon",
          "signDate" : "2019-09-12T09:53+0000",
          "moonPhaseDate" : "2019-09-14T04:33+0000",
          "sign" : "pisces",
          "timeZone" : 2
        },
        {
          "date" : "2019-09-15T18:20+0000",
          "age" : 17,
          "moonPhase" : "phase3",
          "signDate" : "2019-09-14T22:32+0000",
          "moonPhaseDate" : "2019-09-14T04:33+0000",
          "sign" : "aries",
          "timeZone" : 2
        },
        {
          "date" : "2019-09-16T18:33+0000",
          "age" : 18,
          "moonPhase" : "phase3",
          "signDate" : "2019-09-14T22:32+0000",
          "moonPhaseDate" : "2019-09-14T04:33+0000",
          "sign" : "aries",
          "timeZone" : 2
        },
        {
          "date" : "2019-09-17T18:48+0000",
          "age" : 19,
          "moonPhase" : "phase3",
          "signDate" : "2019-09-17T10:30+0000",
          "moonPhaseDate" : "2019-09-14T04:33+0000",
          "sign" : "taurus",
          "timeZone" : 2
        },
        {
          "date" : "2019-09-18T19:04+0000",
          "age" : 20,
          "moonPhase" : "phase3",
          "signDate" : "2019-09-17T10:30+0000",
          "moonPhaseDate" : "2019-09-14T04:33+0000",
          "sign" : "taurus",
          "timeZone" : 2
        },
        {
          "date" : "2019-09-19T19:24+0000",
          "age" : 21,
          "moonPhase" : "phase3",
          "signDate" : "2019-09-19T20:58+0000",
          "moonPhaseDate" : "2019-09-14T04:33+0000",
          "sign" : "gemini",
          "timeZone" : 2
        },
        {
          "date" : "2019-09-20T19:50+0000",
          "age" : 22,
          "moonPhase" : "phase3",
          "signDate" : "2019-09-19T20:58+0000",
          "moonPhaseDate" : "2019-09-14T04:33+0000",
          "sign" : "gemini",
          "timeZone" : 2
        },
        {
          "date" : "2019-09-21T20:25+0000",
          "age" : 23,
          "moonPhase" : "phase3",
          "signDate" : "2019-09-19T20:58+0000",
          "moonPhaseDate" : "2019-09-14T04:33+0000",
          "sign" : "gemini",
          "timeZone" : 2
        },
        {
          "date" : "2019-09-22T21:12+0000",
          "age" : 24,
          "moonPhase" : "phase4",
          "signDate" : "2019-09-22T04:52+0000",
          "moonPhaseDate" : "2019-09-22T02:41+0000",
          "sign" : "cancer",
          "timeZone" : 2
        },
        {
          "date" : "2019-09-23T22:15+0000",
          "age" : 25,
          "moonPhase" : "phase4",
          "signDate" : "2019-09-24T09:19+0000",
          "moonPhaseDate" : "2019-09-22T02:41+0000",
          "sign" : "leo",
          "timeZone" : 2
        },
        {
          "date" : "2019-09-24T23:31+0000",
          "age" : 26,
          "moonPhase" : "phase4",
          "signDate" : "2019-09-24T09:19+0000",
          "moonPhaseDate" : "2019-09-22T02:41+0000",
          "sign" : "leo",
          "timeZone" : 2
        },
        {
          "date" : "2019-09-26T00:58+0000",
          "age" : 27,
          "moonPhase" : "phase4",
          "signDate" : "2019-09-26T10:35+0000",
          "moonPhaseDate" : "2019-09-22T02:41+0000",
          "sign" : "virgo",
          "timeZone" : 2
        },
        {
          "date" : "2019-09-27T02:29+0000",
          "age" : 28,
          "moonPhase" : "phase4",
          "signDate" : "2019-09-26T10:35+0000",
          "moonPhaseDate" : "2019-09-22T02:41+0000",
          "sign" : "virgo",
          "timeZone" : 2
        },
        {
          "date" : "2019-09-28T04:01+0000",
          "age" : 29,
          "moonPhase" : "newMoon",
          "signDate" : "2019-09-28T10:04+0000",
          "moonPhaseDate" : "2019-09-28T18:26+0000",
          "sign" : "libra",
          "timeZone" : 2
        },
        {
          "date" : "2019-09-28T18:26+0000",
          "age" : 1,
          "moonPhase" : "newMoon",
          "signDate" : "2019-09-28T10:04+0000",
          "moonPhaseDate" : "2019-09-28T18:26+0000",
          "sign" : "libra",
          "timeZone" : 2
        },
        {
          "date" : "2019-09-29T05:33+0000",
          "age" : 2,
          "moonPhase" : "phase1",
          "signDate" : "2019-09-28T10:04+0000",
          "moonPhaseDate" : "2019-09-28T18:26+0000",
          "sign" : "libra",
          "timeZone" : 2
        },
        {
          "date" : "2019-09-30T07:04+0000",
          "age" : 3,
          "moonPhase" : "phase1",
          "signDate" : "2019-09-30T09:45+0000",
          "moonPhaseDate" : "2019-09-28T18:26+0000",
          "sign" : "scorpio",
          "timeZone" : 2
        },
        {
          "date" : "2019-10-01T08:33+0000",
          "age" : 4,
          "moonPhase" : "phase1",
          "signDate" : "2019-09-30T09:45+0000",
          "moonPhaseDate" : null,
          "sign" : "scorpio",
          "timeZone" : 2
        },
        {
          "date" : "2019-10-02T09:59+0000",
          "age" : 5,
          "moonPhase" : "phase1",
          "signDate" : "2019-10-02T11:45+0000",
          "moonPhaseDate" : null,
          "sign" : "sagittarius",
          "timeZone" : 2
        },
        {
          "date" : "2019-10-03T11:19+0000",
          "age" : 6,
          "moonPhase" : "phase1",
          "signDate" : "2019-10-02T11:45+0000",
          "moonPhaseDate" : null,
          "sign" : "sagittarius",
          "timeZone" : 2
        },
        {
          "date" : "2019-10-04T12:31+0000",
          "age" : 7,
          "moonPhase" : "phase1",
          "signDate" : "2019-10-04T17:41+0000",
          "moonPhaseDate" : null,
          "sign" : "capricorn",
          "timeZone" : 2
        },
        {
          "date" : "2019-10-05T13:31+0000",
          "age" : 8,
          "moonPhase" : "phase2",
          "signDate" : "2019-10-04T17:41+0000",
          "moonPhaseDate" : "2019-10-05T16:47+0000",
          "sign" : "capricorn",
          "timeZone" : 2
        },
        {
          "date" : "2019-10-06T14:18+0000",
          "age" : 9,
          "moonPhase" : "phase2",
          "signDate" : "2019-10-04T17:41+0000",
          "moonPhaseDate" : "2019-10-05T16:47+0000",
          "sign" : "capricorn",
          "timeZone" : 2
        },
        {
          "date" : "2019-10-07T14:54+0000",
          "age" : 10,
          "moonPhase" : "phase2",
          "signDate" : "2019-10-07T03:43+0000",
          "moonPhaseDate" : "2019-10-05T16:47+0000",
          "sign" : "aquarius",
          "timeZone" : 2
        },
        {
          "date" : "2019-10-08T15:21+0000",
          "age" : 11,
          "moonPhase" : "phase2",
          "signDate" : "2019-10-07T03:43+0000",
          "moonPhaseDate" : "2019-10-05T16:47+0000",
          "sign" : "aquarius",
          "timeZone" : 2
        },
        {
          "date" : "2019-10-09T15:43+0000",
          "age" : 12,
          "moonPhase" : "phase2",
          "signDate" : "2019-10-09T16:08+0000",
          "moonPhaseDate" : "2019-10-05T16:47+0000",
          "sign" : "pisces",
          "timeZone" : 2
        },
        {
          "date" : "2019-10-10T16:00+0000",
          "age" : 13,
          "moonPhase" : "phase2",
          "signDate" : "2019-10-09T16:08+0000",
          "moonPhaseDate" : "2019-10-05T16:47+0000",
          "sign" : "pisces",
          "timeZone" : 2
        },
        {
          "date" : "2019-10-11T16:14+0000",
          "age" : 14,
          "moonPhase" : "phase2",
          "signDate" : "2019-10-09T16:08+0000",
          "moonPhaseDate" : "2019-10-05T16:47+0000",
          "sign" : "pisces",
          "timeZone" : 2
        },
        {
          "date" : "2019-10-12T16:28+0000",
          "age" : 15,
          "moonPhase" : "phase2",
          "signDate" : "2019-10-12T04:46+0000",
          "moonPhaseDate" : "2019-10-05T16:47+0000",
          "sign" : "aries",
          "timeZone" : 2
        },
        {
          "date" : "2019-10-13T16:41+0000",
          "age" : 16,
          "moonPhase" : "fullMoon",
          "signDate" : "2019-10-12T04:46+0000",
          "moonPhaseDate" : "2019-10-13T21:08+0000",
          "sign" : "aries",
          "timeZone" : 2
        },
        {
          "date" : "2019-10-14T16:55+0000",
          "age" : 17,
          "moonPhase" : "phase3",
          "signDate" : "2019-10-14T16:23+0000",
          "moonPhaseDate" : "2019-10-13T21:08+0000",
          "sign" : "taurus",
          "timeZone" : 2
        },
        {
          "date" : "2019-10-15T17:10+0000",
          "age" : 18,
          "moonPhase" : "phase3",
          "signDate" : "2019-10-14T16:23+0000",
          "moonPhaseDate" : "2019-10-13T21:08+0000",
          "sign" : "taurus",
          "timeZone" : 2
        },
        {
          "date" : "2019-10-16T17:29+0000",
          "age" : 19,
          "moonPhase" : "phase3",
          "signDate" : "2019-10-14T16:23+0000",
          "moonPhaseDate" : "2019-10-13T21:08+0000",
          "sign" : "taurus",
          "timeZone" : 2
        },
        {
          "date" : "2019-10-17T17:52+0000",
          "age" : 20,
          "moonPhase" : "phase3",
          "signDate" : "2019-10-17T02:29+0000",
          "moonPhaseDate" : "2019-10-13T21:08+0000",
          "sign" : "gemini",
          "timeZone" : 2
        },
        {
          "date" : "2019-10-18T18:23+0000",
          "age" : 21,
          "moonPhase" : "phase3",
          "signDate" : "2019-10-17T02:29+0000",
          "moonPhaseDate" : "2019-10-13T21:08+0000",
          "sign" : "gemini",
          "timeZone" : 2
        },
        {
          "date" : "2019-10-19T19:06+0000",
          "age" : 22,
          "moonPhase" : "phase3",
          "signDate" : "2019-10-19T10:42+0000",
          "moonPhaseDate" : "2019-10-13T21:08+0000",
          "sign" : "cancer",
          "timeZone" : 2
        },
        {
          "date" : "2019-10-20T20:02+0000",
          "age" : 23,
          "moonPhase" : "phase3",
          "signDate" : "2019-10-19T10:42+0000",
          "moonPhaseDate" : "2019-10-13T21:08+0000",
          "sign" : "cancer",
          "timeZone" : 2
        },
        {
          "date" : "2019-10-21T21:11+0000",
          "age" : 24,
          "moonPhase" : "phase4",
          "signDate" : "2019-10-21T16:30+0000",
          "moonPhaseDate" : "2019-10-21T12:39+0000",
          "sign" : "leo",
          "timeZone" : 2
        },
        {
          "date" : "2019-10-22T22:32+0000",
          "age" : 25,
          "moonPhase" : "phase4",
          "signDate" : "2019-10-23T19:30+0000",
          "moonPhaseDate" : "2019-10-21T12:39+0000",
          "sign" : "virgo",
          "timeZone" : 2
        },
        {
          "date" : "2019-10-23T23:59+0000",
          "age" : 26,
          "moonPhase" : "phase4",
          "signDate" : "2019-10-23T19:30+0000",
          "moonPhaseDate" : "2019-10-21T12:39+0000",
          "sign" : "virgo",
          "timeZone" : 2
        },
        {
          "date" : "2019-10-25T01:28+0000",
          "age" : 27,
          "moonPhase" : "phase4",
          "signDate" : "2019-10-25T20:20+0000",
          "moonPhaseDate" : "2019-10-21T12:39+0000",
          "sign" : "libra",
          "timeZone" : 2
        },
        {
          "date" : "2019-10-26T02:58+0000",
          "age" : 28,
          "moonPhase" : "phase4",
          "signDate" : "2019-10-25T20:20+0000",
          "moonPhaseDate" : "2019-10-21T12:39+0000",
          "sign" : "libra",
          "timeZone" : 2
        },
        {
          "date" : "2019-10-27T03:29+0000",
          "age" : 29,
          "moonPhase" : "phase4",
          "signDate" : "2019-10-27T19:31+0000",
          "moonPhaseDate" : "2019-10-21T12:39+0000",
          "sign" : "scorpio",
          "timeZone" : 2
        },
        {
          "date" : "2019-10-28T02:38+0000",
          "age" : 1,
          "moonPhase" : "newMoon",
          "signDate" : "2019-10-27T19:31+0000",
          "moonPhaseDate" : "2019-10-28T02:38+0000",
          "sign" : "scorpio",
          "timeZone" : 2
        },
        {
          "date" : "2019-10-28T04:58+0000",
          "age" : 2,
          "moonPhase" : "newMoon",
          "signDate" : "2019-10-27T19:31+0000",
          "moonPhaseDate" : "2019-10-28T02:38+0000",
          "sign" : "scorpio",
          "timeZone" : 2
        },
        {
          "date" : "2019-10-29T06:28+0000",
          "age" : 3,
          "moonPhase" : "phase1",
          "signDate" : "2019-10-29T21:00+0000",
          "moonPhaseDate" : "2019-10-28T02:38+0000",
          "sign" : "sagittarius",
          "timeZone" : 2
        },
        {
          "date" : "2019-10-30T07:54+0000",
          "age" : 4,
          "moonPhase" : "phase1",
          "signDate" : "2019-10-29T21:00+0000",
          "moonPhaseDate" : "2019-10-28T02:38+0000",
          "sign" : "sagittarius",
          "timeZone" : 2
        },
        {
          "date" : "2019-10-31T09:13+0000",
          "age" : 5,
          "moonPhase" : "phase1",
          "signDate" : "2019-10-29T21:00+0000",
          "moonPhaseDate" : "2019-10-28T02:38+0000",
          "sign" : "sagittarius",
          "timeZone" : 2
        },
        {
          "date" : "2019-11-01T10:21+0000",
          "age" : 6,
          "moonPhase" : "phase1",
          "signDate" : "2019-11-01T01:38+0000",
          "moonPhaseDate" : null,
          "sign" : "capricorn",
          "timeZone" : 2
        },
        {
          "date" : "2019-11-02T11:15+0000",
          "age" : 7,
          "moonPhase" : "phase1",
          "signDate" : "2019-11-01T01:38+0000",
          "moonPhaseDate" : null,
          "sign" : "capricorn",
          "timeZone" : 2
        },
        {
          "date" : "2019-11-03T11:56+0000",
          "age" : 8,
          "moonPhase" : "phase1",
          "signDate" : "2019-11-03T10:21+0000",
          "moonPhaseDate" : null,
          "sign" : "aquarius",
          "timeZone" : 2
        },
        {
          "date" : "2019-11-04T12:26+0000",
          "age" : 9,
          "moonPhase" : "phase2",
          "signDate" : "2019-11-03T10:21+0000",
          "moonPhaseDate" : "2019-11-04T09:23+0000",
          "sign" : "aquarius",
          "timeZone" : 2
        },
        {
          "date" : "2019-11-05T12:50+0000",
          "age" : 10,
          "moonPhase" : "phase2",
          "signDate" : "2019-11-03T10:21+0000",
          "moonPhaseDate" : "2019-11-04T09:23+0000",
          "sign" : "aquarius",
          "timeZone" : 2
        },
        {
          "date" : "2019-11-06T13:08+0000",
          "age" : 11,
          "moonPhase" : "phase2",
          "signDate" : "2019-11-05T22:11+0000",
          "moonPhaseDate" : "2019-11-04T09:23+0000",
          "sign" : "pisces",
          "timeZone" : 2
        },
        {
          "date" : "2019-11-07T13:23+0000",
          "age" : 12,
          "moonPhase" : "phase2",
          "signDate" : "2019-11-05T22:11+0000",
          "moonPhaseDate" : "2019-11-04T09:23+0000",
          "sign" : "pisces",
          "timeZone" : 2
        },
        {
          "date" : "2019-11-08T13:36+0000",
          "age" : 13,
          "moonPhase" : "phase2",
          "signDate" : "2019-11-08T10:50+0000",
          "moonPhaseDate" : "2019-11-04T09:23+0000",
          "sign" : "aries",
          "timeZone" : 2
        },
        {
          "date" : "2019-11-09T13:49+0000",
          "age" : 14,
          "moonPhase" : "phase2",
          "signDate" : "2019-11-08T10:50+0000",
          "moonPhaseDate" : "2019-11-04T09:23+0000",
          "sign" : "aries",
          "timeZone" : 2
        },
        {
          "date" : "2019-11-10T14:02+0000",
          "age" : 15,
          "moonPhase" : "phase2",
          "signDate" : "2019-11-08T10:50+0000",
          "moonPhaseDate" : "2019-11-04T09:23+0000",
          "sign" : "aries",
          "timeZone" : 2
        },
        {
          "date" : "2019-11-11T14:17+0000",
          "age" : 16,
          "moonPhase" : "phase2",
          "signDate" : "2019-11-10T22:19+0000",
          "moonPhaseDate" : "2019-11-04T09:23+0000",
          "sign" : "taurus",
          "timeZone" : 2
        },
        {
          "date" : "2019-11-12T14:34+0000",
          "age" : 17,
          "moonPhase" : "fullMoon",
          "signDate" : "2019-11-10T22:19+0000",
          "moonPhaseDate" : "2019-11-12T12:35+0000",
          "sign" : "taurus",
          "timeZone" : 2
        },
        {
          "date" : "2019-11-13T14:55+0000",
          "age" : 18,
          "moonPhase" : "phase3",
          "signDate" : "2019-11-13T07:45+0000",
          "moonPhaseDate" : "2019-11-12T12:35+0000",
          "sign" : "gemini",
          "timeZone" : 2
        },
        {
          "date" : "2019-11-14T15:24+0000",
          "age" : 19,
          "moonPhase" : "phase3",
          "signDate" : "2019-11-13T07:45+0000",
          "moonPhaseDate" : "2019-11-12T12:35+0000",
          "sign" : "gemini",
          "timeZone" : 2
        },
        {
          "date" : "2019-11-15T16:03+0000",
          "age" : 20,
          "moonPhase" : "phase3",
          "signDate" : "2019-11-15T15:12+0000",
          "moonPhaseDate" : "2019-11-12T12:35+0000",
          "sign" : "cancer",
          "timeZone" : 2
        },
        {
          "date" : "2019-11-16T16:54+0000",
          "age" : 21,
          "moonPhase" : "phase3",
          "signDate" : "2019-11-15T15:12+0000",
          "moonPhaseDate" : "2019-11-12T12:35+0000",
          "sign" : "cancer",
          "timeZone" : 2
        },
        {
          "date" : "2019-11-17T18:00+0000",
          "age" : 22,
          "moonPhase" : "phase3",
          "signDate" : "2019-11-17T20:54+0000",
          "moonPhaseDate" : "2019-11-12T12:35+0000",
          "sign" : "leo",
          "timeZone" : 2
        },
        {
          "date" : "2019-11-18T19:17+0000",
          "age" : 23,
          "moonPhase" : "phase3",
          "signDate" : "2019-11-17T20:54+0000",
          "moonPhaseDate" : "2019-11-12T12:35+0000",
          "sign" : "leo",
          "timeZone" : 2
        },
        {
          "date" : "2019-11-19T20:40+0000",
          "age" : 24,
          "moonPhase" : "phase4",
          "signDate" : "2019-11-17T20:54+0000",
          "moonPhaseDate" : "2019-11-19T20:11+0000",
          "sign" : "leo",
          "timeZone" : 2
        },
        {
          "date" : "2019-11-20T22:06+0000",
          "age" : 25,
          "moonPhase" : "phase4",
          "signDate" : "2019-11-17T20:54+0000",
          "moonPhaseDate" : "2019-11-19T20:11+0000",
          "sign" : "virgo",
          "timeZone" : 2
        },
        {
          "date" : "2019-11-21T23:34+0000",
          "age" : 26,
          "moonPhase" : "phase4",
          "signDate" : "2019-11-22T03:22+0000",
          "moonPhaseDate" : "2019-11-19T20:11+0000",
          "sign" : "libra",
          "timeZone" : 2
        },
        {
          "date" : "2019-11-23T01:01+0000",
          "age" : 27,
          "moonPhase" : "phase4",
          "signDate" : "2019-11-22T03:22+0000",
          "moonPhaseDate" : "2019-11-19T20:11+0000",
          "sign" : "libra",
          "timeZone" : 2
        },
        {
          "date" : "2019-11-24T02:29+0000",
          "age" : 28,
          "moonPhase" : "phase4",
          "signDate" : "2019-11-24T05:01+0000",
          "moonPhaseDate" : "2019-11-19T20:11+0000",
          "sign" : "scorpio",
          "timeZone" : 2
        },
        {
          "date" : "2019-11-25T03:57+0000",
          "age" : 29,
          "moonPhase" : "phase4",
          "signDate" : "2019-11-24T05:01+0000",
          "moonPhaseDate" : "2019-11-19T20:11+0000",
          "sign" : "scorpio",
          "timeZone" : 2
        },
        {
          "date" : "2019-11-26T05:24+0000",
          "age" : 30,
          "moonPhase" : "newMoon",
          "signDate" : "2019-11-26T07:12+0000",
          "moonPhaseDate" : "2019-11-26T14:06+0000",
          "sign" : "sagittarius",
          "timeZone" : 2
        },
        {
          "date" : "2019-11-26T14:06+0000",
          "age" : 1,
          "moonPhase" : "newMoon",
          "signDate" : "2019-11-26T07:12+0000",
          "moonPhaseDate" : "2019-11-26T14:06+0000",
          "sign" : "sagittarius",
          "timeZone" : 2
        },
        {
          "date" : "2019-11-27T06:47+0000",
          "age" : 2,
          "moonPhase" : "phase1",
          "signDate" : "2019-11-26T07:12+0000",
          "moonPhaseDate" : "2019-11-26T14:06+0000",
          "sign" : "sagittarius",
          "timeZone" : 2
        },
        {
          "date" : "2019-11-28T08:02+0000",
          "age" : 3,
          "moonPhase" : "phase1",
          "signDate" : "2019-11-28T11:32+0000",
          "moonPhaseDate" : "2019-11-26T14:06+0000",
          "sign" : "capricorn",
          "timeZone" : 2
        },
        {
          "date" : "2019-11-29T09:04+0000",
          "age" : 4,
          "moonPhase" : "phase1",
          "signDate" : "2019-11-28T11:32+0000",
          "moonPhaseDate" : "2019-11-26T14:06+0000",
          "sign" : "capricorn",
          "timeZone" : 2
        },
        {
          "date" : "2019-11-30T09:53+0000",
          "age" : 5,
          "moonPhase" : "phase1",
          "signDate" : "2019-11-30T19:15+0000",
          "moonPhaseDate" : "2019-11-26T14:06+0000",
          "sign" : "aquarius",
          "timeZone" : 2
        },
        {
          "date" : "2019-12-01T10:28+0000",
          "age" : 6,
          "moonPhase" : "phase1",
          "signDate" : "2019-11-30T19:15+0000",
          "moonPhaseDate" : null,
          "sign" : "aquarius",
          "timeZone" : 2
        },
        {
          "date" : "2019-12-02T10:54+0000",
          "age" : 7,
          "moonPhase" : "phase1",
          "signDate" : "2019-11-30T19:15+0000",
          "moonPhaseDate" : null,
          "sign" : "aquarius",
          "timeZone" : 2
        },
        {
          "date" : "2019-12-03T11:15+0000",
          "age" : 8,
          "moonPhase" : "phase1",
          "signDate" : "2019-12-03T06:14+0000",
          "moonPhaseDate" : null,
          "sign" : "pisces",
          "timeZone" : 2
        },
        {
          "date" : "2019-12-04T11:31+0000",
          "age" : 9,
          "moonPhase" : "phase2",
          "signDate" : "2019-12-03T06:14+0000",
          "moonPhaseDate" : "2019-12-04T05:58+0000",
          "sign" : "pisces",
          "timeZone" : 2
        },
        {
          "date" : "2019-12-05T11:45+0000",
          "age" : 10,
          "moonPhase" : "phase2",
          "signDate" : "2019-12-05T18:46+0000",
          "moonPhaseDate" : "2019-12-04T05:58+0000",
          "sign" : "aries",
          "timeZone" : 2
        },
        {
          "date" : "2019-12-06T11:57+0000",
          "age" : 11,
          "moonPhase" : "phase2",
          "signDate" : "2019-12-05T18:46+0000",
          "moonPhaseDate" : "2019-12-04T05:58+0000",
          "sign" : "aries",
          "timeZone" : 2
        },
        {
          "date" : "2019-12-07T12:10+0000",
          "age" : 12,
          "moonPhase" : "phase2",
          "signDate" : "2019-12-05T18:46+0000",
          "moonPhaseDate" : "2019-12-04T05:58+0000",
          "sign" : "aries",
          "timeZone" : 2
        },
        {
          "date" : "2019-12-08T12:23+0000",
          "age" : 13,
          "moonPhase" : "phase2",
          "signDate" : "2019-12-08T06:31+0000",
          "moonPhaseDate" : "2019-12-04T05:58+0000",
          "sign" : "taurus",
          "timeZone" : 2
        },
        {
          "date" : "2019-12-09T12:39+0000",
          "age" : 14,
          "moonPhase" : "phase2",
          "signDate" : "2019-12-08T06:31+0000",
          "moonPhaseDate" : "2019-12-04T05:58+0000",
          "sign" : "taurus",
          "timeZone" : 2
        },
        {
          "date" : "2019-12-10T12:58+0000",
          "age" : 15,
          "moonPhase" : "phase2",
          "signDate" : "2019-12-10T15:49+0000",
          "moonPhaseDate" : "2019-12-04T05:58+0000",
          "sign" : "gemini",
          "timeZone" : 2
        },
        {
          "date" : "2019-12-11T13:24+0000",
          "age" : 16,
          "moonPhase" : "phase2",
          "signDate" : "2019-12-10T15:49+0000",
          "moonPhaseDate" : "2019-12-04T05:58+0000",
          "sign" : "gemini",
          "timeZone" : 2
        },
        {
          "date" : "2019-12-12T13:59+0000",
          "age" : 17,
          "moonPhase" : "fullMoon",
          "signDate" : "2019-12-10T15:49+0000",
          "moonPhaseDate" : "2019-12-12T04:12+0000",
          "sign" : "gemini",
          "timeZone" : 2
        },
        {
          "date" : "2019-12-13T14:46+0000",
          "age" : 18,
          "moonPhase" : "phase3",
          "signDate" : "2019-12-12T22:24+0000",
          "moonPhaseDate" : "2019-12-12T04:12+0000",
          "sign" : "cancer",
          "timeZone" : 2
        },
        {
          "date" : "2019-12-14T15:48+0000",
          "age" : 19,
          "moonPhase" : "phase3",
          "signDate" : "2019-12-12T22:24+0000",
          "moonPhaseDate" : "2019-12-12T04:12+0000",
          "sign" : "cancer",
          "timeZone" : 2
        },
        {
          "date" : "2019-12-15T17:04+0000",
          "age" : 20,
          "moonPhase" : "phase3",
          "signDate" : "2019-12-15T02:53+0000",
          "moonPhaseDate" : "2019-12-12T04:12+0000",
          "sign" : "leo",
          "timeZone" : 2
        },
        {
          "date" : "2019-12-16T18:27+0000",
          "age" : 21,
          "moonPhase" : "phase3",
          "signDate" : "2019-12-15T02:53+0000",
          "moonPhaseDate" : "2019-12-12T04:12+0000",
          "sign" : "leo",
          "timeZone" : 2
        },
        {
          "date" : "2019-12-17T19:53+0000",
          "age" : 22,
          "moonPhase" : "phase3",
          "signDate" : "2019-12-17T06:13+0000",
          "moonPhaseDate" : "2019-12-12T04:12+0000",
          "sign" : "virgo",
          "timeZone" : 2
        },
        {
          "date" : "2019-12-18T21:19+0000",
          "age" : 23,
          "moonPhase" : "phase3",
          "signDate" : "2019-12-17T06:13+0000",
          "moonPhaseDate" : "2019-12-12T04:12+0000",
          "sign" : "virgo",
          "timeZone" : 2
        },
        {
          "date" : "2019-12-19T22:45+0000",
          "age" : 24,
          "moonPhase" : "phase4",
          "signDate" : "2019-12-17T06:13+0000",
          "moonPhaseDate" : "2019-12-19T03:57+0000",
          "sign" : "libra",
          "timeZone" : 2
        },
        {
          "date" : "2019-12-21T00:10+0000",
          "age" : 25,
          "moonPhase" : "phase4",
          "signDate" : "2019-12-21T12:01+0000",
          "moonPhaseDate" : "2019-12-19T03:57+0000",
          "sign" : "scorpio",
          "timeZone" : 2
        },
        {
          "date" : "2019-12-22T01:35+0000",
          "age" : 26,
          "moonPhase" : "phase4",
          "signDate" : "2019-12-21T12:01+0000",
          "moonPhaseDate" : "2019-12-19T03:57+0000",
          "sign" : "scorpio",
          "timeZone" : 2
        },
        {
          "date" : "2019-12-23T03:00+0000",
          "age" : 27,
          "moonPhase" : "phase4",
          "signDate" : "2019-12-23T15:37+0000",
          "moonPhaseDate" : "2019-12-19T03:57+0000",
          "sign" : "sagittarius",
          "timeZone" : 2
        },
        {
          "date" : "2019-12-24T04:23+0000",
          "age" : 28,
          "moonPhase" : "phase4",
          "signDate" : "2019-12-23T15:37+0000",
          "moonPhaseDate" : "2019-12-19T03:57+0000",
          "sign" : "sagittarius",
          "timeZone" : 2
        },
        {
          "date" : "2019-12-25T05:41+0000",
          "age" : 29,
          "moonPhase" : "phase4",
          "signDate" : "2019-12-25T20:46+0000",
          "moonPhaseDate" : "2019-12-19T03:57+0000",
          "sign" : "capricorn",
          "timeZone" : 2
        },
        {
          "date" : "2019-12-26T04:13+0000",
          "age" : 1,
          "moonPhase" : "newMoon",
          "signDate" : "2019-12-25T20:46+0000",
          "moonPhaseDate" : "2019-12-26T04:13+0000",
          "sign" : "capricorn",
          "timeZone" : 2
        },
        {
          "date" : "2019-12-26T06:50+0000",
          "age" : 2,
          "moonPhase" : "newMoon",
          "signDate" : "2019-12-25T20:46+0000",
          "moonPhaseDate" : "2019-12-26T04:13+0000",
          "sign" : "capricorn",
          "timeZone" : 2
        },
        {
          "date" : "2019-12-27T07:45+0000",
          "age" : 3,
          "moonPhase" : "phase1",
          "signDate" : "2019-12-25T20:46+0000",
          "moonPhaseDate" : "2019-12-26T04:13+0000",
          "sign" : "capricorn",
          "timeZone" : 2
        },
        {
          "date" : "2019-12-28T08:26+0000",
          "age" : 4,
          "moonPhase" : "phase1",
          "signDate" : "2019-12-28T04:21+0000",
          "moonPhaseDate" : "2019-12-26T04:13+0000",
          "sign" : "aquarius",
          "timeZone" : 2
        },
        {
          "date" : "2019-12-29T08:56+0000",
          "age" : 5,
          "moonPhase" : "phase1",
          "signDate" : "2019-12-28T04:21+0000",
          "moonPhaseDate" : "2019-12-26T04:13+0000",
          "sign" : "aquarius",
          "timeZone" : 2
        },
        {
          "date" : "2019-12-30T09:19+0000",
          "age" : 6,
          "moonPhase" : "phase1",
          "signDate" : "2019-12-30T14:43+0000",
          "moonPhaseDate" : "2019-12-26T04:13+0000",
          "sign" : "pisces",
          "timeZone" : 2
        },
        {
          "date" : "2019-12-31T09:37+0000",
          "age" : 7,
          "moonPhase" : "phase1",
          "signDate" : "2019-12-30T14:43+0000",
          "moonPhaseDate" : "2019-12-26T04:13+0000",
          "sign" : "pisces",
          "timeZone" : 2
        },
        {
          "date" : "2020-01-01T09:52+0000",
          "age" : 8,
          "moonPhase" : "phase1",
          "signDate" : "2019-12-30T14:43+0000",
          "moonPhaseDate" : null,
          "sign" : "pisces",
          "timeZone" : 2
        },
        {
          "date" : "2020-01-02T10:04+0000",
          "age" : 9,
          "moonPhase" : "phase1",
          "signDate" : "2020-01-02T03:01+0000",
          "moonPhaseDate" : null,
          "sign" : "aries",
          "timeZone" : 2
        },
        {
          "date" : "2020-01-03T10:17+0000",
          "age" : 10,
          "moonPhase" : "phase2",
          "signDate" : "2020-01-02T03:01+0000",
          "moonPhaseDate" : "2020-01-03T03:45+0000",
          "sign" : "aries",
          "timeZone" : 2
        },
        {
          "date" : "2020-01-04T10:30+0000",
          "age" : 11,
          "moonPhase" : "phase2",
          "signDate" : "2020-01-04T15:15+0000",
          "moonPhaseDate" : "2020-01-03T03:45+0000",
          "sign" : "taurus",
          "timeZone" : 2
        },
        {
          "date" : "2020-01-05T10:44+0000",
          "age" : 12,
          "moonPhase" : "phase2",
          "signDate" : "2020-01-04T15:15+0000",
          "moonPhaseDate" : "2020-01-03T03:45+0000",
          "sign" : "taurus",
          "timeZone" : 2
        },
        {
          "date" : "2020-01-06T11:01+0000",
          "age" : 13,
          "moonPhase" : "phase2",
          "signDate" : "2020-01-04T15:15+0000",
          "moonPhaseDate" : "2020-01-03T03:45+0000",
          "sign" : "taurus",
          "timeZone" : 2
        },
        {
          "date" : "2020-01-07T11:23+0000",
          "age" : 14,
          "moonPhase" : "phase2",
          "signDate" : "2020-01-07T01:13+0000",
          "moonPhaseDate" : "2020-01-03T03:45+0000",
          "sign" : "gemini",
          "timeZone" : 2
        },
        {
          "date" : "2020-01-08T11:53+0000",
          "age" : 15,
          "moonPhase" : "phase2",
          "signDate" : "2020-01-07T01:13+0000",
          "moonPhaseDate" : "2020-01-03T03:45+0000",
          "sign" : "gemini",
          "timeZone" : 2
        },
        {
          "date" : "2020-01-09T12:34+0000",
          "age" : 16,
          "moonPhase" : "phase2",
          "signDate" : "2020-01-09T07:45+0000",
          "moonPhaseDate" : "2020-01-03T03:45+0000",
          "sign" : "cancer",
          "timeZone" : 2
        },
        {
          "date" : "2020-01-10T13:31+0000",
          "age" : 17,
          "moonPhase" : "fullMoon",
          "signDate" : "2020-01-09T07:45+0000",
          "moonPhaseDate" : "2020-01-10T18:21+0000",
          "sign" : "cancer",
          "timeZone" : 2
        },
        {
          "date" : "2020-01-11T14:43+0000",
          "age" : 18,
          "moonPhase" : "phase3",
          "signDate" : "2020-01-11T11:16+0000",
          "moonPhaseDate" : "2020-01-10T18:21+0000",
          "sign" : "leo",
          "timeZone" : 2
        },
        {
          "date" : "2020-01-12T16:06+0000",
          "age" : 19,
          "moonPhase" : "phase3",
          "signDate" : "2020-01-11T11:16+0000",
          "moonPhaseDate" : "2020-01-10T18:21+0000",
          "sign" : "leo",
          "timeZone" : 2
        },
        {
          "date" : "2020-01-13T17:35+0000",
          "age" : 20,
          "moonPhase" : "phase3",
          "signDate" : "2020-01-13T13:05+0000",
          "moonPhaseDate" : "2020-01-10T18:21+0000",
          "sign" : "virgo",
          "timeZone" : 2
        },
        {
          "date" : "2020-01-14T19:03+0000",
          "age" : 21,
          "moonPhase" : "phase3",
          "signDate" : "2020-01-13T13:05+0000",
          "moonPhaseDate" : "2020-01-10T18:21+0000",
          "sign" : "virgo",
          "timeZone" : 2
        },
        {
          "date" : "2020-01-15T20:31+0000",
          "age" : 22,
          "moonPhase" : "phase3",
          "signDate" : "2020-01-15T14:42+0000",
          "moonPhaseDate" : "2020-01-10T18:21+0000",
          "sign" : "libra",
          "timeZone" : 2
        },
        {
          "date" : "2020-01-16T21:57+0000",
          "age" : 23,
          "moonPhase" : "phase3",
          "signDate" : "2020-01-15T14:42+0000",
          "moonPhaseDate" : "2020-01-10T18:21+0000",
          "sign" : "libra",
          "timeZone" : 2
        },
        {
          "date" : "2020-01-17T23:22+0000",
          "age" : 24,
          "moonPhase" : "phase4",
          "signDate" : "2020-01-15T14:42+0000",
          "moonPhaseDate" : "2020-01-17T11:58+0000",
          "sign" : "scorpio",
          "timeZone" : 2
        },
        {
          "date" : "2020-01-19T00:46+0000",
          "age" : 25,
          "moonPhase" : "phase4",
          "signDate" : "2020-01-19T21:43+0000",
          "moonPhaseDate" : "2020-01-17T11:58+0000",
          "sign" : "sagittarius",
          "timeZone" : 2
        },
        {
          "date" : "2020-01-20T02:09+0000",
          "age" : 26,
          "moonPhase" : "phase4",
          "signDate" : "2020-01-19T21:43+0000",
          "moonPhaseDate" : "2020-01-17T11:58+0000",
          "sign" : "sagittarius",
          "timeZone" : 2
        },
        {
          "date" : "2020-01-21T03:27+0000",
          "age" : 27,
          "moonPhase" : "phase4",
          "signDate" : "2020-01-19T21:43+0000",
          "moonPhaseDate" : "2020-01-17T11:58+0000",
          "sign" : "sagittarius",
          "timeZone" : 2
        },
        {
          "date" : "2020-01-22T04:38+0000",
          "age" : 28,
          "moonPhase" : "phase4",
          "signDate" : "2020-01-22T04:02+0000",
          "moonPhaseDate" : "2020-01-17T11:58+0000",
          "sign" : "capricorn",
          "timeZone" : 2
        },
        {
          "date" : "2020-01-23T05:37+0000",
          "age" : 29,
          "moonPhase" : "phase4",
          "signDate" : "2020-01-22T04:02+0000",
          "moonPhaseDate" : "2020-01-17T11:58+0000",
          "sign" : "capricorn",
          "timeZone" : 2
        },
        {
          "date" : "2020-01-24T06:23+0000",
          "age" : 30,
          "moonPhase" : "newMoon",
          "signDate" : "2020-01-24T12:22+0000",
          "moonPhaseDate" : "2020-01-24T20:42+0000",
          "sign" : "aquarius",
          "timeZone" : 2
        },
        {
          "date" : "2020-01-24T20:42+0000",
          "age" : 1,
          "moonPhase" : "newMoon",
          "signDate" : "2020-01-24T12:22+0000",
          "moonPhaseDate" : "2020-01-24T20:42+0000",
          "sign" : "aquarius",
          "timeZone" : 2
        },
        {
          "date" : "2020-01-25T06:57+0000",
          "age" : 2,
          "moonPhase" : "phase1",
          "signDate" : "2020-01-24T12:22+0000",
          "moonPhaseDate" : "2020-01-24T20:42+0000",
          "sign" : "aquarius",
          "timeZone" : 2
        },
        {
          "date" : "2020-01-26T07:22+0000",
          "age" : 3,
          "moonPhase" : "phase1",
          "signDate" : "2020-01-24T12:22+0000",
          "moonPhaseDate" : "2020-01-24T20:42+0000",
          "sign" : "aquarius",
          "timeZone" : 2
        },
        {
          "date" : "2020-01-27T07:42+0000",
          "age" : 4,
          "moonPhase" : "phase1",
          "signDate" : "2020-01-26T22:45+0000",
          "moonPhaseDate" : "2020-01-24T20:42+0000",
          "sign" : "pisces",
          "timeZone" : 2
        },
        {
          "date" : "2020-01-28T07:58+0000",
          "age" : 5,
          "moonPhase" : "phase1",
          "signDate" : "2020-01-26T22:45+0000",
          "moonPhaseDate" : "2020-01-24T20:42+0000",
          "sign" : "pisces",
          "timeZone" : 2
        },
        {
          "date" : "2020-01-29T08:11+0000",
          "age" : 6,
          "moonPhase" : "phase1",
          "signDate" : "2020-01-29T10:51+0000",
          "moonPhaseDate" : "2020-01-24T20:42+0000",
          "sign" : "aries",
          "timeZone" : 2
        },
        {
          "date" : "2020-01-30T08:24+0000",
          "age" : 7,
          "moonPhase" : "phase1",
          "signDate" : "2020-01-29T10:51+0000",
          "moonPhaseDate" : "2020-01-24T20:42+0000",
          "sign" : "aries",
          "timeZone" : 2
        },
        {
          "date" : "2020-01-31T08:36+0000",
          "age" : 8,
          "moonPhase" : "phase1",
          "signDate" : "2020-01-29T10:51+0000",
          "moonPhaseDate" : "2020-01-24T20:42+0000",
          "sign" : "aries",
          "timeZone" : 2
        },
        {
          "date" : "2020-01-31T08:36+0000",
          "age" : 8,
          "moonPhase" : "phase1",
          "signDate" : "2020-01-29T10:51+0000",
          "moonPhaseDate" : "2020-01-24T20:42+0000",
          "sign" : "aries",
          "timeZone" : 2
        }
      ],
      "cityName" : "Копенгаген"
    }
  ]
}