{
  "cities" : [
    {
      "cityName" : "Карачи",
      "timeZone" : 6,
      "moonDays" : [
        {
          "sign" : "aries",
          "age" : 26,
          "moonPhase" : null,
          "timeZone" : 6,
          "date" : "2019-04-30T22:56+0000",
          "signDate" : "2019-05-01T10:23+0000",
          "moonPhaseDate" : null
        },
        {
          "timeZone" : 6,
          "sign" : "aries",
          "age" : 27,
          "moonPhase" : null,
          "date" : "2019-05-01T23:29+0000",
          "signDate" : "2019-05-01T10:23+0000",
          "moonPhaseDate" : null
        },
        {
          "timeZone" : 6,
          "age" : 28,
          "sign" : "aries",
          "moonPhase" : null,
          "date" : "2019-05-03T00:03+0000",
          "signDate" : "2019-05-01T10:23+0000",
          "moonPhaseDate" : null
        },
        {
          "timeZone" : 6,
          "age" : 29,
          "sign" : "taurus",
          "moonPhase" : null,
          "date" : "2019-05-04T00:39+0000",
          "signDate" : "2019-05-03T20:21+0000",
          "moonPhaseDate" : null
        },
        {
          "timeZone" : 6,
          "sign" : "taurus",
          "age" : 1,
          "moonPhase" : "newMoon",
          "date" : "2019-05-04T22:45+0000",
          "signDate" : "2019-05-03T20:21+0000",
          "moonPhaseDate" : "2019-05-04T22:45+0000"
        },
        {
          "age" : 2,
          "timeZone" : 6,
          "sign" : "taurus",
          "moonPhase" : "newMoon",
          "date" : "2019-05-05T01:16+0000",
          "signDate" : "2019-05-03T20:21+0000",
          "moonPhaseDate" : "2019-05-04T22:45+0000"
        },
        {
          "signDate" : "2019-05-06T03:42+0000",
          "age" : 3,
          "timeZone" : 6,
          "sign" : "gemini",
          "date" : "2019-05-06T01:58+0000",
          "moonPhase" : "phase1",
          "moonPhaseDate" : "2019-05-04T22:45+0000"
        },
        {
          "timeZone" : 6,
          "age" : 4,
          "date" : "2019-05-07T02:43+0000",
          "signDate" : "2019-05-06T03:42+0000",
          "sign" : "gemini",
          "moonPhase" : "phase1",
          "moonPhaseDate" : "2019-05-04T22:45+0000"
        },
        {
          "sign" : "cancer",
          "moonPhaseDate" : "2019-05-04T22:45+0000",
          "moonPhase" : "phase1",
          "timeZone" : 6,
          "date" : "2019-05-08T03:34+0000",
          "age" : 5,
          "signDate" : "2019-05-08T09:05+0000"
        },
        {
          "sign" : "cancer",
          "moonPhaseDate" : "2019-05-04T22:45+0000",
          "moonPhase" : "phase1",
          "timeZone" : 6,
          "date" : "2019-05-09T04:30+0000",
          "age" : 6,
          "signDate" : "2019-05-08T09:05+0000"
        },
        {
          "moonPhaseDate" : "2019-05-04T22:45+0000",
          "sign" : "leo",
          "moonPhase" : "phase1",
          "timeZone" : 6,
          "date" : "2019-05-10T05:29+0000",
          "age" : 7,
          "signDate" : "2019-05-10T13:12+0000"
        },
        {
          "sign" : "leo",
          "moonPhaseDate" : "2019-05-04T22:45+0000",
          "moonPhase" : "phase1",
          "timeZone" : 6,
          "date" : "2019-05-11T06:32+0000",
          "age" : 8,
          "signDate" : "2019-05-10T13:12+0000"
        },
        {
          "sign" : "virgo",
          "moonPhaseDate" : "2019-05-12T01:12+0000",
          "moonPhase" : "phase2",
          "timeZone" : 6,
          "date" : "2019-05-12T07:35+0000",
          "age" : 9,
          "signDate" : "2019-05-12T16:23+0000"
        },
        {
          "sign" : "virgo",
          "moonPhaseDate" : "2019-05-12T01:12+0000",
          "moonPhase" : "phase2",
          "timeZone" : 6,
          "date" : "2019-05-13T08:38+0000",
          "age" : 10,
          "signDate" : "2019-05-12T16:23+0000"
        },
        {
          "sign" : "virgo",
          "moonPhaseDate" : "2019-05-12T01:12+0000",
          "moonPhase" : "phase2",
          "timeZone" : 6,
          "date" : "2019-05-14T09:40+0000",
          "age" : 11,
          "signDate" : "2019-05-12T16:23+0000"
        },
        {
          "sign" : "libra",
          "moonPhaseDate" : "2019-05-12T01:12+0000",
          "moonPhase" : "phase2",
          "timeZone" : 6,
          "date" : "2019-05-15T10:41+0000",
          "age" : 12,
          "signDate" : "2019-05-14T18:53+0000"
        },
        {
          "sign" : "libra",
          "moonPhaseDate" : "2019-05-12T01:12+0000",
          "moonPhase" : "phase2",
          "timeZone" : 6,
          "date" : "2019-05-16T11:43+0000",
          "age" : 13,
          "signDate" : "2019-05-14T18:53+0000"
        },
        {
          "sign" : "scorpio",
          "moonPhaseDate" : "2019-05-12T01:12+0000",
          "moonPhase" : "phase2",
          "timeZone" : 6,
          "date" : "2019-05-17T12:43+0000",
          "age" : 14,
          "signDate" : "2019-05-16T21:25+0000"
        },
        {
          "sign" : "scorpio",
          "moonPhaseDate" : "2019-05-12T01:12+0000",
          "moonPhase" : "phase2",
          "timeZone" : 6,
          "date" : "2019-05-18T13:44+0000",
          "age" : 15,
          "signDate" : "2019-05-16T21:25+0000"
        },
        {
          "sign" : "sagittarius",
          "moonPhaseDate" : "2019-05-18T21:11+0000",
          "moonPhase" : "fullMoon",
          "timeZone" : 6,
          "date" : "2019-05-19T14:44+0000",
          "age" : 16,
          "signDate" : "2019-05-19T01:19+0000"
        },
        {
          "sign" : "sagittarius",
          "moonPhaseDate" : "2019-05-18T21:11+0000",
          "moonPhase" : "phase3",
          "timeZone" : 6,
          "date" : "2019-05-20T15:43+0000",
          "age" : 17,
          "signDate" : "2019-05-19T01:19+0000"
        },
        {
          "moonPhaseDate" : "2019-05-18T21:11+0000",
          "sign" : "capricorn",
          "moonPhase" : "phase3",
          "timeZone" : 6,
          "date" : "2019-05-21T16:39+0000",
          "age" : 18,
          "signDate" : "2019-05-21T07:56+0000"
        },
        {
          "moonPhaseDate" : "2019-05-18T21:11+0000",
          "sign" : "capricorn",
          "moonPhase" : "phase3",
          "timeZone" : 6,
          "date" : "2019-05-22T17:32+0000",
          "age" : 19,
          "signDate" : "2019-05-21T07:56+0000"
        },
        {
          "sign" : "aquarius",
          "moonPhaseDate" : "2019-05-18T21:11+0000",
          "moonPhase" : "phase3",
          "timeZone" : 6,
          "date" : "2019-05-23T18:20+0000",
          "age" : 20,
          "signDate" : "2019-05-21T07:56+0000"
        },
        {
          "sign" : "aquarius",
          "moonPhaseDate" : "2019-05-18T21:11+0000",
          "moonPhase" : "phase3",
          "timeZone" : 6,
          "date" : "2019-05-24T19:03+0000",
          "age" : 21,
          "signDate" : "2019-05-21T07:56+0000"
        },
        {
          "sign" : "pisces",
          "moonPhaseDate" : "2019-05-26T16:33+0000",
          "moonPhase" : "phase4",
          "timeZone" : 6,
          "date" : "2019-05-25T19:43+0000",
          "age" : 22,
          "signDate" : "2019-05-26T06:07+0000"
        },
        {
          "sign" : "pisces",
          "moonPhaseDate" : "2019-05-26T16:33+0000",
          "moonPhase" : "phase4",
          "timeZone" : 6,
          "date" : "2019-05-26T20:20+0000",
          "age" : 23,
          "signDate" : "2019-05-26T06:07+0000"
        },
        {
          "moonPhaseDate" : "2019-05-26T16:33+0000",
          "sign" : "pisces",
          "moonPhase" : "phase4",
          "timeZone" : 6,
          "date" : "2019-05-27T20:55+0000",
          "age" : 24,
          "signDate" : "2019-05-26T06:07+0000"
        },
        {
          "moonPhaseDate" : "2019-05-26T16:33+0000",
          "sign" : "aries",
          "moonPhase" : "phase4",
          "timeZone" : 6,
          "date" : "2019-05-28T21:28+0000",
          "age" : 25,
          "signDate" : "2019-05-28T18:29+0000"
        },
        {
          "sign" : "aries",
          "moonPhaseDate" : "2019-05-26T16:33+0000",
          "moonPhase" : "phase4",
          "timeZone" : 6,
          "date" : "2019-05-29T22:02+0000",
          "age" : 26,
          "signDate" : "2019-05-28T18:29+0000"
        },
        {
          "sign" : "taurus",
          "moonPhaseDate" : "2019-05-26T16:33+0000",
          "moonPhase" : "phase4",
          "timeZone" : 6,
          "date" : "2019-05-30T22:36+0000",
          "age" : 27,
          "signDate" : "2019-05-31T04:44+0000"
        },
        {
          "sign" : "taurus",
          "moonPhaseDate" : null,
          "moonPhase" : "phase4",
          "timeZone" : 6,
          "date" : "2019-05-31T23:12+0000",
          "age" : 28,
          "signDate" : "2019-05-31T04:44+0000"
        },
        {
          "sign" : "gemini",
          "moonPhaseDate" : null,
          "moonPhase" : "phase4",
          "timeZone" : 6,
          "date" : "2019-06-01T23:52+0000",
          "age" : 29,
          "signDate" : "2019-06-02T11:51+0000"
        },
        {
          "sign" : "gemini",
          "moonPhaseDate" : "2019-06-03T10:02+0000",
          "moonPhase" : "newMoon",
          "timeZone" : 6,
          "date" : "2019-06-03T00:36+0000",
          "age" : 30,
          "signDate" : "2019-06-02T11:51+0000"
        },
        {
          "sign" : "gemini",
          "moonPhaseDate" : "2019-06-03T10:02+0000",
          "moonPhase" : "newMoon",
          "timeZone" : 6,
          "date" : "2019-06-03T10:02+0000",
          "age" : 1,
          "signDate" : "2019-06-02T11:51+0000"
        },
        {
          "sign" : "cancer",
          "moonPhaseDate" : "2019-06-03T10:02+0000",
          "moonPhase" : "phase1",
          "timeZone" : 6,
          "date" : "2019-06-04T01:26+0000",
          "age" : 2,
          "signDate" : "2019-06-04T16:18+0000"
        },
        {
          "moonPhaseDate" : "2019-06-03T10:02+0000",
          "sign" : "cancer",
          "moonPhase" : "phase1",
          "timeZone" : 6,
          "date" : "2019-06-05T02:21+0000",
          "age" : 3,
          "signDate" : "2019-06-04T16:18+0000"
        },
        {
          "sign" : "cancer",
          "moonPhaseDate" : "2019-06-03T10:02+0000",
          "moonPhase" : "phase1",
          "timeZone" : 6,
          "date" : "2019-06-06T03:21+0000",
          "age" : 4,
          "signDate" : "2019-06-04T16:18+0000"
        },
        {
          "sign" : "leo",
          "moonPhaseDate" : "2019-06-03T10:02+0000",
          "moonPhase" : "phase1",
          "timeZone" : 6,
          "date" : "2019-06-07T04:24+0000",
          "age" : 5,
          "signDate" : "2019-06-06T19:14+0000"
        },
        {
          "sign" : "leo",
          "moonPhaseDate" : "2019-06-03T10:02+0000",
          "moonPhase" : "phase1",
          "timeZone" : 6,
          "date" : "2019-06-08T05:28+0000",
          "age" : 6,
          "signDate" : "2019-06-06T19:14+0000"
        },
        {
          "sign" : "virgo",
          "moonPhaseDate" : "2019-06-03T10:02+0000",
          "moonPhase" : "phase1",
          "timeZone" : 6,
          "date" : "2019-06-09T06:32+0000",
          "age" : 7,
          "signDate" : "2019-06-08T21:43+0000"
        },
        {
          "sign" : "virgo",
          "moonPhaseDate" : "2019-06-10T05:59+0000",
          "moonPhase" : "phase2",
          "timeZone" : 6,
          "date" : "2019-06-10T07:34+0000",
          "age" : 8,
          "signDate" : "2019-06-08T21:43+0000"
        },
        {
          "sign" : "libra",
          "moonPhaseDate" : "2019-06-10T05:59+0000",
          "moonPhase" : "phase2",
          "timeZone" : 6,
          "date" : "2019-06-11T08:35+0000",
          "age" : 9,
          "signDate" : "2019-06-11T00:30+0000"
        },
        {
          "moonPhaseDate" : "2019-06-10T05:59+0000",
          "sign" : "libra",
          "moonPhase" : "phase2",
          "timeZone" : 6,
          "date" : "2019-06-12T09:35+0000",
          "age" : 10,
          "signDate" : "2019-06-11T00:30+0000"
        },
        {
          "sign" : "scorpio",
          "moonPhaseDate" : "2019-06-10T05:59+0000",
          "moonPhase" : "phase2",
          "timeZone" : 6,
          "date" : "2019-06-13T10:34+0000",
          "age" : 11,
          "signDate" : "2019-06-13T04:03+0000"
        },
        {
          "moonPhaseDate" : "2019-06-10T05:59+0000",
          "sign" : "scorpio",
          "moonPhase" : "phase2",
          "timeZone" : 6,
          "date" : "2019-06-14T11:33+0000",
          "age" : 12,
          "signDate" : "2019-06-13T04:03+0000"
        },
        {
          "sign" : "sagittarius",
          "moonPhaseDate" : "2019-06-10T05:59+0000",
          "moonPhase" : "phase2",
          "timeZone" : 6,
          "date" : "2019-06-15T12:33+0000",
          "age" : 13,
          "signDate" : "2019-06-15T09:01+0000"
        },
        {
          "sign" : "sagittarius",
          "moonPhaseDate" : "2019-06-10T05:59+0000",
          "moonPhase" : "phase2",
          "timeZone" : 6,
          "date" : "2019-06-16T13:31+0000",
          "age" : 14,
          "signDate" : "2019-06-15T09:01+0000"
        },
        {
          "sign" : "capricorn",
          "moonPhaseDate" : "2019-06-17T08:31+0000",
          "moonPhase" : "fullMoon",
          "timeZone" : 6,
          "date" : "2019-06-17T14:28+0000",
          "age" : 15,
          "signDate" : "2019-06-17T16:11+0000"
        },
        {
          "sign" : "capricorn",
          "moonPhaseDate" : "2019-06-17T08:31+0000",
          "moonPhase" : "phase3",
          "timeZone" : 6,
          "date" : "2019-06-18T15:22+0000",
          "age" : 16,
          "signDate" : "2019-06-17T16:11+0000"
        },
        {
          "sign" : "capricorn",
          "moonPhaseDate" : "2019-06-17T08:31+0000",
          "moonPhase" : "phase3",
          "timeZone" : 6,
          "date" : "2019-06-19T16:13+0000",
          "age" : 17,
          "signDate" : "2019-06-17T16:11+0000"
        },
        {
          "sign" : "aquarius",
          "moonPhaseDate" : "2019-06-17T08:31+0000",
          "moonPhase" : "phase3",
          "timeZone" : 6,
          "date" : "2019-06-20T16:58+0000",
          "age" : 18,
          "signDate" : "2019-06-20T02:01+0000"
        },
        {
          "sign" : "aquarius",
          "moonPhaseDate" : "2019-06-17T08:31+0000",
          "moonPhase" : "phase3",
          "timeZone" : 6,
          "date" : "2019-06-21T17:40+0000",
          "age" : 19,
          "signDate" : "2019-06-20T02:01+0000"
        },
        {
          "sign" : "pisces",
          "moonPhaseDate" : "2019-06-17T08:31+0000",
          "moonPhase" : "phase3",
          "timeZone" : 6,
          "date" : "2019-06-22T18:18+0000",
          "age" : 20,
          "signDate" : "2019-06-20T02:01+0000"
        },
        {
          "sign" : "pisces",
          "moonPhaseDate" : "2019-06-17T08:31+0000",
          "moonPhase" : "phase3",
          "timeZone" : 6,
          "date" : "2019-06-23T18:54+0000",
          "age" : 21,
          "signDate" : "2019-06-20T02:01+0000"
        },
        {
          "sign" : "aries",
          "moonPhaseDate" : "2019-06-25T09:46+0000",
          "moonPhase" : "phase4",
          "timeZone" : 6,
          "date" : "2019-06-24T19:27+0000",
          "age" : 22,
          "signDate" : "2019-06-25T02:34+0000"
        },
        {
          "sign" : "aries",
          "moonPhaseDate" : "2019-06-25T09:46+0000",
          "moonPhase" : "phase4",
          "timeZone" : 6,
          "date" : "2019-06-25T20:00+0000",
          "age" : 23,
          "signDate" : "2019-06-25T02:34+0000"
        },
        {
          "sign" : "taurus",
          "moonPhaseDate" : "2019-06-25T09:46+0000",
          "moonPhase" : "phase4",
          "timeZone" : 6,
          "date" : "2019-06-26T20:33+0000",
          "age" : 24,
          "signDate" : "2019-06-27T13:30+0000"
        },
        {
          "sign" : "taurus",
          "moonPhaseDate" : "2019-06-25T09:46+0000",
          "moonPhase" : "phase4",
          "timeZone" : 6,
          "date" : "2019-06-27T21:08+0000",
          "age" : 25,
          "signDate" : "2019-06-27T13:30+0000"
        },
        {
          "sign" : "taurus",
          "moonPhaseDate" : "2019-06-25T09:46+0000",
          "moonPhase" : "phase4",
          "timeZone" : 6,
          "date" : "2019-06-28T21:46+0000",
          "age" : 26,
          "signDate" : "2019-06-27T13:30+0000"
        },
        {
          "sign" : "gemini",
          "moonPhaseDate" : "2019-06-25T09:46+0000",
          "moonPhase" : "phase4",
          "timeZone" : 6,
          "date" : "2019-06-29T22:27+0000",
          "age" : 27,
          "signDate" : "2019-06-29T21:10+0000"
        },
        {
          "sign" : "gemini",
          "moonPhaseDate" : null,
          "moonPhase" : "phase4",
          "timeZone" : 6,
          "date" : "2019-06-30T23:14+0000",
          "age" : 28,
          "signDate" : "2019-06-29T21:10+0000"
        },
        {
          "sign" : "cancer",
          "moonPhaseDate" : null,
          "moonPhase" : "phase4",
          "timeZone" : 6,
          "date" : "2019-07-02T00:07+0000",
          "age" : 29,
          "signDate" : "2019-07-02T01:26+0000"
        },
        {
          "sign" : "cancer",
          "moonPhaseDate" : "2019-07-02T19:16+0000",
          "moonPhase" : "newMoon",
          "timeZone" : 6,
          "date" : "2019-07-02T19:16+0000",
          "age" : 1,
          "signDate" : "2019-07-02T01:26+0000"
        },
        {
          "sign" : "cancer",
          "moonPhaseDate" : "2019-07-02T19:16+0000",
          "moonPhase" : "newMoon",
          "timeZone" : 6,
          "date" : "2019-07-03T01:06+0000",
          "age" : 2,
          "signDate" : "2019-07-02T01:26+0000"
        },
        {
          "sign" : "leo",
          "moonPhaseDate" : "2019-07-02T19:16+0000",
          "moonPhase" : "phase1",
          "timeZone" : 6,
          "date" : "2019-07-04T02:10+0000",
          "age" : 3,
          "signDate" : "2019-07-04T03:21+0000"
        },
        {
          "sign" : "leo",
          "moonPhaseDate" : "2019-07-02T19:16+0000",
          "moonPhase" : "phase1",
          "timeZone" : 6,
          "date" : "2019-07-05T03:16+0000",
          "age" : 4,
          "signDate" : "2019-07-04T03:21+0000"
        },
        {
          "sign" : "virgo",
          "moonPhaseDate" : "2019-07-02T19:16+0000",
          "moonPhase" : "phase1",
          "timeZone" : 6,
          "date" : "2019-07-06T04:22+0000",
          "age" : 5,
          "signDate" : "2019-07-06T04:25+0000"
        },
        {
          "sign" : "virgo",
          "moonPhaseDate" : "2019-07-02T19:16+0000",
          "moonPhase" : "phase1",
          "timeZone" : 6,
          "date" : "2019-07-07T05:26+0000",
          "age" : 6,
          "signDate" : "2019-07-06T04:25+0000"
        },
        {
          "sign" : "libra",
          "moonPhaseDate" : "2019-07-02T19:16+0000",
          "moonPhase" : "phase1",
          "timeZone" : 6,
          "date" : "2019-07-08T06:29+0000",
          "age" : 7,
          "signDate" : "2019-07-08T06:07+0000"
        },
        {
          "sign" : "libra",
          "moonPhaseDate" : "2019-07-09T10:55+0000",
          "moonPhase" : "phase2",
          "timeZone" : 6,
          "date" : "2019-07-09T07:29+0000",
          "age" : 8,
          "signDate" : "2019-07-08T06:07+0000"
        },
        {
          "sign" : "scorpio",
          "moonPhaseDate" : "2019-07-09T10:55+0000",
          "moonPhase" : "phase2",
          "timeZone" : 6,
          "date" : "2019-07-10T08:29+0000",
          "age" : 9,
          "signDate" : "2019-07-10T09:28+0000"
        },
        {
          "moonPhaseDate" : "2019-07-09T10:55+0000",
          "sign" : "scorpio",
          "moonPhase" : "phase2",
          "timeZone" : 6,
          "date" : "2019-07-11T09:28+0000",
          "age" : 10,
          "signDate" : "2019-07-10T09:28+0000"
        },
        {
          "sign" : "sagittarius",
          "moonPhaseDate" : "2019-07-09T10:55+0000",
          "moonPhase" : "phase2",
          "timeZone" : 6,
          "date" : "2019-07-12T10:26+0000",
          "age" : 11,
          "signDate" : "2019-07-12T15:04+0000"
        },
        {
          "sign" : "sagittarius",
          "moonPhaseDate" : "2019-07-09T10:55+0000",
          "moonPhase" : "phase2",
          "timeZone" : 6,
          "date" : "2019-07-13T11:24+0000",
          "age" : 12,
          "signDate" : "2019-07-12T15:04+0000"
        },
        {
          "moonPhaseDate" : "2019-07-09T10:55+0000",
          "sign" : "sagittarius",
          "moonPhase" : "phase2",
          "timeZone" : 6,
          "date" : "2019-07-14T12:21+0000",
          "age" : 13,
          "signDate" : "2019-07-12T15:04+0000"
        },
        {
          "sign" : "capricorn",
          "moonPhaseDate" : "2019-07-09T10:55+0000",
          "moonPhase" : "phase2",
          "timeZone" : 6,
          "date" : "2019-07-15T13:15+0000",
          "age" : 14,
          "signDate" : "2019-07-14T23:03+0000"
        },
        {
          "sign" : "capricorn",
          "moonPhaseDate" : "2019-07-09T10:55+0000",
          "moonPhase" : "phase2",
          "timeZone" : 6,
          "date" : "2019-07-16T14:07+0000",
          "age" : 15,
          "signDate" : "2019-07-14T23:03+0000"
        },
        {
          "sign" : "aquarius",
          "moonPhaseDate" : "2019-07-16T21:38+0000",
          "moonPhase" : "fullMoon",
          "timeZone" : 6,
          "date" : "2019-07-17T14:54+0000",
          "age" : 16,
          "signDate" : "2019-07-17T09:18+0000"
        },
        {
          "moonPhaseDate" : "2019-07-16T21:38+0000",
          "sign" : "aquarius",
          "moonPhase" : "phase3",
          "timeZone" : 6,
          "date" : "2019-07-18T15:37+0000",
          "age" : 17,
          "signDate" : "2019-07-17T09:18+0000"
        },
        {
          "sign" : "aquarius",
          "moonPhaseDate" : "2019-07-16T21:38+0000",
          "moonPhase" : "phase3",
          "timeZone" : 6,
          "date" : "2019-07-19T16:17+0000",
          "age" : 18,
          "signDate" : "2019-07-17T09:18+0000"
        },
        {
          "sign" : "pisces",
          "moonPhaseDate" : "2019-07-16T21:38+0000",
          "moonPhase" : "phase3",
          "timeZone" : 6,
          "date" : "2019-07-20T16:53+0000",
          "age" : 19,
          "signDate" : "2019-07-19T21:19+0000"
        },
        {
          "sign" : "pisces",
          "moonPhaseDate" : "2019-07-16T21:38+0000",
          "moonPhase" : "phase3",
          "timeZone" : 6,
          "date" : "2019-07-21T17:27+0000",
          "age" : 20,
          "signDate" : "2019-07-19T21:19+0000"
        },
        {
          "sign" : "aries",
          "moonPhaseDate" : "2019-07-16T21:38+0000",
          "moonPhase" : "phase3",
          "timeZone" : 6,
          "date" : "2019-07-22T18:00+0000",
          "age" : 21,
          "signDate" : "2019-07-23T10:01+0000"
        },
        {
          "sign" : "aries",
          "moonPhaseDate" : "2019-07-16T21:38+0000",
          "moonPhase" : "phase3",
          "timeZone" : 6,
          "date" : "2019-07-23T18:32+0000",
          "age" : 22,
          "signDate" : "2019-07-23T10:01+0000"
        },
        {
          "sign" : "taurus",
          "moonPhaseDate" : "2019-07-25T01:18+0000",
          "moonPhase" : "phase4",
          "timeZone" : 6,
          "date" : "2019-07-24T19:06+0000",
          "age" : 23,
          "signDate" : "2019-07-24T21:40+0000"
        },
        {
          "sign" : "taurus",
          "moonPhaseDate" : "2019-07-25T01:18+0000",
          "moonPhase" : "phase4",
          "timeZone" : 6,
          "date" : "2019-07-25T19:41+0000",
          "age" : 24,
          "signDate" : "2019-07-24T21:40+0000"
        },
        {
          "sign" : "gemini",
          "moonPhaseDate" : "2019-07-25T01:18+0000",
          "moonPhase" : "phase4",
          "timeZone" : 6,
          "date" : "2019-07-26T20:20+0000",
          "age" : 25,
          "signDate" : "2019-07-27T06:28+0000"
        },
        {
          "sign" : "gemini",
          "moonPhaseDate" : "2019-07-25T01:18+0000",
          "moonPhase" : "phase4",
          "timeZone" : 6,
          "date" : "2019-07-27T21:03+0000",
          "age" : 26,
          "signDate" : "2019-07-27T06:28+0000"
        },
        {
          "sign" : "cancer",
          "moonPhaseDate" : "2019-07-25T01:18+0000",
          "moonPhase" : "phase4",
          "timeZone" : 6,
          "date" : "2019-07-28T21:52+0000",
          "age" : 27,
          "signDate" : "2019-07-29T11:30+0000"
        },
        {
          "moonPhaseDate" : "2019-07-25T01:18+0000",
          "sign" : "cancer",
          "moonPhase" : "phase4",
          "timeZone" : 6,
          "date" : "2019-07-29T22:48+0000",
          "age" : 28,
          "signDate" : "2019-07-29T11:30+0000"
        },
        {
          "sign" : "leo",
          "moonPhaseDate" : "2019-07-25T01:18+0000",
          "moonPhase" : "phase4",
          "timeZone" : 6,
          "date" : "2019-07-30T23:50+0000",
          "age" : 29,
          "signDate" : "2019-07-31T13:18+0000"
        },
        {
          "sign" : "leo",
          "moonPhaseDate" : "2019-08-01T03:12+0000",
          "moonPhase" : "newMoon",
          "timeZone" : 6,
          "date" : "2019-08-01T00:56+0000",
          "age" : 30,
          "signDate" : "2019-07-31T13:18+0000"
        },
        {
          "moonPhaseDate" : "2019-08-01T03:12+0000",
          "sign" : "leo",
          "moonPhase" : "newMoon",
          "timeZone" : 6,
          "date" : "2019-08-01T03:12+0000",
          "age" : 1,
          "signDate" : "2019-07-31T13:18+0000"
        },
        {
          "sign" : "virgo",
          "moonPhaseDate" : "2019-08-01T03:12+0000",
          "moonPhase" : "phase1",
          "timeZone" : 6,
          "date" : "2019-08-02T02:04+0000",
          "age" : 2,
          "signDate" : "2019-08-02T13:23+0000"
        },
        {
          "sign" : "virgo",
          "moonPhaseDate" : "2019-08-01T03:12+0000",
          "moonPhase" : "phase1",
          "timeZone" : 6,
          "date" : "2019-08-03T03:11+0000",
          "age" : 3,
          "signDate" : "2019-08-02T13:23+0000"
        },
        {
          "moonPhaseDate" : "2019-08-01T03:12+0000",
          "sign" : "libra",
          "moonPhase" : "phase1",
          "timeZone" : 6,
          "date" : "2019-08-04T04:17+0000",
          "age" : 4,
          "signDate" : "2019-08-04T13:32+0000"
        },
        {
          "sign" : "libra",
          "moonPhaseDate" : "2019-08-01T03:12+0000",
          "moonPhase" : "phase1",
          "timeZone" : 6,
          "date" : "2019-08-05T05:20+0000",
          "age" : 5,
          "signDate" : "2019-08-04T13:32+0000"
        },
        {
          "sign" : "scorpio",
          "moonPhaseDate" : "2019-08-01T03:12+0000",
          "moonPhase" : "phase1",
          "timeZone" : 6,
          "date" : "2019-08-06T06:22+0000",
          "age" : 6,
          "signDate" : "2019-08-06T15:31+0000"
        },
        {
          "sign" : "scorpio",
          "moonPhaseDate" : "2019-08-07T17:31+0000",
          "moonPhase" : "phase2",
          "timeZone" : 6,
          "date" : "2019-08-07T07:22+0000",
          "age" : 7,
          "signDate" : "2019-08-06T15:31+0000"
        },
        {
          "moonPhaseDate" : "2019-08-07T17:31+0000",
          "sign" : "scorpio",
          "moonPhase" : "phase2",
          "timeZone" : 6,
          "date" : "2019-08-08T08:21+0000",
          "age" : 8,
          "signDate" : "2019-08-06T15:31+0000"
        },
        {
          "sign" : "sagittarius",
          "moonPhaseDate" : "2019-08-07T17:31+0000",
          "moonPhase" : "phase2",
          "timeZone" : 6,
          "date" : "2019-08-09T09:19+0000",
          "age" : 9,
          "signDate" : "2019-08-08T20:32+0000"
        },
        {
          "moonPhaseDate" : "2019-08-07T17:31+0000",
          "sign" : "sagittarius",
          "moonPhase" : "phase2",
          "timeZone" : 6,
          "date" : "2019-08-10T10:16+0000",
          "age" : 10,
          "signDate" : "2019-08-08T20:32+0000"
        },
        {
          "sign" : "capricorn",
          "moonPhaseDate" : "2019-08-07T17:31+0000",
          "moonPhase" : "phase2",
          "timeZone" : 6,
          "date" : "2019-08-11T11:11+0000",
          "age" : 11,
          "signDate" : "2019-08-11T04:48+0000"
        },
        {
          "sign" : "capricorn",
          "moonPhaseDate" : "2019-08-07T17:31+0000",
          "moonPhase" : "phase2",
          "timeZone" : 6,
          "date" : "2019-08-12T12:03+0000",
          "age" : 12,
          "signDate" : "2019-08-11T04:48+0000"
        },
        {
          "sign" : "aquarius",
          "moonPhaseDate" : "2019-08-07T17:31+0000",
          "moonPhase" : "phase2",
          "timeZone" : 6,
          "date" : "2019-08-13T12:51+0000",
          "age" : 13,
          "signDate" : "2019-08-13T15:36+0000"
        },
        {
          "sign" : "aquarius",
          "moonPhaseDate" : "2019-08-07T17:31+0000",
          "moonPhase" : "phase2",
          "timeZone" : 6,
          "date" : "2019-08-14T13:35+0000",
          "age" : 14,
          "signDate" : "2019-08-13T15:36+0000"
        },
        {
          "moonPhaseDate" : "2019-08-15T12:29+0000",
          "sign" : "aquarius",
          "moonPhase" : "fullMoon",
          "timeZone" : 6,
          "date" : "2019-08-15T14:16+0000",
          "age" : 15,
          "signDate" : "2019-08-13T15:36+0000"
        },
        {
          "moonPhaseDate" : "2019-08-15T12:29+0000",
          "sign" : "pisces",
          "moonPhase" : "phase3",
          "timeZone" : 6,
          "date" : "2019-08-16T14:53+0000",
          "age" : 16,
          "signDate" : "2019-08-16T03:50+0000"
        },
        {
          "sign" : "pisces",
          "moonPhaseDate" : "2019-08-15T12:29+0000",
          "moonPhase" : "phase3",
          "timeZone" : 6,
          "date" : "2019-08-17T15:28+0000",
          "age" : 17,
          "signDate" : "2019-08-16T03:50+0000"
        },
        {
          "sign" : "aries",
          "moonPhaseDate" : "2019-08-15T12:29+0000",
          "moonPhase" : "phase3",
          "timeZone" : 6,
          "date" : "2019-08-18T16:01+0000",
          "age" : 18,
          "signDate" : "2019-08-18T16:32+0000"
        },
        {
          "sign" : "aries",
          "moonPhaseDate" : "2019-08-15T12:29+0000",
          "moonPhase" : "phase3",
          "timeZone" : 6,
          "date" : "2019-08-19T16:33+0000",
          "age" : 19,
          "signDate" : "2019-08-18T16:32+0000"
        },
        {
          "sign" : "aries",
          "moonPhaseDate" : "2019-08-15T12:29+0000",
          "moonPhase" : "phase3",
          "timeZone" : 6,
          "date" : "2019-08-20T17:06+0000",
          "age" : 20,
          "signDate" : "2019-08-18T16:32+0000"
        },
        {
          "sign" : "taurus",
          "moonPhaseDate" : "2019-08-15T12:29+0000",
          "moonPhase" : "phase3",
          "timeZone" : 6,
          "date" : "2019-08-21T17:40+0000",
          "age" : 21,
          "signDate" : "2019-08-21T04:36+0000"
        },
        {
          "sign" : "gemini",
          "moonPhaseDate" : "2019-08-23T14:56+0000",
          "moonPhase" : "phase4",
          "timeZone" : 6,
          "date" : "2019-08-22T18:16+0000",
          "age" : 22,
          "signDate" : "2019-08-23T14:34+0000"
        },
        {
          "sign" : "gemini",
          "moonPhaseDate" : "2019-08-23T14:56+0000",
          "moonPhase" : "phase4",
          "timeZone" : 6,
          "date" : "2019-08-23T18:56+0000",
          "age" : 23,
          "signDate" : "2019-08-23T14:34+0000"
        },
        {
          "sign" : "gemini",
          "moonPhaseDate" : "2019-08-23T14:56+0000",
          "moonPhase" : "phase4",
          "timeZone" : 6,
          "date" : "2019-08-24T19:41+0000",
          "age" : 24,
          "signDate" : "2019-08-23T14:34+0000"
        },
        {
          "sign" : "cancer",
          "moonPhaseDate" : "2019-08-23T14:56+0000",
          "moonPhase" : "phase4",
          "timeZone" : 6,
          "date" : "2019-08-25T20:33+0000",
          "age" : 25,
          "signDate" : "2019-08-25T21:05+0000"
        },
        {
          "sign" : "cancer",
          "moonPhaseDate" : "2019-08-23T14:56+0000",
          "moonPhase" : "phase4",
          "timeZone" : 6,
          "date" : "2019-08-26T21:30+0000",
          "age" : 26,
          "signDate" : "2019-08-25T21:05+0000"
        },
        {
          "moonPhaseDate" : "2019-08-23T14:56+0000",
          "sign" : "leo",
          "moonPhase" : "phase4",
          "timeZone" : 6,
          "date" : "2019-08-27T22:33+0000",
          "age" : 27,
          "signDate" : "2019-08-27T23:51+0000"
        },
        {
          "sign" : "leo",
          "moonPhaseDate" : "2019-08-23T14:56+0000",
          "moonPhase" : "phase4",
          "timeZone" : 6,
          "date" : "2019-08-28T23:40+0000",
          "age" : 28,
          "signDate" : "2019-08-27T23:51+0000"
        },
        {
          "moonPhaseDate" : "2019-08-30T10:37+0000",
          "sign" : "virgo",
          "moonPhase" : "newMoon",
          "timeZone" : 6,
          "date" : "2019-08-30T00:48+0000",
          "age" : 29,
          "signDate" : "2019-08-29T23:57+0000"
        },
        {
          "sign" : "virgo",
          "moonPhaseDate" : "2019-08-30T10:37+0000",
          "moonPhase" : "newMoon",
          "timeZone" : 6,
          "date" : "2019-08-30T10:37+0000",
          "age" : 1,
          "signDate" : "2019-08-29T23:57+0000"
        },
        {
          "sign" : "virgo",
          "moonPhaseDate" : "2019-08-30T10:37+0000",
          "moonPhase" : "phase1",
          "timeZone" : 6,
          "date" : "2019-08-31T01:56+0000",
          "age" : 2,
          "signDate" : "2019-08-29T23:57+0000"
        },
        {
          "sign" : "libra",
          "moonPhaseDate" : null,
          "moonPhase" : "phase1",
          "timeZone" : 6,
          "date" : "2019-09-01T03:02+0000",
          "age" : 3,
          "signDate" : "2019-08-31T23:12+0000"
        },
        {
          "sign" : "libra",
          "moonPhaseDate" : null,
          "moonPhase" : "phase1",
          "timeZone" : 6,
          "date" : "2019-09-02T04:07+0000",
          "age" : 4,
          "signDate" : "2019-08-31T23:12+0000"
        },
        {
          "sign" : "scorpio",
          "moonPhaseDate" : null,
          "moonPhase" : "phase1",
          "timeZone" : 6,
          "date" : "2019-09-03T05:10+0000",
          "age" : 5,
          "signDate" : "2019-09-02T23:38+0000"
        },
        {
          "sign" : "scorpio",
          "moonPhaseDate" : null,
          "moonPhase" : "phase1",
          "timeZone" : 6,
          "date" : "2019-09-04T06:12+0000",
          "age" : 6,
          "signDate" : "2019-09-02T23:38+0000"
        },
        {
          "sign" : "sagittarius",
          "moonPhaseDate" : null,
          "moonPhase" : "phase1",
          "timeZone" : 6,
          "date" : "2019-09-05T07:12+0000",
          "age" : 7,
          "signDate" : "2019-09-05T03:06+0000"
        },
        {
          "sign" : "sagittarius",
          "moonPhaseDate" : "2019-09-06T03:10+0000",
          "moonPhase" : "phase2",
          "timeZone" : 6,
          "date" : "2019-09-06T08:11+0000",
          "age" : 8,
          "signDate" : "2019-09-05T03:06+0000"
        },
        {
          "moonPhaseDate" : "2019-09-06T03:10+0000",
          "sign" : "capricorn",
          "moonPhase" : "phase2",
          "timeZone" : 6,
          "date" : "2019-09-07T09:07+0000",
          "age" : 9,
          "signDate" : "2019-09-07T10:35+0000"
        },
        {
          "sign" : "capricorn",
          "moonPhaseDate" : "2019-09-06T03:10+0000",
          "moonPhase" : "phase2",
          "timeZone" : 6,
          "date" : "2019-09-08T09:59+0000",
          "age" : 10,
          "signDate" : "2019-09-07T10:35+0000"
        },
        {
          "sign" : "capricorn",
          "moonPhaseDate" : "2019-09-06T03:10+0000",
          "moonPhase" : "phase2",
          "timeZone" : 6,
          "date" : "2019-09-09T10:49+0000",
          "age" : 11,
          "signDate" : "2019-09-07T10:35+0000"
        },
        {
          "sign" : "aquarius",
          "moonPhaseDate" : "2019-09-06T03:10+0000",
          "moonPhase" : "phase2",
          "timeZone" : 6,
          "date" : "2019-09-10T11:34+0000",
          "age" : 12,
          "signDate" : "2019-09-09T21:25+0000"
        },
        {
          "sign" : "aquarius",
          "moonPhaseDate" : "2019-09-06T03:10+0000",
          "moonPhase" : "phase2",
          "timeZone" : 6,
          "date" : "2019-09-11T12:16+0000",
          "age" : 13,
          "signDate" : "2019-09-09T21:25+0000"
        },
        {
          "moonPhaseDate" : "2019-09-06T03:10+0000",
          "sign" : "pisces",
          "moonPhase" : "phase2",
          "timeZone" : 6,
          "date" : "2019-09-12T12:54+0000",
          "age" : 14,
          "signDate" : "2019-09-12T09:53+0000"
        },
        {
          "sign" : "pisces",
          "moonPhaseDate" : "2019-09-06T03:10+0000",
          "moonPhase" : "phase2",
          "timeZone" : 6,
          "date" : "2019-09-13T13:29+0000",
          "age" : 15,
          "signDate" : "2019-09-12T09:53+0000"
        },
        {
          "sign" : "pisces",
          "moonPhaseDate" : "2019-09-14T04:33+0000",
          "moonPhase" : "fullMoon",
          "timeZone" : 6,
          "date" : "2019-09-14T14:02+0000",
          "age" : 16,
          "signDate" : "2019-09-12T09:53+0000"
        },
        {
          "sign" : "aries",
          "moonPhaseDate" : "2019-09-14T04:33+0000",
          "moonPhase" : "phase3",
          "timeZone" : 6,
          "date" : "2019-09-15T14:35+0000",
          "age" : 17,
          "signDate" : "2019-09-14T22:32+0000"
        },
        {
          "sign" : "aries",
          "moonPhaseDate" : "2019-09-14T04:33+0000",
          "moonPhase" : "phase3",
          "timeZone" : 6,
          "date" : "2019-09-16T15:07+0000",
          "age" : 18,
          "signDate" : "2019-09-14T22:32+0000"
        },
        {
          "sign" : "taurus",
          "moonPhaseDate" : "2019-09-14T04:33+0000",
          "moonPhase" : "phase3",
          "timeZone" : 6,
          "date" : "2019-09-17T15:41+0000",
          "age" : 19,
          "signDate" : "2019-09-17T10:30+0000"
        },
        {
          "sign" : "taurus",
          "moonPhaseDate" : "2019-09-14T04:33+0000",
          "moonPhase" : "phase3",
          "timeZone" : 6,
          "date" : "2019-09-18T16:16+0000",
          "age" : 20,
          "signDate" : "2019-09-17T10:30+0000"
        },
        {
          "sign" : "taurus",
          "moonPhaseDate" : "2019-09-14T04:33+0000",
          "moonPhase" : "phase3",
          "timeZone" : 6,
          "date" : "2019-09-19T16:53+0000",
          "age" : 21,
          "signDate" : "2019-09-17T10:30+0000"
        },
        {
          "moonPhaseDate" : "2019-09-14T04:33+0000",
          "sign" : "gemini",
          "moonPhase" : "phase3",
          "timeZone" : 6,
          "date" : "2019-09-20T17:36+0000",
          "age" : 22,
          "signDate" : "2019-09-19T20:58+0000"
        },
        {
          "sign" : "cancer",
          "moonPhaseDate" : "2019-09-22T02:41+0000",
          "moonPhase" : "phase4",
          "timeZone" : 6,
          "date" : "2019-09-21T18:24+0000",
          "age" : 23,
          "signDate" : "2019-09-22T04:52+0000"
        },
        {
          "sign" : "cancer",
          "moonPhaseDate" : "2019-09-22T02:41+0000",
          "moonPhase" : "phase4",
          "timeZone" : 6,
          "date" : "2019-09-22T19:17+0000",
          "age" : 24,
          "signDate" : "2019-09-22T04:52+0000"
        },
        {
          "sign" : "leo",
          "moonPhaseDate" : "2019-09-22T02:41+0000",
          "moonPhase" : "phase4",
          "timeZone" : 6,
          "date" : "2019-09-23T20:16+0000",
          "age" : 25,
          "signDate" : "2019-09-24T09:19+0000"
        },
        {
          "moonPhaseDate" : "2019-09-22T02:41+0000",
          "sign" : "leo",
          "moonPhase" : "phase4",
          "timeZone" : 6,
          "date" : "2019-09-24T21:19+0000",
          "age" : 26,
          "signDate" : "2019-09-24T09:19+0000"
        },
        {
          "sign" : "virgo",
          "moonPhaseDate" : "2019-09-22T02:41+0000",
          "moonPhase" : "phase4",
          "timeZone" : 6,
          "date" : "2019-09-25T22:25+0000",
          "age" : 27,
          "signDate" : "2019-09-26T10:35+0000"
        },
        {
          "sign" : "virgo",
          "moonPhaseDate" : "2019-09-22T02:41+0000",
          "moonPhase" : "phase4",
          "timeZone" : 6,
          "date" : "2019-09-26T23:32+0000",
          "age" : 28,
          "signDate" : "2019-09-26T10:35+0000"
        },
        {
          "sign" : "libra",
          "moonPhaseDate" : "2019-09-22T02:41+0000",
          "moonPhase" : "phase4",
          "timeZone" : 6,
          "date" : "2019-09-28T00:39+0000",
          "age" : 29,
          "signDate" : "2019-09-28T10:04+0000"
        },
        {
          "sign" : "libra",
          "moonPhaseDate" : "2019-09-28T18:26+0000",
          "moonPhase" : "newMoon",
          "timeZone" : 6,
          "date" : "2019-09-28T18:26+0000",
          "age" : 1,
          "signDate" : "2019-09-28T10:04+0000"
        },
        {
          "sign" : "libra",
          "moonPhaseDate" : "2019-09-28T18:26+0000",
          "moonPhase" : "newMoon",
          "timeZone" : 6,
          "date" : "2019-09-29T01:45+0000",
          "age" : 2,
          "signDate" : "2019-09-28T10:04+0000"
        },
        {
          "sign" : "scorpio",
          "moonPhaseDate" : "2019-09-28T18:26+0000",
          "moonPhase" : "phase1",
          "timeZone" : 6,
          "date" : "2019-09-30T02:50+0000",
          "age" : 3,
          "signDate" : "2019-09-30T09:45+0000"
        },
        {
          "sign" : "scorpio",
          "moonPhaseDate" : null,
          "moonPhase" : "phase1",
          "timeZone" : 6,
          "date" : "2019-10-01T03:55+0000",
          "age" : 4,
          "signDate" : "2019-09-30T09:45+0000"
        },
        {
          "sign" : "sagittarius",
          "moonPhaseDate" : null,
          "moonPhase" : "phase1",
          "timeZone" : 6,
          "date" : "2019-10-02T04:58+0000",
          "age" : 5,
          "signDate" : "2019-10-02T11:45+0000"
        },
        {
          "moonPhaseDate" : null,
          "sign" : "sagittarius",
          "moonPhase" : "phase1",
          "timeZone" : 6,
          "date" : "2019-10-03T06:00+0000",
          "age" : 6,
          "signDate" : "2019-10-02T11:45+0000"
        },
        {
          "sign" : "capricorn",
          "moonPhaseDate" : null,
          "moonPhase" : "phase1",
          "timeZone" : 6,
          "date" : "2019-10-04T06:59+0000",
          "age" : 7,
          "signDate" : "2019-10-04T17:41+0000"
        },
        {
          "sign" : "capricorn",
          "moonPhaseDate" : "2019-10-05T16:47+0000",
          "moonPhase" : "phase2",
          "timeZone" : 6,
          "date" : "2019-10-05T07:54+0000",
          "age" : 8,
          "signDate" : "2019-10-04T17:41+0000"
        },
        {
          "sign" : "capricorn",
          "moonPhaseDate" : "2019-10-05T16:47+0000",
          "moonPhase" : "phase2",
          "timeZone" : 6,
          "date" : "2019-10-06T08:46+0000",
          "age" : 9,
          "signDate" : "2019-10-04T17:41+0000"
        },
        {
          "sign" : "aquarius",
          "moonPhaseDate" : "2019-10-05T16:47+0000",
          "moonPhase" : "phase2",
          "timeZone" : 6,
          "date" : "2019-10-07T09:33+0000",
          "age" : 10,
          "signDate" : "2019-10-07T03:43+0000"
        },
        {
          "sign" : "aquarius",
          "moonPhaseDate" : "2019-10-05T16:47+0000",
          "moonPhase" : "phase2",
          "timeZone" : 6,
          "date" : "2019-10-08T10:16+0000",
          "age" : 11,
          "signDate" : "2019-10-07T03:43+0000"
        },
        {
          "sign" : "pisces",
          "moonPhaseDate" : "2019-10-05T16:47+0000",
          "moonPhase" : "phase2",
          "timeZone" : 6,
          "date" : "2019-10-09T10:54+0000",
          "age" : 12,
          "signDate" : "2019-10-09T16:08+0000"
        },
        {
          "sign" : "pisces",
          "moonPhaseDate" : "2019-10-05T16:47+0000",
          "moonPhase" : "phase2",
          "timeZone" : 6,
          "date" : "2019-10-10T11:30+0000",
          "age" : 13,
          "signDate" : "2019-10-09T16:08+0000"
        },
        {
          "moonPhaseDate" : "2019-10-05T16:47+0000",
          "sign" : "pisces",
          "moonPhase" : "phase2",
          "timeZone" : 6,
          "date" : "2019-10-11T12:04+0000",
          "age" : 14,
          "signDate" : "2019-10-09T16:08+0000"
        },
        {
          "sign" : "aries",
          "moonPhaseDate" : "2019-10-05T16:47+0000",
          "moonPhase" : "phase2",
          "timeZone" : 6,
          "date" : "2019-10-12T12:37+0000",
          "age" : 15,
          "signDate" : "2019-10-12T04:46+0000"
        },
        {
          "sign" : "aries",
          "moonPhaseDate" : "2019-10-05T16:47+0000",
          "moonPhase" : "phase2",
          "timeZone" : 6,
          "date" : "2019-10-13T13:09+0000",
          "age" : 16,
          "signDate" : "2019-10-12T04:46+0000"
        },
        {
          "sign" : "taurus",
          "moonPhaseDate" : "2019-10-13T21:08+0000",
          "moonPhase" : "fullMoon",
          "timeZone" : 6,
          "date" : "2019-10-14T13:42+0000",
          "age" : 17,
          "signDate" : "2019-10-14T16:23+0000"
        },
        {
          "sign" : "taurus",
          "moonPhaseDate" : "2019-10-13T21:08+0000",
          "moonPhase" : "phase3",
          "timeZone" : 6,
          "date" : "2019-10-15T14:17+0000",
          "age" : 18,
          "signDate" : "2019-10-14T16:23+0000"
        },
        {
          "sign" : "taurus",
          "moonPhaseDate" : "2019-10-13T21:08+0000",
          "moonPhase" : "phase3",
          "timeZone" : 6,
          "date" : "2019-10-16T14:54+0000",
          "age" : 19,
          "signDate" : "2019-10-14T16:23+0000"
        },
        {
          "sign" : "gemini",
          "moonPhaseDate" : "2019-10-13T21:08+0000",
          "moonPhase" : "phase3",
          "timeZone" : 6,
          "date" : "2019-10-17T15:35+0000",
          "age" : 20,
          "signDate" : "2019-10-17T02:29+0000"
        },
        {
          "sign" : "gemini",
          "moonPhaseDate" : "2019-10-13T21:08+0000",
          "moonPhase" : "phase3",
          "timeZone" : 6,
          "date" : "2019-10-18T16:20+0000",
          "age" : 21,
          "signDate" : "2019-10-17T02:29+0000"
        },
        {
          "sign" : "cancer",
          "moonPhaseDate" : "2019-10-13T21:08+0000",
          "moonPhase" : "phase3",
          "timeZone" : 6,
          "date" : "2019-10-19T17:11+0000",
          "age" : 22,
          "signDate" : "2019-10-19T10:42+0000"
        },
        {
          "sign" : "leo",
          "moonPhaseDate" : "2019-10-21T12:39+0000",
          "moonPhase" : "phase4",
          "timeZone" : 6,
          "date" : "2019-10-20T18:07+0000",
          "age" : 23,
          "signDate" : "2019-10-21T16:30+0000"
        },
        {
          "sign" : "leo",
          "moonPhaseDate" : "2019-10-21T12:39+0000",
          "moonPhase" : "phase4",
          "timeZone" : 6,
          "date" : "2019-10-21T19:07+0000",
          "age" : 24,
          "signDate" : "2019-10-21T16:30+0000"
        },
        {
          "moonPhaseDate" : "2019-10-21T12:39+0000",
          "sign" : "leo",
          "moonPhase" : "phase4",
          "timeZone" : 6,
          "date" : "2019-10-22T20:10+0000",
          "age" : 25,
          "signDate" : "2019-10-21T16:30+0000"
        },
        {
          "sign" : "virgo",
          "moonPhaseDate" : "2019-10-21T12:39+0000",
          "moonPhase" : "phase4",
          "timeZone" : 6,
          "date" : "2019-10-23T21:14+0000",
          "age" : 26,
          "signDate" : "2019-10-23T19:30+0000"
        },
        {
          "sign" : "virgo",
          "moonPhaseDate" : "2019-10-21T12:39+0000",
          "moonPhase" : "phase4",
          "timeZone" : 6,
          "date" : "2019-10-24T22:19+0000",
          "age" : 27,
          "signDate" : "2019-10-23T19:30+0000"
        },
        {
          "moonPhaseDate" : "2019-10-21T12:39+0000",
          "sign" : "libra",
          "moonPhase" : "phase4",
          "timeZone" : 6,
          "date" : "2019-10-25T23:24+0000",
          "age" : 28,
          "signDate" : "2019-10-25T20:20+0000"
        },
        {
          "sign" : "libra",
          "moonPhaseDate" : "2019-10-21T12:39+0000",
          "moonPhase" : "phase4",
          "timeZone" : 6,
          "date" : "2019-10-27T00:28+0000",
          "age" : 29,
          "signDate" : "2019-10-25T20:20+0000"
        },
        {
          "sign" : "scorpio",
          "moonPhaseDate" : "2019-10-28T02:38+0000",
          "moonPhase" : "newMoon",
          "timeZone" : 6,
          "date" : "2019-10-28T00:33+0000",
          "age" : 30,
          "signDate" : "2019-10-27T19:31+0000"
        },
        {
          "sign" : "scorpio",
          "moonPhaseDate" : "2019-10-28T02:38+0000",
          "moonPhase" : "newMoon",
          "timeZone" : 6,
          "date" : "2019-10-28T02:38+0000",
          "age" : 1,
          "signDate" : "2019-10-27T19:31+0000"
        },
        {
          "sign" : "scorpio",
          "moonPhaseDate" : "2019-10-28T02:38+0000",
          "moonPhase" : "phase1",
          "timeZone" : 6,
          "date" : "2019-10-29T01:37+0000",
          "age" : 2,
          "signDate" : "2019-10-27T19:31+0000"
        },
        {
          "sign" : "sagittarius",
          "moonPhaseDate" : "2019-10-28T02:38+0000",
          "moonPhase" : "phase1",
          "timeZone" : 6,
          "date" : "2019-10-30T02:41+0000",
          "age" : 3,
          "signDate" : "2019-10-29T21:00+0000"
        },
        {
          "sign" : "sagittarius",
          "moonPhaseDate" : "2019-10-28T02:38+0000",
          "moonPhase" : "phase1",
          "timeZone" : 6,
          "date" : "2019-10-31T03:44+0000",
          "age" : 4,
          "signDate" : "2019-10-29T21:00+0000"
        },
        {
          "sign" : "capricorn",
          "moonPhaseDate" : null,
          "moonPhase" : "phase1",
          "timeZone" : 6,
          "date" : "2019-11-01T04:43+0000",
          "age" : 5,
          "signDate" : "2019-11-01T01:38+0000"
        },
        {
          "sign" : "capricorn",
          "moonPhaseDate" : null,
          "moonPhase" : "phase1",
          "timeZone" : 6,
          "date" : "2019-11-02T05:38+0000",
          "age" : 6,
          "signDate" : "2019-11-01T01:38+0000"
        },
        {
          "moonPhaseDate" : null,
          "sign" : "aquarius",
          "moonPhase" : "phase1",
          "timeZone" : 6,
          "date" : "2019-11-03T06:28+0000",
          "age" : 7,
          "signDate" : "2019-11-03T10:21+0000"
        },
        {
          "sign" : "aquarius",
          "moonPhaseDate" : "2019-11-04T09:23+0000",
          "moonPhase" : "phase2",
          "timeZone" : 6,
          "date" : "2019-11-04T07:13+0000",
          "age" : 8,
          "signDate" : "2019-11-03T10:21+0000"
        },
        {
          "sign" : "aquarius",
          "moonPhaseDate" : "2019-11-04T09:23+0000",
          "moonPhase" : "phase2",
          "timeZone" : 6,
          "date" : "2019-11-05T07:54+0000",
          "age" : 9,
          "signDate" : "2019-11-03T10:21+0000"
        },
        {
          "moonPhaseDate" : "2019-11-04T09:23+0000",
          "sign" : "pisces",
          "moonPhase" : "phase2",
          "timeZone" : 6,
          "date" : "2019-11-06T08:30+0000",
          "age" : 10,
          "signDate" : "2019-11-05T22:11+0000"
        },
        {
          "sign" : "pisces",
          "moonPhaseDate" : "2019-11-04T09:23+0000",
          "moonPhase" : "phase2",
          "timeZone" : 6,
          "date" : "2019-11-07T09:05+0000",
          "age" : 11,
          "signDate" : "2019-11-05T22:11+0000"
        },
        {
          "moonPhaseDate" : "2019-11-04T09:23+0000",
          "sign" : "aries",
          "moonPhase" : "phase2",
          "timeZone" : 6,
          "date" : "2019-11-08T09:37+0000",
          "age" : 12,
          "signDate" : "2019-11-08T10:50+0000"
        },
        {
          "sign" : "aries",
          "moonPhaseDate" : "2019-11-04T09:23+0000",
          "moonPhase" : "phase2",
          "timeZone" : 6,
          "date" : "2019-11-09T10:10+0000",
          "age" : 13,
          "signDate" : "2019-11-08T10:50+0000"
        },
        {
          "sign" : "aries",
          "moonPhaseDate" : "2019-11-04T09:23+0000",
          "moonPhase" : "phase2",
          "timeZone" : 6,
          "date" : "2019-11-10T10:42+0000",
          "age" : 14,
          "signDate" : "2019-11-08T10:50+0000"
        },
        {
          "sign" : "taurus",
          "moonPhaseDate" : "2019-11-04T09:23+0000",
          "moonPhase" : "phase2",
          "timeZone" : 6,
          "date" : "2019-11-11T11:16+0000",
          "age" : 15,
          "signDate" : "2019-11-10T22:19+0000"
        },
        {
          "sign" : "taurus",
          "moonPhaseDate" : "2019-11-12T12:35+0000",
          "moonPhase" : "fullMoon",
          "timeZone" : 6,
          "date" : "2019-11-12T11:53+0000",
          "age" : 16,
          "signDate" : "2019-11-10T22:19+0000"
        },
        {
          "sign" : "gemini",
          "moonPhaseDate" : "2019-11-12T12:35+0000",
          "moonPhase" : "phase3",
          "timeZone" : 6,
          "date" : "2019-11-13T12:33+0000",
          "age" : 17,
          "signDate" : "2019-11-13T07:45+0000"
        },
        {
          "sign" : "gemini",
          "moonPhaseDate" : "2019-11-12T12:35+0000",
          "moonPhase" : "phase3",
          "timeZone" : 6,
          "date" : "2019-11-14T13:18+0000",
          "age" : 18,
          "signDate" : "2019-11-13T07:45+0000"
        },
        {
          "sign" : "cancer",
          "moonPhaseDate" : "2019-11-12T12:35+0000",
          "moonPhase" : "phase3",
          "timeZone" : 6,
          "date" : "2019-11-15T14:07+0000",
          "age" : 19,
          "signDate" : "2019-11-15T15:12+0000"
        },
        {
          "sign" : "cancer",
          "moonPhaseDate" : "2019-11-12T12:35+0000",
          "moonPhase" : "phase3",
          "timeZone" : 6,
          "date" : "2019-11-16T15:02+0000",
          "age" : 20,
          "signDate" : "2019-11-15T15:12+0000"
        },
        {
          "sign" : "cancer",
          "moonPhaseDate" : "2019-11-12T12:35+0000",
          "moonPhase" : "phase3",
          "timeZone" : 6,
          "date" : "2019-11-17T16:01+0000",
          "age" : 21,
          "signDate" : "2019-11-15T15:12+0000"
        },
        {
          "moonPhaseDate" : "2019-11-12T12:35+0000",
          "sign" : "leo",
          "moonPhase" : "phase3",
          "timeZone" : 6,
          "date" : "2019-11-18T17:02+0000",
          "age" : 22,
          "signDate" : "2019-11-17T20:54+0000"
        },
        {
          "sign" : "virgo",
          "moonPhaseDate" : "2019-11-19T20:11+0000",
          "moonPhase" : "phase4",
          "timeZone" : 6,
          "date" : "2019-11-19T18:05+0000",
          "age" : 23,
          "signDate" : "2019-11-20T00:54+0000"
        },
        {
          "sign" : "virgo",
          "moonPhaseDate" : "2019-11-19T20:11+0000",
          "moonPhase" : "phase4",
          "timeZone" : 6,
          "date" : "2019-11-20T19:08+0000",
          "age" : 24,
          "signDate" : "2019-11-20T00:54+0000"
        },
        {
          "sign" : "libra",
          "moonPhaseDate" : "2019-11-19T20:11+0000",
          "moonPhase" : "phase4",
          "timeZone" : 6,
          "date" : "2019-11-21T20:10+0000",
          "age" : 25,
          "signDate" : "2019-11-22T03:22+0000"
        },
        {
          "sign" : "libra",
          "moonPhaseDate" : "2019-11-19T20:11+0000",
          "moonPhase" : "phase4",
          "timeZone" : 6,
          "date" : "2019-11-22T21:12+0000",
          "age" : 26,
          "signDate" : "2019-11-22T03:22+0000"
        },
        {
          "sign" : "scorpio",
          "moonPhaseDate" : "2019-11-19T20:11+0000",
          "moonPhase" : "phase4",
          "timeZone" : 6,
          "date" : "2019-11-23T22:15+0000",
          "age" : 27,
          "signDate" : "2019-11-24T05:01+0000"
        },
        {
          "sign" : "scorpio",
          "moonPhaseDate" : "2019-11-19T20:11+0000",
          "moonPhase" : "phase4",
          "timeZone" : 6,
          "date" : "2019-11-24T23:18+0000",
          "age" : 28,
          "signDate" : "2019-11-24T05:01+0000"
        },
        {
          "moonPhaseDate" : "2019-11-26T14:06+0000",
          "sign" : "sagittarius",
          "moonPhase" : "newMoon",
          "timeZone" : 6,
          "date" : "2019-11-26T00:21+0000",
          "age" : 29,
          "signDate" : "2019-11-26T07:12+0000"
        },
        {
          "moonPhaseDate" : "2019-11-26T14:06+0000",
          "sign" : "sagittarius",
          "moonPhase" : "newMoon",
          "timeZone" : 6,
          "date" : "2019-11-26T14:06+0000",
          "age" : 1,
          "signDate" : "2019-11-26T07:12+0000"
        },
        {
          "sign" : "sagittarius",
          "moonPhaseDate" : "2019-11-26T14:06+0000",
          "moonPhase" : "phase1",
          "timeZone" : 6,
          "date" : "2019-11-27T01:25+0000",
          "age" : 2,
          "signDate" : "2019-11-26T07:12+0000"
        },
        {
          "sign" : "capricorn",
          "moonPhaseDate" : "2019-11-26T14:06+0000",
          "moonPhase" : "phase1",
          "timeZone" : 6,
          "date" : "2019-11-28T02:26+0000",
          "age" : 3,
          "signDate" : "2019-11-28T11:32+0000"
        },
        {
          "sign" : "capricorn",
          "moonPhaseDate" : "2019-11-26T14:06+0000",
          "moonPhase" : "phase1",
          "timeZone" : 6,
          "date" : "2019-11-29T03:25+0000",
          "age" : 4,
          "signDate" : "2019-11-28T11:32+0000"
        },
        {
          "sign" : "capricorn",
          "moonPhaseDate" : "2019-11-26T14:06+0000",
          "moonPhase" : "phase1",
          "timeZone" : 6,
          "date" : "2019-11-30T04:18+0000",
          "age" : 5,
          "signDate" : "2019-11-28T11:32+0000"
        },
        {
          "moonPhaseDate" : null,
          "sign" : "aquarius",
          "moonPhase" : "phase1",
          "timeZone" : 6,
          "date" : "2019-12-01T05:07+0000",
          "age" : 6,
          "signDate" : "2019-11-30T19:15+0000"
        },
        {
          "sign" : "aquarius",
          "moonPhaseDate" : null,
          "moonPhase" : "phase1",
          "timeZone" : 6,
          "date" : "2019-12-02T05:50+0000",
          "age" : 7,
          "signDate" : "2019-11-30T19:15+0000"
        },
        {
          "moonPhaseDate" : null,
          "sign" : "pisces",
          "moonPhase" : "phase1",
          "timeZone" : 6,
          "date" : "2019-12-03T06:29+0000",
          "age" : 8,
          "signDate" : "2019-12-03T06:14+0000"
        },
        {
          "sign" : "pisces",
          "moonPhaseDate" : "2019-12-04T05:58+0000",
          "moonPhase" : "phase2",
          "timeZone" : 6,
          "date" : "2019-12-04T07:03+0000",
          "age" : 9,
          "signDate" : "2019-12-03T06:14+0000"
        },
        {
          "moonPhaseDate" : "2019-12-04T05:58+0000",
          "sign" : "pisces",
          "moonPhase" : "phase2",
          "timeZone" : 6,
          "date" : "2019-12-05T07:37+0000",
          "age" : 10,
          "signDate" : "2019-12-03T06:14+0000"
        },
        {
          "sign" : "aries",
          "moonPhaseDate" : "2019-12-04T05:58+0000",
          "moonPhase" : "phase2",
          "timeZone" : 6,
          "date" : "2019-12-06T08:09+0000",
          "age" : 11,
          "signDate" : "2019-12-05T18:46+0000"
        },
        {
          "sign" : "aries",
          "moonPhaseDate" : "2019-12-04T05:58+0000",
          "moonPhase" : "phase2",
          "timeZone" : 6,
          "date" : "2019-12-07T08:41+0000",
          "age" : 12,
          "signDate" : "2019-12-05T18:46+0000"
        },
        {
          "sign" : "taurus",
          "moonPhaseDate" : "2019-12-04T05:58+0000",
          "moonPhase" : "phase2",
          "timeZone" : 6,
          "date" : "2019-12-08T09:14+0000",
          "age" : 13,
          "signDate" : "2019-12-08T06:31+0000"
        },
        {
          "sign" : "taurus",
          "moonPhaseDate" : "2019-12-04T05:58+0000",
          "moonPhase" : "phase2",
          "timeZone" : 6,
          "date" : "2019-12-09T09:50+0000",
          "age" : 14,
          "signDate" : "2019-12-08T06:31+0000"
        },
        {
          "sign" : "gemini",
          "moonPhaseDate" : "2019-12-04T05:58+0000",
          "moonPhase" : "phase2",
          "timeZone" : 6,
          "date" : "2019-12-10T10:28+0000",
          "age" : 15,
          "signDate" : "2019-12-10T15:49+0000"
        },
        {
          "sign" : "gemini",
          "moonPhaseDate" : "2019-12-04T05:58+0000",
          "moonPhase" : "phase2",
          "timeZone" : 6,
          "date" : "2019-12-11T11:12+0000",
          "age" : 16,
          "signDate" : "2019-12-10T15:49+0000"
        },
        {
          "sign" : "gemini",
          "moonPhaseDate" : "2019-12-12T04:12+0000",
          "moonPhase" : "fullMoon",
          "timeZone" : 6,
          "date" : "2019-12-12T12:00+0000",
          "age" : 17,
          "signDate" : "2019-12-10T15:49+0000"
        },
        {
          "sign" : "cancer",
          "moonPhaseDate" : "2019-12-12T04:12+0000",
          "moonPhase" : "phase3",
          "timeZone" : 6,
          "date" : "2019-12-13T12:54+0000",
          "age" : 18,
          "signDate" : "2019-12-12T22:24+0000"
        },
        {
          "sign" : "cancer",
          "moonPhaseDate" : "2019-12-12T04:12+0000",
          "moonPhase" : "phase3",
          "timeZone" : 6,
          "date" : "2019-12-14T13:53+0000",
          "age" : 19,
          "signDate" : "2019-12-12T22:24+0000"
        },
        {
          "moonPhaseDate" : "2019-12-12T04:12+0000",
          "sign" : "leo",
          "moonPhase" : "phase3",
          "timeZone" : 6,
          "date" : "2019-12-15T14:55+0000",
          "age" : 20,
          "signDate" : "2019-12-15T02:53+0000"
        },
        {
          "sign" : "leo",
          "moonPhaseDate" : "2019-12-12T04:12+0000",
          "moonPhase" : "phase3",
          "timeZone" : 6,
          "date" : "2019-12-16T15:59+0000",
          "age" : 21,
          "signDate" : "2019-12-15T02:53+0000"
        },
        {
          "sign" : "virgo",
          "moonPhaseDate" : "2019-12-12T04:12+0000",
          "moonPhase" : "phase3",
          "timeZone" : 6,
          "date" : "2019-12-17T17:02+0000",
          "age" : 22,
          "signDate" : "2019-12-17T06:13+0000"
        },
        {
          "sign" : "libra",
          "moonPhaseDate" : "2019-12-19T03:57+0000",
          "moonPhase" : "phase4",
          "timeZone" : 6,
          "date" : "2019-12-18T18:04+0000",
          "age" : 23,
          "signDate" : "2019-12-19T09:05+0000"
        },
        {
          "sign" : "libra",
          "moonPhaseDate" : "2019-12-19T03:57+0000",
          "moonPhase" : "phase4",
          "timeZone" : 6,
          "date" : "2019-12-19T19:05+0000",
          "age" : 24,
          "signDate" : "2019-12-19T09:05+0000"
        },
        {
          "sign" : "scorpio",
          "moonPhaseDate" : "2019-12-19T03:57+0000",
          "moonPhase" : "phase4",
          "timeZone" : 6,
          "date" : "2019-12-20T20:06+0000",
          "age" : 25,
          "signDate" : "2019-12-21T12:01+0000"
        },
        {
          "moonPhaseDate" : "2019-12-19T03:57+0000",
          "sign" : "scorpio",
          "moonPhase" : "phase4",
          "timeZone" : 6,
          "date" : "2019-12-21T21:06+0000",
          "age" : 26,
          "signDate" : "2019-12-21T12:01+0000"
        },
        {
          "moonPhaseDate" : "2019-12-19T03:57+0000",
          "sign" : "sagittarius",
          "moonPhase" : "phase4",
          "timeZone" : 6,
          "date" : "2019-12-22T22:08+0000",
          "age" : 27,
          "signDate" : "2019-12-23T15:37+0000"
        },
        {
          "sign" : "sagittarius",
          "moonPhaseDate" : "2019-12-19T03:57+0000",
          "moonPhase" : "phase4",
          "timeZone" : 6,
          "date" : "2019-12-23T23:10+0000",
          "age" : 28,
          "signDate" : "2019-12-23T15:37+0000"
        },
        {
          "sign" : "sagittarius",
          "moonPhaseDate" : "2019-12-19T03:57+0000",
          "moonPhase" : "phase4",
          "timeZone" : 6,
          "date" : "2019-12-25T00:11+0000",
          "age" : 29,
          "signDate" : "2019-12-23T15:37+0000"
        },
        {
          "sign" : "capricorn",
          "moonPhaseDate" : "2019-12-26T04:13+0000",
          "moonPhase" : "newMoon",
          "timeZone" : 6,
          "date" : "2019-12-26T01:10+0000",
          "age" : 30,
          "signDate" : "2019-12-25T20:46+0000"
        },
        {
          "sign" : "capricorn",
          "moonPhaseDate" : "2019-12-26T04:13+0000",
          "moonPhase" : "newMoon",
          "timeZone" : 6,
          "date" : "2019-12-26T04:13+0000",
          "age" : 1,
          "signDate" : "2019-12-25T20:46+0000"
        },
        {
          "sign" : "capricorn",
          "moonPhaseDate" : "2019-12-26T04:13+0000",
          "moonPhase" : "phase1",
          "timeZone" : 6,
          "date" : "2019-12-27T02:06+0000",
          "age" : 2,
          "signDate" : "2019-12-25T20:46+0000"
        },
        {
          "sign" : "aquarius",
          "moonPhaseDate" : "2019-12-26T04:13+0000",
          "moonPhase" : "phase1",
          "timeZone" : 6,
          "date" : "2019-12-28T02:57+0000",
          "age" : 3,
          "signDate" : "2019-12-28T04:21+0000"
        },
        {
          "sign" : "aquarius",
          "moonPhaseDate" : "2019-12-26T04:13+0000",
          "moonPhase" : "phase1",
          "timeZone" : 6,
          "date" : "2019-12-29T03:43+0000",
          "age" : 4,
          "signDate" : "2019-12-28T04:21+0000"
        },
        {
          "moonPhaseDate" : "2019-12-26T04:13+0000",
          "sign" : "pisces",
          "moonPhase" : "phase1",
          "timeZone" : 6,
          "date" : "2019-12-30T04:25+0000",
          "age" : 5,
          "signDate" : "2019-12-30T14:43+0000"
        },
        {
          "sign" : "pisces",
          "moonPhaseDate" : "2019-12-26T04:13+0000",
          "moonPhase" : "phase1",
          "timeZone" : 6,
          "date" : "2019-12-31T05:02+0000",
          "age" : 6,
          "signDate" : "2019-12-30T14:43+0000"
        },
        {
          "sign" : "pisces",
          "moonPhaseDate" : null,
          "moonPhase" : "phase1",
          "timeZone" : 6,
          "date" : "2020-01-01T05:36+0000",
          "age" : 7,
          "signDate" : "2019-12-30T14:43+0000"
        },
        {
          "sign" : "aries",
          "moonPhaseDate" : null,
          "moonPhase" : "phase1",
          "timeZone" : 6,
          "date" : "2020-01-02T06:08+0000",
          "age" : 8,
          "signDate" : "2020-01-02T03:01+0000"
        },
        {
          "moonPhaseDate" : "2020-01-03T03:45+0000",
          "sign" : "aries",
          "moonPhase" : "phase2",
          "timeZone" : 6,
          "date" : "2020-01-03T06:40+0000",
          "age" : 9,
          "signDate" : "2020-01-02T03:01+0000"
        },
        {
          "sign" : "taurus",
          "moonPhaseDate" : "2020-01-03T03:45+0000",
          "moonPhase" : "phase2",
          "timeZone" : 6,
          "date" : "2020-01-04T07:12+0000",
          "age" : 10,
          "signDate" : "2020-01-04T15:15+0000"
        },
        {
          "sign" : "taurus",
          "moonPhaseDate" : "2020-01-03T03:45+0000",
          "moonPhase" : "phase2",
          "timeZone" : 6,
          "date" : "2020-01-05T07:46+0000",
          "age" : 11,
          "signDate" : "2020-01-04T15:15+0000"
        },
        {
          "sign" : "taurus",
          "moonPhaseDate" : "2020-01-03T03:45+0000",
          "moonPhase" : "phase2",
          "timeZone" : 6,
          "date" : "2020-01-06T08:22+0000",
          "age" : 12,
          "signDate" : "2020-01-04T15:15+0000"
        },
        {
          "moonPhaseDate" : "2020-01-03T03:45+0000",
          "sign" : "gemini",
          "moonPhase" : "phase2",
          "timeZone" : 6,
          "date" : "2020-01-07T09:03+0000",
          "age" : 13,
          "signDate" : "2020-01-07T01:13+0000"
        },
        {
          "sign" : "gemini",
          "moonPhaseDate" : "2020-01-03T03:45+0000",
          "moonPhase" : "phase2",
          "timeZone" : 6,
          "date" : "2020-01-08T09:49+0000",
          "age" : 14,
          "signDate" : "2020-01-07T01:13+0000"
        },
        {
          "moonPhaseDate" : "2020-01-03T03:45+0000",
          "sign" : "cancer",
          "moonPhase" : "phase2",
          "timeZone" : 6,
          "date" : "2020-01-09T10:40+0000",
          "age" : 15,
          "signDate" : "2020-01-09T07:45+0000"
        },
        {
          "sign" : "cancer",
          "moonPhaseDate" : "2020-01-03T03:45+0000",
          "moonPhase" : "phase2",
          "timeZone" : 6,
          "date" : "2020-01-10T11:38+0000",
          "age" : 16,
          "signDate" : "2020-01-09T07:45+0000"
        },
        {
          "sign" : "leo",
          "moonPhaseDate" : "2020-01-10T18:21+0000",
          "moonPhase" : "fullMoon",
          "timeZone" : 6,
          "date" : "2020-01-11T12:41+0000",
          "age" : 17,
          "signDate" : "2020-01-11T11:16+0000"
        },
        {
          "sign" : "leo",
          "moonPhaseDate" : "2020-01-10T18:21+0000",
          "moonPhase" : "phase3",
          "timeZone" : 6,
          "date" : "2020-01-12T13:46+0000",
          "age" : 18,
          "signDate" : "2020-01-11T11:16+0000"
        },
        {
          "moonPhaseDate" : "2020-01-10T18:21+0000",
          "sign" : "virgo",
          "moonPhase" : "phase3",
          "timeZone" : 6,
          "date" : "2020-01-13T14:52+0000",
          "age" : 19,
          "signDate" : "2020-01-13T13:05+0000"
        },
        {
          "sign" : "virgo",
          "moonPhaseDate" : "2020-01-10T18:21+0000",
          "moonPhase" : "phase3",
          "timeZone" : 6,
          "date" : "2020-01-14T15:56+0000",
          "age" : 20,
          "signDate" : "2020-01-13T13:05+0000"
        },
        {
          "sign" : "libra",
          "moonPhaseDate" : "2020-01-10T18:21+0000",
          "moonPhase" : "phase3",
          "timeZone" : 6,
          "date" : "2020-01-15T16:59+0000",
          "age" : 21,
          "signDate" : "2020-01-15T14:42+0000"
        },
        {
          "sign" : "scorpio",
          "moonPhaseDate" : "2020-01-17T11:58+0000",
          "moonPhase" : "phase4",
          "timeZone" : 6,
          "date" : "2020-01-16T18:00+0000",
          "age" : 22,
          "signDate" : "2020-01-17T17:21+0000"
        },
        {
          "sign" : "scorpio",
          "moonPhaseDate" : "2020-01-17T11:58+0000",
          "moonPhase" : "phase4",
          "timeZone" : 6,
          "date" : "2020-01-17T19:01+0000",
          "age" : 23,
          "signDate" : "2020-01-17T17:21+0000"
        },
        {
          "sign" : "scorpio",
          "moonPhaseDate" : "2020-01-17T11:58+0000",
          "moonPhase" : "phase4",
          "timeZone" : 6,
          "date" : "2020-01-18T20:01+0000",
          "age" : 24,
          "signDate" : "2020-01-17T17:21+0000"
        },
        {
          "sign" : "sagittarius",
          "moonPhaseDate" : "2020-01-17T11:58+0000",
          "moonPhase" : "phase4",
          "timeZone" : 6,
          "date" : "2020-01-19T21:02+0000",
          "age" : 25,
          "signDate" : "2020-01-19T21:43+0000"
        },
        {
          "sign" : "sagittarius",
          "moonPhaseDate" : "2020-01-17T11:58+0000",
          "moonPhase" : "phase4",
          "timeZone" : 6,
          "date" : "2020-01-20T22:02+0000",
          "age" : 26,
          "signDate" : "2020-01-19T21:43+0000"
        },
        {
          "sign" : "capricorn",
          "moonPhaseDate" : "2020-01-17T11:58+0000",
          "moonPhase" : "phase4",
          "timeZone" : 6,
          "date" : "2020-01-21T23:01+0000",
          "age" : 27,
          "signDate" : "2020-01-22T04:02+0000"
        },
        {
          "sign" : "capricorn",
          "moonPhaseDate" : "2020-01-17T11:58+0000",
          "moonPhase" : "phase4",
          "timeZone" : 6,
          "date" : "2020-01-22T23:57+0000",
          "age" : 28,
          "signDate" : "2020-01-22T04:02+0000"
        },
        {
          "sign" : "aquarius",
          "moonPhaseDate" : "2020-01-17T11:58+0000",
          "moonPhase" : "phase4",
          "timeZone" : 6,
          "date" : "2020-01-24T00:50+0000",
          "age" : 29,
          "signDate" : "2020-01-24T12:22+0000"
        },
        {
          "sign" : "aquarius",
          "moonPhaseDate" : "2020-01-24T20:42+0000",
          "moonPhase" : "newMoon",
          "timeZone" : 6,
          "date" : "2020-01-24T20:42+0000",
          "age" : 1,
          "signDate" : "2020-01-24T12:22+0000"
        },
        {
          "sign" : "aquarius",
          "moonPhaseDate" : "2020-01-24T20:42+0000",
          "moonPhase" : "newMoon",
          "timeZone" : 6,
          "date" : "2020-01-25T01:37+0000",
          "age" : 2,
          "signDate" : "2020-01-24T12:22+0000"
        },
        {
          "sign" : "aquarius",
          "moonPhaseDate" : "2020-01-24T20:42+0000",
          "moonPhase" : "phase1",
          "timeZone" : 6,
          "date" : "2020-01-26T02:20+0000",
          "age" : 3,
          "signDate" : "2020-01-24T12:22+0000"
        },
        {
          "sign" : "pisces",
          "moonPhaseDate" : "2020-01-24T20:42+0000",
          "moonPhase" : "phase1",
          "timeZone" : 6,
          "date" : "2020-01-27T02:59+0000",
          "age" : 4,
          "signDate" : "2020-01-26T22:45+0000"
        },
        {
          "sign" : "pisces",
          "moonPhaseDate" : "2020-01-24T20:42+0000",
          "moonPhase" : "phase1",
          "timeZone" : 6,
          "date" : "2020-01-28T03:34+0000",
          "age" : 5,
          "signDate" : "2020-01-26T22:45+0000"
        },
        {
          "sign" : "aries",
          "moonPhaseDate" : "2020-01-24T20:42+0000",
          "moonPhase" : "phase1",
          "timeZone" : 6,
          "date" : "2020-01-29T04:07+0000",
          "age" : 6,
          "signDate" : "2020-01-29T10:51+0000"
        },
        {
          "sign" : "aries",
          "moonPhaseDate" : "2020-01-24T20:42+0000",
          "moonPhase" : "phase1",
          "timeZone" : 6,
          "date" : "2020-01-30T04:39+0000",
          "age" : 7,
          "signDate" : "2020-01-29T10:51+0000"
        },
        {
          "sign" : "aries",
          "moonPhaseDate" : "2020-01-24T20:42+0000",
          "moonPhase" : "phase1",
          "timeZone" : 6,
          "date" : "2020-01-31T05:11+0000",
          "age" : 8,
          "signDate" : "2020-01-29T10:51+0000"
        },
        {
          "sign" : "aries",
          "moonPhaseDate" : "2020-01-24T20:42+0000",
          "moonPhase" : "phase1",
          "timeZone" : 6,
          "date" : "2020-01-31T05:11+0000",
          "age" : 8,
          "signDate" : "2020-01-29T10:51+0000"
        }
      ]
    }
  ],
  "countryName" : "Пакистан"
}