{
  "countryName" : "Сирия",
  "cities" : [
    {
      "moonDays" : [
        {
          "date" : "2019-05-01T01:06+0000",
          "moonPhase" : null,
          "age" : 26,
          "signDate" : "2019-05-01T10:23+0000",
          "moonPhaseDate" : null,
          "timeZone" : 3,
          "sign" : "aries"
        },
        {
          "date" : "2019-05-02T01:36+0000",
          "moonPhase" : null,
          "age" : 27,
          "signDate" : "2019-05-01T10:23+0000",
          "moonPhaseDate" : null,
          "timeZone" : 3,
          "sign" : "aries"
        },
        {
          "date" : "2019-05-03T02:07+0000",
          "moonPhase" : null,
          "age" : 28,
          "signDate" : "2019-05-03T20:21+0000",
          "moonPhaseDate" : null,
          "timeZone" : 3,
          "sign" : "taurus"
        },
        {
          "date" : "2019-05-04T02:38+0000",
          "moonPhase" : null,
          "age" : 29,
          "signDate" : "2019-05-03T20:21+0000",
          "moonPhaseDate" : null,
          "timeZone" : 3,
          "sign" : "taurus"
        },
        {
          "date" : "2019-05-04T22:45+0000",
          "moonPhase" : "newMoon",
          "age" : 1,
          "signDate" : "2019-05-03T20:21+0000",
          "moonPhaseDate" : "2019-05-04T22:45+0000",
          "sign" : "taurus",
          "timeZone" : 3
        },
        {
          "date" : "2019-05-05T03:12+0000",
          "moonPhase" : "newMoon",
          "age" : 2,
          "signDate" : "2019-05-03T20:21+0000",
          "moonPhaseDate" : "2019-05-04T22:45+0000",
          "sign" : "taurus",
          "timeZone" : 3
        },
        {
          "date" : "2019-05-06T03:50+0000",
          "moonPhase" : "phase1",
          "age" : 3,
          "signDate" : "2019-05-06T03:42+0000",
          "moonPhaseDate" : "2019-05-04T22:45+0000",
          "timeZone" : 3,
          "sign" : "gemini"
        },
        {
          "date" : "2019-05-07T04:34+0000",
          "moonPhase" : "phase1",
          "age" : 4,
          "signDate" : "2019-05-06T03:42+0000",
          "moonPhaseDate" : "2019-05-04T22:45+0000",
          "timeZone" : 3,
          "sign" : "gemini"
        },
        {
          "date" : "2019-05-08T05:23+0000",
          "moonPhase" : "phase1",
          "age" : 5,
          "signDate" : "2019-05-08T09:05+0000",
          "moonPhaseDate" : "2019-05-04T22:45+0000",
          "timeZone" : 3,
          "sign" : "cancer"
        },
        {
          "date" : "2019-05-09T06:18+0000",
          "moonPhase" : "phase1",
          "age" : 6,
          "signDate" : "2019-05-08T09:05+0000",
          "moonPhaseDate" : "2019-05-04T22:45+0000",
          "timeZone" : 3,
          "sign" : "cancer"
        },
        {
          "date" : "2019-05-10T07:19+0000",
          "moonPhase" : "phase1",
          "age" : 7,
          "signDate" : "2019-05-10T13:12+0000",
          "moonPhaseDate" : "2019-05-04T22:45+0000",
          "timeZone" : 3,
          "sign" : "leo"
        },
        {
          "date" : "2019-05-11T08:23+0000",
          "moonPhase" : "phase1",
          "age" : 8,
          "signDate" : "2019-05-10T13:12+0000",
          "moonPhaseDate" : "2019-05-04T22:45+0000",
          "timeZone" : 3,
          "sign" : "leo"
        },
        {
          "date" : "2019-05-12T09:30+0000",
          "moonPhase" : "phase2",
          "age" : 9,
          "signDate" : "2019-05-12T16:23+0000",
          "moonPhaseDate" : "2019-05-12T01:12+0000",
          "timeZone" : 3,
          "sign" : "virgo"
        },
        {
          "date" : "2019-05-13T10:37+0000",
          "moonPhase" : "phase2",
          "age" : 10,
          "signDate" : "2019-05-12T16:23+0000",
          "moonPhaseDate" : "2019-05-12T01:12+0000",
          "timeZone" : 3,
          "sign" : "virgo"
        },
        {
          "date" : "2019-05-14T11:43+0000",
          "moonPhase" : "phase2",
          "age" : 11,
          "signDate" : "2019-05-14T18:53+0000",
          "moonPhaseDate" : "2019-05-12T01:12+0000",
          "timeZone" : 3,
          "sign" : "libra"
        },
        {
          "date" : "2019-05-15T12:49+0000",
          "moonPhase" : "phase2",
          "age" : 12,
          "signDate" : "2019-05-14T18:53+0000",
          "moonPhaseDate" : "2019-05-12T01:12+0000",
          "timeZone" : 3,
          "sign" : "libra"
        },
        {
          "date" : "2019-05-16T13:55+0000",
          "moonPhase" : "phase2",
          "age" : 13,
          "signDate" : "2019-05-14T18:53+0000",
          "moonPhaseDate" : "2019-05-12T01:12+0000",
          "sign" : "libra",
          "timeZone" : 3
        },
        {
          "date" : "2019-05-17T15:00+0000",
          "moonPhase" : "phase2",
          "age" : 14,
          "signDate" : "2019-05-16T21:25+0000",
          "moonPhaseDate" : "2019-05-12T01:12+0000",
          "timeZone" : 3,
          "sign" : "scorpio"
        },
        {
          "date" : "2019-05-18T16:05+0000",
          "moonPhase" : "phase2",
          "age" : 15,
          "signDate" : "2019-05-16T21:25+0000",
          "moonPhaseDate" : "2019-05-12T01:12+0000",
          "timeZone" : 3,
          "sign" : "scorpio"
        },
        {
          "date" : "2019-05-19T17:08+0000",
          "moonPhase" : "fullMoon",
          "age" : 16,
          "signDate" : "2019-05-19T01:19+0000",
          "moonPhaseDate" : "2019-05-18T21:11+0000",
          "timeZone" : 3,
          "sign" : "sagittarius"
        },
        {
          "date" : "2019-05-20T18:09+0000",
          "moonPhase" : "phase3",
          "age" : 17,
          "signDate" : "2019-05-19T01:19+0000",
          "moonPhaseDate" : "2019-05-18T21:11+0000",
          "sign" : "sagittarius",
          "timeZone" : 3
        },
        {
          "date" : "2019-05-21T19:06+0000",
          "moonPhase" : "phase3",
          "age" : 18,
          "signDate" : "2019-05-21T07:56+0000",
          "moonPhaseDate" : "2019-05-18T21:11+0000",
          "timeZone" : 3,
          "sign" : "capricorn"
        },
        {
          "date" : "2019-05-22T19:58+0000",
          "moonPhase" : "phase3",
          "age" : 19,
          "signDate" : "2019-05-21T07:56+0000",
          "moonPhaseDate" : "2019-05-18T21:11+0000",
          "timeZone" : 3,
          "sign" : "capricorn"
        },
        {
          "date" : "2019-05-23T20:45+0000",
          "moonPhase" : "phase3",
          "age" : 20,
          "signDate" : "2019-05-23T17:51+0000",
          "moonPhaseDate" : "2019-05-18T21:11+0000",
          "timeZone" : 3,
          "sign" : "aquarius"
        },
        {
          "date" : "2019-05-24T21:26+0000",
          "moonPhase" : "phase3",
          "age" : 21,
          "signDate" : "2019-05-23T17:51+0000",
          "moonPhaseDate" : "2019-05-18T21:11+0000",
          "timeZone" : 3,
          "sign" : "aquarius"
        },
        {
          "date" : "2019-05-25T22:03+0000",
          "moonPhase" : "phase4",
          "age" : 22,
          "signDate" : "2019-05-26T06:07+0000",
          "moonPhaseDate" : "2019-05-26T16:33+0000",
          "timeZone" : 3,
          "sign" : "pisces"
        },
        {
          "date" : "2019-05-26T22:36+0000",
          "moonPhase" : "phase4",
          "age" : 23,
          "signDate" : "2019-05-26T06:07+0000",
          "moonPhaseDate" : "2019-05-26T16:33+0000",
          "timeZone" : 3,
          "sign" : "pisces"
        },
        {
          "date" : "2019-05-27T23:07+0000",
          "moonPhase" : "phase4",
          "age" : 24,
          "signDate" : "2019-05-28T18:29+0000",
          "moonPhaseDate" : "2019-05-26T16:33+0000",
          "timeZone" : 3,
          "sign" : "aries"
        },
        {
          "date" : "2019-05-28T23:37+0000",
          "moonPhase" : "phase4",
          "age" : 25,
          "signDate" : "2019-05-28T18:29+0000",
          "moonPhaseDate" : "2019-05-26T16:33+0000",
          "timeZone" : 3,
          "sign" : "aries"
        },
        {
          "date" : "2019-05-30T00:06+0000",
          "moonPhase" : "phase4",
          "age" : 26,
          "signDate" : "2019-05-28T18:29+0000",
          "moonPhaseDate" : "2019-05-26T16:33+0000",
          "timeZone" : 3,
          "sign" : "aries"
        },
        {
          "date" : "2019-05-31T00:37+0000",
          "moonPhase" : "phase4",
          "age" : 27,
          "signDate" : "2019-05-31T04:44+0000",
          "moonPhaseDate" : "2019-05-26T16:33+0000",
          "timeZone" : 3,
          "sign" : "taurus"
        },
        {
          "date" : "2019-06-01T01:10+0000",
          "moonPhase" : "phase4",
          "age" : 28,
          "signDate" : "2019-05-31T04:44+0000",
          "moonPhaseDate" : null,
          "timeZone" : 3,
          "sign" : "taurus"
        },
        {
          "date" : "2019-06-02T01:46+0000",
          "moonPhase" : "phase4",
          "age" : 29,
          "signDate" : "2019-06-02T11:51+0000",
          "moonPhaseDate" : null,
          "timeZone" : 3,
          "sign" : "gemini"
        },
        {
          "date" : "2019-06-03T02:28+0000",
          "moonPhase" : "newMoon",
          "age" : 30,
          "signDate" : "2019-06-02T11:51+0000",
          "moonPhaseDate" : "2019-06-03T10:02+0000",
          "timeZone" : 3,
          "sign" : "gemini"
        },
        {
          "date" : "2019-06-03T10:02+0000",
          "moonPhase" : "newMoon",
          "age" : 1,
          "signDate" : "2019-06-02T11:51+0000",
          "moonPhaseDate" : "2019-06-03T10:02+0000",
          "sign" : "gemini",
          "timeZone" : 3
        },
        {
          "date" : "2019-06-04T03:15+0000",
          "moonPhase" : "phase1",
          "age" : 2,
          "signDate" : "2019-06-04T16:18+0000",
          "moonPhaseDate" : "2019-06-03T10:02+0000",
          "timeZone" : 3,
          "sign" : "cancer"
        },
        {
          "date" : "2019-06-05T04:09+0000",
          "moonPhase" : "phase1",
          "age" : 3,
          "signDate" : "2019-06-04T16:18+0000",
          "moonPhaseDate" : "2019-06-03T10:02+0000",
          "timeZone" : 3,
          "sign" : "cancer"
        },
        {
          "date" : "2019-06-06T05:10+0000",
          "moonPhase" : "phase1",
          "age" : 4,
          "signDate" : "2019-06-06T19:14+0000",
          "moonPhaseDate" : "2019-06-03T10:02+0000",
          "timeZone" : 3,
          "sign" : "leo"
        },
        {
          "date" : "2019-06-07T06:15+0000",
          "moonPhase" : "phase1",
          "age" : 5,
          "signDate" : "2019-06-06T19:14+0000",
          "moonPhaseDate" : "2019-06-03T10:02+0000",
          "timeZone" : 3,
          "sign" : "leo"
        },
        {
          "age" : 6,
          "sign" : "leo",
          "moonPhaseDate" : "2019-06-03T10:02+0000",
          "date" : "2019-06-08T07:22+0000",
          "signDate" : "2019-06-06T19:14+0000",
          "moonPhase" : "phase1",
          "timeZone" : 3
        },
        {
          "date" : "2019-06-09T08:29+0000",
          "moonPhase" : "phase1",
          "age" : 7,
          "signDate" : "2019-06-08T21:43+0000",
          "moonPhaseDate" : "2019-06-03T10:02+0000",
          "timeZone" : 3,
          "sign" : "virgo"
        },
        {
          "date" : "2019-06-10T09:36+0000",
          "moonPhase" : "phase2",
          "age" : 8,
          "signDate" : "2019-06-08T21:43+0000",
          "moonPhaseDate" : "2019-06-10T05:59+0000",
          "timeZone" : 3,
          "sign" : "virgo"
        },
        {
          "date" : "2019-06-11T10:41+0000",
          "moonPhase" : "phase2",
          "age" : 9,
          "signDate" : "2019-06-11T00:30+0000",
          "moonPhaseDate" : "2019-06-10T05:59+0000",
          "timeZone" : 3,
          "sign" : "libra"
        },
        {
          "date" : "2019-06-12T11:45+0000",
          "moonPhase" : "phase2",
          "age" : 10,
          "signDate" : "2019-06-11T00:30+0000",
          "moonPhaseDate" : "2019-06-10T05:59+0000",
          "timeZone" : 3,
          "sign" : "libra"
        },
        {
          "date" : "2019-06-13T12:49+0000",
          "moonPhase" : "phase2",
          "age" : 11,
          "signDate" : "2019-06-13T04:03+0000",
          "moonPhaseDate" : "2019-06-10T05:59+0000",
          "timeZone" : 3,
          "sign" : "scorpio"
        },
        {
          "date" : "2019-06-14T13:53+0000",
          "moonPhase" : "phase2",
          "age" : 12,
          "signDate" : "2019-06-13T04:03+0000",
          "moonPhaseDate" : "2019-06-10T05:59+0000",
          "timeZone" : 3,
          "sign" : "scorpio"
        },
        {
          "date" : "2019-06-15T14:56+0000",
          "moonPhase" : "phase2",
          "age" : 13,
          "signDate" : "2019-06-15T09:01+0000",
          "moonPhaseDate" : "2019-06-10T05:59+0000",
          "timeZone" : 3,
          "sign" : "sagittarius"
        },
        {
          "date" : "2019-06-16T15:57+0000",
          "moonPhase" : "phase2",
          "age" : 14,
          "signDate" : "2019-06-15T09:01+0000",
          "moonPhaseDate" : "2019-06-10T05:59+0000",
          "timeZone" : 3,
          "sign" : "sagittarius"
        },
        {
          "date" : "2019-06-17T16:55+0000",
          "moonPhase" : "fullMoon",
          "age" : 15,
          "signDate" : "2019-06-17T16:11+0000",
          "moonPhaseDate" : "2019-06-17T08:31+0000",
          "timeZone" : 3,
          "sign" : "capricorn"
        },
        {
          "date" : "2019-06-18T17:50+0000",
          "moonPhase" : "phase3",
          "age" : 16,
          "signDate" : "2019-06-17T16:11+0000",
          "moonPhaseDate" : "2019-06-17T08:31+0000",
          "timeZone" : 3,
          "sign" : "capricorn"
        },
        {
          "date" : "2019-06-19T18:39+0000",
          "moonPhase" : "phase3",
          "age" : 17,
          "signDate" : "2019-06-17T16:11+0000",
          "moonPhaseDate" : "2019-06-17T08:31+0000",
          "timeZone" : 3,
          "sign" : "capricorn"
        },
        {
          "date" : "2019-06-20T19:22+0000",
          "moonPhase" : "phase3",
          "age" : 18,
          "signDate" : "2019-06-20T02:01+0000",
          "moonPhaseDate" : "2019-06-17T08:31+0000",
          "timeZone" : 3,
          "sign" : "aquarius"
        },
        {
          "date" : "2019-06-21T20:01+0000",
          "moonPhase" : "phase3",
          "age" : 19,
          "signDate" : "2019-06-20T02:01+0000",
          "moonPhaseDate" : "2019-06-17T08:31+0000",
          "timeZone" : 3,
          "sign" : "aquarius"
        },
        {
          "date" : "2019-06-22T20:36+0000",
          "moonPhase" : "phase3",
          "age" : 20,
          "signDate" : "2019-06-22T14:01+0000",
          "moonPhaseDate" : "2019-06-17T08:31+0000",
          "sign" : "pisces",
          "timeZone" : 3
        },
        {
          "date" : "2019-06-23T21:08+0000",
          "moonPhase" : "phase3",
          "age" : 21,
          "signDate" : "2019-06-22T14:01+0000",
          "moonPhaseDate" : "2019-06-17T08:31+0000",
          "timeZone" : 3,
          "sign" : "pisces"
        },
        {
          "date" : "2019-06-24T21:37+0000",
          "moonPhase" : "phase4",
          "age" : 22,
          "signDate" : "2019-06-25T02:34+0000",
          "moonPhaseDate" : "2019-06-25T09:46+0000",
          "timeZone" : 3,
          "sign" : "aries"
        },
        {
          "date" : "2019-06-25T22:07+0000",
          "moonPhase" : "phase4",
          "age" : 23,
          "signDate" : "2019-06-25T02:34+0000",
          "moonPhaseDate" : "2019-06-25T09:46+0000",
          "timeZone" : 3,
          "sign" : "aries"
        },
        {
          "date" : "2019-06-26T22:36+0000",
          "moonPhase" : "phase4",
          "age" : 24,
          "signDate" : "2019-06-27T13:30+0000",
          "moonPhaseDate" : "2019-06-25T09:46+0000",
          "sign" : "taurus",
          "timeZone" : 3
        },
        {
          "date" : "2019-06-27T23:07+0000",
          "moonPhase" : "phase4",
          "age" : 25,
          "signDate" : "2019-06-27T13:30+0000",
          "moonPhaseDate" : "2019-06-25T09:46+0000",
          "timeZone" : 3,
          "sign" : "taurus"
        },
        {
          "date" : "2019-06-28T23:41+0000",
          "moonPhase" : "phase4",
          "age" : 26,
          "signDate" : "2019-06-27T13:30+0000",
          "moonPhaseDate" : "2019-06-25T09:46+0000",
          "timeZone" : 3,
          "sign" : "taurus"
        },
        {
          "date" : "2019-06-30T00:20+0000",
          "moonPhase" : "phase4",
          "age" : 27,
          "signDate" : "2019-06-29T21:10+0000",
          "moonPhaseDate" : "2019-06-25T09:46+0000",
          "timeZone" : 3,
          "sign" : "gemini"
        },
        {
          "date" : "2019-07-01T01:04+0000",
          "moonPhase" : "phase4",
          "age" : 28,
          "signDate" : "2019-06-29T21:10+0000",
          "moonPhaseDate" : null,
          "timeZone" : 3,
          "sign" : "gemini"
        },
        {
          "date" : "2019-07-02T01:56+0000",
          "moonPhase" : "newMoon",
          "age" : 29,
          "signDate" : "2019-07-02T01:26+0000",
          "moonPhaseDate" : "2019-07-02T19:16+0000",
          "timeZone" : 3,
          "sign" : "cancer"
        },
        {
          "date" : "2019-07-02T19:16+0000",
          "moonPhase" : "newMoon",
          "age" : 1,
          "signDate" : "2019-07-02T01:26+0000",
          "moonPhaseDate" : "2019-07-02T19:16+0000",
          "sign" : "cancer",
          "timeZone" : 3
        },
        {
          "date" : "2019-07-03T02:55+0000",
          "moonPhase" : "phase1",
          "age" : 2,
          "signDate" : "2019-07-02T01:26+0000",
          "moonPhaseDate" : "2019-07-02T19:16+0000",
          "timeZone" : 3,
          "sign" : "cancer"
        },
        {
          "date" : "2019-07-04T04:00+0000",
          "moonPhase" : "phase1",
          "age" : 3,
          "signDate" : "2019-07-04T03:21+0000",
          "moonPhaseDate" : "2019-07-02T19:16+0000",
          "timeZone" : 3,
          "sign" : "leo"
        },
        {
          "date" : "2019-07-05T05:09+0000",
          "moonPhase" : "phase1",
          "age" : 4,
          "signDate" : "2019-07-04T03:21+0000",
          "moonPhaseDate" : "2019-07-02T19:16+0000",
          "timeZone" : 3,
          "sign" : "leo"
        },
        {
          "date" : "2019-07-06T06:18+0000",
          "moonPhase" : "phase1",
          "age" : 5,
          "signDate" : "2019-07-06T04:25+0000",
          "moonPhaseDate" : "2019-07-02T19:16+0000",
          "timeZone" : 3,
          "sign" : "virgo"
        },
        {
          "date" : "2019-07-07T07:27+0000",
          "moonPhase" : "phase1",
          "age" : 6,
          "signDate" : "2019-07-06T04:25+0000",
          "moonPhaseDate" : "2019-07-02T19:16+0000",
          "timeZone" : 3,
          "sign" : "virgo"
        },
        {
          "date" : "2019-07-08T08:34+0000",
          "moonPhase" : "phase1",
          "age" : 7,
          "signDate" : "2019-07-08T06:07+0000",
          "moonPhaseDate" : "2019-07-02T19:16+0000",
          "timeZone" : 3,
          "sign" : "libra"
        },
        {
          "date" : "2019-07-09T09:39+0000",
          "moonPhase" : "phase2",
          "age" : 8,
          "signDate" : "2019-07-08T06:07+0000",
          "moonPhaseDate" : "2019-07-09T10:55+0000",
          "timeZone" : 3,
          "sign" : "libra"
        },
        {
          "date" : "2019-07-10T10:43+0000",
          "moonPhase" : "phase2",
          "age" : 9,
          "signDate" : "2019-07-10T09:28+0000",
          "moonPhaseDate" : "2019-07-09T10:55+0000",
          "timeZone" : 3,
          "sign" : "scorpio"
        },
        {
          "date" : "2019-07-11T11:46+0000",
          "moonPhase" : "phase2",
          "age" : 10,
          "signDate" : "2019-07-10T09:28+0000",
          "moonPhaseDate" : "2019-07-09T10:55+0000",
          "timeZone" : 3,
          "sign" : "scorpio"
        },
        {
          "date" : "2019-07-12T12:48+0000",
          "moonPhase" : "phase2",
          "age" : 11,
          "signDate" : "2019-07-12T15:04+0000",
          "moonPhaseDate" : "2019-07-09T10:55+0000",
          "timeZone" : 3,
          "sign" : "sagittarius"
        },
        {
          "date" : "2019-07-13T13:49+0000",
          "moonPhase" : "phase2",
          "age" : 12,
          "signDate" : "2019-07-12T15:04+0000",
          "moonPhaseDate" : "2019-07-09T10:55+0000",
          "timeZone" : 3,
          "sign" : "sagittarius"
        },
        {
          "date" : "2019-07-14T14:47+0000",
          "moonPhase" : "phase2",
          "age" : 13,
          "signDate" : "2019-07-12T15:04+0000",
          "moonPhaseDate" : "2019-07-09T10:55+0000",
          "timeZone" : 3,
          "sign" : "sagittarius"
        },
        {
          "date" : "2019-07-15T15:43+0000",
          "moonPhase" : "phase2",
          "age" : 14,
          "signDate" : "2019-07-14T23:03+0000",
          "moonPhaseDate" : "2019-07-09T10:55+0000",
          "timeZone" : 3,
          "sign" : "capricorn"
        },
        {
          "date" : "2019-07-16T16:33+0000",
          "moonPhase" : "phase2",
          "age" : 15,
          "signDate" : "2019-07-14T23:03+0000",
          "moonPhaseDate" : "2019-07-09T10:55+0000",
          "timeZone" : 3,
          "sign" : "capricorn"
        },
        {
          "date" : "2019-07-17T17:19+0000",
          "moonPhase" : "fullMoon",
          "age" : 16,
          "signDate" : "2019-07-17T09:18+0000",
          "moonPhaseDate" : "2019-07-16T21:38+0000",
          "timeZone" : 3,
          "sign" : "aquarius"
        },
        {
          "date" : "2019-07-18T17:59+0000",
          "moonPhase" : "phase3",
          "age" : 17,
          "signDate" : "2019-07-17T09:18+0000",
          "moonPhaseDate" : "2019-07-16T21:38+0000",
          "timeZone" : 3,
          "sign" : "aquarius"
        },
        {
          "timeZone" : 3,
          "date" : "2019-07-19T18:35+0000",
          "age" : 18,
          "sign" : "aquarius",
          "moonPhase" : "phase3",
          "signDate" : "2019-07-17T09:18+0000",
          "moonPhaseDate" : "2019-07-16T21:38+0000"
        },
        {
          "date" : "2019-07-20T19:08+0000",
          "timeZone" : 3,
          "age" : 19,
          "sign" : "pisces",
          "moonPhase" : "phase3",
          "signDate" : "2019-07-19T21:19+0000",
          "moonPhaseDate" : "2019-07-16T21:38+0000"
        },
        {
          "timeZone" : 3,
          "date" : "2019-07-21T19:39+0000",
          "age" : 20,
          "moonPhaseDate" : "2019-07-16T21:38+0000",
          "moonPhase" : "phase3",
          "signDate" : "2019-07-19T21:19+0000",
          "sign" : "pisces"
        },
        {
          "date" : "2019-07-22T20:08+0000",
          "timeZone" : 3,
          "age" : 21,
          "sign" : "aries",
          "moonPhaseDate" : "2019-07-16T21:38+0000",
          "signDate" : "2019-07-22T10:01+0000",
          "moonPhase" : "phase3"
        },
        {
          "date" : "2019-07-23T20:37+0000",
          "timeZone" : 3,
          "age" : 22,
          "sign" : "aries",
          "moonPhase" : "phase3",
          "signDate" : "2019-07-22T10:01+0000",
          "moonPhaseDate" : "2019-07-16T21:38+0000"
        },
        {
          "timeZone" : 3,
          "date" : "2019-07-24T21:06+0000",
          "age" : 23,
          "moonPhaseDate" : "2019-07-25T01:18+0000",
          "moonPhase" : "phase4",
          "signDate" : "2019-07-24T21:40+0000",
          "sign" : "taurus"
        },
        {
          "timeZone" : 3,
          "date" : "2019-07-25T21:38+0000",
          "age" : 24,
          "moonPhaseDate" : "2019-07-25T01:18+0000",
          "moonPhase" : "phase4",
          "signDate" : "2019-07-24T21:40+0000",
          "sign" : "taurus"
        },
        {
          "timeZone" : 3,
          "date" : "2019-07-26T22:14+0000",
          "age" : 25,
          "moonPhaseDate" : "2019-07-25T01:18+0000",
          "moonPhase" : "phase4",
          "signDate" : "2019-07-27T06:28+0000",
          "sign" : "gemini"
        },
        {
          "timeZone" : 3,
          "date" : "2019-07-27T22:54+0000",
          "age" : 26,
          "moonPhaseDate" : "2019-07-25T01:18+0000",
          "moonPhase" : "phase4",
          "signDate" : "2019-07-27T06:28+0000",
          "sign" : "gemini"
        },
        {
          "date" : "2019-07-28T23:41+0000",
          "timeZone" : 3,
          "age" : 27,
          "moonPhaseDate" : "2019-07-25T01:18+0000",
          "moonPhase" : "phase4",
          "signDate" : "2019-07-29T11:30+0000",
          "sign" : "cancer"
        },
        {
          "timeZone" : 3,
          "date" : "2019-07-30T00:36+0000",
          "age" : 28,
          "moonPhaseDate" : "2019-07-25T01:18+0000",
          "signDate" : "2019-07-29T11:30+0000",
          "sign" : "cancer",
          "moonPhase" : "phase4"
        },
        {
          "date" : "2019-07-31T01:39+0000",
          "timeZone" : 3,
          "age" : 29,
          "moonPhaseDate" : "2019-07-25T01:18+0000",
          "moonPhase" : "phase4",
          "signDate" : "2019-07-31T13:18+0000",
          "sign" : "leo"
        },
        {
          "timeZone" : 3,
          "date" : "2019-08-01T02:47+0000",
          "age" : 30,
          "moonPhaseDate" : "2019-08-01T03:12+0000",
          "moonPhase" : "newMoon",
          "sign" : "leo",
          "signDate" : "2019-07-31T13:18+0000"
        },
        {
          "timeZone" : 3,
          "date" : "2019-08-01T03:12+0000",
          "age" : 1,
          "moonPhaseDate" : "2019-08-01T03:12+0000",
          "signDate" : "2019-07-31T13:18+0000",
          "sign" : "leo",
          "moonPhase" : "newMoon"
        },
        {
          "date" : "2019-08-02T03:58+0000",
          "timeZone" : 3,
          "age" : 2,
          "moonPhaseDate" : "2019-08-01T03:12+0000",
          "moonPhase" : "phase1",
          "signDate" : "2019-08-02T13:23+0000",
          "sign" : "virgo"
        },
        {
          "timeZone" : 3,
          "date" : "2019-08-03T05:10+0000",
          "age" : 3,
          "moonPhaseDate" : "2019-08-01T03:12+0000",
          "moonPhase" : "phase1",
          "signDate" : "2019-08-02T13:23+0000",
          "sign" : "virgo"
        },
        {
          "timeZone" : 3,
          "date" : "2019-08-04T06:19+0000",
          "age" : 4,
          "moonPhaseDate" : "2019-08-01T03:12+0000",
          "moonPhase" : "phase1",
          "signDate" : "2019-08-04T13:32+0000",
          "sign" : "libra"
        },
        {
          "date" : "2019-08-05T07:27+0000",
          "timeZone" : 3,
          "age" : 5,
          "moonPhaseDate" : "2019-08-01T03:12+0000",
          "moonPhase" : "phase1",
          "signDate" : "2019-08-04T13:32+0000",
          "sign" : "libra"
        },
        {
          "date" : "2019-08-06T08:34+0000",
          "timeZone" : 3,
          "age" : 6,
          "moonPhaseDate" : "2019-08-01T03:12+0000",
          "moonPhase" : "phase1",
          "signDate" : "2019-08-06T15:31+0000",
          "sign" : "scorpio"
        },
        {
          "date" : "2019-08-07T09:39+0000",
          "timeZone" : 3,
          "age" : 7,
          "moonPhaseDate" : "2019-08-07T17:31+0000",
          "moonPhase" : "phase2",
          "signDate" : "2019-08-06T15:31+0000",
          "sign" : "scorpio"
        },
        {
          "timeZone" : 3,
          "date" : "2019-08-08T10:42+0000",
          "age" : 8,
          "moonPhaseDate" : "2019-08-07T17:31+0000",
          "signDate" : "2019-08-08T20:32+0000",
          "moonPhase" : "phase2",
          "sign" : "sagittarius"
        },
        {
          "timeZone" : 3,
          "date" : "2019-08-09T11:43+0000",
          "age" : 9,
          "moonPhaseDate" : "2019-08-07T17:31+0000",
          "signDate" : "2019-08-08T20:32+0000",
          "sign" : "sagittarius",
          "moonPhase" : "phase2"
        },
        {
          "timeZone" : 3,
          "date" : "2019-08-10T12:42+0000",
          "age" : 10,
          "sign" : "sagittarius",
          "moonPhaseDate" : "2019-08-07T17:31+0000",
          "moonPhase" : "phase2",
          "signDate" : "2019-08-08T20:32+0000"
        },
        {
          "date" : "2019-08-11T13:38+0000",
          "timeZone" : 3,
          "age" : 11,
          "moonPhaseDate" : "2019-08-07T17:31+0000",
          "moonPhase" : "phase2",
          "signDate" : "2019-08-11T04:48+0000",
          "sign" : "capricorn"
        },
        {
          "date" : "2019-08-12T14:30+0000",
          "timeZone" : 3,
          "age" : 12,
          "sign" : "capricorn",
          "moonPhase" : "phase2",
          "signDate" : "2019-08-11T04:48+0000",
          "moonPhaseDate" : "2019-08-07T17:31+0000"
        },
        {
          "date" : "2019-08-13T15:17+0000",
          "timeZone" : 3,
          "age" : 13,
          "sign" : "aquarius",
          "moonPhase" : "phase2",
          "signDate" : "2019-08-13T15:36+0000",
          "moonPhaseDate" : "2019-08-07T17:31+0000"
        },
        {
          "timeZone" : 3,
          "date" : "2019-08-14T15:58+0000",
          "age" : 14,
          "moonPhaseDate" : "2019-08-07T17:31+0000",
          "moonPhase" : "phase2",
          "sign" : "aquarius",
          "signDate" : "2019-08-13T15:36+0000"
        },
        {
          "date" : "2019-08-15T16:36+0000",
          "timeZone" : 3,
          "age" : 15,
          "moonPhaseDate" : "2019-08-15T12:29+0000",
          "moonPhase" : "fullMoon",
          "signDate" : "2019-08-13T15:36+0000",
          "sign" : "aquarius"
        },
        {
          "timeZone" : 3,
          "date" : "2019-08-16T17:09+0000",
          "age" : 16,
          "moonPhaseDate" : "2019-08-15T12:29+0000",
          "signDate" : "2019-08-16T03:50+0000",
          "moonPhase" : "phase3",
          "sign" : "pisces"
        },
        {
          "date" : "2019-08-17T17:40+0000",
          "timeZone" : 3,
          "age" : 17,
          "sign" : "pisces",
          "moonPhaseDate" : "2019-08-15T12:29+0000",
          "signDate" : "2019-08-16T03:50+0000",
          "moonPhase" : "phase3"
        },
        {
          "timeZone" : 3,
          "date" : "2019-08-18T18:10+0000",
          "age" : 18,
          "sign" : "aries",
          "moonPhase" : "phase3",
          "signDate" : "2019-08-18T16:32+0000",
          "moonPhaseDate" : "2019-08-15T12:29+0000"
        },
        {
          "timeZone" : 3,
          "date" : "2019-08-19T18:38+0000",
          "age" : 19,
          "moonPhaseDate" : "2019-08-15T12:29+0000",
          "moonPhase" : "phase3",
          "signDate" : "2019-08-18T16:32+0000",
          "sign" : "aries"
        },
        {
          "timeZone" : 3,
          "date" : "2019-08-20T19:07+0000",
          "age" : 20,
          "moonPhaseDate" : "2019-08-15T12:29+0000",
          "signDate" : "2019-08-18T16:32+0000",
          "moonPhase" : "phase3",
          "sign" : "aries"
        },
        {
          "date" : "2019-08-21T19:38+0000",
          "timeZone" : 3,
          "age" : 21,
          "sign" : "taurus",
          "moonPhase" : "phase3",
          "signDate" : "2019-08-21T04:36+0000",
          "moonPhaseDate" : "2019-08-15T12:29+0000"
        },
        {
          "date" : "2019-08-22T20:11+0000",
          "timeZone" : 3,
          "age" : 22,
          "moonPhaseDate" : "2019-08-15T12:29+0000",
          "moonPhase" : "phase3",
          "signDate" : "2019-08-21T04:36+0000",
          "sign" : "taurus"
        },
        {
          "timeZone" : 3,
          "date" : "2019-08-23T20:48+0000",
          "age" : 23,
          "sign" : "gemini",
          "moonPhase" : "phase4",
          "signDate" : "2019-08-23T14:34+0000",
          "moonPhaseDate" : "2019-08-23T14:56+0000"
        },
        {
          "timeZone" : 3,
          "date" : "2019-08-24T21:31+0000",
          "age" : 24,
          "moonPhaseDate" : "2019-08-23T14:56+0000",
          "moonPhase" : "phase4",
          "signDate" : "2019-08-23T14:34+0000",
          "sign" : "gemini"
        },
        {
          "timeZone" : 3,
          "date" : "2019-08-25T22:21+0000",
          "age" : 25,
          "moonPhaseDate" : "2019-08-23T14:56+0000",
          "signDate" : "2019-08-25T21:05+0000",
          "sign" : "cancer",
          "moonPhase" : "phase4"
        },
        {
          "date" : "2019-08-26T23:18+0000",
          "timeZone" : 3,
          "age" : 26,
          "sign" : "cancer",
          "moonPhase" : "phase4",
          "signDate" : "2019-08-25T21:05+0000",
          "moonPhaseDate" : "2019-08-23T14:56+0000"
        },
        {
          "timeZone" : 3,
          "date" : "2019-08-28T00:23+0000",
          "age" : 27,
          "sign" : "leo",
          "moonPhase" : "phase4",
          "signDate" : "2019-08-27T23:51+0000",
          "moonPhaseDate" : "2019-08-23T14:56+0000"
        },
        {
          "timeZone" : 3,
          "date" : "2019-08-29T01:33+0000",
          "age" : 28,
          "sign" : "leo",
          "moonPhase" : "phase4",
          "signDate" : "2019-08-27T23:51+0000",
          "moonPhaseDate" : "2019-08-23T14:56+0000"
        },
        {
          "timeZone" : 3,
          "date" : "2019-08-30T02:45+0000",
          "age" : 29,
          "moonPhaseDate" : "2019-08-30T10:37+0000",
          "signDate" : "2019-08-29T23:57+0000",
          "moonPhase" : "newMoon",
          "sign" : "virgo"
        },
        {
          "timeZone" : 3,
          "date" : "2019-08-30T10:37+0000",
          "age" : 1,
          "moonPhaseDate" : "2019-08-30T10:37+0000",
          "moonPhase" : "newMoon",
          "sign" : "virgo",
          "signDate" : "2019-08-29T23:57+0000"
        },
        {
          "timeZone" : 3,
          "date" : "2019-08-31T03:57+0000",
          "age" : 2,
          "moonPhaseDate" : "2019-08-30T10:37+0000",
          "moonPhase" : "phase1",
          "signDate" : "2019-08-29T23:57+0000",
          "sign" : "virgo"
        },
        {
          "timeZone" : 3,
          "date" : "2019-09-01T05:08+0000",
          "age" : 3,
          "moonPhaseDate" : null,
          "moonPhase" : "phase1",
          "sign" : "libra",
          "signDate" : "2019-08-31T23:12+0000"
        },
        {
          "timeZone" : 3,
          "date" : "2019-09-02T06:18+0000",
          "age" : 4,
          "moonPhaseDate" : null,
          "moonPhase" : "phase1",
          "signDate" : "2019-08-31T23:12+0000",
          "sign" : "libra"
        },
        {
          "timeZone" : 3,
          "date" : "2019-09-03T07:25+0000",
          "age" : 5,
          "sign" : "scorpio",
          "moonPhase" : "phase1",
          "signDate" : "2019-09-02T23:38+0000",
          "moonPhaseDate" : null
        },
        {
          "timeZone" : 3,
          "date" : "2019-09-04T08:31+0000",
          "age" : 6,
          "moonPhaseDate" : null,
          "signDate" : "2019-09-02T23:38+0000",
          "sign" : "scorpio",
          "moonPhase" : "phase1"
        },
        {
          "date" : "2019-09-05T09:35+0000",
          "timeZone" : 3,
          "age" : 7,
          "sign" : "sagittarius",
          "moonPhaseDate" : null,
          "moonPhase" : "phase1",
          "signDate" : "2019-09-05T03:06+0000"
        },
        {
          "date" : "2019-09-06T10:36+0000",
          "timeZone" : 3,
          "age" : 8,
          "sign" : "sagittarius",
          "moonPhase" : "phase2",
          "signDate" : "2019-09-05T03:06+0000",
          "moonPhaseDate" : "2019-09-06T03:10+0000"
        },
        {
          "timeZone" : 3,
          "date" : "2019-09-07T11:34+0000",
          "age" : 9,
          "moonPhaseDate" : "2019-09-06T03:10+0000",
          "moonPhase" : "phase2",
          "signDate" : "2019-09-07T10:35+0000",
          "sign" : "capricorn"
        },
        {
          "timeZone" : 3,
          "date" : "2019-09-08T12:27+0000",
          "age" : 10,
          "sign" : "capricorn",
          "moonPhase" : "phase2",
          "signDate" : "2019-09-07T10:35+0000",
          "moonPhaseDate" : "2019-09-06T03:10+0000"
        },
        {
          "date" : "2019-09-09T13:15+0000",
          "timeZone" : 3,
          "age" : 11,
          "moonPhaseDate" : "2019-09-06T03:10+0000",
          "moonPhase" : "phase2",
          "signDate" : "2019-09-07T10:35+0000",
          "sign" : "capricorn"
        },
        {
          "timeZone" : 3,
          "date" : "2019-09-10T13:58+0000",
          "age" : 12,
          "moonPhaseDate" : "2019-09-06T03:10+0000",
          "moonPhase" : "phase2",
          "signDate" : "2019-09-09T21:25+0000",
          "sign" : "aquarius"
        },
        {
          "date" : "2019-09-11T14:37+0000",
          "timeZone" : 3,
          "age" : 13,
          "moonPhaseDate" : "2019-09-06T03:10+0000",
          "moonPhase" : "phase2",
          "signDate" : "2019-09-09T21:25+0000",
          "sign" : "aquarius"
        },
        {
          "timeZone" : 3,
          "date" : "2019-09-12T15:11+0000",
          "age" : 14,
          "moonPhaseDate" : "2019-09-06T03:10+0000",
          "moonPhase" : "phase2",
          "signDate" : "2019-09-12T09:53+0000",
          "sign" : "pisces"
        },
        {
          "date" : "2019-09-13T15:43+0000",
          "timeZone" : 3,
          "age" : 15,
          "moonPhaseDate" : "2019-09-06T03:10+0000",
          "moonPhase" : "phase2",
          "signDate" : "2019-09-12T09:53+0000",
          "sign" : "pisces"
        },
        {
          "timeZone" : 3,
          "date" : "2019-09-14T16:13+0000",
          "age" : 16,
          "moonPhaseDate" : "2019-09-14T04:33+0000",
          "moonPhase" : "fullMoon",
          "sign" : "pisces",
          "signDate" : "2019-09-12T09:53+0000"
        },
        {
          "timeZone" : 3,
          "date" : "2019-09-15T16:41+0000",
          "age" : 17,
          "moonPhaseDate" : "2019-09-14T04:33+0000",
          "moonPhase" : "phase3",
          "signDate" : "2019-09-14T22:32+0000",
          "sign" : "aries"
        },
        {
          "date" : "2019-09-16T17:10+0000",
          "timeZone" : 3,
          "age" : 18,
          "moonPhaseDate" : "2019-09-14T04:33+0000",
          "moonPhase" : "phase3",
          "signDate" : "2019-09-14T22:32+0000",
          "sign" : "aries"
        },
        {
          "timeZone" : 3,
          "date" : "2019-09-17T17:40+0000",
          "age" : 19,
          "moonPhaseDate" : "2019-09-14T04:33+0000",
          "moonPhase" : "phase3",
          "signDate" : "2019-09-17T10:30+0000",
          "sign" : "taurus"
        },
        {
          "timeZone" : 3,
          "date" : "2019-09-18T18:12+0000",
          "age" : 20,
          "moonPhaseDate" : "2019-09-14T04:33+0000",
          "moonPhase" : "phase3",
          "sign" : "taurus",
          "signDate" : "2019-09-17T10:30+0000"
        },
        {
          "timeZone" : 3,
          "date" : "2019-09-19T18:47+0000",
          "age" : 21,
          "moonPhaseDate" : "2019-09-14T04:33+0000",
          "moonPhase" : "phase3",
          "signDate" : "2019-09-19T20:58+0000",
          "sign" : "gemini"
        },
        {
          "timeZone" : 3,
          "date" : "2019-09-20T19:26+0000",
          "age" : 22,
          "sign" : "gemini",
          "moonPhase" : "phase3",
          "signDate" : "2019-09-19T20:58+0000",
          "moonPhaseDate" : "2019-09-14T04:33+0000"
        },
        {
          "timeZone" : 3,
          "date" : "2019-09-21T20:12+0000",
          "age" : 23,
          "moonPhaseDate" : "2019-09-14T04:33+0000",
          "moonPhase" : "phase3",
          "sign" : "gemini",
          "signDate" : "2019-09-19T20:58+0000"
        },
        {
          "timeZone" : 3,
          "date" : "2019-09-22T21:05+0000",
          "age" : 24,
          "moonPhaseDate" : "2019-09-22T02:41+0000",
          "signDate" : "2019-09-19T20:58+0000",
          "sign" : "cancer",
          "moonPhase" : "phase4"
        },
        {
          "date" : "2019-09-23T22:04+0000",
          "timeZone" : 3,
          "age" : 25,
          "moonPhaseDate" : "2019-09-22T02:41+0000",
          "moonPhase" : "phase4",
          "signDate" : "2019-09-24T09:19+0000",
          "sign" : "leo"
        },
        {
          "date" : "2019-09-24T23:10+0000",
          "timeZone" : 3,
          "age" : 26,
          "sign" : "leo",
          "moonPhase" : "phase4",
          "moonPhaseDate" : "2019-09-22T02:41+0000",
          "signDate" : "2019-09-24T09:19+0000"
        },
        {
          "timeZone" : 3,
          "date" : "2019-09-26T00:20+0000",
          "age" : 27,
          "moonPhaseDate" : "2019-09-22T02:41+0000",
          "moonPhase" : "phase4",
          "sign" : "virgo",
          "signDate" : "2019-09-26T10:35+0000"
        },
        {
          "date" : "2019-09-27T01:31+0000",
          "timeZone" : 3,
          "age" : 28,
          "moonPhaseDate" : "2019-09-22T02:41+0000",
          "moonPhase" : "phase4",
          "signDate" : "2019-09-26T10:35+0000",
          "sign" : "virgo"
        },
        {
          "date" : "2019-09-28T02:43+0000",
          "timeZone" : 3,
          "age" : 29,
          "moonPhaseDate" : "2019-09-28T18:26+0000",
          "moonPhase" : "newMoon",
          "signDate" : "2019-09-28T10:04+0000",
          "sign" : "libra"
        },
        {
          "timeZone" : 3,
          "date" : "2019-09-28T18:26+0000",
          "age" : 1,
          "moonPhaseDate" : "2019-09-28T18:26+0000",
          "moonPhase" : "newMoon",
          "signDate" : "2019-09-28T10:04+0000",
          "sign" : "libra"
        },
        {
          "date" : "2019-09-29T03:54+0000",
          "timeZone" : 3,
          "age" : 2,
          "sign" : "libra",
          "moonPhase" : "phase1",
          "signDate" : "2019-09-28T10:04+0000",
          "moonPhaseDate" : "2019-09-28T18:26+0000"
        },
        {
          "date" : "2019-09-30T05:04+0000",
          "timeZone" : 3,
          "age" : 3,
          "moonPhaseDate" : "2019-09-28T18:26+0000",
          "moonPhase" : "phase1",
          "signDate" : "2019-09-30T09:45+0000",
          "sign" : "scorpio"
        },
        {
          "timeZone" : 3,
          "date" : "2019-10-01T06:13+0000",
          "age" : 4,
          "sign" : "scorpio",
          "moonPhase" : "phase1",
          "signDate" : "2019-09-30T09:45+0000",
          "moonPhaseDate" : null
        },
        {
          "timeZone" : 3,
          "date" : "2019-10-02T07:20+0000",
          "age" : 5,
          "sign" : "sagittarius",
          "moonPhaseDate" : null,
          "signDate" : "2019-10-02T11:45+0000",
          "moonPhase" : "phase1"
        },
        {
          "timeZone" : 3,
          "date" : "2019-10-03T08:25+0000",
          "age" : 6,
          "moonPhaseDate" : null,
          "signDate" : "2019-10-02T11:45+0000",
          "sign" : "sagittarius",
          "moonPhase" : "phase1"
        },
        {
          "date" : "2019-10-04T09:26+0000",
          "timeZone" : 3,
          "age" : 7,
          "sign" : "capricorn",
          "moonPhase" : "phase1",
          "signDate" : "2019-10-04T17:41+0000",
          "moonPhaseDate" : null
        },
        {
          "timeZone" : 3,
          "date" : "2019-10-05T10:22+0000",
          "age" : 8,
          "moonPhaseDate" : "2019-10-05T16:47+0000",
          "moonPhase" : "phase2",
          "signDate" : "2019-10-04T17:41+0000",
          "sign" : "capricorn"
        },
        {
          "date" : "2019-10-06T11:13+0000",
          "timeZone" : 3,
          "age" : 9,
          "moonPhaseDate" : "2019-10-05T16:47+0000",
          "moonPhase" : "phase2",
          "signDate" : "2019-10-04T17:41+0000",
          "sign" : "capricorn"
        },
        {
          "timeZone" : 3,
          "date" : "2019-10-07T11:58+0000",
          "age" : 10,
          "sign" : "aquarius",
          "signDate" : "2019-10-07T03:43+0000",
          "moonPhase" : "phase2",
          "moonPhaseDate" : "2019-10-05T16:47+0000"
        },
        {
          "timeZone" : 3,
          "date" : "2019-10-08T12:38+0000",
          "age" : 11,
          "moonPhaseDate" : "2019-10-05T16:47+0000",
          "signDate" : "2019-10-07T03:43+0000",
          "moonPhase" : "phase2",
          "sign" : "aquarius"
        },
        {
          "timeZone" : 3,
          "date" : "2019-10-09T13:13+0000",
          "age" : 12,
          "moonPhaseDate" : "2019-10-05T16:47+0000",
          "moonPhase" : "phase2",
          "sign" : "pisces",
          "signDate" : "2019-10-09T16:08+0000"
        },
        {
          "date" : "2019-10-10T13:46+0000",
          "timeZone" : 3,
          "age" : 13,
          "sign" : "pisces",
          "moonPhase" : "phase2",
          "signDate" : "2019-10-09T16:08+0000",
          "moonPhaseDate" : "2019-10-05T16:47+0000"
        },
        {
          "timeZone" : 3,
          "date" : "2019-10-11T14:16+0000",
          "age" : 14,
          "sign" : "pisces",
          "moonPhase" : "phase2",
          "signDate" : "2019-10-09T16:08+0000",
          "moonPhaseDate" : "2019-10-05T16:47+0000"
        },
        {
          "timeZone" : 3,
          "date" : "2019-10-12T14:44+0000",
          "age" : 15,
          "sign" : "aries",
          "moonPhase" : "phase2",
          "signDate" : "2019-10-12T04:46+0000",
          "moonPhaseDate" : "2019-10-05T16:47+0000"
        },
        {
          "timeZone" : 3,
          "date" : "2019-10-13T15:13+0000",
          "age" : 16,
          "moonPhaseDate" : "2019-10-05T16:47+0000",
          "moonPhase" : "phase2",
          "signDate" : "2019-10-12T04:46+0000",
          "sign" : "aries"
        },
        {
          "timeZone" : 3,
          "date" : "2019-10-14T15:42+0000",
          "age" : 17,
          "sign" : "taurus",
          "moonPhase" : "fullMoon",
          "signDate" : "2019-10-14T16:23+0000",
          "moonPhaseDate" : "2019-10-13T21:08+0000"
        },
        {
          "date" : "2019-10-15T16:13+0000",
          "timeZone" : 3,
          "age" : 18,
          "moonPhaseDate" : "2019-10-13T21:08+0000",
          "signDate" : "2019-10-14T16:23+0000",
          "sign" : "taurus",
          "moonPhase" : "phase3"
        },
        {
          "timeZone" : 3,
          "date" : "2019-10-16T16:47+0000",
          "age" : 19,
          "sign" : "taurus",
          "moonPhase" : "phase3",
          "moonPhaseDate" : "2019-10-13T21:08+0000",
          "signDate" : "2019-10-14T16:23+0000"
        },
        {
          "timeZone" : 3,
          "date" : "2019-10-17T17:26+0000",
          "age" : 20,
          "moonPhaseDate" : "2019-10-13T21:08+0000",
          "moonPhase" : "phase3",
          "signDate" : "2019-10-17T02:29+0000",
          "sign" : "gemini"
        },
        {
          "date" : "2019-10-18T18:08+0000",
          "timeZone" : 3,
          "age" : 21,
          "sign" : "gemini",
          "moonPhase" : "phase3",
          "signDate" : "2019-10-17T02:29+0000",
          "moonPhaseDate" : "2019-10-13T21:08+0000"
        },
        {
          "date" : "2019-10-19T18:59+0000",
          "timeZone" : 3,
          "age" : 22,
          "sign" : "cancer",
          "moonPhase" : "phase3",
          "signDate" : "2019-10-19T10:42+0000",
          "moonPhaseDate" : "2019-10-13T21:08+0000"
        },
        {
          "timeZone" : 3,
          "date" : "2019-10-20T19:55+0000",
          "age" : 23,
          "moonPhaseDate" : "2019-10-13T21:08+0000",
          "moonPhase" : "phase3",
          "signDate" : "2019-10-19T10:42+0000",
          "sign" : "cancer"
        },
        {
          "timeZone" : 3,
          "date" : "2019-10-21T20:56+0000",
          "age" : 24,
          "moonPhaseDate" : "2019-10-21T12:39+0000",
          "moonPhase" : "phase4",
          "signDate" : "2019-10-21T16:30+0000",
          "sign" : "leo"
        },
        {
          "timeZone" : 3,
          "date" : "2019-10-22T22:02+0000",
          "age" : 25,
          "moonPhaseDate" : "2019-10-21T12:39+0000",
          "moonPhase" : "phase4",
          "signDate" : "2019-10-23T19:30+0000",
          "sign" : "virgo"
        },
        {
          "timeZone" : 3,
          "date" : "2019-10-23T23:11+0000",
          "age" : 26,
          "moonPhaseDate" : "2019-10-21T12:39+0000",
          "moonPhase" : "phase4",
          "sign" : "virgo",
          "signDate" : "2019-10-23T19:30+0000"
        },
        {
          "date" : "2019-10-25T00:20+0000",
          "timeZone" : 3,
          "age" : 27,
          "moonPhaseDate" : "2019-10-21T12:39+0000",
          "moonPhase" : "phase4",
          "signDate" : "2019-10-25T20:20+0000",
          "sign" : "libra"
        },
        {
          "timeZone" : 3,
          "date" : "2019-10-26T01:29+0000",
          "age" : 28,
          "moonPhaseDate" : "2019-10-21T12:39+0000",
          "signDate" : "2019-10-25T20:20+0000",
          "moonPhase" : "phase4",
          "sign" : "libra"
        },
        {
          "date" : "2019-10-27T01:39+0000",
          "timeZone" : 3,
          "age" : 29,
          "moonPhaseDate" : "2019-10-21T12:39+0000",
          "moonPhase" : "phase4",
          "signDate" : "2019-10-27T19:31+0000",
          "sign" : "scorpio"
        },
        {
          "timeZone" : 3,
          "date" : "2019-10-28T02:38+0000",
          "age" : 1,
          "moonPhaseDate" : "2019-10-28T02:38+0000",
          "moonPhase" : "newMoon",
          "signDate" : "2019-10-27T19:31+0000",
          "sign" : "scorpio"
        },
        {
          "timeZone" : 3,
          "date" : "2019-10-28T02:49+0000",
          "age" : 2,
          "moonPhaseDate" : "2019-10-28T02:38+0000",
          "moonPhase" : "newMoon",
          "signDate" : "2019-10-27T19:31+0000",
          "sign" : "scorpio"
        },
        {
          "timeZone" : 3,
          "date" : "2019-10-29T03:58+0000",
          "age" : 3,
          "moonPhaseDate" : "2019-10-28T02:38+0000",
          "moonPhase" : "phase1",
          "signDate" : "2019-10-28T21:00+0000",
          "sign" : "sagittarius"
        },
        {
          "timeZone" : 3,
          "date" : "2019-10-30T05:05+0000",
          "age" : 4,
          "moonPhaseDate" : "2019-10-28T02:38+0000",
          "moonPhase" : "phase1",
          "sign" : "sagittarius",
          "signDate" : "2019-10-28T21:00+0000"
        },
        {
          "timeZone" : 3,
          "date" : "2019-10-31T06:10+0000",
          "age" : 5,
          "moonPhaseDate" : "2019-10-28T02:38+0000",
          "moonPhase" : "phase1",
          "sign" : "sagittarius",
          "signDate" : "2019-10-28T21:00+0000"
        },
        {
          "timeZone" : 3,
          "date" : "2019-11-01T07:11+0000",
          "age" : 6,
          "moonPhaseDate" : null,
          "moonPhase" : "phase1",
          "signDate" : "2019-11-01T01:38+0000",
          "sign" : "capricorn"
        },
        {
          "date" : "2019-11-02T08:06+0000",
          "timeZone" : 3,
          "age" : 7,
          "moonPhaseDate" : null,
          "moonPhase" : "phase1",
          "signDate" : "2019-11-01T01:38+0000",
          "sign" : "capricorn"
        },
        {
          "timeZone" : 3,
          "date" : "2019-11-03T08:54+0000",
          "age" : 8,
          "moonPhaseDate" : null,
          "moonPhase" : "phase1",
          "signDate" : "2019-11-03T10:21+0000",
          "sign" : "aquarius"
        },
        {
          "timeZone" : 3,
          "date" : "2019-11-04T09:37+0000",
          "age" : 9,
          "moonPhaseDate" : "2019-11-04T09:23+0000",
          "moonPhase" : "phase2",
          "sign" : "aquarius",
          "signDate" : "2019-11-03T10:21+0000"
        },
        {
          "date" : "2019-11-05T10:14+0000",
          "timeZone" : 3,
          "age" : 10,
          "moonPhaseDate" : "2019-11-04T09:23+0000",
          "moonPhase" : "phase2",
          "signDate" : "2019-11-03T10:21+0000",
          "sign" : "aquarius"
        },
        {
          "date" : "2019-11-06T10:47+0000",
          "timeZone" : 3,
          "age" : 11,
          "sign" : "pisces",
          "moonPhase" : "phase2",
          "signDate" : "2019-11-05T22:11+0000",
          "moonPhaseDate" : "2019-11-04T09:23+0000"
        },
        {
          "timeZone" : 3,
          "date" : "2019-11-07T11:18+0000",
          "age" : 12,
          "moonPhaseDate" : "2019-11-04T09:23+0000",
          "moonPhase" : "phase2",
          "signDate" : "2019-11-05T22:11+0000",
          "sign" : "pisces"
        },
        {
          "timeZone" : 3,
          "date" : "2019-11-08T11:47+0000",
          "age" : 13,
          "sign" : "aries",
          "signDate" : "2019-11-08T10:50+0000",
          "moonPhase" : "phase2",
          "moonPhaseDate" : "2019-11-04T09:23+0000"
        },
        {
          "timeZone" : 3,
          "date" : "2019-11-09T12:15+0000",
          "age" : 14,
          "moonPhaseDate" : "2019-11-04T09:23+0000",
          "moonPhase" : "phase2",
          "sign" : "aries",
          "signDate" : "2019-11-08T10:50+0000"
        },
        {
          "timeZone" : 3,
          "date" : "2019-11-10T12:43+0000",
          "age" : 15,
          "sign" : "aries",
          "moonPhaseDate" : "2019-11-04T09:23+0000",
          "signDate" : "2019-11-08T10:50+0000",
          "moonPhase" : "phase2"
        },
        {
          "timeZone" : 3,
          "date" : "2019-11-11T13:14+0000",
          "age" : 16,
          "sign" : "taurus",
          "signDate" : "2019-11-10T22:19+0000",
          "moonPhase" : "phase2",
          "moonPhaseDate" : "2019-11-04T09:23+0000"
        },
        {
          "date" : "2019-11-12T13:47+0000",
          "timeZone" : 3,
          "age" : 17,
          "moonPhaseDate" : "2019-11-12T12:35+0000",
          "moonPhase" : "fullMoon",
          "signDate" : "2019-11-10T22:19+0000",
          "sign" : "taurus"
        },
        {
          "date" : "2019-11-13T14:25+0000",
          "timeZone" : 3,
          "age" : 18,
          "moonPhaseDate" : "2019-11-12T12:35+0000",
          "moonPhase" : "phase3",
          "signDate" : "2019-11-13T07:45+0000",
          "sign" : "gemini"
        },
        {
          "timeZone" : 3,
          "date" : "2019-11-14T15:07+0000",
          "age" : 19,
          "sign" : "gemini",
          "moonPhase" : "phase3",
          "signDate" : "2019-11-13T07:45+0000",
          "moonPhaseDate" : "2019-11-12T12:35+0000"
        },
        {
          "timeZone" : 3,
          "date" : "2019-11-15T15:55+0000",
          "age" : 20,
          "moonPhaseDate" : "2019-11-12T12:35+0000",
          "moonPhase" : "phase3",
          "sign" : "cancer",
          "signDate" : "2019-11-15T15:12+0000"
        },
        {
          "timeZone" : 3,
          "date" : "2019-11-16T16:49+0000",
          "age" : 21,
          "moonPhaseDate" : "2019-11-12T12:35+0000",
          "signDate" : "2019-11-15T15:12+0000",
          "moonPhase" : "phase3",
          "sign" : "cancer"
        },
        {
          "timeZone" : 3,
          "date" : "2019-11-17T17:49+0000",
          "age" : 22,
          "moonPhaseDate" : "2019-11-12T12:35+0000",
          "signDate" : "2019-11-17T20:54+0000",
          "sign" : "leo",
          "moonPhase" : "phase3"
        },
        {
          "timeZone" : 3,
          "date" : "2019-11-18T18:53+0000",
          "age" : 23,
          "moonPhaseDate" : "2019-11-12T12:35+0000",
          "signDate" : "2019-11-17T20:54+0000",
          "sign" : "leo",
          "moonPhase" : "phase3"
        },
        {
          "timeZone" : 3,
          "date" : "2019-11-19T20:00+0000",
          "age" : 24,
          "moonPhaseDate" : "2019-11-19T20:11+0000",
          "moonPhase" : "phase4",
          "sign" : "leo",
          "signDate" : "2019-11-17T20:54+0000"
        },
        {
          "date" : "2019-11-20T21:07+0000",
          "timeZone" : 3,
          "age" : 25,
          "moonPhaseDate" : "2019-11-19T20:11+0000",
          "moonPhase" : "phase4",
          "signDate" : "2019-11-17T20:54+0000",
          "sign" : "virgo"
        },
        {
          "date" : "2019-11-21T22:14+0000",
          "timeZone" : 3,
          "age" : 26,
          "moonPhaseDate" : "2019-11-19T20:11+0000",
          "moonPhase" : "phase4",
          "signDate" : "2019-11-22T03:22+0000",
          "sign" : "libra"
        },
        {
          "timeZone" : 3,
          "date" : "2019-11-22T23:21+0000",
          "age" : 27,
          "sign" : "libra",
          "moonPhase" : "phase4",
          "signDate" : "2019-11-22T03:22+0000",
          "moonPhaseDate" : "2019-11-19T20:11+0000"
        },
        {
          "timeZone" : 3,
          "date" : "2019-11-24T00:28+0000",
          "age" : 28,
          "moonPhaseDate" : "2019-11-19T20:11+0000",
          "moonPhase" : "phase4",
          "signDate" : "2019-11-24T05:01+0000",
          "sign" : "scorpio"
        },
        {
          "date" : "2019-11-25T01:36+0000",
          "timeZone" : 3,
          "age" : 29,
          "sign" : "scorpio",
          "moonPhase" : "phase4",
          "signDate" : "2019-11-24T05:01+0000",
          "moonPhaseDate" : "2019-11-19T20:11+0000"
        },
        {
          "timeZone" : 3,
          "date" : "2019-11-26T02:44+0000",
          "age" : 30,
          "sign" : "sagittarius",
          "signDate" : "2019-11-26T07:12+0000",
          "moonPhase" : "newMoon",
          "moonPhaseDate" : "2019-11-26T14:06+0000"
        },
        {
          "timeZone" : 3,
          "date" : "2019-11-26T14:06+0000",
          "age" : 1,
          "sign" : "sagittarius",
          "moonPhaseDate" : "2019-11-26T14:06+0000",
          "moonPhase" : "newMoon",
          "signDate" : "2019-11-26T07:12+0000"
        },
        {
          "date" : "2019-11-27T03:50+0000",
          "timeZone" : 3,
          "age" : 2,
          "moonPhaseDate" : "2019-11-26T14:06+0000",
          "moonPhase" : "phase1",
          "signDate" : "2019-11-26T07:12+0000",
          "sign" : "sagittarius"
        },
        {
          "date" : "2019-11-28T04:54+0000",
          "timeZone" : 3,
          "age" : 3,
          "moonPhaseDate" : "2019-11-26T14:06+0000",
          "moonPhase" : "phase1",
          "signDate" : "2019-11-28T11:32+0000",
          "sign" : "capricorn"
        },
        {
          "timeZone" : 3,
          "date" : "2019-11-29T05:53+0000",
          "age" : 4,
          "moonPhaseDate" : "2019-11-26T14:06+0000",
          "moonPhase" : "phase1",
          "signDate" : "2019-11-28T11:32+0000",
          "sign" : "capricorn"
        },
        {
          "date" : "2019-11-30T06:46+0000",
          "timeZone" : 3,
          "age" : 5,
          "moonPhaseDate" : "2019-11-26T14:06+0000",
          "moonPhase" : "phase1",
          "signDate" : "2019-11-30T19:15+0000",
          "sign" : "aquarius"
        },
        {
          "timeZone" : 3,
          "date" : "2019-12-01T07:32+0000",
          "age" : 6,
          "moonPhaseDate" : null,
          "moonPhase" : "phase1",
          "signDate" : "2019-11-30T19:15+0000",
          "sign" : "aquarius"
        },
        {
          "timeZone" : 3,
          "date" : "2019-12-02T08:12+0000",
          "age" : 7,
          "moonPhaseDate" : null,
          "moonPhase" : "phase1",
          "signDate" : "2019-11-30T19:15+0000",
          "sign" : "aquarius"
        },
        {
          "timeZone" : 3,
          "date" : "2019-12-03T08:47+0000",
          "age" : 8,
          "sign" : "pisces",
          "moonPhaseDate" : null,
          "signDate" : "2019-12-03T06:14+0000",
          "moonPhase" : "phase1"
        },
        {
          "date" : "2019-12-04T09:19+0000",
          "timeZone" : 3,
          "age" : 9,
          "moonPhaseDate" : "2019-12-04T05:58+0000",
          "moonPhase" : "phase2",
          "signDate" : "2019-12-03T06:14+0000",
          "sign" : "pisces"
        },
        {
          "timeZone" : 3,
          "date" : "2019-12-05T09:48+0000",
          "age" : 10,
          "moonPhaseDate" : "2019-12-04T05:58+0000",
          "moonPhase" : "phase2",
          "signDate" : "2019-12-05T18:46+0000",
          "sign" : "aries"
        },
        {
          "timeZone" : 3,
          "date" : "2019-12-06T10:16+0000",
          "age" : 11,
          "sign" : "aries",
          "moonPhase" : "phase2",
          "signDate" : "2019-12-05T18:46+0000",
          "moonPhaseDate" : "2019-12-04T05:58+0000"
        },
        {
          "timeZone" : 3,
          "date" : "2019-12-07T10:45+0000",
          "age" : 12,
          "sign" : "aries",
          "signDate" : "2019-12-05T18:46+0000",
          "moonPhase" : "phase2",
          "moonPhaseDate" : "2019-12-04T05:58+0000"
        },
        {
          "timeZone" : 3,
          "date" : "2019-12-08T11:14+0000",
          "age" : 13,
          "sign" : "taurus",
          "moonPhase" : "phase2",
          "signDate" : "2019-12-08T06:31+0000",
          "moonPhaseDate" : "2019-12-04T05:58+0000"
        },
        {
          "timeZone" : 3,
          "date" : "2019-12-09T11:46+0000",
          "age" : 14,
          "moonPhaseDate" : "2019-12-04T05:58+0000",
          "moonPhase" : "phase2",
          "signDate" : "2019-12-08T06:31+0000",
          "sign" : "taurus"
        },
        {
          "timeZone" : 3,
          "date" : "2019-12-10T12:21+0000",
          "age" : 15,
          "moonPhaseDate" : "2019-12-04T05:58+0000",
          "moonPhase" : "phase2",
          "signDate" : "2019-12-10T15:49+0000",
          "sign" : "gemini"
        },
        {
          "timeZone" : 3,
          "date" : "2019-12-11T13:02+0000",
          "age" : 16,
          "sign" : "gemini",
          "moonPhase" : "phase2",
          "signDate" : "2019-12-10T15:49+0000",
          "moonPhaseDate" : "2019-12-04T05:58+0000"
        },
        {
          "timeZone" : 3,
          "date" : "2019-12-12T13:47+0000",
          "age" : 17,
          "moonPhaseDate" : "2019-12-12T04:12+0000",
          "signDate" : "2019-12-10T15:49+0000",
          "sign" : "gemini",
          "moonPhase" : "fullMoon"
        },
        {
          "date" : "2019-12-13T14:41+0000",
          "timeZone" : 3,
          "age" : 18,
          "moonPhaseDate" : "2019-12-12T04:12+0000",
          "signDate" : "2019-12-12T22:24+0000",
          "sign" : "cancer",
          "moonPhase" : "phase3"
        },
        {
          "timeZone" : 3,
          "date" : "2019-12-14T15:41+0000",
          "age" : 19,
          "moonPhaseDate" : "2019-12-12T04:12+0000",
          "signDate" : "2019-12-12T22:24+0000",
          "moonPhase" : "phase3",
          "sign" : "cancer"
        },
        {
          "date" : "2019-12-15T16:45+0000",
          "timeZone" : 3,
          "age" : 20,
          "moonPhaseDate" : "2019-12-12T04:12+0000",
          "moonPhase" : "phase3",
          "signDate" : "2019-12-15T02:53+0000",
          "sign" : "leo"
        },
        {
          "date" : "2019-12-16T17:52+0000",
          "timeZone" : 3,
          "age" : 21,
          "moonPhaseDate" : "2019-12-12T04:12+0000",
          "moonPhase" : "phase3",
          "signDate" : "2019-12-15T02:53+0000",
          "sign" : "leo"
        },
        {
          "timeZone" : 3,
          "date" : "2019-12-17T18:59+0000",
          "age" : 22,
          "moonPhaseDate" : "2019-12-12T04:12+0000",
          "moonPhase" : "phase3",
          "signDate" : "2019-12-17T06:13+0000",
          "sign" : "virgo"
        },
        {
          "date" : "2019-12-18T20:06+0000",
          "timeZone" : 3,
          "age" : 23,
          "moonPhaseDate" : "2019-12-12T04:12+0000",
          "moonPhase" : "phase3",
          "signDate" : "2019-12-17T06:13+0000",
          "sign" : "virgo"
        },
        {
          "timeZone" : 3,
          "date" : "2019-12-19T21:12+0000",
          "age" : 24,
          "moonPhaseDate" : "2019-12-19T03:57+0000",
          "signDate" : "2019-12-17T06:13+0000",
          "sign" : "libra",
          "moonPhase" : "phase4"
        },
        {
          "timeZone" : 3,
          "date" : "2019-12-20T22:17+0000",
          "age" : 25,
          "sign" : "scorpio",
          "moonPhaseDate" : "2019-12-19T03:57+0000",
          "moonPhase" : "phase4",
          "signDate" : "2019-12-21T12:01+0000"
        },
        {
          "date" : "2019-12-21T23:22+0000",
          "timeZone" : 3,
          "age" : 26,
          "sign" : "scorpio",
          "moonPhase" : "phase4",
          "signDate" : "2019-12-21T12:01+0000",
          "moonPhaseDate" : "2019-12-19T03:57+0000"
        },
        {
          "timeZone" : 3,
          "date" : "2019-12-23T00:28+0000",
          "age" : 27,
          "sign" : "sagittarius",
          "signDate" : "2019-12-23T15:37+0000",
          "moonPhase" : "phase4",
          "moonPhaseDate" : "2019-12-19T03:57+0000"
        },
        {
          "date" : "2019-12-24T01:34+0000",
          "timeZone" : 3,
          "age" : 28,
          "moonPhaseDate" : "2019-12-19T03:57+0000",
          "moonPhase" : "phase4",
          "signDate" : "2019-12-23T15:37+0000",
          "sign" : "sagittarius"
        },
        {
          "timeZone" : 3,
          "date" : "2019-12-25T02:38+0000",
          "age" : 29,
          "moonPhaseDate" : "2019-12-19T03:57+0000",
          "moonPhase" : "phase4",
          "sign" : "capricorn",
          "signDate" : "2019-12-25T20:46+0000"
        },
        {
          "date" : "2019-12-26T03:39+0000",
          "timeZone" : 3,
          "age" : 30,
          "moonPhaseDate" : "2019-12-26T04:13+0000",
          "moonPhase" : "newMoon",
          "signDate" : "2019-12-25T20:46+0000",
          "sign" : "capricorn"
        },
        {
          "timeZone" : 3,
          "date" : "2019-12-26T04:13+0000",
          "age" : 1,
          "sign" : "capricorn",
          "moonPhase" : "newMoon",
          "signDate" : "2019-12-25T20:46+0000",
          "moonPhaseDate" : "2019-12-26T04:13+0000"
        },
        {
          "timeZone" : 3,
          "date" : "2019-12-27T04:34+0000",
          "age" : 2,
          "moonPhaseDate" : "2019-12-26T04:13+0000",
          "signDate" : "2019-12-25T20:46+0000",
          "moonPhase" : "phase1",
          "sign" : "capricorn"
        },
        {
          "timeZone" : 3,
          "date" : "2019-12-28T05:24+0000",
          "age" : 3,
          "sign" : "aquarius",
          "moonPhaseDate" : "2019-12-26T04:13+0000",
          "signDate" : "2019-12-28T04:21+0000",
          "moonPhase" : "phase1"
        },
        {
          "date" : "2019-12-29T06:07+0000",
          "timeZone" : 3,
          "age" : 4,
          "moonPhaseDate" : "2019-12-26T04:13+0000",
          "moonPhase" : "phase1",
          "signDate" : "2019-12-28T04:21+0000",
          "sign" : "aquarius"
        },
        {
          "timeZone" : 3,
          "date" : "2019-12-30T06:45+0000",
          "age" : 5,
          "moonPhaseDate" : "2019-12-26T04:13+0000",
          "moonPhase" : "phase1",
          "signDate" : "2019-12-30T14:43+0000",
          "sign" : "pisces"
        },
        {
          "timeZone" : 3,
          "date" : "2019-12-31T07:18+0000",
          "age" : 6,
          "moonPhaseDate" : "2019-12-26T04:13+0000",
          "moonPhase" : "phase1",
          "sign" : "pisces",
          "signDate" : "2019-12-30T14:43+0000"
        },
        {
          "timeZone" : 3,
          "date" : "2020-01-01T07:49+0000",
          "age" : 7,
          "sign" : "pisces",
          "moonPhase" : "phase1",
          "signDate" : "2019-12-30T14:43+0000",
          "moonPhaseDate" : null
        },
        {
          "date" : "2020-01-02T08:17+0000",
          "timeZone" : 3,
          "age" : 8,
          "moonPhaseDate" : null,
          "moonPhase" : "phase1",
          "signDate" : "2020-01-02T03:01+0000",
          "sign" : "aries"
        },
        {
          "timeZone" : 3,
          "date" : "2020-01-03T08:45+0000",
          "age" : 9,
          "moonPhaseDate" : "2020-01-03T03:45+0000",
          "moonPhase" : "phase2",
          "signDate" : "2020-01-02T03:01+0000",
          "sign" : "aries"
        },
        {
          "timeZone" : 3,
          "date" : "2020-01-04T09:13+0000",
          "age" : 10,
          "moonPhaseDate" : "2020-01-03T03:45+0000",
          "moonPhase" : "phase2",
          "signDate" : "2020-01-04T15:15+0000",
          "sign" : "taurus"
        },
        {
          "date" : "2020-01-05T09:43+0000",
          "timeZone" : 3,
          "age" : 11,
          "moonPhaseDate" : "2020-01-03T03:45+0000",
          "moonPhase" : "phase2",
          "signDate" : "2020-01-04T15:15+0000",
          "sign" : "taurus"
        },
        {
          "timeZone" : 3,
          "date" : "2020-01-06T10:16+0000",
          "age" : 12,
          "moonPhaseDate" : "2020-01-03T03:45+0000",
          "moonPhase" : "phase2",
          "signDate" : "2020-01-04T15:15+0000",
          "sign" : "taurus"
        },
        {
          "date" : "2020-01-07T10:54+0000",
          "timeZone" : 3,
          "age" : 13,
          "sign" : "gemini",
          "moonPhase" : "phase2",
          "moonPhaseDate" : "2020-01-03T03:45+0000",
          "signDate" : "2020-01-07T01:13+0000"
        },
        {
          "date" : "2020-01-08T11:37+0000",
          "timeZone" : 3,
          "age" : 14,
          "moonPhaseDate" : "2020-01-03T03:45+0000",
          "moonPhase" : "phase2",
          "signDate" : "2020-01-07T01:13+0000",
          "sign" : "gemini"
        },
        {
          "date" : "2020-01-09T12:28+0000",
          "timeZone" : 3,
          "age" : 15,
          "moonPhaseDate" : "2020-01-03T03:45+0000",
          "moonPhase" : "phase2",
          "signDate" : "2020-01-09T07:45+0000",
          "sign" : "cancer"
        },
        {
          "timeZone" : 3,
          "date" : "2020-01-10T13:26+0000",
          "age" : 16,
          "moonPhaseDate" : "2020-01-10T18:21+0000",
          "moonPhase" : "fullMoon",
          "signDate" : "2020-01-09T07:45+0000",
          "sign" : "cancer"
        },
        {
          "date" : "2020-01-11T14:30+0000",
          "timeZone" : 3,
          "age" : 17,
          "moonPhaseDate" : "2020-01-10T18:21+0000",
          "moonPhase" : "phase3",
          "signDate" : "2020-01-11T11:16+0000",
          "sign" : "leo"
        },
        {
          "date" : "2020-01-12T15:38+0000",
          "timeZone" : 3,
          "age" : 18,
          "moonPhaseDate" : "2020-01-10T18:21+0000",
          "moonPhase" : "phase3",
          "signDate" : "2020-01-11T11:16+0000",
          "sign" : "leo"
        },
        {
          "date" : "2020-01-13T16:48+0000",
          "timeZone" : 3,
          "age" : 19,
          "sign" : "virgo",
          "moonPhase" : "phase3",
          "signDate" : "2020-01-13T13:05+0000",
          "moonPhaseDate" : "2020-01-10T18:21+0000"
        },
        {
          "date" : "2020-01-14T17:57+0000",
          "timeZone" : 3,
          "age" : 20,
          "moonPhaseDate" : "2020-01-10T18:21+0000",
          "signDate" : "2020-01-13T13:05+0000",
          "sign" : "virgo",
          "moonPhase" : "phase3"
        },
        {
          "date" : "2020-01-15T19:04+0000",
          "timeZone" : 3,
          "age" : 21,
          "sign" : "libra",
          "moonPhase" : "phase3",
          "signDate" : "2020-01-15T14:42+0000",
          "moonPhaseDate" : "2020-01-10T18:21+0000"
        },
        {
          "timeZone" : 3,
          "date" : "2020-01-16T20:10+0000",
          "age" : 22,
          "moonPhaseDate" : "2020-01-10T18:21+0000",
          "moonPhase" : "phase3",
          "signDate" : "2020-01-15T14:42+0000",
          "sign" : "libra"
        },
        {
          "timeZone" : 3,
          "date" : "2020-01-17T21:15+0000",
          "age" : 23,
          "moonPhaseDate" : "2020-01-17T11:58+0000",
          "signDate" : "2020-01-15T14:42+0000",
          "sign" : "scorpio",
          "moonPhase" : "phase4"
        },
        {
          "timeZone" : 3,
          "date" : "2020-01-18T22:20+0000",
          "age" : 24,
          "moonPhaseDate" : "2020-01-17T11:58+0000",
          "signDate" : "2020-01-15T14:42+0000",
          "moonPhase" : "phase4",
          "sign" : "scorpio"
        },
        {
          "timeZone" : 3,
          "date" : "2020-01-19T23:25+0000",
          "age" : 25,
          "sign" : "sagittarius",
          "moonPhase" : "phase4",
          "signDate" : "2020-01-19T21:43+0000",
          "moonPhaseDate" : "2020-01-17T11:58+0000"
        },
        {
          "date" : "2020-01-21T00:28+0000",
          "timeZone" : 3,
          "age" : 26,
          "sign" : "sagittarius",
          "moonPhase" : "phase4",
          "signDate" : "2020-01-19T21:43+0000",
          "moonPhaseDate" : "2020-01-17T11:58+0000"
        },
        {
          "timeZone" : 3,
          "date" : "2020-01-22T01:29+0000",
          "age" : 27,
          "sign" : "capricorn",
          "moonPhaseDate" : "2020-01-17T11:58+0000",
          "signDate" : "2020-01-22T04:02+0000",
          "moonPhase" : "phase4"
        },
        {
          "timeZone" : 3,
          "date" : "2020-01-23T02:26+0000",
          "age" : 28,
          "moonPhaseDate" : "2020-01-17T11:58+0000",
          "moonPhase" : "phase4",
          "signDate" : "2020-01-22T04:02+0000",
          "sign" : "capricorn"
        },
        {
          "date" : "2020-01-24T03:17+0000",
          "timeZone" : 3,
          "age" : 29,
          "moonPhaseDate" : "2020-01-24T20:42+0000",
          "moonPhase" : "newMoon",
          "signDate" : "2020-01-24T12:22+0000",
          "sign" : "aquarius"
        },
        {
          "timeZone" : 3,
          "date" : "2020-01-24T20:42+0000",
          "age" : 1,
          "sign" : "aquarius",
          "moonPhase" : "newMoon",
          "signDate" : "2020-01-24T12:22+0000",
          "moonPhaseDate" : "2020-01-24T20:42+0000"
        },
        {
          "date" : "2020-01-25T04:02+0000",
          "timeZone" : 3,
          "age" : 2,
          "moonPhaseDate" : "2020-01-24T20:42+0000",
          "moonPhase" : "phase1",
          "signDate" : "2020-01-24T12:22+0000",
          "sign" : "aquarius"
        },
        {
          "date" : "2020-01-26T04:42+0000",
          "timeZone" : 3,
          "age" : 3,
          "moonPhaseDate" : "2020-01-24T20:42+0000",
          "signDate" : "2020-01-24T12:22+0000",
          "sign" : "aquarius",
          "moonPhase" : "phase1"
        },
        {
          "date" : "2020-01-27T05:17+0000",
          "timeZone" : 3,
          "age" : 4,
          "moonPhaseDate" : "2020-01-24T20:42+0000",
          "moonPhase" : "phase1",
          "signDate" : "2020-01-26T22:45+0000",
          "sign" : "pisces"
        },
        {
          "timeZone" : 3,
          "date" : "2020-01-28T05:48+0000",
          "age" : 5,
          "sign" : "pisces",
          "signDate" : "2020-01-26T22:45+0000",
          "moonPhase" : "phase1",
          "moonPhaseDate" : "2020-01-24T20:42+0000"
        },
        {
          "timeZone" : 3,
          "date" : "2020-01-29T06:18+0000",
          "age" : 6,
          "moonPhaseDate" : "2020-01-24T20:42+0000",
          "moonPhase" : "phase1",
          "signDate" : "2020-01-29T10:51+0000",
          "sign" : "aries"
        },
        {
          "date" : "2020-01-30T06:46+0000",
          "timeZone" : 3,
          "age" : 7,
          "moonPhaseDate" : "2020-01-24T20:42+0000",
          "moonPhase" : "phase1",
          "signDate" : "2020-01-29T10:51+0000",
          "sign" : "aries"
        },
        {
          "timeZone" : 3,
          "date" : "2020-01-31T07:13+0000",
          "age" : 8,
          "sign" : "aries",
          "signDate" : "2020-01-29T10:51+0000",
          "moonPhase" : "phase1",
          "moonPhaseDate" : "2020-01-24T20:42+0000"
        },
        {
          "date" : "2020-01-31T07:13+0000",
          "timeZone" : 3,
          "age" : 8,
          "moonPhaseDate" : "2020-01-24T20:42+0000",
          "moonPhase" : "phase1",
          "signDate" : "2020-01-29T10:51+0000",
          "sign" : "aries"
        }
      ],
      "timeZone" : 3,
      "cityName" : "Дамаск"
    }
  ]
}