{
  "countryName" : "Индонезия",
  "cities" : [
    {
      "moonDays" : [
        {
          "date" : "2019-04-30T19:56+0000",
          "moonPhase" : null,
          "age" : 26,
          "signDate" : "2019-05-01T10:23+0000",
          "moonPhaseDate" : null,
          "timeZone" : 7,
          "sign" : "aries"
        },
        {
          "date" : "2019-05-01T20:41+0000",
          "moonPhase" : null,
          "age" : 27,
          "signDate" : "2019-05-01T10:23+0000",
          "moonPhaseDate" : null,
          "timeZone" : 7,
          "sign" : "aries"
        },
        {
          "date" : "2019-05-02T21:26+0000",
          "moonPhase" : null,
          "age" : 28,
          "signDate" : "2019-05-01T10:23+0000",
          "moonPhaseDate" : null,
          "timeZone" : 7,
          "sign" : "aries"
        },
        {
          "date" : "2019-05-03T22:12+0000",
          "moonPhase" : null,
          "age" : 29,
          "signDate" : "2019-05-03T20:21+0000",
          "moonPhaseDate" : null,
          "timeZone" : 7,
          "sign" : "taurus"
        },
        {
          "date" : "2019-05-04T22:45+0000",
          "moonPhase" : "newMoon",
          "age" : 1,
          "signDate" : "2019-05-03T20:21+0000",
          "moonPhaseDate" : "2019-05-04T22:45+0000",
          "sign" : "taurus",
          "timeZone" : 7
        },
        {
          "date" : "2019-05-04T23:01+0000",
          "moonPhase" : "newMoon",
          "age" : 2,
          "signDate" : "2019-05-03T20:21+0000",
          "moonPhaseDate" : "2019-05-04T22:45+0000",
          "sign" : "taurus",
          "timeZone" : 7
        },
        {
          "date" : "2019-05-05T23:52+0000",
          "moonPhase" : "phase1",
          "age" : 3,
          "signDate" : "2019-05-06T03:42+0000",
          "moonPhaseDate" : "2019-05-04T22:45+0000",
          "timeZone" : 7,
          "sign" : "gemini"
        },
        {
          "date" : "2019-05-07T00:46+0000",
          "moonPhase" : "phase1",
          "age" : 4,
          "signDate" : "2019-05-06T03:42+0000",
          "moonPhaseDate" : "2019-05-04T22:45+0000",
          "timeZone" : 7,
          "sign" : "gemini"
        },
        {
          "date" : "2019-05-08T01:42+0000",
          "moonPhase" : "phase1",
          "age" : 5,
          "signDate" : "2019-05-08T09:05+0000",
          "moonPhaseDate" : "2019-05-04T22:45+0000",
          "timeZone" : 7,
          "sign" : "cancer"
        },
        {
          "date" : "2019-05-09T02:40+0000",
          "moonPhase" : "phase1",
          "age" : 6,
          "signDate" : "2019-05-08T09:05+0000",
          "moonPhaseDate" : "2019-05-04T22:45+0000",
          "timeZone" : 7,
          "sign" : "cancer"
        },
        {
          "date" : "2019-05-10T03:38+0000",
          "moonPhase" : "phase1",
          "age" : 7,
          "signDate" : "2019-05-10T13:12+0000",
          "moonPhaseDate" : "2019-05-04T22:45+0000",
          "timeZone" : 7,
          "sign" : "leo"
        },
        {
          "date" : "2019-05-11T04:34+0000",
          "moonPhase" : "phase1",
          "age" : 8,
          "signDate" : "2019-05-10T13:12+0000",
          "moonPhaseDate" : "2019-05-04T22:45+0000",
          "timeZone" : 7,
          "sign" : "leo"
        },
        {
          "date" : "2019-05-12T05:29+0000",
          "moonPhase" : "phase2",
          "age" : 9,
          "signDate" : "2019-05-12T16:23+0000",
          "moonPhaseDate" : "2019-05-12T01:12+0000",
          "timeZone" : 7,
          "sign" : "virgo"
        },
        {
          "date" : "2019-05-13T06:21+0000",
          "moonPhase" : "phase2",
          "age" : 10,
          "signDate" : "2019-05-12T16:23+0000",
          "moonPhaseDate" : "2019-05-12T01:12+0000",
          "timeZone" : 7,
          "sign" : "virgo"
        },
        {
          "date" : "2019-05-14T07:11+0000",
          "moonPhase" : "phase2",
          "age" : 11,
          "signDate" : "2019-05-12T16:23+0000",
          "moonPhaseDate" : "2019-05-12T01:12+0000",
          "timeZone" : 7,
          "sign" : "virgo"
        },
        {
          "date" : "2019-05-15T07:59+0000",
          "moonPhase" : "phase2",
          "age" : 12,
          "signDate" : "2019-05-14T18:53+0000",
          "moonPhaseDate" : "2019-05-12T01:12+0000",
          "timeZone" : 7,
          "sign" : "libra"
        },
        {
          "date" : "2019-05-16T08:47+0000",
          "moonPhase" : "phase2",
          "age" : 13,
          "signDate" : "2019-05-14T18:53+0000",
          "moonPhaseDate" : "2019-05-12T01:12+0000",
          "sign" : "libra",
          "timeZone" : 7
        },
        {
          "date" : "2019-05-17T09:35+0000",
          "moonPhase" : "phase2",
          "age" : 14,
          "signDate" : "2019-05-16T21:25+0000",
          "moonPhaseDate" : "2019-05-12T01:12+0000",
          "timeZone" : 7,
          "sign" : "scorpio"
        },
        {
          "date" : "2019-05-18T10:24+0000",
          "moonPhase" : "phase2",
          "age" : 15,
          "signDate" : "2019-05-16T21:25+0000",
          "moonPhaseDate" : "2019-05-12T01:12+0000",
          "timeZone" : 7,
          "sign" : "scorpio"
        },
        {
          "date" : "2019-05-19T11:15+0000",
          "moonPhase" : "fullMoon",
          "age" : 16,
          "signDate" : "2019-05-19T01:19+0000",
          "moonPhaseDate" : "2019-05-18T21:11+0000",
          "timeZone" : 7,
          "sign" : "sagittarius"
        },
        {
          "date" : "2019-05-20T12:06+0000",
          "moonPhase" : "phase3",
          "age" : 17,
          "signDate" : "2019-05-19T01:19+0000",
          "moonPhaseDate" : "2019-05-18T21:11+0000",
          "sign" : "sagittarius",
          "timeZone" : 7
        },
        {
          "date" : "2019-05-21T12:59+0000",
          "moonPhase" : "phase3",
          "age" : 18,
          "signDate" : "2019-05-21T07:56+0000",
          "moonPhaseDate" : "2019-05-18T21:11+0000",
          "timeZone" : 7,
          "sign" : "capricorn"
        },
        {
          "date" : "2019-05-22T13:51+0000",
          "moonPhase" : "phase3",
          "age" : 19,
          "signDate" : "2019-05-21T07:56+0000",
          "moonPhaseDate" : "2019-05-18T21:11+0000",
          "timeZone" : 7,
          "sign" : "capricorn"
        },
        {
          "date" : "2019-05-23T14:42+0000",
          "moonPhase" : "phase3",
          "age" : 20,
          "signDate" : "2019-05-21T07:56+0000",
          "moonPhaseDate" : "2019-05-18T21:11+0000",
          "timeZone" : 7,
          "sign" : "capricorn"
        },
        {
          "date" : "2019-05-24T15:32+0000",
          "moonPhase" : "phase3",
          "age" : 21,
          "signDate" : "2019-05-23T17:51+0000",
          "moonPhaseDate" : "2019-05-18T21:11+0000",
          "timeZone" : 7,
          "sign" : "aquarius"
        },
        {
          "date" : "2019-05-25T16:20+0000",
          "moonPhase" : "phase3",
          "age" : 22,
          "signDate" : "2019-05-23T17:51+0000",
          "moonPhaseDate" : "2019-05-18T21:11+0000",
          "timeZone" : 7,
          "sign" : "aquarius"
        },
        {
          "date" : "2019-05-26T17:06+0000",
          "moonPhase" : "phase4",
          "age" : 23,
          "signDate" : "2019-05-23T17:51+0000",
          "moonPhaseDate" : "2019-05-26T16:33+0000",
          "timeZone" : 7,
          "sign" : "pisces"
        },
        {
          "date" : "2019-05-27T17:50+0000",
          "moonPhase" : "phase4",
          "age" : 24,
          "signDate" : "2019-05-23T17:51+0000",
          "moonPhaseDate" : "2019-05-26T16:33+0000",
          "timeZone" : 7,
          "sign" : "pisces"
        },
        {
          "date" : "2019-05-28T18:35+0000",
          "moonPhase" : "phase4",
          "age" : 25,
          "signDate" : "2019-05-28T18:29+0000",
          "moonPhaseDate" : "2019-05-26T16:33+0000",
          "timeZone" : 7,
          "sign" : "aries"
        },
        {
          "date" : "2019-05-29T19:19+0000",
          "moonPhase" : "phase4",
          "age" : 26,
          "signDate" : "2019-05-28T18:29+0000",
          "moonPhaseDate" : "2019-05-26T16:33+0000",
          "timeZone" : 7,
          "sign" : "aries"
        },
        {
          "date" : "2019-05-30T20:05+0000",
          "moonPhase" : "phase4",
          "age" : 27,
          "signDate" : "2019-05-31T04:44+0000",
          "moonPhaseDate" : "2019-05-26T16:33+0000",
          "timeZone" : 7,
          "sign" : "taurus"
        },
        {
          "date" : "2019-05-31T20:52+0000",
          "moonPhase" : "phase4",
          "age" : 28,
          "signDate" : "2019-05-31T04:44+0000",
          "moonPhaseDate" : null,
          "timeZone" : 7,
          "sign" : "taurus"
        },
        {
          "date" : "2019-06-01T21:42+0000",
          "moonPhase" : "phase4",
          "age" : 29,
          "signDate" : "2019-06-02T11:51+0000",
          "moonPhaseDate" : null,
          "timeZone" : 7,
          "sign" : "gemini"
        },
        {
          "date" : "2019-06-02T22:36+0000",
          "moonPhase" : "newMoon",
          "age" : 30,
          "signDate" : "2019-06-02T11:51+0000",
          "moonPhaseDate" : "2019-06-03T10:02+0000",
          "timeZone" : 7,
          "sign" : "gemini"
        },
        {
          "date" : "2019-06-03T10:02+0000",
          "moonPhase" : "newMoon",
          "age" : 1,
          "signDate" : "2019-06-02T11:51+0000",
          "moonPhaseDate" : "2019-06-03T10:02+0000",
          "sign" : "gemini",
          "timeZone" : 7
        },
        {
          "date" : "2019-06-03T23:32+0000",
          "moonPhase" : "phase1",
          "age" : 2,
          "signDate" : "2019-06-04T16:18+0000",
          "moonPhaseDate" : "2019-06-03T10:02+0000",
          "timeZone" : 7,
          "sign" : "cancer"
        },
        {
          "date" : "2019-06-05T00:30+0000",
          "moonPhase" : "phase1",
          "age" : 3,
          "signDate" : "2019-06-04T16:18+0000",
          "moonPhaseDate" : "2019-06-03T10:02+0000",
          "timeZone" : 7,
          "sign" : "cancer"
        },
        {
          "date" : "2019-06-06T01:31+0000",
          "moonPhase" : "phase1",
          "age" : 4,
          "signDate" : "2019-06-04T16:18+0000",
          "moonPhaseDate" : "2019-06-03T10:02+0000",
          "timeZone" : 7,
          "sign" : "cancer"
        },
        {
          "date" : "2019-06-07T02:29+0000",
          "moonPhase" : "phase1",
          "age" : 5,
          "signDate" : "2019-06-06T19:14+0000",
          "moonPhaseDate" : "2019-06-03T10:02+0000",
          "timeZone" : 7,
          "sign" : "leo"
        },
        {
          "age" : 6,
          "sign" : "leo",
          "moonPhaseDate" : "2019-06-03T10:02+0000",
          "date" : "2019-06-08T03:25+0000",
          "signDate" : "2019-06-06T19:14+0000",
          "moonPhase" : "phase1",
          "timeZone" : 7
        },
        {
          "date" : "2019-06-09T04:19+0000",
          "moonPhase" : "phase1",
          "age" : 7,
          "signDate" : "2019-06-08T21:43+0000",
          "moonPhaseDate" : "2019-06-03T10:02+0000",
          "timeZone" : 7,
          "sign" : "virgo"
        },
        {
          "date" : "2019-06-10T05:09+0000",
          "moonPhase" : "phase2",
          "age" : 8,
          "signDate" : "2019-06-08T21:43+0000",
          "moonPhaseDate" : "2019-06-10T05:59+0000",
          "timeZone" : 7,
          "sign" : "virgo"
        },
        {
          "date" : "2019-06-11T05:57+0000",
          "moonPhase" : "phase2",
          "age" : 9,
          "signDate" : "2019-06-11T00:30+0000",
          "moonPhaseDate" : "2019-06-10T05:59+0000",
          "timeZone" : 7,
          "sign" : "libra"
        },
        {
          "date" : "2019-06-12T06:44+0000",
          "moonPhase" : "phase2",
          "age" : 10,
          "signDate" : "2019-06-11T00:30+0000",
          "moonPhaseDate" : "2019-06-10T05:59+0000",
          "timeZone" : 7,
          "sign" : "libra"
        },
        {
          "date" : "2019-06-13T07:31+0000",
          "moonPhase" : "phase2",
          "age" : 11,
          "signDate" : "2019-06-13T04:03+0000",
          "moonPhaseDate" : "2019-06-10T05:59+0000",
          "timeZone" : 7,
          "sign" : "scorpio"
        },
        {
          "date" : "2019-06-14T08:18+0000",
          "moonPhase" : "phase2",
          "age" : 12,
          "signDate" : "2019-06-13T04:03+0000",
          "moonPhaseDate" : "2019-06-10T05:59+0000",
          "timeZone" : 7,
          "sign" : "scorpio"
        },
        {
          "date" : "2019-06-15T09:07+0000",
          "moonPhase" : "phase2",
          "age" : 13,
          "signDate" : "2019-06-15T09:01+0000",
          "moonPhaseDate" : "2019-06-10T05:59+0000",
          "timeZone" : 7,
          "sign" : "sagittarius"
        },
        {
          "date" : "2019-06-16T09:57+0000",
          "moonPhase" : "phase2",
          "age" : 14,
          "signDate" : "2019-06-15T09:01+0000",
          "moonPhaseDate" : "2019-06-10T05:59+0000",
          "timeZone" : 7,
          "sign" : "sagittarius"
        },
        {
          "date" : "2019-06-17T10:49+0000",
          "moonPhase" : "fullMoon",
          "age" : 15,
          "signDate" : "2019-06-17T16:11+0000",
          "moonPhaseDate" : "2019-06-17T08:31+0000",
          "timeZone" : 7,
          "sign" : "capricorn"
        },
        {
          "date" : "2019-06-18T11:41+0000",
          "moonPhase" : "phase3",
          "age" : 16,
          "signDate" : "2019-06-17T16:11+0000",
          "moonPhaseDate" : "2019-06-17T08:31+0000",
          "timeZone" : 7,
          "sign" : "capricorn"
        },
        {
          "date" : "2019-06-19T12:33+0000",
          "moonPhase" : "phase3",
          "age" : 17,
          "signDate" : "2019-06-17T16:11+0000",
          "moonPhaseDate" : "2019-06-17T08:31+0000",
          "timeZone" : 7,
          "sign" : "capricorn"
        },
        {
          "date" : "2019-06-20T13:24+0000",
          "moonPhase" : "phase3",
          "age" : 18,
          "signDate" : "2019-06-20T02:01+0000",
          "moonPhaseDate" : "2019-06-17T08:31+0000",
          "timeZone" : 7,
          "sign" : "aquarius"
        },
        {
          "date" : "2019-06-21T14:13+0000",
          "moonPhase" : "phase3",
          "age" : 19,
          "signDate" : "2019-06-20T02:01+0000",
          "moonPhaseDate" : "2019-06-17T08:31+0000",
          "timeZone" : 7,
          "sign" : "aquarius"
        },
        {
          "date" : "2019-06-22T15:00+0000",
          "moonPhase" : "phase3",
          "age" : 20,
          "signDate" : "2019-06-22T14:01+0000",
          "moonPhaseDate" : "2019-06-17T08:31+0000",
          "sign" : "pisces",
          "timeZone" : 7
        },
        {
          "date" : "2019-06-23T15:45+0000",
          "moonPhase" : "phase3",
          "age" : 21,
          "signDate" : "2019-06-22T14:01+0000",
          "moonPhaseDate" : "2019-06-17T08:31+0000",
          "timeZone" : 7,
          "sign" : "pisces"
        },
        {
          "date" : "2019-06-24T16:29+0000",
          "moonPhase" : "phase3",
          "age" : 22,
          "signDate" : "2019-06-22T14:01+0000",
          "moonPhaseDate" : "2019-06-17T08:31+0000",
          "timeZone" : 7,
          "sign" : "pisces"
        },
        {
          "date" : "2019-06-25T17:13+0000",
          "moonPhase" : "phase4",
          "age" : 23,
          "signDate" : "2019-06-22T14:01+0000",
          "moonPhaseDate" : "2019-06-25T09:46+0000",
          "timeZone" : 7,
          "sign" : "aries"
        },
        {
          "date" : "2019-06-26T17:57+0000",
          "moonPhase" : "phase4",
          "age" : 24,
          "signDate" : "2019-06-27T13:30+0000",
          "moonPhaseDate" : "2019-06-25T09:46+0000",
          "sign" : "taurus",
          "timeZone" : 7
        },
        {
          "date" : "2019-06-27T18:43+0000",
          "moonPhase" : "phase4",
          "age" : 25,
          "signDate" : "2019-06-27T13:30+0000",
          "moonPhaseDate" : "2019-06-25T09:46+0000",
          "timeZone" : 7,
          "sign" : "taurus"
        },
        {
          "date" : "2019-06-28T19:31+0000",
          "moonPhase" : "phase4",
          "age" : 26,
          "signDate" : "2019-06-27T13:30+0000",
          "moonPhaseDate" : "2019-06-25T09:46+0000",
          "timeZone" : 7,
          "sign" : "taurus"
        },
        {
          "date" : "2019-06-29T20:22+0000",
          "moonPhase" : "phase4",
          "age" : 27,
          "signDate" : "2019-06-29T21:10+0000",
          "moonPhaseDate" : "2019-06-25T09:46+0000",
          "timeZone" : 7,
          "sign" : "gemini"
        },
        {
          "date" : "2019-06-30T21:18+0000",
          "moonPhase" : "phase4",
          "age" : 28,
          "signDate" : "2019-06-29T21:10+0000",
          "moonPhaseDate" : null,
          "timeZone" : 7,
          "sign" : "gemini"
        },
        {
          "date" : "2019-07-01T22:15+0000",
          "moonPhase" : "phase4",
          "age" : 29,
          "signDate" : "2019-07-02T01:26+0000",
          "moonPhaseDate" : null,
          "timeZone" : 7,
          "sign" : "cancer"
        },
        {
          "date" : "2019-07-02T19:16+0000",
          "moonPhase" : "newMoon",
          "age" : 1,
          "signDate" : "2019-07-02T01:26+0000",
          "moonPhaseDate" : "2019-07-02T19:16+0000",
          "sign" : "cancer",
          "timeZone" : 7
        },
        {
          "date" : "2019-07-02T23:17+0000",
          "moonPhase" : "newMoon",
          "age" : 2,
          "signDate" : "2019-07-02T01:26+0000",
          "moonPhaseDate" : "2019-07-02T19:16+0000",
          "timeZone" : 7,
          "sign" : "cancer"
        },
        {
          "date" : "2019-07-04T00:17+0000",
          "moonPhase" : "phase1",
          "age" : 3,
          "signDate" : "2019-07-04T03:21+0000",
          "moonPhaseDate" : "2019-07-02T19:16+0000",
          "timeZone" : 7,
          "sign" : "leo"
        },
        {
          "date" : "2019-07-05T01:17+0000",
          "moonPhase" : "phase1",
          "age" : 4,
          "signDate" : "2019-07-04T03:21+0000",
          "moonPhaseDate" : "2019-07-02T19:16+0000",
          "timeZone" : 7,
          "sign" : "leo"
        },
        {
          "date" : "2019-07-06T02:13+0000",
          "moonPhase" : "phase1",
          "age" : 5,
          "signDate" : "2019-07-06T04:25+0000",
          "moonPhaseDate" : "2019-07-02T19:16+0000",
          "timeZone" : 7,
          "sign" : "virgo"
        },
        {
          "date" : "2019-07-07T03:05+0000",
          "moonPhase" : "phase1",
          "age" : 6,
          "signDate" : "2019-07-06T04:25+0000",
          "moonPhaseDate" : "2019-07-02T19:16+0000",
          "timeZone" : 7,
          "sign" : "virgo"
        },
        {
          "date" : "2019-07-08T03:55+0000",
          "moonPhase" : "phase1",
          "age" : 7,
          "signDate" : "2019-07-08T06:07+0000",
          "moonPhaseDate" : "2019-07-02T19:16+0000",
          "timeZone" : 7,
          "sign" : "libra"
        },
        {
          "date" : "2019-07-09T04:43+0000",
          "moonPhase" : "phase2",
          "age" : 8,
          "signDate" : "2019-07-08T06:07+0000",
          "moonPhaseDate" : "2019-07-09T10:55+0000",
          "timeZone" : 7,
          "sign" : "libra"
        },
        {
          "date" : "2019-07-10T05:29+0000",
          "moonPhase" : "phase2",
          "age" : 9,
          "signDate" : "2019-07-10T09:28+0000",
          "moonPhaseDate" : "2019-07-09T10:55+0000",
          "timeZone" : 7,
          "sign" : "scorpio"
        },
        {
          "date" : "2019-07-11T06:16+0000",
          "moonPhase" : "phase2",
          "age" : 10,
          "signDate" : "2019-07-10T09:28+0000",
          "moonPhaseDate" : "2019-07-09T10:55+0000",
          "timeZone" : 7,
          "sign" : "scorpio"
        },
        {
          "date" : "2019-07-12T07:04+0000",
          "moonPhase" : "phase2",
          "age" : 11,
          "signDate" : "2019-07-12T15:04+0000",
          "moonPhaseDate" : "2019-07-09T10:55+0000",
          "timeZone" : 7,
          "sign" : "sagittarius"
        },
        {
          "date" : "2019-07-13T07:53+0000",
          "moonPhase" : "phase2",
          "age" : 12,
          "signDate" : "2019-07-12T15:04+0000",
          "moonPhaseDate" : "2019-07-09T10:55+0000",
          "timeZone" : 7,
          "sign" : "sagittarius"
        },
        {
          "date" : "2019-07-14T08:43+0000",
          "moonPhase" : "phase2",
          "age" : 13,
          "signDate" : "2019-07-12T15:04+0000",
          "moonPhaseDate" : "2019-07-09T10:55+0000",
          "timeZone" : 7,
          "sign" : "sagittarius"
        },
        {
          "date" : "2019-07-15T09:35+0000",
          "moonPhase" : "phase2",
          "age" : 14,
          "signDate" : "2019-07-14T23:03+0000",
          "moonPhaseDate" : "2019-07-09T10:55+0000",
          "timeZone" : 7,
          "sign" : "capricorn"
        },
        {
          "date" : "2019-07-16T10:26+0000",
          "moonPhase" : "phase2",
          "age" : 15,
          "signDate" : "2019-07-14T23:03+0000",
          "moonPhaseDate" : "2019-07-09T10:55+0000",
          "timeZone" : 7,
          "sign" : "capricorn"
        },
        {
          "date" : "2019-07-17T11:17+0000",
          "moonPhase" : "fullMoon",
          "age" : 16,
          "signDate" : "2019-07-17T09:18+0000",
          "moonPhaseDate" : "2019-07-16T21:38+0000",
          "timeZone" : 7,
          "sign" : "aquarius"
        },
        {
          "date" : "2019-07-18T12:07+0000",
          "moonPhase" : "phase3",
          "age" : 17,
          "signDate" : "2019-07-17T09:18+0000",
          "moonPhaseDate" : "2019-07-16T21:38+0000",
          "timeZone" : 7,
          "sign" : "aquarius"
        },
        {
          "date" : "2019-07-19T12:54+0000",
          "moonPhase" : "phase3",
          "age" : 18,
          "signDate" : "2019-07-17T09:18+0000",
          "moonPhaseDate" : "2019-07-16T21:38+0000",
          "timeZone" : 7,
          "sign" : "aquarius"
        },
        {
          "date" : "2019-07-20T13:40+0000",
          "moonPhase" : "phase3",
          "age" : 19,
          "signDate" : "2019-07-19T21:19+0000",
          "moonPhaseDate" : "2019-07-16T21:38+0000",
          "timeZone" : 7,
          "sign" : "pisces"
        },
        {
          "date" : "2019-07-21T14:25+0000",
          "moonPhase" : "phase3",
          "age" : 20,
          "signDate" : "2019-07-19T21:19+0000",
          "moonPhaseDate" : "2019-07-16T21:38+0000",
          "timeZone" : 7,
          "sign" : "pisces"
        },
        {
          "date" : "2019-07-22T15:08+0000",
          "moonPhase" : "phase3",
          "age" : 21,
          "signDate" : "2019-07-22T10:01+0000",
          "moonPhaseDate" : "2019-07-16T21:38+0000",
          "timeZone" : 7,
          "sign" : "aries"
        },
        {
          "date" : "2019-07-23T15:52+0000",
          "moonPhase" : "phase3",
          "age" : 22,
          "signDate" : "2019-07-22T10:01+0000",
          "moonPhaseDate" : "2019-07-16T21:38+0000",
          "timeZone" : 7,
          "sign" : "aries"
        },
        {
          "date" : "2019-07-24T16:36+0000",
          "moonPhase" : "phase3",
          "age" : 23,
          "signDate" : "2019-07-22T10:01+0000",
          "moonPhaseDate" : "2019-07-16T21:38+0000",
          "timeZone" : 7,
          "sign" : "aries"
        },
        {
          "date" : "2019-07-25T17:22+0000",
          "moonPhase" : "phase4",
          "age" : 24,
          "signDate" : "2019-07-22T10:01+0000",
          "moonPhaseDate" : "2019-07-25T01:18+0000",
          "timeZone" : 7,
          "sign" : "taurus"
        },
        {
          "date" : "2019-07-26T18:11+0000",
          "moonPhase" : "phase4",
          "age" : 25,
          "signDate" : "2019-07-27T06:28+0000",
          "moonPhaseDate" : "2019-07-25T01:18+0000",
          "timeZone" : 7,
          "sign" : "gemini"
        },
        {
          "date" : "2019-07-27T19:03+0000",
          "moonPhase" : "phase4",
          "age" : 26,
          "signDate" : "2019-07-27T06:28+0000",
          "moonPhaseDate" : "2019-07-25T01:18+0000",
          "timeZone" : 7,
          "sign" : "gemini"
        },
        {
          "date" : "2019-07-28T19:59+0000",
          "moonPhase" : "phase4",
          "age" : 27,
          "signDate" : "2019-07-29T11:30+0000",
          "moonPhaseDate" : "2019-07-25T01:18+0000",
          "sign" : "cancer",
          "timeZone" : 7
        },
        {
          "date" : "2019-07-29T20:58+0000",
          "moonPhase" : "phase4",
          "age" : 28,
          "signDate" : "2019-07-29T11:30+0000",
          "moonPhaseDate" : "2019-07-25T01:18+0000",
          "timeZone" : 7,
          "sign" : "cancer"
        },
        {
          "date" : "2019-07-30T21:59+0000",
          "moonPhase" : "phase4",
          "age" : 29,
          "signDate" : "2019-07-31T13:18+0000",
          "moonPhaseDate" : "2019-07-25T01:18+0000",
          "timeZone" : 7,
          "sign" : "leo"
        },
        {
          "date" : "2019-07-31T23:00+0000",
          "moonPhase" : "newMoon",
          "age" : 30,
          "signDate" : "2019-07-31T13:18+0000",
          "moonPhaseDate" : "2019-08-01T03:12+0000",
          "timeZone" : 7,
          "sign" : "leo"
        },
        {
          "date" : "2019-08-01T03:12+0000",
          "moonPhase" : "newMoon",
          "age" : 1,
          "signDate" : "2019-07-31T13:18+0000",
          "moonPhaseDate" : "2019-08-01T03:12+0000",
          "timeZone" : 7,
          "sign" : "leo"
        },
        {
          "date" : "2019-08-01T23:59+0000",
          "moonPhase" : "phase1",
          "age" : 2,
          "signDate" : "2019-08-02T13:23+0000",
          "moonPhaseDate" : "2019-08-01T03:12+0000",
          "sign" : "virgo",
          "timeZone" : 7
        },
        {
          "date" : "2019-08-03T00:55+0000",
          "moonPhase" : "phase1",
          "age" : 3,
          "signDate" : "2019-08-02T13:23+0000",
          "moonPhaseDate" : "2019-08-01T03:12+0000",
          "timeZone" : 7,
          "sign" : "virgo"
        },
        {
          "date" : "2019-08-04T01:48+0000",
          "moonPhase" : "phase1",
          "age" : 4,
          "signDate" : "2019-08-04T13:32+0000",
          "moonPhaseDate" : "2019-08-01T03:12+0000",
          "timeZone" : 7,
          "sign" : "libra"
        },
        {
          "date" : "2019-08-05T02:38+0000",
          "moonPhase" : "phase1",
          "age" : 5,
          "signDate" : "2019-08-04T13:32+0000",
          "moonPhaseDate" : "2019-08-01T03:12+0000",
          "timeZone" : 7,
          "sign" : "libra"
        },
        {
          "date" : "2019-08-06T03:26+0000",
          "moonPhase" : "phase1",
          "age" : 6,
          "signDate" : "2019-08-06T15:31+0000",
          "moonPhaseDate" : "2019-08-01T03:12+0000",
          "sign" : "scorpio",
          "timeZone" : 7
        },
        {
          "date" : "2019-08-07T04:14+0000",
          "moonPhase" : "phase1",
          "age" : 7,
          "signDate" : "2019-08-06T15:31+0000",
          "moonPhaseDate" : "2019-08-01T03:12+0000",
          "timeZone" : 7,
          "sign" : "scorpio"
        },
        {
          "date" : "2019-08-08T05:01+0000",
          "moonPhase" : "phase2",
          "age" : 8,
          "signDate" : "2019-08-06T15:31+0000",
          "moonPhaseDate" : "2019-08-07T17:31+0000",
          "timeZone" : 7,
          "sign" : "scorpio"
        },
        {
          "date" : "2019-08-09T05:50+0000",
          "moonPhase" : "phase2",
          "age" : 9,
          "signDate" : "2019-08-08T20:32+0000",
          "moonPhaseDate" : "2019-08-07T17:31+0000",
          "timeZone" : 7,
          "sign" : "sagittarius"
        },
        {
          "date" : "2019-08-10T06:40+0000",
          "moonPhase" : "phase2",
          "age" : 10,
          "signDate" : "2019-08-08T20:32+0000",
          "moonPhaseDate" : "2019-08-07T17:31+0000",
          "timeZone" : 7,
          "sign" : "sagittarius"
        },
        {
          "signDate" : "2019-08-11T04:48+0000",
          "age" : 11,
          "timeZone" : 7,
          "sign" : "capricorn",
          "date" : "2019-08-11T07:31+0000",
          "moonPhase" : "phase2",
          "moonPhaseDate" : "2019-08-07T17:31+0000"
        },
        {
          "moonPhase" : "phase2",
          "date" : "2019-08-12T08:22+0000",
          "age" : 12,
          "sign" : "capricorn",
          "signDate" : "2019-08-11T04:48+0000",
          "timeZone" : 7,
          "moonPhaseDate" : "2019-08-07T17:31+0000"
        },
        {
          "moonPhase" : "phase2",
          "signDate" : "2019-08-13T15:36+0000",
          "date" : "2019-08-13T09:13+0000",
          "timeZone" : 7,
          "sign" : "aquarius",
          "moonPhaseDate" : "2019-08-07T17:31+0000",
          "age" : 13
        },
        {
          "moonPhase" : "phase2",
          "date" : "2019-08-14T10:03+0000",
          "signDate" : "2019-08-13T15:36+0000",
          "timeZone" : 7,
          "sign" : "aquarius",
          "moonPhaseDate" : "2019-08-07T17:31+0000",
          "age" : 14
        },
        {
          "moonPhase" : "fullMoon",
          "signDate" : "2019-08-13T15:36+0000",
          "date" : "2019-08-15T10:51+0000",
          "timeZone" : 7,
          "sign" : "aquarius",
          "moonPhaseDate" : "2019-08-15T12:29+0000",
          "age" : 15
        },
        {
          "moonPhase" : "phase3",
          "date" : "2019-08-16T11:37+0000",
          "signDate" : "2019-08-16T03:50+0000",
          "timeZone" : 7,
          "sign" : "pisces",
          "moonPhaseDate" : "2019-08-15T12:29+0000",
          "age" : 16
        },
        {
          "moonPhase" : "phase3",
          "signDate" : "2019-08-16T03:50+0000",
          "date" : "2019-08-17T12:22+0000",
          "timeZone" : 7,
          "sign" : "pisces",
          "moonPhaseDate" : "2019-08-15T12:29+0000",
          "age" : 17
        },
        {
          "moonPhase" : "phase3",
          "date" : "2019-08-18T13:06+0000",
          "signDate" : "2019-08-18T16:32+0000",
          "timeZone" : 7,
          "sign" : "aries",
          "moonPhaseDate" : "2019-08-15T12:29+0000",
          "age" : 18
        },
        {
          "moonPhase" : "phase3",
          "signDate" : "2019-08-18T16:32+0000",
          "date" : "2019-08-19T13:49+0000",
          "timeZone" : 7,
          "sign" : "aries",
          "moonPhaseDate" : "2019-08-15T12:29+0000",
          "age" : 19
        },
        {
          "moonPhase" : "phase3",
          "date" : "2019-08-20T14:32+0000",
          "signDate" : "2019-08-18T16:32+0000",
          "timeZone" : 7,
          "sign" : "aries",
          "moonPhaseDate" : "2019-08-15T12:29+0000",
          "age" : 20
        },
        {
          "moonPhase" : "phase3",
          "date" : "2019-08-21T15:17+0000",
          "signDate" : "2019-08-21T04:36+0000",
          "timeZone" : 7,
          "sign" : "taurus",
          "moonPhaseDate" : "2019-08-15T12:29+0000",
          "age" : 21
        },
        {
          "moonPhase" : "phase3",
          "date" : "2019-08-22T16:04+0000",
          "signDate" : "2019-08-21T04:36+0000",
          "timeZone" : 7,
          "sign" : "taurus",
          "moonPhaseDate" : "2019-08-15T12:29+0000",
          "age" : 22
        },
        {
          "moonPhase" : "phase4",
          "signDate" : "2019-08-23T14:34+0000",
          "date" : "2019-08-23T16:53+0000",
          "timeZone" : 7,
          "sign" : "gemini",
          "moonPhaseDate" : "2019-08-23T14:56+0000",
          "age" : 23
        },
        {
          "moonPhase" : "phase4",
          "signDate" : "2019-08-23T14:34+0000",
          "date" : "2019-08-24T17:46+0000",
          "timeZone" : 7,
          "sign" : "gemini",
          "moonPhaseDate" : "2019-08-23T14:56+0000",
          "age" : 24
        },
        {
          "moonPhase" : "phase4",
          "date" : "2019-08-25T18:42+0000",
          "signDate" : "2019-08-25T21:05+0000",
          "timeZone" : 7,
          "sign" : "cancer",
          "moonPhaseDate" : "2019-08-23T14:56+0000",
          "age" : 25
        },
        {
          "moonPhase" : "phase4",
          "date" : "2019-08-26T19:41+0000",
          "signDate" : "2019-08-25T21:05+0000",
          "timeZone" : 7,
          "sign" : "cancer",
          "moonPhaseDate" : "2019-08-23T14:56+0000",
          "age" : 26
        },
        {
          "moonPhase" : "phase4",
          "date" : "2019-08-27T20:41+0000",
          "signDate" : "2019-08-27T23:51+0000",
          "timeZone" : 7,
          "sign" : "leo",
          "moonPhaseDate" : "2019-08-23T14:56+0000",
          "age" : 27
        },
        {
          "moonPhase" : "phase4",
          "signDate" : "2019-08-27T23:51+0000",
          "date" : "2019-08-28T21:40+0000",
          "timeZone" : 7,
          "sign" : "leo",
          "moonPhaseDate" : "2019-08-23T14:56+0000",
          "age" : 28
        },
        {
          "moonPhase" : "newMoon",
          "date" : "2019-08-29T22:38+0000",
          "signDate" : "2019-08-29T23:57+0000",
          "timeZone" : 7,
          "sign" : "virgo",
          "moonPhaseDate" : "2019-08-30T10:37+0000",
          "age" : 29
        },
        {
          "moonPhase" : "newMoon",
          "date" : "2019-08-30T10:37+0000",
          "signDate" : "2019-08-29T23:57+0000",
          "timeZone" : 7,
          "sign" : "virgo",
          "moonPhaseDate" : "2019-08-30T10:37+0000",
          "age" : 1
        },
        {
          "moonPhase" : "phase1",
          "signDate" : "2019-08-29T23:57+0000",
          "date" : "2019-08-30T23:33+0000",
          "timeZone" : 7,
          "sign" : "virgo",
          "moonPhaseDate" : "2019-08-30T10:37+0000",
          "age" : 2
        },
        {
          "moonPhase" : "phase1",
          "date" : "2019-09-01T00:26+0000",
          "signDate" : "2019-08-31T23:12+0000",
          "timeZone" : 7,
          "sign" : "libra",
          "moonPhaseDate" : null,
          "age" : 3
        },
        {
          "moonPhase" : "phase1",
          "date" : "2019-09-02T01:17+0000",
          "signDate" : "2019-08-31T23:12+0000",
          "timeZone" : 7,
          "sign" : "libra",
          "moonPhaseDate" : null,
          "age" : 4
        },
        {
          "moonPhase" : "phase1",
          "date" : "2019-09-03T02:06+0000",
          "signDate" : "2019-09-02T23:38+0000",
          "timeZone" : 7,
          "sign" : "scorpio",
          "moonPhaseDate" : null,
          "age" : 5
        },
        {
          "moonPhase" : "phase1",
          "date" : "2019-09-04T02:56+0000",
          "signDate" : "2019-09-02T23:38+0000",
          "timeZone" : 7,
          "sign" : "scorpio",
          "moonPhaseDate" : null,
          "age" : 6
        },
        {
          "moonPhase" : "phase1",
          "signDate" : "2019-09-05T03:06+0000",
          "date" : "2019-09-05T03:45+0000",
          "timeZone" : 7,
          "sign" : "sagittarius",
          "moonPhaseDate" : null,
          "age" : 7
        },
        {
          "moonPhase" : "phase2",
          "signDate" : "2019-09-05T03:06+0000",
          "date" : "2019-09-06T04:36+0000",
          "timeZone" : 7,
          "sign" : "sagittarius",
          "moonPhaseDate" : "2019-09-06T03:10+0000",
          "age" : 8
        },
        {
          "moonPhase" : "phase2",
          "date" : "2019-09-07T05:27+0000",
          "signDate" : "2019-09-07T10:35+0000",
          "timeZone" : 7,
          "sign" : "capricorn",
          "moonPhaseDate" : "2019-09-06T03:10+0000",
          "age" : 9
        },
        {
          "moonPhase" : "phase2",
          "date" : "2019-09-08T06:19+0000",
          "signDate" : "2019-09-07T10:35+0000",
          "timeZone" : 7,
          "sign" : "capricorn",
          "moonPhaseDate" : "2019-09-06T03:10+0000",
          "age" : 10
        },
        {
          "moonPhase" : "phase2",
          "date" : "2019-09-09T07:10+0000",
          "signDate" : "2019-09-07T10:35+0000",
          "timeZone" : 7,
          "sign" : "capricorn",
          "moonPhaseDate" : "2019-09-06T03:10+0000",
          "age" : 11
        },
        {
          "moonPhase" : "phase2",
          "signDate" : "2019-09-09T21:25+0000",
          "date" : "2019-09-10T08:00+0000",
          "timeZone" : 7,
          "sign" : "aquarius",
          "moonPhaseDate" : "2019-09-06T03:10+0000",
          "age" : 12
        },
        {
          "moonPhase" : "phase2",
          "date" : "2019-09-11T08:48+0000",
          "signDate" : "2019-09-09T21:25+0000",
          "timeZone" : 7,
          "sign" : "aquarius",
          "moonPhaseDate" : "2019-09-06T03:10+0000",
          "age" : 13
        },
        {
          "moonPhase" : "phase2",
          "date" : "2019-09-12T09:35+0000",
          "signDate" : "2019-09-12T09:53+0000",
          "timeZone" : 7,
          "sign" : "pisces",
          "moonPhaseDate" : "2019-09-06T03:10+0000",
          "age" : 14
        },
        {
          "moonPhase" : "phase2",
          "date" : "2019-09-13T10:20+0000",
          "signDate" : "2019-09-12T09:53+0000",
          "timeZone" : 7,
          "sign" : "pisces",
          "moonPhaseDate" : "2019-09-06T03:10+0000",
          "age" : 15
        },
        {
          "moonPhase" : "fullMoon",
          "date" : "2019-09-14T11:04+0000",
          "signDate" : "2019-09-12T09:53+0000",
          "timeZone" : 7,
          "sign" : "pisces",
          "moonPhaseDate" : "2019-09-14T04:33+0000",
          "age" : 16
        },
        {
          "moonPhase" : "phase3",
          "signDate" : "2019-09-14T22:32+0000",
          "date" : "2019-09-15T11:47+0000",
          "timeZone" : 7,
          "sign" : "aries",
          "moonPhaseDate" : "2019-09-14T04:33+0000",
          "age" : 17
        },
        {
          "moonPhase" : "phase3",
          "signDate" : "2019-09-14T22:32+0000",
          "date" : "2019-09-16T12:31+0000",
          "timeZone" : 7,
          "sign" : "aries",
          "moonPhaseDate" : "2019-09-14T04:33+0000",
          "age" : 18
        },
        {
          "moonPhase" : "phase3",
          "signDate" : "2019-09-17T10:30+0000",
          "date" : "2019-09-17T13:15+0000",
          "timeZone" : 7,
          "sign" : "taurus",
          "moonPhaseDate" : "2019-09-14T04:33+0000",
          "age" : 19
        },
        {
          "moonPhase" : "phase3",
          "date" : "2019-09-18T14:01+0000",
          "signDate" : "2019-09-17T10:30+0000",
          "timeZone" : 7,
          "sign" : "taurus",
          "moonPhaseDate" : "2019-09-14T04:33+0000",
          "age" : 20
        },
        {
          "moonPhase" : "phase3",
          "signDate" : "2019-09-17T10:30+0000",
          "date" : "2019-09-19T14:48+0000",
          "timeZone" : 7,
          "sign" : "taurus",
          "moonPhaseDate" : "2019-09-14T04:33+0000",
          "age" : 21
        },
        {
          "moonPhase" : "phase3",
          "signDate" : "2019-09-19T20:58+0000",
          "date" : "2019-09-20T15:39+0000",
          "timeZone" : 7,
          "sign" : "gemini",
          "moonPhaseDate" : "2019-09-14T04:33+0000",
          "age" : 22
        },
        {
          "moonPhase" : "phase3",
          "date" : "2019-09-21T16:32+0000",
          "signDate" : "2019-09-19T20:58+0000",
          "timeZone" : 7,
          "sign" : "gemini",
          "moonPhaseDate" : "2019-09-14T04:33+0000",
          "age" : 23
        },
        {
          "moonPhase" : "phase4",
          "date" : "2019-09-22T17:28+0000",
          "signDate" : "2019-09-19T20:58+0000",
          "timeZone" : 7,
          "sign" : "cancer",
          "moonPhaseDate" : "2019-09-22T02:41+0000",
          "age" : 24
        },
        {
          "moonPhase" : "phase4",
          "signDate" : "2019-09-24T09:19+0000",
          "date" : "2019-09-23T18:26+0000",
          "timeZone" : 7,
          "sign" : "leo",
          "moonPhaseDate" : "2019-09-22T02:41+0000",
          "age" : 25
        },
        {
          "moonPhase" : "phase4",
          "date" : "2019-09-24T19:24+0000",
          "signDate" : "2019-09-24T09:19+0000",
          "timeZone" : 7,
          "sign" : "leo",
          "moonPhaseDate" : "2019-09-22T02:41+0000",
          "age" : 26
        },
        {
          "moonPhase" : "phase4",
          "date" : "2019-09-25T20:21+0000",
          "signDate" : "2019-09-26T10:35+0000",
          "timeZone" : 7,
          "sign" : "virgo",
          "moonPhaseDate" : "2019-09-22T02:41+0000",
          "age" : 27
        },
        {
          "moonPhase" : "phase4",
          "date" : "2019-09-26T21:17+0000",
          "signDate" : "2019-09-26T10:35+0000",
          "timeZone" : 7,
          "sign" : "virgo",
          "moonPhaseDate" : "2019-09-22T02:41+0000",
          "age" : 28
        },
        {
          "moonPhase" : "phase4",
          "signDate" : "2019-09-28T10:04+0000",
          "date" : "2019-09-27T22:10+0000",
          "timeZone" : 7,
          "sign" : "libra",
          "moonPhaseDate" : "2019-09-22T02:41+0000",
          "age" : 29
        },
        {
          "moonPhase" : "newMoon",
          "date" : "2019-09-28T18:26+0000",
          "signDate" : "2019-09-28T10:04+0000",
          "timeZone" : 7,
          "sign" : "libra",
          "moonPhaseDate" : "2019-09-28T18:26+0000",
          "age" : 1
        },
        {
          "moonPhase" : "newMoon",
          "date" : "2019-09-28T23:02+0000",
          "signDate" : "2019-09-28T10:04+0000",
          "timeZone" : 7,
          "sign" : "libra",
          "moonPhaseDate" : "2019-09-28T18:26+0000",
          "age" : 2
        },
        {
          "moonPhase" : "phase1",
          "date" : "2019-09-29T23:53+0000",
          "signDate" : "2019-09-30T09:45+0000",
          "timeZone" : 7,
          "sign" : "scorpio",
          "moonPhaseDate" : "2019-09-28T18:26+0000",
          "age" : 3
        },
        {
          "moonPhase" : "phase1",
          "signDate" : "2019-09-30T09:45+0000",
          "date" : "2019-10-01T00:44+0000",
          "timeZone" : 7,
          "sign" : "scorpio",
          "moonPhaseDate" : null,
          "age" : 4
        },
        {
          "moonPhase" : "phase1",
          "signDate" : "2019-10-02T11:45+0000",
          "date" : "2019-10-02T01:35+0000",
          "timeZone" : 7,
          "sign" : "sagittarius",
          "moonPhaseDate" : null,
          "age" : 5
        },
        {
          "moonPhase" : "phase1",
          "date" : "2019-10-03T02:27+0000",
          "signDate" : "2019-10-02T11:45+0000",
          "timeZone" : 7,
          "sign" : "sagittarius",
          "moonPhaseDate" : null,
          "age" : 6
        },
        {
          "moonPhase" : "phase1",
          "signDate" : "2019-10-02T11:45+0000",
          "date" : "2019-10-04T03:20+0000",
          "timeZone" : 7,
          "sign" : "sagittarius",
          "moonPhaseDate" : null,
          "age" : 7
        },
        {
          "moonPhase" : "phase2",
          "date" : "2019-10-05T04:12+0000",
          "signDate" : "2019-10-04T17:41+0000",
          "timeZone" : 7,
          "sign" : "capricorn",
          "moonPhaseDate" : "2019-10-05T16:47+0000",
          "age" : 8
        },
        {
          "moonPhase" : "phase2",
          "date" : "2019-10-06T05:05+0000",
          "signDate" : "2019-10-04T17:41+0000",
          "timeZone" : 7,
          "sign" : "capricorn",
          "moonPhaseDate" : "2019-10-05T16:47+0000",
          "age" : 9
        },
        {
          "moonPhase" : "phase2",
          "date" : "2019-10-07T05:55+0000",
          "signDate" : "2019-10-07T03:43+0000",
          "timeZone" : 7,
          "sign" : "aquarius",
          "moonPhaseDate" : "2019-10-05T16:47+0000",
          "age" : 10
        },
        {
          "moonPhase" : "phase2",
          "date" : "2019-10-08T06:45+0000",
          "signDate" : "2019-10-07T03:43+0000",
          "timeZone" : 7,
          "sign" : "aquarius",
          "moonPhaseDate" : "2019-10-05T16:47+0000",
          "age" : 11
        },
        {
          "moonPhase" : "phase2",
          "date" : "2019-10-09T07:32+0000",
          "signDate" : "2019-10-09T16:08+0000",
          "timeZone" : 7,
          "sign" : "pisces",
          "moonPhaseDate" : "2019-10-05T16:47+0000",
          "age" : 12
        },
        {
          "moonPhase" : "phase2",
          "signDate" : "2019-10-09T16:08+0000",
          "date" : "2019-10-10T08:18+0000",
          "timeZone" : 7,
          "sign" : "pisces",
          "moonPhaseDate" : "2019-10-05T16:47+0000",
          "age" : 13
        },
        {
          "moonPhase" : "phase2",
          "signDate" : "2019-10-09T16:08+0000",
          "date" : "2019-10-11T09:02+0000",
          "timeZone" : 7,
          "sign" : "pisces",
          "moonPhaseDate" : "2019-10-05T16:47+0000",
          "age" : 14
        },
        {
          "moonPhase" : "phase2",
          "signDate" : "2019-10-12T04:46+0000",
          "date" : "2019-10-12T09:45+0000",
          "timeZone" : 7,
          "sign" : "aries",
          "moonPhaseDate" : "2019-10-05T16:47+0000",
          "age" : 15
        },
        {
          "moonPhase" : "phase2",
          "signDate" : "2019-10-12T04:46+0000",
          "date" : "2019-10-13T10:29+0000",
          "timeZone" : 7,
          "sign" : "aries",
          "moonPhaseDate" : "2019-10-05T16:47+0000",
          "age" : 16
        },
        {
          "moonPhase" : "fullMoon",
          "signDate" : "2019-10-14T16:23+0000",
          "date" : "2019-10-14T11:13+0000",
          "timeZone" : 7,
          "sign" : "taurus",
          "moonPhaseDate" : "2019-10-13T21:08+0000",
          "age" : 17
        },
        {
          "moonPhase" : "phase3",
          "signDate" : "2019-10-14T16:23+0000",
          "date" : "2019-10-15T11:59+0000",
          "timeZone" : 7,
          "sign" : "taurus",
          "moonPhaseDate" : "2019-10-13T21:08+0000",
          "age" : 18
        },
        {
          "moonPhase" : "phase3",
          "signDate" : "2019-10-14T16:23+0000",
          "date" : "2019-10-16T12:46+0000",
          "timeZone" : 7,
          "sign" : "taurus",
          "moonPhaseDate" : "2019-10-13T21:08+0000",
          "age" : 19
        },
        {
          "moonPhase" : "phase3",
          "signDate" : "2019-10-17T02:29+0000",
          "date" : "2019-10-17T13:36+0000",
          "timeZone" : 7,
          "sign" : "gemini",
          "moonPhaseDate" : "2019-10-13T21:08+0000",
          "age" : 20
        },
        {
          "moonPhase" : "phase3",
          "signDate" : "2019-10-17T02:29+0000",
          "date" : "2019-10-18T14:28+0000",
          "timeZone" : 7,
          "sign" : "gemini",
          "moonPhaseDate" : "2019-10-13T21:08+0000",
          "age" : 21
        },
        {
          "moonPhase" : "phase3",
          "date" : "2019-10-19T15:23+0000",
          "signDate" : "2019-10-19T10:42+0000",
          "timeZone" : 7,
          "sign" : "cancer",
          "moonPhaseDate" : "2019-10-13T21:08+0000",
          "age" : 22
        },
        {
          "moonPhase" : "phase3",
          "signDate" : "2019-10-19T10:42+0000",
          "date" : "2019-10-20T16:19+0000",
          "timeZone" : 7,
          "sign" : "cancer",
          "moonPhaseDate" : "2019-10-13T21:08+0000",
          "age" : 23
        },
        {
          "moonPhase" : "phase4",
          "signDate" : "2019-10-19T10:42+0000",
          "date" : "2019-10-21T17:15+0000",
          "timeZone" : 7,
          "sign" : "leo",
          "moonPhaseDate" : "2019-10-21T12:39+0000",
          "age" : 24
        },
        {
          "moonPhase" : "phase4",
          "signDate" : "2019-10-19T10:42+0000",
          "date" : "2019-10-22T18:11+0000",
          "timeZone" : 7,
          "sign" : "leo",
          "moonPhaseDate" : "2019-10-21T12:39+0000",
          "age" : 25
        },
        {
          "moonPhase" : "phase4",
          "date" : "2019-10-23T19:05+0000",
          "signDate" : "2019-10-23T19:30+0000",
          "timeZone" : 7,
          "sign" : "virgo",
          "moonPhaseDate" : "2019-10-21T12:39+0000",
          "age" : 26
        },
        {
          "moonPhase" : "phase4",
          "date" : "2019-10-24T19:57+0000",
          "signDate" : "2019-10-23T19:30+0000",
          "timeZone" : 7,
          "sign" : "virgo",
          "moonPhaseDate" : "2019-10-21T12:39+0000",
          "age" : 27
        },
        {
          "moonPhase" : "phase4",
          "date" : "2019-10-25T20:48+0000",
          "signDate" : "2019-10-25T20:20+0000",
          "timeZone" : 7,
          "sign" : "libra",
          "moonPhaseDate" : "2019-10-21T12:39+0000",
          "age" : 28
        },
        {
          "moonPhase" : "phase4",
          "date" : "2019-10-26T21:38+0000",
          "signDate" : "2019-10-25T20:20+0000",
          "timeZone" : 7,
          "sign" : "libra",
          "moonPhaseDate" : "2019-10-21T12:39+0000",
          "age" : 29
        },
        {
          "moonPhase" : "newMoon",
          "signDate" : "2019-10-27T20:31+0000",
          "date" : "2019-10-27T22:29+0000",
          "timeZone" : 7,
          "sign" : "scorpio",
          "moonPhaseDate" : "2019-10-28T03:38+0000",
          "age" : 30
        },
        {
          "moonPhase" : "newMoon",
          "signDate" : "2019-10-27T20:31+0000",
          "date" : "2019-10-28T03:38+0000",
          "timeZone" : 7,
          "sign" : "scorpio",
          "moonPhaseDate" : "2019-10-28T03:38+0000",
          "age" : 1
        },
        {
          "moonPhase" : "phase1",
          "date" : "2019-10-28T23:20+0000",
          "signDate" : "2019-10-27T20:31+0000",
          "timeZone" : 7,
          "sign" : "scorpio",
          "moonPhaseDate" : "2019-10-28T03:38+0000",
          "age" : 2
        },
        {
          "moonPhase" : "phase1",
          "date" : "2019-10-30T00:12+0000",
          "signDate" : "2019-10-29T22:00+0000",
          "timeZone" : 7,
          "sign" : "sagittarius",
          "moonPhaseDate" : "2019-10-28T03:38+0000",
          "age" : 3
        },
        {
          "moonPhase" : "phase1",
          "date" : "2019-10-31T01:06+0000",
          "signDate" : "2019-10-29T22:00+0000",
          "timeZone" : 7,
          "sign" : "sagittarius",
          "moonPhaseDate" : "2019-10-28T03:38+0000",
          "age" : 4
        },
        {
          "moonPhase" : "phase1",
          "date" : "2019-11-01T02:01+0000",
          "signDate" : "2019-11-01T02:38+0000",
          "timeZone" : 7,
          "sign" : "capricorn",
          "moonPhaseDate" : null,
          "age" : 5
        },
        {
          "moonPhase" : "phase1",
          "signDate" : "2019-11-01T02:38+0000",
          "date" : "2019-11-02T02:55+0000",
          "timeZone" : 7,
          "sign" : "capricorn",
          "moonPhaseDate" : null,
          "age" : 6
        },
        {
          "moonPhase" : "phase1",
          "signDate" : "2019-11-03T11:21+0000",
          "date" : "2019-11-03T03:48+0000",
          "timeZone" : 7,
          "sign" : "aquarius",
          "moonPhaseDate" : null,
          "age" : 7
        },
        {
          "moonPhase" : "phase2",
          "date" : "2019-11-04T04:39+0000",
          "signDate" : "2019-11-03T11:21+0000",
          "timeZone" : 7,
          "sign" : "aquarius",
          "moonPhaseDate" : "2019-11-04T10:23+0000",
          "age" : 8
        },
        {
          "moonPhase" : "phase2",
          "signDate" : "2019-11-03T11:21+0000",
          "date" : "2019-11-05T05:27+0000",
          "timeZone" : 7,
          "sign" : "aquarius",
          "moonPhaseDate" : "2019-11-04T10:23+0000",
          "age" : 9
        },
        {
          "moonPhase" : "phase2",
          "signDate" : "2019-11-05T23:11+0000",
          "date" : "2019-11-06T06:14+0000",
          "timeZone" : 7,
          "sign" : "pisces",
          "moonPhaseDate" : "2019-11-04T10:23+0000",
          "age" : 10
        },
        {
          "moonPhase" : "phase2",
          "signDate" : "2019-11-05T23:11+0000",
          "date" : "2019-11-07T06:58+0000",
          "timeZone" : 7,
          "sign" : "pisces",
          "moonPhaseDate" : "2019-11-04T10:23+0000",
          "age" : 11
        },
        {
          "moonPhase" : "phase2",
          "date" : "2019-11-08T07:42+0000",
          "signDate" : "2019-11-08T11:50+0000",
          "timeZone" : 7,
          "sign" : "aries",
          "moonPhaseDate" : "2019-11-04T10:23+0000",
          "age" : 12
        },
        {
          "moonPhase" : "phase2",
          "date" : "2019-11-09T08:25+0000",
          "signDate" : "2019-11-08T11:50+0000",
          "timeZone" : 7,
          "sign" : "aries",
          "moonPhaseDate" : "2019-11-04T10:23+0000",
          "age" : 13
        },
        {
          "moonPhase" : "phase2",
          "date" : "2019-11-10T09:09+0000",
          "signDate" : "2019-11-08T11:50+0000",
          "timeZone" : 7,
          "sign" : "aries",
          "moonPhaseDate" : "2019-11-04T10:23+0000",
          "age" : 14
        },
        {
          "moonPhase" : "phase2",
          "date" : "2019-11-11T09:54+0000",
          "signDate" : "2019-11-10T23:19+0000",
          "timeZone" : 7,
          "sign" : "taurus",
          "moonPhaseDate" : "2019-11-04T10:23+0000",
          "age" : 15
        },
        {
          "moonPhase" : "fullMoon",
          "signDate" : "2019-11-10T23:19+0000",
          "date" : "2019-11-12T10:42+0000",
          "timeZone" : 7,
          "sign" : "taurus",
          "moonPhaseDate" : "2019-11-12T13:35+0000",
          "age" : 16
        },
        {
          "moonPhase" : "phase3",
          "date" : "2019-11-13T11:31+0000",
          "signDate" : "2019-11-13T08:45+0000",
          "timeZone" : 7,
          "sign" : "gemini",
          "moonPhaseDate" : "2019-11-12T13:35+0000",
          "age" : 17
        },
        {
          "moonPhase" : "phase3",
          "signDate" : "2019-11-13T08:45+0000",
          "date" : "2019-11-14T12:24+0000",
          "timeZone" : 7,
          "sign" : "gemini",
          "moonPhaseDate" : "2019-11-12T13:35+0000",
          "age" : 18
        },
        {
          "moonPhase" : "phase3",
          "date" : "2019-11-15T13:19+0000",
          "signDate" : "2019-11-15T16:12+0000",
          "timeZone" : 7,
          "sign" : "cancer",
          "moonPhaseDate" : "2019-11-12T13:35+0000",
          "age" : 19
        },
        {
          "moonPhase" : "phase3",
          "date" : "2019-11-16T14:15+0000",
          "signDate" : "2019-11-15T16:12+0000",
          "timeZone" : 7,
          "sign" : "cancer",
          "moonPhaseDate" : "2019-11-12T13:35+0000",
          "age" : 20
        },
        {
          "moonPhase" : "phase3",
          "date" : "2019-11-17T15:11+0000",
          "signDate" : "2019-11-15T16:12+0000",
          "timeZone" : 7,
          "sign" : "cancer",
          "moonPhaseDate" : "2019-11-12T13:35+0000",
          "age" : 21
        },
        {
          "moonPhase" : "phase3",
          "signDate" : "2019-11-17T21:54+0000",
          "date" : "2019-11-18T16:07+0000",
          "timeZone" : 7,
          "sign" : "leo",
          "moonPhaseDate" : "2019-11-12T13:35+0000",
          "age" : 22
        },
        {
          "moonPhase" : "phase3",
          "date" : "2019-11-19T17:00+0000",
          "signDate" : "2019-11-17T21:54+0000",
          "timeZone" : 7,
          "sign" : "leo",
          "moonPhaseDate" : "2019-11-12T13:35+0000",
          "age" : 23
        },
        {
          "moonPhase" : "phase4",
          "date" : "2019-11-20T17:51+0000",
          "signDate" : "2019-11-17T21:54+0000",
          "timeZone" : 7,
          "sign" : "virgo",
          "moonPhaseDate" : "2019-11-19T21:11+0000",
          "age" : 24
        },
        {
          "moonPhase" : "phase4",
          "date" : "2019-11-21T18:41+0000",
          "signDate" : "2019-11-22T04:22+0000",
          "timeZone" : 7,
          "sign" : "libra",
          "moonPhaseDate" : "2019-11-19T21:11+0000",
          "age" : 25
        },
        {
          "moonPhase" : "phase4",
          "date" : "2019-11-22T19:29+0000",
          "signDate" : "2019-11-22T04:22+0000",
          "timeZone" : 7,
          "sign" : "libra",
          "moonPhaseDate" : "2019-11-19T21:11+0000",
          "age" : 26
        },
        {
          "moonPhase" : "phase4",
          "signDate" : "2019-11-24T06:01+0000",
          "date" : "2019-11-23T20:17+0000",
          "timeZone" : 7,
          "sign" : "scorpio",
          "moonPhaseDate" : "2019-11-19T21:11+0000",
          "age" : 27
        },
        {
          "moonPhase" : "phase4",
          "signDate" : "2019-11-24T06:01+0000",
          "date" : "2019-11-24T21:07+0000",
          "timeZone" : 7,
          "sign" : "scorpio",
          "moonPhaseDate" : "2019-11-19T21:11+0000",
          "age" : 28
        },
        {
          "moonPhase" : "newMoon",
          "date" : "2019-11-25T21:58+0000",
          "signDate" : "2019-11-26T08:12+0000",
          "timeZone" : 7,
          "sign" : "sagittarius",
          "moonPhaseDate" : "2019-11-26T15:06+0000",
          "age" : 29
        },
        {
          "moonPhase" : "newMoon",
          "signDate" : "2019-11-26T08:12+0000",
          "date" : "2019-11-26T15:06+0000",
          "timeZone" : 7,
          "sign" : "sagittarius",
          "moonPhaseDate" : "2019-11-26T15:06+0000",
          "age" : 1
        },
        {
          "moonPhase" : "phase1",
          "date" : "2019-11-26T22:51+0000",
          "signDate" : "2019-11-26T08:12+0000",
          "timeZone" : 7,
          "sign" : "sagittarius",
          "moonPhaseDate" : "2019-11-26T15:06+0000",
          "age" : 2
        },
        {
          "moonPhase" : "phase1",
          "date" : "2019-11-27T23:46+0000",
          "signDate" : "2019-11-28T12:32+0000",
          "timeZone" : 7,
          "sign" : "capricorn",
          "moonPhaseDate" : "2019-11-26T15:06+0000",
          "age" : 3
        },
        {
          "moonPhase" : "phase1",
          "signDate" : "2019-11-28T12:32+0000",
          "date" : "2019-11-29T00:41+0000",
          "timeZone" : 7,
          "sign" : "capricorn",
          "moonPhaseDate" : "2019-11-26T15:06+0000",
          "age" : 4
        },
        {
          "moonPhase" : "phase1",
          "signDate" : "2019-11-28T12:32+0000",
          "date" : "2019-11-30T01:36+0000",
          "timeZone" : 7,
          "sign" : "capricorn",
          "moonPhaseDate" : "2019-11-26T15:06+0000",
          "age" : 5
        },
        {
          "moonPhase" : "phase1",
          "signDate" : "2019-11-30T20:15+0000",
          "date" : "2019-12-01T02:29+0000",
          "timeZone" : 7,
          "sign" : "aquarius",
          "moonPhaseDate" : null,
          "age" : 6
        },
        {
          "moonPhase" : "phase1",
          "signDate" : "2019-11-30T20:15+0000",
          "date" : "2019-12-02T03:19+0000",
          "timeZone" : 7,
          "sign" : "aquarius",
          "moonPhaseDate" : null,
          "age" : 7
        },
        {
          "moonPhase" : "phase1",
          "signDate" : "2019-12-03T07:14+0000",
          "date" : "2019-12-03T04:07+0000",
          "timeZone" : 7,
          "sign" : "pisces",
          "moonPhaseDate" : null,
          "age" : 8
        },
        {
          "moonPhase" : "phase2",
          "date" : "2019-12-04T04:53+0000",
          "signDate" : "2019-12-03T07:14+0000",
          "timeZone" : 7,
          "sign" : "pisces",
          "moonPhaseDate" : "2019-12-04T06:58+0000",
          "age" : 9
        },
        {
          "moonPhase" : "phase2",
          "signDate" : "2019-12-03T07:14+0000",
          "date" : "2019-12-05T05:37+0000",
          "timeZone" : 7,
          "sign" : "pisces",
          "moonPhaseDate" : "2019-12-04T06:58+0000",
          "age" : 10
        },
        {
          "moonPhase" : "phase2",
          "signDate" : "2019-12-05T19:46+0000",
          "date" : "2019-12-06T06:20+0000",
          "timeZone" : 7,
          "sign" : "aries",
          "moonPhaseDate" : "2019-12-04T06:58+0000",
          "age" : 11
        },
        {
          "moonPhase" : "phase2",
          "date" : "2019-12-07T07:03+0000",
          "signDate" : "2019-12-05T19:46+0000",
          "timeZone" : 7,
          "sign" : "aries",
          "moonPhaseDate" : "2019-12-04T06:58+0000",
          "age" : 12
        },
        {
          "moonPhase" : "phase2",
          "signDate" : "2019-12-08T07:31+0000",
          "date" : "2019-12-08T07:48+0000",
          "timeZone" : 7,
          "sign" : "taurus",
          "moonPhaseDate" : "2019-12-04T06:58+0000",
          "age" : 13
        },
        {
          "moonPhase" : "phase2",
          "date" : "2019-12-09T08:33+0000",
          "signDate" : "2019-12-08T07:31+0000",
          "timeZone" : 7,
          "sign" : "taurus",
          "moonPhaseDate" : "2019-12-04T06:58+0000",
          "age" : 14
        },
        {
          "moonPhase" : "phase2",
          "date" : "2019-12-10T09:23+0000",
          "signDate" : "2019-12-10T16:49+0000",
          "timeZone" : 7,
          "sign" : "gemini",
          "moonPhaseDate" : "2019-12-04T06:58+0000",
          "age" : 15
        },
        {
          "moonPhase" : "phase2",
          "date" : "2019-12-11T10:15+0000",
          "signDate" : "2019-12-10T16:49+0000",
          "timeZone" : 7,
          "sign" : "gemini",
          "moonPhaseDate" : "2019-12-04T06:58+0000",
          "age" : 16
        },
        {
          "moonPhase" : "fullMoon",
          "date" : "2019-12-12T11:10+0000",
          "signDate" : "2019-12-10T16:49+0000",
          "timeZone" : 7,
          "sign" : "gemini",
          "moonPhaseDate" : "2019-12-12T05:12+0000",
          "age" : 17
        },
        {
          "moonPhase" : "phase3",
          "signDate" : "2019-12-12T23:24+0000",
          "date" : "2019-12-13T12:07+0000",
          "timeZone" : 7,
          "sign" : "cancer",
          "moonPhaseDate" : "2019-12-12T05:12+0000",
          "age" : 18
        },
        {
          "moonPhase" : "phase3",
          "date" : "2019-12-14T13:05+0000",
          "signDate" : "2019-12-12T23:24+0000",
          "timeZone" : 7,
          "sign" : "cancer",
          "moonPhaseDate" : "2019-12-12T05:12+0000",
          "age" : 19
        },
        {
          "moonPhase" : "phase3",
          "date" : "2019-12-15T14:02+0000",
          "signDate" : "2019-12-15T03:53+0000",
          "timeZone" : 7,
          "sign" : "leo",
          "moonPhaseDate" : "2019-12-12T05:12+0000",
          "age" : 20
        },
        {
          "moonPhase" : "phase3",
          "date" : "2019-12-16T14:57+0000",
          "signDate" : "2019-12-15T03:53+0000",
          "timeZone" : 7,
          "sign" : "leo",
          "moonPhaseDate" : "2019-12-12T05:12+0000",
          "age" : 21
        },
        {
          "moonPhase" : "phase3",
          "date" : "2019-12-17T15:49+0000",
          "signDate" : "2019-12-17T07:13+0000",
          "timeZone" : 7,
          "sign" : "virgo",
          "moonPhaseDate" : "2019-12-12T05:12+0000",
          "age" : 22
        },
        {
          "moonPhase" : "phase3",
          "signDate" : "2019-12-17T07:13+0000",
          "date" : "2019-12-18T16:39+0000",
          "timeZone" : 7,
          "sign" : "virgo",
          "moonPhaseDate" : "2019-12-12T05:12+0000",
          "age" : 23
        },
        {
          "moonPhase" : "phase4",
          "signDate" : "2019-12-17T07:13+0000",
          "date" : "2019-12-19T17:26+0000",
          "timeZone" : 7,
          "sign" : "libra",
          "moonPhaseDate" : "2019-12-19T04:57+0000",
          "age" : 24
        },
        {
          "moonPhase" : "phase4",
          "signDate" : "2019-12-21T13:01+0000",
          "date" : "2019-12-20T18:13+0000",
          "timeZone" : 7,
          "sign" : "scorpio",
          "moonPhaseDate" : "2019-12-19T04:57+0000",
          "age" : 25
        },
        {
          "moonPhase" : "phase4",
          "date" : "2019-12-21T19:01+0000",
          "signDate" : "2019-12-21T13:01+0000",
          "timeZone" : 7,
          "sign" : "scorpio",
          "moonPhaseDate" : "2019-12-19T04:57+0000",
          "age" : 26
        },
        {
          "moonPhase" : "phase4",
          "date" : "2019-12-22T19:50+0000",
          "signDate" : "2019-12-23T16:37+0000",
          "timeZone" : 7,
          "sign" : "sagittarius",
          "moonPhaseDate" : "2019-12-19T04:57+0000",
          "age" : 27
        },
        {
          "moonPhase" : "phase4",
          "date" : "2019-12-23T20:40+0000",
          "signDate" : "2019-12-23T16:37+0000",
          "timeZone" : 7,
          "sign" : "sagittarius",
          "moonPhaseDate" : "2019-12-19T04:57+0000",
          "age" : 28
        },
        {
          "moonPhase" : "phase4",
          "date" : "2019-12-24T21:33+0000",
          "signDate" : "2019-12-23T16:37+0000",
          "timeZone" : 7,
          "sign" : "sagittarius",
          "moonPhaseDate" : "2019-12-19T04:57+0000",
          "age" : 29
        },
        {
          "moonPhase" : "newMoon",
          "date" : "2019-12-25T22:28+0000",
          "signDate" : "2019-12-25T21:46+0000",
          "timeZone" : 7,
          "sign" : "capricorn",
          "moonPhaseDate" : "2019-12-26T05:13+0000",
          "age" : 30
        },
        {
          "moonPhase" : "newMoon",
          "date" : "2019-12-26T05:13+0000",
          "signDate" : "2019-12-25T21:46+0000",
          "timeZone" : 7,
          "sign" : "capricorn",
          "moonPhaseDate" : "2019-12-26T05:13+0000",
          "age" : 1
        },
        {
          "moonPhase" : "phase1",
          "date" : "2019-12-26T23:23+0000",
          "signDate" : "2019-12-25T21:46+0000",
          "timeZone" : 7,
          "sign" : "capricorn",
          "moonPhaseDate" : "2019-12-26T05:13+0000",
          "age" : 2
        },
        {
          "moonPhase" : "phase1",
          "date" : "2019-12-28T00:17+0000",
          "signDate" : "2019-12-28T05:21+0000",
          "timeZone" : 7,
          "sign" : "aquarius",
          "moonPhaseDate" : "2019-12-26T05:13+0000",
          "age" : 3
        },
        {
          "moonPhase" : "phase1",
          "date" : "2019-12-29T01:09+0000",
          "signDate" : "2019-12-28T05:21+0000",
          "timeZone" : 7,
          "sign" : "aquarius",
          "moonPhaseDate" : "2019-12-26T05:13+0000",
          "age" : 4
        },
        {
          "moonPhase" : "phase1",
          "signDate" : "2019-12-30T15:43+0000",
          "date" : "2019-12-30T01:59+0000",
          "timeZone" : 7,
          "sign" : "pisces",
          "moonPhaseDate" : "2019-12-26T05:13+0000",
          "age" : 5
        },
        {
          "moonPhase" : "phase1",
          "date" : "2019-12-31T02:46+0000",
          "signDate" : "2019-12-30T15:43+0000",
          "timeZone" : 7,
          "sign" : "pisces",
          "moonPhaseDate" : "2019-12-26T05:13+0000",
          "age" : 6
        },
        {
          "moonPhase" : "phase1",
          "signDate" : "2019-12-30T15:43+0000",
          "date" : "2020-01-01T03:31+0000",
          "timeZone" : 7,
          "sign" : "pisces",
          "moonPhaseDate" : null,
          "age" : 7
        },
        {
          "moonPhase" : "phase1",
          "date" : "2020-01-02T04:14+0000",
          "signDate" : "2020-01-02T04:01+0000",
          "timeZone" : 7,
          "sign" : "aries",
          "moonPhaseDate" : null,
          "age" : 8
        },
        {
          "moonPhase" : "phase2",
          "signDate" : "2020-01-02T04:01+0000",
          "date" : "2020-01-03T04:57+0000",
          "timeZone" : 7,
          "sign" : "aries",
          "moonPhaseDate" : "2020-01-03T04:45+0000",
          "age" : 9
        },
        {
          "moonPhase" : "phase2",
          "signDate" : "2020-01-04T16:15+0000",
          "date" : "2020-01-04T05:41+0000",
          "timeZone" : 7,
          "sign" : "taurus",
          "moonPhaseDate" : "2020-01-03T04:45+0000",
          "age" : 10
        },
        {
          "moonPhase" : "phase2",
          "date" : "2020-01-05T06:25+0000",
          "signDate" : "2020-01-04T16:15+0000",
          "timeZone" : 7,
          "sign" : "taurus",
          "moonPhaseDate" : "2020-01-03T04:45+0000",
          "age" : 11
        },
        {
          "moonPhase" : "phase2",
          "signDate" : "2020-01-04T16:15+0000",
          "date" : "2020-01-06T07:12+0000",
          "timeZone" : 7,
          "sign" : "taurus",
          "moonPhaseDate" : "2020-01-03T04:45+0000",
          "age" : 12
        },
        {
          "moonPhase" : "phase2",
          "date" : "2020-01-07T08:02+0000",
          "signDate" : "2020-01-07T02:13+0000",
          "timeZone" : 7,
          "sign" : "gemini",
          "moonPhaseDate" : "2020-01-03T04:45+0000",
          "age" : 13
        },
        {
          "moonPhase" : "phase2",
          "date" : "2020-01-08T08:56+0000",
          "signDate" : "2020-01-07T02:13+0000",
          "timeZone" : 7,
          "sign" : "gemini",
          "moonPhaseDate" : "2020-01-03T04:45+0000",
          "age" : 14
        },
        {
          "moonPhase" : "phase2",
          "date" : "2020-01-09T09:52+0000",
          "signDate" : "2020-01-09T08:45+0000",
          "timeZone" : 7,
          "sign" : "cancer",
          "moonPhaseDate" : "2020-01-03T04:45+0000",
          "age" : 15
        },
        {
          "moonPhase" : "phase2",
          "signDate" : "2020-01-09T08:45+0000",
          "date" : "2020-01-10T10:51+0000",
          "timeZone" : 7,
          "sign" : "cancer",
          "moonPhaseDate" : "2020-01-03T04:45+0000",
          "age" : 16
        },
        {
          "moonPhase" : "fullMoon",
          "date" : "2020-01-11T11:50+0000",
          "signDate" : "2020-01-11T12:16+0000",
          "timeZone" : 7,
          "sign" : "leo",
          "moonPhaseDate" : "2020-01-10T19:21+0000",
          "age" : 17
        },
        {
          "moonPhase" : "phase3",
          "signDate" : "2020-01-11T12:16+0000",
          "date" : "2020-01-12T12:48+0000",
          "timeZone" : 7,
          "sign" : "leo",
          "moonPhaseDate" : "2020-01-10T19:21+0000",
          "age" : 18
        },
        {
          "moonPhase" : "phase3",
          "date" : "2020-01-13T13:42+0000",
          "signDate" : "2020-01-13T14:05+0000",
          "timeZone" : 7,
          "sign" : "virgo",
          "moonPhaseDate" : "2020-01-10T19:21+0000",
          "age" : 19
        },
        {
          "moonPhase" : "phase3",
          "signDate" : "2020-01-13T14:05+0000",
          "date" : "2020-01-14T14:35+0000",
          "timeZone" : 7,
          "sign" : "virgo",
          "moonPhaseDate" : "2020-01-10T19:21+0000",
          "age" : 20
        },
        {
          "moonPhase" : "phase3",
          "date" : "2020-01-15T15:24+0000",
          "signDate" : "2020-01-15T15:42+0000",
          "timeZone" : 7,
          "sign" : "libra",
          "moonPhaseDate" : "2020-01-10T19:21+0000",
          "age" : 21
        },
        {
          "moonPhase" : "phase3",
          "signDate" : "2020-01-15T15:42+0000",
          "date" : "2020-01-16T16:12+0000",
          "timeZone" : 7,
          "sign" : "libra",
          "moonPhaseDate" : "2020-01-10T19:21+0000",
          "age" : 22
        },
        {
          "moonPhase" : "phase4",
          "date" : "2020-01-17T16:59+0000",
          "signDate" : "2020-01-15T15:42+0000",
          "timeZone" : 7,
          "sign" : "libra",
          "moonPhaseDate" : "2020-01-17T12:58+0000",
          "age" : 23
        },
        {
          "moonPhase" : "phase4",
          "date" : "2020-01-18T17:47+0000",
          "signDate" : "2020-01-15T15:42+0000",
          "timeZone" : 7,
          "sign" : "scorpio",
          "moonPhaseDate" : "2020-01-17T12:58+0000",
          "age" : 24
        },
        {
          "moonPhase" : "phase4",
          "signDate" : "2020-01-19T22:43+0000",
          "date" : "2020-01-19T18:36+0000",
          "timeZone" : 7,
          "sign" : "sagittarius",
          "moonPhaseDate" : "2020-01-17T12:58+0000",
          "age" : 25
        },
        {
          "moonPhase" : "phase4",
          "date" : "2020-01-20T19:27+0000",
          "signDate" : "2020-01-19T22:43+0000",
          "timeZone" : 7,
          "sign" : "sagittarius",
          "moonPhaseDate" : "2020-01-17T12:58+0000",
          "age" : 26
        },
        {
          "moonPhase" : "phase4",
          "signDate" : "2020-01-22T05:02+0000",
          "date" : "2020-01-21T20:20+0000",
          "timeZone" : 7,
          "sign" : "capricorn",
          "moonPhaseDate" : "2020-01-17T12:58+0000",
          "age" : 27
        },
        {
          "moonPhase" : "phase4",
          "signDate" : "2020-01-22T05:02+0000",
          "date" : "2020-01-22T21:13+0000",
          "timeZone" : 7,
          "sign" : "capricorn",
          "moonPhaseDate" : "2020-01-17T12:58+0000",
          "age" : 28
        },
        {
          "moonPhase" : "phase4",
          "date" : "2020-01-23T22:07+0000",
          "signDate" : "2020-01-24T13:22+0000",
          "timeZone" : 7,
          "sign" : "aquarius",
          "moonPhaseDate" : "2020-01-17T12:58+0000",
          "age" : 29
        },
        {
          "moonPhase" : "newMoon",
          "date" : "2020-01-24T21:42+0000",
          "signDate" : "2020-01-24T13:22+0000",
          "timeZone" : 7,
          "sign" : "aquarius",
          "moonPhaseDate" : "2020-01-24T21:42+0000",
          "age" : 1
        },
        {
          "moonPhase" : "newMoon",
          "signDate" : "2020-01-24T13:22+0000",
          "date" : "2020-01-24T23:00+0000",
          "timeZone" : 7,
          "sign" : "aquarius",
          "moonPhaseDate" : "2020-01-24T21:42+0000",
          "age" : 2
        },
        {
          "moonPhase" : "phase1",
          "signDate" : "2020-01-24T13:22+0000",
          "date" : "2020-01-25T23:51+0000",
          "timeZone" : 7,
          "sign" : "aquarius",
          "moonPhaseDate" : "2020-01-24T21:42+0000",
          "age" : 3
        },
        {
          "moonPhase" : "phase1",
          "date" : "2020-01-27T00:39+0000",
          "signDate" : "2020-01-26T23:45+0000",
          "timeZone" : 7,
          "sign" : "pisces",
          "moonPhaseDate" : "2020-01-24T21:42+0000",
          "age" : 4
        },
        {
          "moonPhase" : "phase1",
          "date" : "2020-01-28T01:25+0000",
          "signDate" : "2020-01-26T23:45+0000",
          "timeZone" : 7,
          "sign" : "pisces",
          "moonPhaseDate" : "2020-01-24T21:42+0000",
          "age" : 5
        },
        {
          "moonPhase" : "phase1",
          "signDate" : "2020-01-29T11:51+0000",
          "date" : "2020-01-29T02:09+0000",
          "timeZone" : 7,
          "sign" : "aries",
          "moonPhaseDate" : "2020-01-24T21:42+0000",
          "age" : 6
        },
        {
          "moonPhase" : "phase1",
          "date" : "2020-01-30T02:52+0000",
          "signDate" : "2020-01-29T11:51+0000",
          "timeZone" : 7,
          "sign" : "aries",
          "moonPhaseDate" : "2020-01-24T21:42+0000",
          "age" : 7
        },
        {
          "moonPhase" : "phase1",
          "date" : "2020-01-31T03:35+0000",
          "signDate" : "2020-01-29T11:51+0000",
          "timeZone" : 7,
          "sign" : "aries",
          "moonPhaseDate" : "2020-01-24T21:42+0000",
          "age" : 8
        },
        {
          "moonPhase" : "phase1",
          "signDate" : "2020-01-29T11:51+0000",
          "date" : "2020-01-31T03:35+0000",
          "timeZone" : 7,
          "sign" : "aries",
          "moonPhaseDate" : "2020-01-24T21:42+0000",
          "age" : 8
        }
      ],
      "timeZone" : 7,
      "cityName" : "Джакарта"
    }
  ]
}