{
  "cities" : [
    {
      "timeZone" : 3,
      "moonDays" : [
        {
          "signDate" : "2019-05-01T10:23+0000",
          "moonPhase" : null,
          "age" : 26,
          "sign" : "aries",
          "date" : "2019-05-01T01:10+0000",
          "moonPhaseDate" : null,
          "timeZone" : 3
        },
        {
          "signDate" : "2019-05-01T10:23+0000",
          "age" : 27,
          "moonPhase" : null,
          "sign" : "aries",
          "date" : "2019-05-02T01:40+0000",
          "moonPhaseDate" : null,
          "timeZone" : 3
        },
        {
          "signDate" : "2019-05-03T20:21+0000",
          "age" : 28,
          "moonPhase" : null,
          "sign" : "taurus",
          "date" : "2019-05-03T02:11+0000",
          "moonPhaseDate" : null,
          "timeZone" : 3
        },
        {
          "signDate" : "2019-05-03T20:21+0000",
          "age" : 29,
          "moonPhase" : null,
          "sign" : "taurus",
          "date" : "2019-05-04T02:44+0000",
          "moonPhaseDate" : null,
          "timeZone" : 3
        },
        {
          "signDate" : "2019-05-03T20:21+0000",
          "age" : 1,
          "moonPhase" : "newMoon",
          "sign" : "taurus",
          "date" : "2019-05-04T22:45+0000",
          "moonPhaseDate" : "2019-05-04T22:45+0000",
          "timeZone" : 3
        },
        {
          "signDate" : "2019-05-03T20:21+0000",
          "age" : 2,
          "moonPhase" : "newMoon",
          "sign" : "taurus",
          "date" : "2019-05-05T03:19+0000",
          "moonPhaseDate" : "2019-05-04T22:45+0000",
          "timeZone" : 3
        },
        {
          "signDate" : "2019-05-06T03:42+0000",
          "age" : 3,
          "moonPhase" : "phase1",
          "sign" : "gemini",
          "date" : "2019-05-06T03:58+0000",
          "moonPhaseDate" : "2019-05-04T22:45+0000",
          "timeZone" : 3
        },
        {
          "signDate" : "2019-05-06T03:42+0000",
          "moonPhase" : "phase1",
          "age" : 4,
          "sign" : "gemini",
          "date" : "2019-05-07T04:41+0000",
          "moonPhaseDate" : "2019-05-04T22:45+0000",
          "timeZone" : 3
        },
        {
          "signDate" : "2019-05-08T09:05+0000",
          "age" : 5,
          "moonPhase" : "phase1",
          "sign" : "cancer",
          "date" : "2019-05-08T05:31+0000",
          "moonPhaseDate" : "2019-05-04T22:45+0000",
          "timeZone" : 3
        },
        {
          "signDate" : "2019-05-08T09:05+0000",
          "age" : 6,
          "moonPhase" : "phase1",
          "sign" : "cancer",
          "date" : "2019-05-09T06:26+0000",
          "moonPhaseDate" : "2019-05-04T22:45+0000",
          "timeZone" : 3
        },
        {
          "signDate" : "2019-05-10T13:12+0000",
          "age" : 7,
          "moonPhase" : "phase1",
          "sign" : "leo",
          "date" : "2019-05-10T07:27+0000",
          "moonPhaseDate" : "2019-05-04T22:45+0000",
          "timeZone" : 3
        },
        {
          "signDate" : "2019-05-10T13:12+0000",
          "moonPhase" : "phase1",
          "age" : 8,
          "sign" : "leo",
          "date" : "2019-05-11T08:31+0000",
          "moonPhaseDate" : "2019-05-04T22:45+0000",
          "timeZone" : 3
        },
        {
          "signDate" : "2019-05-12T16:23+0000",
          "moonPhase" : "phase2",
          "age" : 9,
          "sign" : "virgo",
          "date" : "2019-05-12T09:37+0000",
          "moonPhaseDate" : "2019-05-12T01:12+0000",
          "timeZone" : 3
        },
        {
          "signDate" : "2019-05-12T16:23+0000",
          "moonPhase" : "phase2",
          "age" : 10,
          "sign" : "virgo",
          "date" : "2019-05-13T10:43+0000",
          "moonPhaseDate" : "2019-05-12T01:12+0000",
          "timeZone" : 3
        },
        {
          "signDate" : "2019-05-14T18:53+0000",
          "moonPhase" : "phase2",
          "age" : 11,
          "sign" : "libra",
          "date" : "2019-05-14T11:49+0000",
          "moonPhaseDate" : "2019-05-12T01:12+0000",
          "timeZone" : 3
        },
        {
          "age" : 12,
          "moonPhase" : "phase2",
          "signDate" : "2019-05-14T18:53+0000",
          "sign" : "libra",
          "date" : "2019-05-15T12:54+0000",
          "moonPhaseDate" : "2019-05-12T01:12+0000",
          "timeZone" : 3
        },
        {
          "age" : 13,
          "moonPhase" : "phase2",
          "signDate" : "2019-05-14T18:53+0000",
          "sign" : "libra",
          "date" : "2019-05-16T13:59+0000",
          "moonPhaseDate" : "2019-05-12T01:12+0000",
          "timeZone" : 3
        },
        {
          "signDate" : "2019-05-16T21:25+0000",
          "age" : 14,
          "moonPhase" : "phase2",
          "sign" : "scorpio",
          "date" : "2019-05-17T15:03+0000",
          "moonPhaseDate" : "2019-05-12T01:12+0000",
          "timeZone" : 3
        },
        {
          "signDate" : "2019-05-16T21:25+0000",
          "moonPhase" : "phase2",
          "age" : 15,
          "sign" : "scorpio",
          "date" : "2019-05-18T16:07+0000",
          "moonPhaseDate" : "2019-05-12T01:12+0000",
          "timeZone" : 3
        },
        {
          "signDate" : "2019-05-19T01:19+0000",
          "age" : 16,
          "moonPhase" : "fullMoon",
          "sign" : "sagittarius",
          "date" : "2019-05-19T17:10+0000",
          "moonPhaseDate" : "2019-05-18T21:11+0000",
          "timeZone" : 3
        },
        {
          "age" : 17,
          "moonPhase" : "phase3",
          "signDate" : "2019-05-19T01:19+0000",
          "sign" : "sagittarius",
          "date" : "2019-05-20T18:10+0000",
          "moonPhaseDate" : "2019-05-18T21:11+0000",
          "timeZone" : 3
        },
        {
          "age" : 18,
          "moonPhase" : "phase3",
          "signDate" : "2019-05-21T07:56+0000",
          "sign" : "capricorn",
          "date" : "2019-05-21T19:07+0000",
          "moonPhaseDate" : "2019-05-18T21:11+0000",
          "timeZone" : 3
        },
        {
          "signDate" : "2019-05-21T07:56+0000",
          "age" : 19,
          "moonPhase" : "phase3",
          "sign" : "capricorn",
          "date" : "2019-05-22T19:59+0000",
          "moonPhaseDate" : "2019-05-18T21:11+0000",
          "timeZone" : 3
        },
        {
          "signDate" : "2019-05-23T17:51+0000",
          "age" : 20,
          "moonPhase" : "phase3",
          "sign" : "aquarius",
          "date" : "2019-05-23T20:46+0000",
          "moonPhaseDate" : "2019-05-18T21:11+0000",
          "timeZone" : 3
        },
        {
          "signDate" : "2019-05-23T17:51+0000",
          "age" : 21,
          "moonPhase" : "phase3",
          "sign" : "aquarius",
          "date" : "2019-05-24T21:27+0000",
          "moonPhaseDate" : "2019-05-18T21:11+0000",
          "timeZone" : 3
        },
        {
          "signDate" : "2019-05-26T06:07+0000",
          "moonPhase" : "phase4",
          "age" : 22,
          "sign" : "pisces",
          "date" : "2019-05-25T22:05+0000",
          "moonPhaseDate" : "2019-05-26T16:33+0000",
          "timeZone" : 3
        },
        {
          "signDate" : "2019-05-26T06:07+0000",
          "moonPhase" : "phase4",
          "age" : 23,
          "sign" : "pisces",
          "date" : "2019-05-26T22:38+0000",
          "moonPhaseDate" : "2019-05-26T16:33+0000",
          "timeZone" : 3
        },
        {
          "moonPhase" : "phase4",
          "age" : 24,
          "signDate" : "2019-05-28T18:29+0000",
          "sign" : "aries",
          "date" : "2019-05-27T23:10+0000",
          "moonPhaseDate" : "2019-05-26T16:33+0000",
          "timeZone" : 3
        },
        {
          "signDate" : "2019-05-28T18:29+0000",
          "moonPhase" : "phase4",
          "age" : 25,
          "sign" : "aries",
          "date" : "2019-05-28T23:41+0000",
          "moonPhaseDate" : "2019-05-26T16:33+0000",
          "timeZone" : 3
        },
        {
          "signDate" : "2019-05-28T18:29+0000",
          "moonPhase" : "phase4",
          "age" : 26,
          "sign" : "aries",
          "date" : "2019-05-30T00:11+0000",
          "moonPhaseDate" : "2019-05-26T16:33+0000",
          "timeZone" : 3
        },
        {
          "signDate" : "2019-05-31T04:44+0000",
          "moonPhase" : "phase4",
          "age" : 27,
          "sign" : "taurus",
          "date" : "2019-05-31T00:42+0000",
          "moonPhaseDate" : "2019-05-26T16:33+0000",
          "timeZone" : 3
        },
        {
          "signDate" : "2019-05-31T04:44+0000",
          "moonPhase" : "phase4",
          "age" : 28,
          "sign" : "taurus",
          "date" : "2019-06-01T01:15+0000",
          "moonPhaseDate" : null,
          "timeZone" : 3
        },
        {
          "age" : 29,
          "moonPhase" : "phase4",
          "signDate" : "2019-06-02T11:51+0000",
          "sign" : "gemini",
          "date" : "2019-06-02T01:53+0000",
          "moonPhaseDate" : null,
          "timeZone" : 3
        },
        {
          "signDate" : "2019-06-02T11:51+0000",
          "moonPhase" : "newMoon",
          "age" : 30,
          "sign" : "gemini",
          "date" : "2019-06-03T02:35+0000",
          "moonPhaseDate" : "2019-06-03T10:02+0000",
          "timeZone" : 3
        },
        {
          "signDate" : "2019-06-02T11:51+0000",
          "age" : 1,
          "moonPhase" : "newMoon",
          "sign" : "gemini",
          "date" : "2019-06-03T10:02+0000",
          "moonPhaseDate" : "2019-06-03T10:02+0000",
          "timeZone" : 3
        },
        {
          "signDate" : "2019-06-04T16:18+0000",
          "age" : 2,
          "moonPhase" : "phase1",
          "sign" : "cancer",
          "date" : "2019-06-04T03:23+0000",
          "moonPhaseDate" : "2019-06-03T10:02+0000",
          "timeZone" : 3
        },
        {
          "signDate" : "2019-06-04T16:18+0000",
          "moonPhase" : "phase1",
          "age" : 3,
          "sign" : "cancer",
          "date" : "2019-06-05T04:17+0000",
          "moonPhaseDate" : "2019-06-03T10:02+0000",
          "timeZone" : 3
        },
        {
          "signDate" : "2019-06-06T19:14+0000",
          "age" : 4,
          "moonPhase" : "phase1",
          "sign" : "leo",
          "date" : "2019-06-06T05:18+0000",
          "moonPhaseDate" : "2019-06-03T10:02+0000",
          "timeZone" : 3
        },
        {
          "signDate" : "2019-06-06T19:14+0000",
          "age" : 5,
          "moonPhase" : "phase1",
          "sign" : "leo",
          "date" : "2019-06-07T06:23+0000",
          "moonPhaseDate" : "2019-06-03T10:02+0000",
          "timeZone" : 3
        },
        {
          "signDate" : "2019-06-06T19:14+0000",
          "moonPhase" : "phase1",
          "age" : 6,
          "sign" : "leo",
          "date" : "2019-06-08T07:29+0000",
          "moonPhaseDate" : "2019-06-03T10:02+0000",
          "timeZone" : 3
        },
        {
          "signDate" : "2019-06-08T21:43+0000",
          "age" : 7,
          "moonPhase" : "phase1",
          "sign" : "virgo",
          "date" : "2019-06-09T08:36+0000",
          "moonPhaseDate" : "2019-06-03T10:02+0000",
          "timeZone" : 3
        },
        {
          "signDate" : "2019-06-08T21:43+0000",
          "moonPhase" : "phase2",
          "age" : 8,
          "sign" : "virgo",
          "date" : "2019-06-10T09:41+0000",
          "moonPhaseDate" : "2019-06-10T05:59+0000",
          "timeZone" : 3
        },
        {
          "moonPhase" : "phase2",
          "age" : 9,
          "signDate" : "2019-06-11T00:30+0000",
          "sign" : "libra",
          "date" : "2019-06-11T10:46+0000",
          "moonPhaseDate" : "2019-06-10T05:59+0000",
          "timeZone" : 3
        },
        {
          "signDate" : "2019-06-11T00:30+0000",
          "moonPhase" : "phase2",
          "age" : 10,
          "sign" : "libra",
          "date" : "2019-06-12T11:49+0000",
          "moonPhaseDate" : "2019-06-10T05:59+0000",
          "timeZone" : 3
        },
        {
          "signDate" : "2019-06-13T04:03+0000",
          "moonPhase" : "phase2",
          "age" : 11,
          "sign" : "scorpio",
          "date" : "2019-06-13T12:52+0000",
          "moonPhaseDate" : "2019-06-10T05:59+0000",
          "timeZone" : 3
        },
        {
          "signDate" : "2019-06-13T04:03+0000",
          "age" : 12,
          "moonPhase" : "phase2",
          "sign" : "scorpio",
          "date" : "2019-06-14T13:55+0000",
          "moonPhaseDate" : "2019-06-10T05:59+0000",
          "timeZone" : 3
        },
        {
          "signDate" : "2019-06-15T09:01+0000",
          "age" : 13,
          "moonPhase" : "phase2",
          "sign" : "sagittarius",
          "date" : "2019-06-15T14:57+0000",
          "moonPhaseDate" : "2019-06-10T05:59+0000",
          "timeZone" : 3
        },
        {
          "signDate" : "2019-06-15T09:01+0000",
          "age" : 14,
          "moonPhase" : "phase2",
          "sign" : "sagittarius",
          "date" : "2019-06-16T15:58+0000",
          "moonPhaseDate" : "2019-06-10T05:59+0000",
          "timeZone" : 3
        },
        {
          "signDate" : "2019-06-17T16:11+0000",
          "age" : 15,
          "moonPhase" : "fullMoon",
          "sign" : "capricorn",
          "date" : "2019-06-17T16:55+0000",
          "moonPhaseDate" : "2019-06-17T08:31+0000",
          "timeZone" : 3
        },
        {
          "signDate" : "2019-06-17T16:11+0000",
          "age" : 16,
          "moonPhase" : "phase3",
          "sign" : "capricorn",
          "date" : "2019-06-18T17:50+0000",
          "moonPhaseDate" : "2019-06-17T08:31+0000",
          "timeZone" : 3
        },
        {
          "date" : "2019-06-19T18:39+0000",
          "moonPhase" : "phase3",
          "sign" : "capricorn",
          "age" : 17,
          "moonPhaseDate" : "2019-06-17T08:31+0000",
          "timeZone" : 3,
          "signDate" : "2019-06-17T16:11+0000"
        },
        {
          "date" : "2019-06-20T19:23+0000",
          "moonPhase" : "phase3",
          "sign" : "aquarius",
          "age" : 18,
          "moonPhaseDate" : "2019-06-17T08:31+0000",
          "timeZone" : 3,
          "signDate" : "2019-06-20T02:01+0000"
        },
        {
          "date" : "2019-06-21T20:03+0000",
          "moonPhase" : "phase3",
          "sign" : "aquarius",
          "moonPhaseDate" : "2019-06-17T08:31+0000",
          "age" : 19,
          "timeZone" : 3,
          "signDate" : "2019-06-20T02:01+0000"
        },
        {
          "date" : "2019-06-22T20:38+0000",
          "moonPhase" : "phase3",
          "sign" : "pisces",
          "moonPhaseDate" : "2019-06-17T08:31+0000",
          "age" : 20,
          "timeZone" : 3,
          "signDate" : "2019-06-22T14:01+0000"
        },
        {
          "date" : "2019-06-23T21:10+0000",
          "moonPhase" : "phase3",
          "sign" : "pisces",
          "age" : 21,
          "moonPhaseDate" : "2019-06-17T08:31+0000",
          "timeZone" : 3,
          "signDate" : "2019-06-22T14:01+0000"
        },
        {
          "date" : "2019-06-24T21:41+0000",
          "moonPhase" : "phase4",
          "sign" : "aries",
          "moonPhaseDate" : "2019-06-25T09:46+0000",
          "age" : 22,
          "timeZone" : 3,
          "signDate" : "2019-06-25T02:34+0000"
        },
        {
          "moonPhase" : "phase4",
          "date" : "2019-06-25T22:11+0000",
          "sign" : "aries",
          "moonPhaseDate" : "2019-06-25T09:46+0000",
          "age" : 23,
          "timeZone" : 3,
          "signDate" : "2019-06-25T02:34+0000"
        },
        {
          "date" : "2019-06-26T22:41+0000",
          "moonPhase" : "phase4",
          "sign" : "taurus",
          "moonPhaseDate" : "2019-06-25T09:46+0000",
          "age" : 24,
          "timeZone" : 3,
          "signDate" : "2019-06-27T13:30+0000"
        },
        {
          "date" : "2019-06-27T23:13+0000",
          "moonPhase" : "phase4",
          "sign" : "taurus",
          "moonPhaseDate" : "2019-06-25T09:46+0000",
          "age" : 25,
          "timeZone" : 3,
          "signDate" : "2019-06-27T13:30+0000"
        },
        {
          "date" : "2019-06-28T23:48+0000",
          "moonPhase" : "phase4",
          "age" : 26,
          "moonPhaseDate" : "2019-06-25T09:46+0000",
          "sign" : "taurus",
          "timeZone" : 3,
          "signDate" : "2019-06-27T13:30+0000"
        },
        {
          "date" : "2019-06-30T00:27+0000",
          "moonPhase" : "phase4",
          "sign" : "gemini",
          "age" : 27,
          "moonPhaseDate" : "2019-06-25T09:46+0000",
          "timeZone" : 3,
          "signDate" : "2019-06-29T21:10+0000"
        },
        {
          "date" : "2019-07-01T01:12+0000",
          "moonPhase" : "phase4",
          "sign" : "gemini",
          "moonPhaseDate" : null,
          "age" : 28,
          "timeZone" : 3,
          "signDate" : "2019-06-29T21:10+0000"
        },
        {
          "date" : "2019-07-02T02:04+0000",
          "moonPhase" : "newMoon",
          "sign" : "cancer",
          "moonPhaseDate" : "2019-07-02T19:16+0000",
          "age" : 29,
          "timeZone" : 3,
          "signDate" : "2019-07-02T01:26+0000"
        },
        {
          "date" : "2019-07-02T19:16+0000",
          "moonPhase" : "newMoon",
          "sign" : "cancer",
          "age" : 1,
          "moonPhaseDate" : "2019-07-02T19:16+0000",
          "timeZone" : 3,
          "signDate" : "2019-07-02T01:26+0000"
        },
        {
          "date" : "2019-07-03T03:03+0000",
          "moonPhase" : "phase1",
          "sign" : "cancer",
          "moonPhaseDate" : "2019-07-02T19:16+0000",
          "age" : 2,
          "timeZone" : 3,
          "signDate" : "2019-07-02T01:26+0000"
        },
        {
          "date" : "2019-07-04T04:08+0000",
          "moonPhase" : "phase1",
          "sign" : "leo",
          "age" : 3,
          "moonPhaseDate" : "2019-07-02T19:16+0000",
          "timeZone" : 3,
          "signDate" : "2019-07-04T03:21+0000"
        },
        {
          "moonPhase" : "phase1",
          "date" : "2019-07-05T05:16+0000",
          "sign" : "leo",
          "moonPhaseDate" : "2019-07-02T19:16+0000",
          "age" : 4,
          "timeZone" : 3,
          "signDate" : "2019-07-04T03:21+0000"
        },
        {
          "date" : "2019-07-06T06:25+0000",
          "moonPhase" : "phase1",
          "sign" : "virgo",
          "moonPhaseDate" : "2019-07-02T19:16+0000",
          "age" : 5,
          "timeZone" : 3,
          "signDate" : "2019-07-06T04:25+0000"
        },
        {
          "date" : "2019-07-07T07:33+0000",
          "moonPhase" : "phase1",
          "sign" : "virgo",
          "moonPhaseDate" : "2019-07-02T19:16+0000",
          "age" : 6,
          "timeZone" : 3,
          "signDate" : "2019-07-06T04:25+0000"
        },
        {
          "moonPhase" : "phase1",
          "date" : "2019-07-08T08:39+0000",
          "sign" : "libra",
          "moonPhaseDate" : "2019-07-02T19:16+0000",
          "age" : 7,
          "timeZone" : 3,
          "signDate" : "2019-07-08T06:07+0000"
        },
        {
          "date" : "2019-07-09T09:43+0000",
          "moonPhase" : "phase2",
          "sign" : "libra",
          "moonPhaseDate" : "2019-07-09T10:55+0000",
          "age" : 8,
          "timeZone" : 3,
          "signDate" : "2019-07-08T06:07+0000"
        },
        {
          "moonPhase" : "phase2",
          "date" : "2019-07-10T10:46+0000",
          "sign" : "scorpio",
          "moonPhaseDate" : "2019-07-09T10:55+0000",
          "age" : 9,
          "timeZone" : 3,
          "signDate" : "2019-07-10T09:28+0000"
        },
        {
          "date" : "2019-07-11T11:48+0000",
          "moonPhase" : "phase2",
          "sign" : "scorpio",
          "moonPhaseDate" : "2019-07-09T10:55+0000",
          "age" : 10,
          "timeZone" : 3,
          "signDate" : "2019-07-10T09:28+0000"
        },
        {
          "date" : "2019-07-12T12:50+0000",
          "moonPhase" : "phase2",
          "sign" : "sagittarius",
          "moonPhaseDate" : "2019-07-09T10:55+0000",
          "age" : 11,
          "timeZone" : 3,
          "signDate" : "2019-07-12T15:04+0000"
        },
        {
          "date" : "2019-07-13T13:50+0000",
          "moonPhase" : "phase2",
          "sign" : "sagittarius",
          "moonPhaseDate" : "2019-07-09T10:55+0000",
          "age" : 12,
          "timeZone" : 3,
          "signDate" : "2019-07-12T15:04+0000"
        },
        {
          "date" : "2019-07-14T14:48+0000",
          "moonPhase" : "phase2",
          "sign" : "sagittarius",
          "age" : 13,
          "moonPhaseDate" : "2019-07-09T10:55+0000",
          "timeZone" : 3,
          "signDate" : "2019-07-12T15:04+0000"
        },
        {
          "date" : "2019-07-15T15:43+0000",
          "moonPhase" : "phase2",
          "sign" : "capricorn",
          "moonPhaseDate" : "2019-07-09T10:55+0000",
          "age" : 14,
          "timeZone" : 3,
          "signDate" : "2019-07-14T23:03+0000"
        },
        {
          "date" : "2019-07-16T16:34+0000",
          "moonPhase" : "phase2",
          "age" : 15,
          "moonPhaseDate" : "2019-07-09T10:55+0000",
          "sign" : "capricorn",
          "timeZone" : 3,
          "signDate" : "2019-07-14T23:03+0000"
        },
        {
          "date" : "2019-07-17T17:20+0000",
          "moonPhase" : "fullMoon",
          "sign" : "aquarius",
          "moonPhaseDate" : "2019-07-16T21:38+0000",
          "age" : 16,
          "timeZone" : 3,
          "signDate" : "2019-07-17T09:18+0000"
        },
        {
          "date" : "2019-07-18T18:00+0000",
          "moonPhase" : "phase3",
          "sign" : "aquarius",
          "moonPhaseDate" : "2019-07-16T21:38+0000",
          "age" : 17,
          "timeZone" : 3,
          "signDate" : "2019-07-17T09:18+0000"
        },
        {
          "date" : "2019-07-19T18:37+0000",
          "moonPhase" : "phase3",
          "age" : 18,
          "moonPhaseDate" : "2019-07-16T21:38+0000",
          "sign" : "aquarius",
          "timeZone" : 3,
          "signDate" : "2019-07-17T09:18+0000"
        },
        {
          "date" : "2019-07-20T19:11+0000",
          "moonPhase" : "phase3",
          "age" : 19,
          "moonPhaseDate" : "2019-07-16T21:38+0000",
          "sign" : "pisces",
          "timeZone" : 3,
          "signDate" : "2019-07-19T21:19+0000"
        },
        {
          "date" : "2019-07-21T19:42+0000",
          "moonPhase" : "phase3",
          "sign" : "pisces",
          "age" : 20,
          "moonPhaseDate" : "2019-07-16T21:38+0000",
          "timeZone" : 3,
          "signDate" : "2019-07-19T21:19+0000"
        },
        {
          "date" : "2019-07-22T20:12+0000",
          "moonPhase" : "phase3",
          "age" : 21,
          "moonPhaseDate" : "2019-07-16T21:38+0000",
          "sign" : "aries",
          "timeZone" : 3,
          "signDate" : "2019-07-22T10:01+0000"
        },
        {
          "date" : "2019-07-23T20:41+0000",
          "moonPhase" : "phase3",
          "sign" : "aries",
          "age" : 22,
          "moonPhaseDate" : "2019-07-16T21:38+0000",
          "timeZone" : 3,
          "signDate" : "2019-07-22T10:01+0000"
        },
        {
          "date" : "2019-07-24T21:12+0000",
          "moonPhase" : "phase4",
          "sign" : "taurus",
          "moonPhaseDate" : "2019-07-25T01:18+0000",
          "age" : 23,
          "timeZone" : 3,
          "signDate" : "2019-07-24T21:40+0000"
        },
        {
          "date" : "2019-07-25T21:44+0000",
          "moonPhase" : "phase4",
          "sign" : "taurus",
          "moonPhaseDate" : "2019-07-25T01:18+0000",
          "age" : 24,
          "timeZone" : 3,
          "signDate" : "2019-07-24T21:40+0000"
        },
        {
          "date" : "2019-07-26T22:20+0000",
          "moonPhase" : "phase4",
          "sign" : "gemini",
          "age" : 25,
          "moonPhaseDate" : "2019-07-25T01:18+0000",
          "timeZone" : 3,
          "signDate" : "2019-07-27T06:28+0000"
        },
        {
          "date" : "2019-07-27T23:02+0000",
          "moonPhase" : "phase4",
          "age" : 26,
          "moonPhaseDate" : "2019-07-25T01:18+0000",
          "sign" : "gemini",
          "timeZone" : 3,
          "signDate" : "2019-07-27T06:28+0000"
        },
        {
          "date" : "2019-07-28T23:49+0000",
          "moonPhase" : "phase4",
          "sign" : "cancer",
          "age" : 27,
          "moonPhaseDate" : "2019-07-25T01:18+0000",
          "timeZone" : 3,
          "signDate" : "2019-07-29T11:30+0000"
        },
        {
          "date" : "2019-07-30T00:45+0000",
          "moonPhase" : "phase4",
          "sign" : "cancer",
          "moonPhaseDate" : "2019-07-25T01:18+0000",
          "age" : 28,
          "timeZone" : 3,
          "signDate" : "2019-07-29T11:30+0000"
        },
        {
          "date" : "2019-07-31T01:46+0000",
          "moonPhase" : "phase4",
          "sign" : "leo",
          "moonPhaseDate" : "2019-07-25T01:18+0000",
          "age" : 29,
          "timeZone" : 3,
          "signDate" : "2019-07-31T13:18+0000"
        },
        {
          "date" : "2019-08-01T02:54+0000",
          "moonPhase" : "newMoon",
          "sign" : "leo",
          "moonPhaseDate" : "2019-08-01T03:12+0000",
          "age" : 30,
          "timeZone" : 3,
          "signDate" : "2019-07-31T13:18+0000"
        },
        {
          "date" : "2019-08-01T03:12+0000",
          "moonPhase" : "newMoon",
          "sign" : "leo",
          "moonPhaseDate" : "2019-08-01T03:12+0000",
          "age" : 1,
          "timeZone" : 3,
          "signDate" : "2019-07-31T13:18+0000"
        },
        {
          "date" : "2019-08-02T04:06+0000",
          "moonPhase" : "phase1",
          "age" : 2,
          "moonPhaseDate" : "2019-08-01T03:12+0000",
          "sign" : "virgo",
          "timeZone" : 3,
          "signDate" : "2019-08-02T13:23+0000"
        },
        {
          "date" : "2019-08-03T05:16+0000",
          "moonPhase" : "phase1",
          "sign" : "virgo",
          "moonPhaseDate" : "2019-08-01T03:12+0000",
          "age" : 3,
          "timeZone" : 3,
          "signDate" : "2019-08-02T13:23+0000"
        },
        {
          "moonPhase" : "phase1",
          "date" : "2019-08-04T06:25+0000",
          "sign" : "libra",
          "moonPhaseDate" : "2019-08-01T03:12+0000",
          "age" : 4,
          "timeZone" : 3,
          "signDate" : "2019-08-04T13:32+0000"
        },
        {
          "date" : "2019-08-05T07:33+0000",
          "moonPhase" : "phase1",
          "sign" : "libra",
          "moonPhaseDate" : "2019-08-01T03:12+0000",
          "age" : 5,
          "timeZone" : 3,
          "signDate" : "2019-08-04T13:32+0000"
        },
        {
          "moonPhase" : "phase1",
          "date" : "2019-08-06T08:38+0000",
          "sign" : "scorpio",
          "moonPhaseDate" : "2019-08-01T03:12+0000",
          "age" : 6,
          "timeZone" : 3,
          "signDate" : "2019-08-06T15:31+0000"
        },
        {
          "date" : "2019-08-07T09:41+0000",
          "moonPhase" : "phase2",
          "sign" : "scorpio",
          "moonPhaseDate" : "2019-08-07T17:31+0000",
          "age" : 7,
          "timeZone" : 3,
          "signDate" : "2019-08-06T15:31+0000"
        },
        {
          "date" : "2019-08-08T10:44+0000",
          "moonPhase" : "phase2",
          "sign" : "sagittarius",
          "age" : 8,
          "moonPhaseDate" : "2019-08-07T17:31+0000",
          "timeZone" : 3,
          "signDate" : "2019-08-08T20:32+0000"
        },
        {
          "date" : "2019-08-09T11:44+0000",
          "moonPhase" : "phase2",
          "sign" : "sagittarius",
          "age" : 9,
          "moonPhaseDate" : "2019-08-07T17:31+0000",
          "timeZone" : 3,
          "signDate" : "2019-08-08T20:32+0000"
        },
        {
          "moonPhase" : "phase2",
          "date" : "2019-08-10T12:43+0000",
          "sign" : "sagittarius",
          "moonPhaseDate" : "2019-08-07T17:31+0000",
          "age" : 10,
          "timeZone" : 3,
          "signDate" : "2019-08-08T20:32+0000"
        },
        {
          "date" : "2019-08-11T13:39+0000",
          "moonPhase" : "phase2",
          "sign" : "capricorn",
          "moonPhaseDate" : "2019-08-07T17:31+0000",
          "age" : 11,
          "timeZone" : 3,
          "signDate" : "2019-08-11T04:48+0000"
        },
        {
          "date" : "2019-08-12T14:30+0000",
          "moonPhase" : "phase2",
          "sign" : "capricorn",
          "moonPhaseDate" : "2019-08-07T17:31+0000",
          "age" : 12,
          "timeZone" : 3,
          "signDate" : "2019-08-11T04:48+0000"
        },
        {
          "date" : "2019-08-13T15:17+0000",
          "moonPhase" : "phase2",
          "age" : 13,
          "moonPhaseDate" : "2019-08-07T17:31+0000",
          "sign" : "aquarius",
          "timeZone" : 3,
          "signDate" : "2019-08-13T15:36+0000"
        },
        {
          "date" : "2019-08-14T15:59+0000",
          "moonPhase" : "phase2",
          "sign" : "aquarius",
          "moonPhaseDate" : "2019-08-07T17:31+0000",
          "age" : 14,
          "timeZone" : 3,
          "signDate" : "2019-08-13T15:36+0000"
        },
        {
          "date" : "2019-08-15T16:37+0000",
          "moonPhase" : "fullMoon",
          "sign" : "aquarius",
          "moonPhaseDate" : "2019-08-15T12:29+0000",
          "age" : 15,
          "timeZone" : 3,
          "signDate" : "2019-08-13T15:36+0000"
        },
        {
          "date" : "2019-08-16T17:12+0000",
          "moonPhase" : "phase3",
          "age" : 16,
          "moonPhaseDate" : "2019-08-15T12:29+0000",
          "sign" : "pisces",
          "timeZone" : 3,
          "signDate" : "2019-08-16T03:50+0000"
        },
        {
          "moonPhase" : "phase3",
          "date" : "2019-08-17T17:43+0000",
          "sign" : "pisces",
          "moonPhaseDate" : "2019-08-15T12:29+0000",
          "age" : 17,
          "timeZone" : 3,
          "signDate" : "2019-08-16T03:50+0000"
        },
        {
          "date" : "2019-08-18T18:13+0000",
          "moonPhase" : "phase3",
          "sign" : "aries",
          "age" : 18,
          "moonPhaseDate" : "2019-08-15T12:29+0000",
          "timeZone" : 3,
          "signDate" : "2019-08-18T16:32+0000"
        },
        {
          "date" : "2019-08-19T18:43+0000",
          "moonPhase" : "phase3",
          "sign" : "aries",
          "age" : 19,
          "moonPhaseDate" : "2019-08-15T12:29+0000",
          "timeZone" : 3,
          "signDate" : "2019-08-18T16:32+0000"
        },
        {
          "date" : "2019-08-20T19:13+0000",
          "moonPhase" : "phase3",
          "sign" : "aries",
          "age" : 20,
          "moonPhaseDate" : "2019-08-15T12:29+0000",
          "timeZone" : 3,
          "signDate" : "2019-08-18T16:32+0000"
        },
        {
          "date" : "2019-08-21T19:44+0000",
          "moonPhase" : "phase3",
          "sign" : "taurus",
          "moonPhaseDate" : "2019-08-15T12:29+0000",
          "age" : 21,
          "timeZone" : 3,
          "signDate" : "2019-08-21T04:36+0000"
        },
        {
          "date" : "2019-08-22T20:18+0000",
          "moonPhase" : "phase3",
          "age" : 22,
          "moonPhaseDate" : "2019-08-15T12:29+0000",
          "sign" : "taurus",
          "timeZone" : 3,
          "signDate" : "2019-08-21T04:36+0000"
        },
        {
          "moonPhase" : "phase4",
          "date" : "2019-08-23T20:55+0000",
          "sign" : "gemini",
          "moonPhaseDate" : "2019-08-23T14:56+0000",
          "age" : 23,
          "timeZone" : 3,
          "signDate" : "2019-08-23T14:34+0000"
        },
        {
          "moonPhase" : "phase4",
          "date" : "2019-08-24T21:39+0000",
          "sign" : "gemini",
          "moonPhaseDate" : "2019-08-23T14:56+0000",
          "age" : 24,
          "timeZone" : 3,
          "signDate" : "2019-08-23T14:34+0000"
        },
        {
          "date" : "2019-08-25T22:29+0000",
          "moonPhase" : "phase4",
          "age" : 25,
          "moonPhaseDate" : "2019-08-23T14:56+0000",
          "sign" : "cancer",
          "timeZone" : 3,
          "signDate" : "2019-08-25T21:05+0000"
        },
        {
          "moonPhase" : "phase4",
          "date" : "2019-08-26T23:27+0000",
          "sign" : "cancer",
          "moonPhaseDate" : "2019-08-23T14:56+0000",
          "age" : 26,
          "timeZone" : 3,
          "signDate" : "2019-08-25T21:05+0000"
        },
        {
          "date" : "2019-08-28T00:31+0000",
          "moonPhase" : "phase4",
          "sign" : "leo",
          "age" : 27,
          "moonPhaseDate" : "2019-08-23T14:56+0000",
          "timeZone" : 3,
          "signDate" : "2019-08-27T23:51+0000"
        },
        {
          "date" : "2019-08-29T01:40+0000",
          "moonPhase" : "phase4",
          "sign" : "leo",
          "age" : 28,
          "moonPhaseDate" : "2019-08-23T14:56+0000",
          "timeZone" : 3,
          "signDate" : "2019-08-27T23:51+0000"
        },
        {
          "date" : "2019-08-30T02:52+0000",
          "moonPhase" : "newMoon",
          "age" : 29,
          "moonPhaseDate" : "2019-08-30T10:37+0000",
          "sign" : "virgo",
          "timeZone" : 3,
          "signDate" : "2019-08-29T23:57+0000"
        },
        {
          "date" : "2019-08-30T10:37+0000",
          "moonPhase" : "newMoon",
          "sign" : "virgo",
          "moonPhaseDate" : "2019-08-30T10:37+0000",
          "age" : 1,
          "timeZone" : 3,
          "signDate" : "2019-08-29T23:57+0000"
        },
        {
          "date" : "2019-08-31T04:03+0000",
          "moonPhase" : "phase1",
          "sign" : "virgo",
          "moonPhaseDate" : "2019-08-30T10:37+0000",
          "age" : 2,
          "timeZone" : 3,
          "signDate" : "2019-08-29T23:57+0000"
        },
        {
          "date" : "2019-09-01T05:13+0000",
          "moonPhase" : "phase1",
          "sign" : "libra",
          "moonPhaseDate" : null,
          "age" : 3,
          "timeZone" : 3,
          "signDate" : "2019-08-31T23:12+0000"
        },
        {
          "date" : "2019-09-02T06:22+0000",
          "moonPhase" : "phase1",
          "sign" : "libra",
          "age" : 4,
          "moonPhaseDate" : null,
          "timeZone" : 3,
          "signDate" : "2019-08-31T23:12+0000"
        },
        {
          "date" : "2019-09-03T07:28+0000",
          "moonPhase" : "phase1",
          "sign" : "scorpio",
          "age" : 5,
          "moonPhaseDate" : null,
          "timeZone" : 3,
          "signDate" : "2019-09-02T23:38+0000"
        },
        {
          "date" : "2019-09-04T08:34+0000",
          "moonPhase" : "phase1",
          "sign" : "scorpio",
          "age" : 6,
          "moonPhaseDate" : null,
          "timeZone" : 3,
          "signDate" : "2019-09-02T23:38+0000"
        },
        {
          "date" : "2019-09-05T09:37+0000",
          "moonPhase" : "phase1",
          "sign" : "sagittarius",
          "age" : 7,
          "moonPhaseDate" : null,
          "timeZone" : 3,
          "signDate" : "2019-09-05T03:06+0000"
        },
        {
          "moonPhase" : "phase2",
          "date" : "2019-09-06T10:37+0000",
          "sign" : "sagittarius",
          "moonPhaseDate" : "2019-09-06T03:10+0000",
          "age" : 8,
          "timeZone" : 3,
          "signDate" : "2019-09-05T03:06+0000"
        },
        {
          "date" : "2019-09-07T11:35+0000",
          "moonPhase" : "phase2",
          "sign" : "capricorn",
          "age" : 9,
          "moonPhaseDate" : "2019-09-06T03:10+0000",
          "timeZone" : 3,
          "signDate" : "2019-09-07T10:35+0000"
        },
        {
          "date" : "2019-09-08T12:28+0000",
          "moonPhase" : "phase2",
          "age" : 10,
          "moonPhaseDate" : "2019-09-06T03:10+0000",
          "sign" : "capricorn",
          "timeZone" : 3,
          "signDate" : "2019-09-07T10:35+0000"
        },
        {
          "date" : "2019-09-09T13:16+0000",
          "moonPhase" : "phase2",
          "sign" : "capricorn",
          "moonPhaseDate" : "2019-09-06T03:10+0000",
          "age" : 11,
          "timeZone" : 3,
          "signDate" : "2019-09-07T10:35+0000"
        },
        {
          "date" : "2019-09-10T13:59+0000",
          "moonPhase" : "phase2",
          "age" : 12,
          "moonPhaseDate" : "2019-09-06T03:10+0000",
          "sign" : "aquarius",
          "timeZone" : 3,
          "signDate" : "2019-09-09T21:25+0000"
        },
        {
          "date" : "2019-09-11T14:38+0000",
          "moonPhase" : "phase2",
          "sign" : "aquarius",
          "moonPhaseDate" : "2019-09-06T03:10+0000",
          "age" : 13,
          "timeZone" : 3,
          "signDate" : "2019-09-09T21:25+0000"
        },
        {
          "date" : "2019-09-12T15:13+0000",
          "moonPhase" : "phase2",
          "sign" : "pisces",
          "moonPhaseDate" : "2019-09-06T03:10+0000",
          "age" : 14,
          "timeZone" : 3,
          "signDate" : "2019-09-12T09:53+0000"
        },
        {
          "date" : "2019-09-13T15:46+0000",
          "moonPhase" : "phase2",
          "sign" : "pisces",
          "moonPhaseDate" : "2019-09-06T03:10+0000",
          "age" : 15,
          "timeZone" : 3,
          "signDate" : "2019-09-12T09:53+0000"
        },
        {
          "date" : "2019-09-14T16:16+0000",
          "moonPhase" : "fullMoon",
          "sign" : "pisces",
          "moonPhaseDate" : "2019-09-14T04:33+0000",
          "age" : 16,
          "timeZone" : 3,
          "signDate" : "2019-09-12T09:53+0000"
        },
        {
          "date" : "2019-09-15T16:46+0000",
          "moonPhase" : "phase3",
          "sign" : "aries",
          "moonPhaseDate" : "2019-09-14T04:33+0000",
          "age" : 17,
          "timeZone" : 3,
          "signDate" : "2019-09-14T22:32+0000"
        },
        {
          "date" : "2019-09-16T17:15+0000",
          "moonPhase" : "phase3",
          "sign" : "aries",
          "moonPhaseDate" : "2019-09-14T04:33+0000",
          "age" : 18,
          "timeZone" : 3,
          "signDate" : "2019-09-14T22:32+0000"
        },
        {
          "date" : "2019-09-17T17:45+0000",
          "moonPhase" : "phase3",
          "sign" : "taurus",
          "moonPhaseDate" : "2019-09-14T04:33+0000",
          "age" : 19,
          "timeZone" : 3,
          "signDate" : "2019-09-17T10:30+0000"
        },
        {
          "moonPhase" : "phase3",
          "date" : "2019-09-18T18:18+0000",
          "sign" : "taurus",
          "moonPhaseDate" : "2019-09-14T04:33+0000",
          "age" : 20,
          "timeZone" : 3,
          "signDate" : "2019-09-17T10:30+0000"
        },
        {
          "date" : "2019-09-19T18:54+0000",
          "moonPhase" : "phase3",
          "sign" : "gemini",
          "moonPhaseDate" : "2019-09-14T04:33+0000",
          "age" : 21,
          "timeZone" : 3,
          "signDate" : "2019-09-19T20:58+0000"
        },
        {
          "date" : "2019-09-20T19:34+0000",
          "moonPhase" : "phase3",
          "sign" : "gemini",
          "moonPhaseDate" : "2019-09-14T04:33+0000",
          "age" : 22,
          "timeZone" : 3,
          "signDate" : "2019-09-19T20:58+0000"
        },
        {
          "date" : "2019-09-21T20:20+0000",
          "moonPhase" : "phase3",
          "sign" : "gemini",
          "moonPhaseDate" : "2019-09-14T04:33+0000",
          "age" : 23,
          "timeZone" : 3,
          "signDate" : "2019-09-19T20:58+0000"
        },
        {
          "moonPhase" : "phase4",
          "date" : "2019-09-22T21:13+0000",
          "sign" : "cancer",
          "moonPhaseDate" : "2019-09-22T02:41+0000",
          "age" : 24,
          "timeZone" : 3,
          "signDate" : "2019-09-19T20:58+0000"
        },
        {
          "date" : "2019-09-23T22:13+0000",
          "moonPhase" : "phase4",
          "sign" : "leo",
          "moonPhaseDate" : "2019-09-22T02:41+0000",
          "age" : 25,
          "timeZone" : 3,
          "signDate" : "2019-09-24T09:19+0000"
        },
        {
          "date" : "2019-09-24T23:18+0000",
          "moonPhase" : "phase4",
          "sign" : "leo",
          "age" : 26,
          "moonPhaseDate" : "2019-09-22T02:41+0000",
          "timeZone" : 3,
          "signDate" : "2019-09-24T09:19+0000"
        },
        {
          "date" : "2019-09-26T00:27+0000",
          "moonPhase" : "phase4",
          "sign" : "virgo",
          "age" : 27,
          "moonPhaseDate" : "2019-09-22T02:41+0000",
          "timeZone" : 3,
          "signDate" : "2019-09-26T10:35+0000"
        },
        {
          "date" : "2019-09-27T01:37+0000",
          "moonPhase" : "phase4",
          "sign" : "virgo",
          "moonPhaseDate" : "2019-09-22T02:41+0000",
          "age" : 28,
          "timeZone" : 3,
          "signDate" : "2019-09-26T10:35+0000"
        },
        {
          "date" : "2019-09-28T02:48+0000",
          "moonPhase" : "newMoon",
          "sign" : "libra",
          "moonPhaseDate" : "2019-09-28T18:26+0000",
          "age" : 29,
          "timeZone" : 3,
          "signDate" : "2019-09-28T10:04+0000"
        },
        {
          "date" : "2019-09-28T18:26+0000",
          "moonPhase" : "newMoon",
          "sign" : "libra",
          "moonPhaseDate" : "2019-09-28T18:26+0000",
          "age" : 1,
          "timeZone" : 3,
          "signDate" : "2019-09-28T10:04+0000"
        },
        {
          "date" : "2019-09-29T03:58+0000",
          "moonPhase" : "phase1",
          "sign" : "libra",
          "age" : 2,
          "moonPhaseDate" : "2019-09-28T18:26+0000",
          "timeZone" : 3,
          "signDate" : "2019-09-28T10:04+0000"
        },
        {
          "date" : "2019-09-30T05:07+0000",
          "moonPhase" : "phase1",
          "sign" : "scorpio",
          "moonPhaseDate" : "2019-09-28T18:26+0000",
          "age" : 3,
          "timeZone" : 3,
          "signDate" : "2019-09-30T09:45+0000"
        },
        {
          "date" : "2019-10-01T06:15+0000",
          "moonPhase" : "phase1",
          "sign" : "scorpio",
          "moonPhaseDate" : null,
          "age" : 4,
          "timeZone" : 3,
          "signDate" : "2019-09-30T09:45+0000"
        },
        {
          "date" : "2019-10-02T07:22+0000",
          "moonPhase" : "phase1",
          "sign" : "sagittarius",
          "moonPhaseDate" : null,
          "age" : 5,
          "timeZone" : 3,
          "signDate" : "2019-10-02T11:45+0000"
        },
        {
          "date" : "2019-10-03T08:26+0000",
          "moonPhase" : "phase1",
          "sign" : "sagittarius",
          "moonPhaseDate" : null,
          "age" : 6,
          "timeZone" : 3,
          "signDate" : "2019-10-02T11:45+0000"
        },
        {
          "date" : "2019-10-04T09:27+0000",
          "moonPhase" : "phase1",
          "sign" : "capricorn",
          "moonPhaseDate" : null,
          "age" : 7,
          "timeZone" : 3,
          "signDate" : "2019-10-04T17:41+0000"
        },
        {
          "date" : "2019-10-05T10:23+0000",
          "moonPhase" : "phase2",
          "sign" : "capricorn",
          "moonPhaseDate" : "2019-10-05T16:47+0000",
          "age" : 8,
          "timeZone" : 3,
          "signDate" : "2019-10-04T17:41+0000"
        },
        {
          "date" : "2019-10-06T11:13+0000",
          "moonPhase" : "phase2",
          "sign" : "capricorn",
          "moonPhaseDate" : "2019-10-05T16:47+0000",
          "age" : 9,
          "timeZone" : 3,
          "signDate" : "2019-10-04T17:41+0000"
        },
        {
          "date" : "2019-10-07T11:59+0000",
          "moonPhase" : "phase2",
          "age" : 10,
          "moonPhaseDate" : "2019-10-05T16:47+0000",
          "sign" : "aquarius",
          "timeZone" : 3,
          "signDate" : "2019-10-07T03:43+0000"
        },
        {
          "date" : "2019-10-08T12:39+0000",
          "moonPhase" : "phase2",
          "sign" : "aquarius",
          "age" : 11,
          "moonPhaseDate" : "2019-10-05T16:47+0000",
          "timeZone" : 3,
          "signDate" : "2019-10-07T03:43+0000"
        },
        {
          "date" : "2019-10-09T13:15+0000",
          "moonPhase" : "phase2",
          "sign" : "pisces",
          "moonPhaseDate" : "2019-10-05T16:47+0000",
          "age" : 12,
          "timeZone" : 3,
          "signDate" : "2019-10-09T16:08+0000"
        },
        {
          "date" : "2019-10-10T13:48+0000",
          "moonPhase" : "phase2",
          "sign" : "pisces",
          "moonPhaseDate" : "2019-10-05T16:47+0000",
          "age" : 13,
          "timeZone" : 3,
          "signDate" : "2019-10-09T16:08+0000"
        },
        {
          "date" : "2019-10-11T14:19+0000",
          "moonPhase" : "phase2",
          "sign" : "pisces",
          "moonPhaseDate" : "2019-10-05T16:47+0000",
          "age" : 14,
          "timeZone" : 3,
          "signDate" : "2019-10-09T16:08+0000"
        },
        {
          "moonPhase" : "phase2",
          "date" : "2019-10-12T14:48+0000",
          "sign" : "aries",
          "moonPhaseDate" : "2019-10-05T16:47+0000",
          "age" : 15,
          "timeZone" : 3,
          "signDate" : "2019-10-12T04:46+0000"
        },
        {
          "date" : "2019-10-13T15:18+0000",
          "moonPhase" : "phase2",
          "sign" : "aries",
          "moonPhaseDate" : "2019-10-05T16:47+0000",
          "age" : 16,
          "timeZone" : 3,
          "signDate" : "2019-10-12T04:46+0000"
        },
        {
          "date" : "2019-10-14T15:48+0000",
          "moonPhase" : "fullMoon",
          "sign" : "taurus",
          "age" : 17,
          "moonPhaseDate" : "2019-10-13T21:08+0000",
          "timeZone" : 3,
          "signDate" : "2019-10-14T16:23+0000"
        },
        {
          "date" : "2019-10-15T16:20+0000",
          "moonPhase" : "phase3",
          "sign" : "taurus",
          "moonPhaseDate" : "2019-10-13T21:08+0000",
          "age" : 18,
          "timeZone" : 3,
          "signDate" : "2019-10-14T16:23+0000"
        },
        {
          "date" : "2019-10-16T16:54+0000",
          "moonPhase" : "phase3",
          "sign" : "taurus",
          "moonPhaseDate" : "2019-10-13T21:08+0000",
          "age" : 19,
          "timeZone" : 3,
          "signDate" : "2019-10-14T16:23+0000"
        },
        {
          "date" : "2019-10-17T17:33+0000",
          "moonPhase" : "phase3",
          "sign" : "gemini",
          "age" : 20,
          "moonPhaseDate" : "2019-10-13T21:08+0000",
          "timeZone" : 3,
          "signDate" : "2019-10-17T02:29+0000"
        },
        {
          "moonPhase" : "phase3",
          "date" : "2019-10-18T18:17+0000",
          "sign" : "gemini",
          "moonPhaseDate" : "2019-10-13T21:08+0000",
          "age" : 21,
          "timeZone" : 3,
          "signDate" : "2019-10-17T02:29+0000"
        },
        {
          "date" : "2019-10-19T19:07+0000",
          "moonPhase" : "phase3",
          "sign" : "cancer",
          "age" : 22,
          "moonPhaseDate" : "2019-10-13T21:08+0000",
          "timeZone" : 3,
          "signDate" : "2019-10-19T10:42+0000"
        },
        {
          "date" : "2019-10-20T20:03+0000",
          "moonPhase" : "phase3",
          "age" : 23,
          "moonPhaseDate" : "2019-10-13T21:08+0000",
          "sign" : "cancer",
          "timeZone" : 3,
          "signDate" : "2019-10-19T10:42+0000"
        },
        {
          "date" : "2019-10-21T21:05+0000",
          "moonPhase" : "phase4",
          "sign" : "leo",
          "moonPhaseDate" : "2019-10-21T12:39+0000",
          "age" : 24,
          "timeZone" : 3,
          "signDate" : "2019-10-19T10:42+0000"
        },
        {
          "date" : "2019-10-22T22:10+0000",
          "moonPhase" : "phase4",
          "sign" : "virgo",
          "moonPhaseDate" : "2019-10-21T12:39+0000",
          "age" : 25,
          "timeZone" : 3,
          "signDate" : "2019-10-23T19:30+0000"
        },
        {
          "date" : "2019-10-23T23:17+0000",
          "moonPhase" : "phase4",
          "sign" : "virgo",
          "moonPhaseDate" : "2019-10-21T12:39+0000",
          "age" : 26,
          "timeZone" : 3,
          "signDate" : "2019-10-23T19:30+0000"
        },
        {
          "date" : "2019-10-25T00:26+0000",
          "moonPhase" : "phase4",
          "sign" : "libra",
          "age" : 27,
          "moonPhaseDate" : "2019-10-21T12:39+0000",
          "timeZone" : 3,
          "signDate" : "2019-10-25T20:20+0000"
        },
        {
          "date" : "2019-10-26T01:34+0000",
          "moonPhase" : "phase4",
          "sign" : "libra",
          "moonPhaseDate" : "2019-10-21T12:39+0000",
          "age" : 28,
          "timeZone" : 3,
          "signDate" : "2019-10-25T20:20+0000"
        },
        {
          "date" : "2019-10-27T01:43+0000",
          "moonPhase" : "phase4",
          "sign" : "scorpio",
          "moonPhaseDate" : "2019-10-21T12:39+0000",
          "age" : 29,
          "timeZone" : 3,
          "signDate" : "2019-10-27T19:31+0000"
        },
        {
          "date" : "2019-10-28T02:38+0000",
          "moonPhase" : "newMoon",
          "age" : 1,
          "moonPhaseDate" : "2019-10-28T02:38+0000",
          "sign" : "scorpio",
          "timeZone" : 3,
          "signDate" : "2019-10-27T19:31+0000"
        },
        {
          "moonPhase" : "newMoon",
          "date" : "2019-10-28T02:52+0000",
          "sign" : "scorpio",
          "moonPhaseDate" : "2019-10-28T02:38+0000",
          "age" : 2,
          "timeZone" : 3,
          "signDate" : "2019-10-27T19:31+0000"
        },
        {
          "date" : "2019-10-29T04:00+0000",
          "moonPhase" : "phase1",
          "sign" : "sagittarius",
          "moonPhaseDate" : "2019-10-28T02:38+0000",
          "age" : 3,
          "timeZone" : 3,
          "signDate" : "2019-10-28T21:00+0000"
        },
        {
          "date" : "2019-10-30T05:07+0000",
          "moonPhase" : "phase1",
          "sign" : "sagittarius",
          "moonPhaseDate" : "2019-10-28T02:38+0000",
          "age" : 4,
          "timeZone" : 3,
          "signDate" : "2019-10-28T21:00+0000"
        },
        {
          "date" : "2019-10-31T06:11+0000",
          "moonPhase" : "phase1",
          "sign" : "sagittarius",
          "moonPhaseDate" : "2019-10-28T02:38+0000",
          "age" : 5,
          "timeZone" : 3,
          "signDate" : "2019-10-28T21:00+0000"
        },
        {
          "date" : "2019-11-01T07:12+0000",
          "moonPhase" : "phase1",
          "sign" : "capricorn",
          "age" : 6,
          "moonPhaseDate" : null,
          "timeZone" : 3,
          "signDate" : "2019-11-01T01:38+0000"
        },
        {
          "date" : "2019-11-02T08:06+0000",
          "moonPhase" : "phase1",
          "sign" : "capricorn",
          "moonPhaseDate" : null,
          "age" : 7,
          "timeZone" : 3,
          "signDate" : "2019-11-01T01:38+0000"
        },
        {
          "date" : "2019-11-03T08:55+0000",
          "moonPhase" : "phase1",
          "sign" : "aquarius",
          "moonPhaseDate" : null,
          "age" : 8,
          "timeZone" : 3,
          "signDate" : "2019-11-03T10:21+0000"
        },
        {
          "date" : "2019-11-04T09:38+0000",
          "moonPhase" : "phase2",
          "sign" : "aquarius",
          "moonPhaseDate" : "2019-11-04T09:23+0000",
          "age" : 9,
          "timeZone" : 3,
          "signDate" : "2019-11-03T10:21+0000"
        },
        {
          "date" : "2019-11-05T10:16+0000",
          "moonPhase" : "phase2",
          "sign" : "aquarius",
          "moonPhaseDate" : "2019-11-04T09:23+0000",
          "age" : 10,
          "timeZone" : 3,
          "signDate" : "2019-11-03T10:21+0000"
        },
        {
          "date" : "2019-11-06T10:50+0000",
          "moonPhase" : "phase2",
          "age" : 11,
          "moonPhaseDate" : "2019-11-04T09:23+0000",
          "sign" : "pisces",
          "timeZone" : 3,
          "signDate" : "2019-11-05T22:11+0000"
        },
        {
          "date" : "2019-11-07T11:21+0000",
          "moonPhase" : "phase2",
          "sign" : "pisces",
          "moonPhaseDate" : "2019-11-04T09:23+0000",
          "age" : 12,
          "timeZone" : 3,
          "signDate" : "2019-11-05T22:11+0000"
        },
        {
          "date" : "2019-11-08T11:50+0000",
          "moonPhase" : "phase2",
          "sign" : "aries",
          "moonPhaseDate" : "2019-11-04T09:23+0000",
          "age" : 13,
          "timeZone" : 3,
          "signDate" : "2019-11-08T10:50+0000"
        },
        {
          "date" : "2019-11-09T12:20+0000",
          "moonPhase" : "phase2",
          "sign" : "aries",
          "moonPhaseDate" : "2019-11-04T09:23+0000",
          "age" : 14,
          "timeZone" : 3,
          "signDate" : "2019-11-08T10:50+0000"
        },
        {
          "date" : "2019-11-10T12:49+0000",
          "moonPhase" : "phase2",
          "sign" : "aries",
          "age" : 15,
          "moonPhaseDate" : "2019-11-04T09:23+0000",
          "timeZone" : 3,
          "signDate" : "2019-11-08T10:50+0000"
        },
        {
          "date" : "2019-11-11T13:20+0000",
          "moonPhase" : "phase2",
          "sign" : "taurus",
          "moonPhaseDate" : "2019-11-04T09:23+0000",
          "age" : 16,
          "timeZone" : 3,
          "signDate" : "2019-11-10T22:19+0000"
        },
        {
          "date" : "2019-11-12T13:54+0000",
          "moonPhase" : "fullMoon",
          "sign" : "taurus",
          "age" : 17,
          "moonPhaseDate" : "2019-11-12T12:35+0000",
          "timeZone" : 3,
          "signDate" : "2019-11-10T22:19+0000"
        },
        {
          "date" : "2019-11-13T14:32+0000",
          "moonPhase" : "phase3",
          "sign" : "gemini",
          "moonPhaseDate" : "2019-11-12T12:35+0000",
          "age" : 18,
          "timeZone" : 3,
          "signDate" : "2019-11-13T07:45+0000"
        },
        {
          "date" : "2019-11-14T15:15+0000",
          "moonPhase" : "phase3",
          "sign" : "gemini",
          "moonPhaseDate" : "2019-11-12T12:35+0000",
          "age" : 19,
          "timeZone" : 3,
          "signDate" : "2019-11-13T07:45+0000"
        },
        {
          "date" : "2019-11-15T16:03+0000",
          "moonPhase" : "phase3",
          "sign" : "cancer",
          "age" : 20,
          "moonPhaseDate" : "2019-11-12T12:35+0000",
          "timeZone" : 3,
          "signDate" : "2019-11-15T15:12+0000"
        },
        {
          "date" : "2019-11-16T16:58+0000",
          "moonPhase" : "phase3",
          "sign" : "cancer",
          "moonPhaseDate" : "2019-11-12T12:35+0000",
          "age" : 21,
          "timeZone" : 3,
          "signDate" : "2019-11-15T15:12+0000"
        },
        {
          "date" : "2019-11-17T17:58+0000",
          "moonPhase" : "phase3",
          "sign" : "leo",
          "moonPhaseDate" : "2019-11-12T12:35+0000",
          "age" : 22,
          "timeZone" : 3,
          "signDate" : "2019-11-17T20:54+0000"
        },
        {
          "moonPhase" : "phase3",
          "date" : "2019-11-18T19:01+0000",
          "sign" : "leo",
          "moonPhaseDate" : "2019-11-12T12:35+0000",
          "age" : 23,
          "timeZone" : 3,
          "signDate" : "2019-11-17T20:54+0000"
        },
        {
          "date" : "2019-11-19T20:07+0000",
          "moonPhase" : "phase4",
          "sign" : "leo",
          "moonPhaseDate" : "2019-11-19T20:11+0000",
          "age" : 24,
          "timeZone" : 3,
          "signDate" : "2019-11-17T20:54+0000"
        },
        {
          "date" : "2019-11-20T21:13+0000",
          "moonPhase" : "phase4",
          "sign" : "virgo",
          "age" : 25,
          "moonPhaseDate" : "2019-11-19T20:11+0000",
          "timeZone" : 3,
          "signDate" : "2019-11-17T20:54+0000"
        },
        {
          "date" : "2019-11-21T22:19+0000",
          "moonPhase" : "phase4",
          "age" : 26,
          "moonPhaseDate" : "2019-11-19T20:11+0000",
          "sign" : "libra",
          "timeZone" : 3,
          "signDate" : "2019-11-22T03:22+0000"
        },
        {
          "date" : "2019-11-22T23:25+0000",
          "moonPhase" : "phase4",
          "sign" : "libra",
          "moonPhaseDate" : "2019-11-19T20:11+0000",
          "age" : 27,
          "timeZone" : 3,
          "signDate" : "2019-11-22T03:22+0000"
        },
        {
          "moonPhase" : "phase4",
          "date" : "2019-11-24T00:32+0000",
          "sign" : "scorpio",
          "moonPhaseDate" : "2019-11-19T20:11+0000",
          "age" : 28,
          "timeZone" : 3,
          "signDate" : "2019-11-24T05:01+0000"
        },
        {
          "date" : "2019-11-25T01:39+0000",
          "moonPhase" : "phase4",
          "sign" : "scorpio",
          "moonPhaseDate" : "2019-11-19T20:11+0000",
          "age" : 29,
          "timeZone" : 3,
          "signDate" : "2019-11-24T05:01+0000"
        },
        {
          "date" : "2019-11-26T02:46+0000",
          "moonPhase" : "newMoon",
          "sign" : "sagittarius",
          "moonPhaseDate" : "2019-11-26T14:06+0000",
          "age" : 30,
          "timeZone" : 3,
          "signDate" : "2019-11-26T07:12+0000"
        },
        {
          "moonPhase" : "newMoon",
          "date" : "2019-11-26T14:06+0000",
          "sign" : "sagittarius",
          "moonPhaseDate" : "2019-11-26T14:06+0000",
          "age" : 1,
          "timeZone" : 3,
          "signDate" : "2019-11-26T07:12+0000"
        },
        {
          "date" : "2019-11-27T03:51+0000",
          "moonPhase" : "phase1",
          "age" : 2,
          "moonPhaseDate" : "2019-11-26T14:06+0000",
          "sign" : "sagittarius",
          "timeZone" : 3,
          "signDate" : "2019-11-26T07:12+0000"
        },
        {
          "date" : "2019-11-28T04:55+0000",
          "moonPhase" : "phase1",
          "sign" : "capricorn",
          "moonPhaseDate" : "2019-11-26T14:06+0000",
          "age" : 3,
          "timeZone" : 3,
          "signDate" : "2019-11-28T11:32+0000"
        },
        {
          "date" : "2019-11-29T05:53+0000",
          "moonPhase" : "phase1",
          "sign" : "capricorn",
          "moonPhaseDate" : "2019-11-26T14:06+0000",
          "age" : 4,
          "timeZone" : 3,
          "signDate" : "2019-11-28T11:32+0000"
        },
        {
          "date" : "2019-11-30T06:46+0000",
          "moonPhase" : "phase1",
          "sign" : "aquarius",
          "moonPhaseDate" : "2019-11-26T14:06+0000",
          "age" : 5,
          "timeZone" : 3,
          "signDate" : "2019-11-30T19:15+0000"
        },
        {
          "date" : "2019-12-01T07:33+0000",
          "moonPhase" : "phase1",
          "sign" : "aquarius",
          "moonPhaseDate" : null,
          "age" : 6,
          "timeZone" : 3,
          "signDate" : "2019-11-30T19:15+0000"
        },
        {
          "date" : "2019-12-02T08:13+0000",
          "moonPhase" : "phase1",
          "sign" : "aquarius",
          "moonPhaseDate" : null,
          "age" : 7,
          "timeZone" : 3,
          "signDate" : "2019-11-30T19:15+0000"
        },
        {
          "date" : "2019-12-03T08:49+0000",
          "moonPhase" : "phase1",
          "sign" : "pisces",
          "age" : 8,
          "moonPhaseDate" : null,
          "timeZone" : 3,
          "signDate" : "2019-12-03T06:14+0000"
        },
        {
          "date" : "2019-12-04T09:21+0000",
          "moonPhase" : "phase2",
          "sign" : "pisces",
          "age" : 9,
          "moonPhaseDate" : "2019-12-04T05:58+0000",
          "timeZone" : 3,
          "signDate" : "2019-12-03T06:14+0000"
        },
        {
          "date" : "2019-12-05T09:52+0000",
          "moonPhase" : "phase2",
          "age" : 10,
          "moonPhaseDate" : "2019-12-04T05:58+0000",
          "sign" : "aries",
          "timeZone" : 3,
          "signDate" : "2019-12-05T18:46+0000"
        },
        {
          "date" : "2019-12-06T10:21+0000",
          "moonPhase" : "phase2",
          "sign" : "aries",
          "moonPhaseDate" : "2019-12-04T05:58+0000",
          "age" : 11,
          "timeZone" : 3,
          "signDate" : "2019-12-05T18:46+0000"
        },
        {
          "date" : "2019-12-07T10:49+0000",
          "moonPhase" : "phase2",
          "age" : 12,
          "moonPhaseDate" : "2019-12-04T05:58+0000",
          "sign" : "aries",
          "timeZone" : 3,
          "signDate" : "2019-12-05T18:46+0000"
        },
        {
          "date" : "2019-12-08T11:20+0000",
          "moonPhase" : "phase2",
          "sign" : "taurus",
          "age" : 13,
          "moonPhaseDate" : "2019-12-04T05:58+0000",
          "timeZone" : 3,
          "signDate" : "2019-12-08T06:31+0000"
        },
        {
          "date" : "2019-12-09T11:52+0000",
          "moonPhase" : "phase2",
          "sign" : "taurus",
          "moonPhaseDate" : "2019-12-04T05:58+0000",
          "age" : 14,
          "timeZone" : 3,
          "signDate" : "2019-12-08T06:31+0000"
        },
        {
          "date" : "2019-12-10T12:28+0000",
          "moonPhase" : "phase2",
          "age" : 15,
          "moonPhaseDate" : "2019-12-04T05:58+0000",
          "sign" : "gemini",
          "timeZone" : 3,
          "signDate" : "2019-12-10T15:49+0000"
        },
        {
          "date" : "2019-12-11T13:09+0000",
          "moonPhase" : "phase2",
          "sign" : "gemini",
          "age" : 16,
          "moonPhaseDate" : "2019-12-04T05:58+0000",
          "timeZone" : 3,
          "signDate" : "2019-12-10T15:49+0000"
        },
        {
          "date" : "2019-12-12T13:56+0000",
          "moonPhase" : "fullMoon",
          "sign" : "gemini",
          "moonPhaseDate" : "2019-12-12T04:12+0000",
          "age" : 17,
          "timeZone" : 3,
          "signDate" : "2019-12-10T15:49+0000"
        },
        {
          "date" : "2019-12-13T14:50+0000",
          "moonPhase" : "phase3",
          "sign" : "cancer",
          "moonPhaseDate" : "2019-12-12T04:12+0000",
          "age" : 18,
          "timeZone" : 3,
          "signDate" : "2019-12-12T22:24+0000"
        },
        {
          "date" : "2019-12-14T15:49+0000",
          "moonPhase" : "phase3",
          "sign" : "cancer",
          "moonPhaseDate" : "2019-12-12T04:12+0000",
          "age" : 19,
          "timeZone" : 3,
          "signDate" : "2019-12-12T22:24+0000"
        },
        {
          "moonPhase" : "phase3",
          "date" : "2019-12-15T16:53+0000",
          "sign" : "leo",
          "moonPhaseDate" : "2019-12-12T04:12+0000",
          "age" : 20,
          "timeZone" : 3,
          "signDate" : "2019-12-15T02:53+0000"
        },
        {
          "date" : "2019-12-16T18:00+0000",
          "moonPhase" : "phase3",
          "age" : 21,
          "moonPhaseDate" : "2019-12-12T04:12+0000",
          "sign" : "leo",
          "timeZone" : 3,
          "signDate" : "2019-12-15T02:53+0000"
        },
        {
          "date" : "2019-12-17T19:06+0000",
          "moonPhase" : "phase3",
          "sign" : "virgo",
          "moonPhaseDate" : "2019-12-12T04:12+0000",
          "age" : 22,
          "timeZone" : 3,
          "signDate" : "2019-12-17T06:13+0000"
        },
        {
          "date" : "2019-12-18T20:11+0000",
          "moonPhase" : "phase3",
          "sign" : "virgo",
          "moonPhaseDate" : "2019-12-12T04:12+0000",
          "age" : 23,
          "timeZone" : 3,
          "signDate" : "2019-12-17T06:13+0000"
        },
        {
          "date" : "2019-12-19T21:16+0000",
          "moonPhase" : "phase4",
          "sign" : "libra",
          "moonPhaseDate" : "2019-12-19T03:57+0000",
          "age" : 24,
          "timeZone" : 3,
          "signDate" : "2019-12-17T06:13+0000"
        },
        {
          "date" : "2019-12-20T22:21+0000",
          "moonPhase" : "phase4",
          "sign" : "scorpio",
          "moonPhaseDate" : "2019-12-19T03:57+0000",
          "age" : 25,
          "timeZone" : 3,
          "signDate" : "2019-12-21T12:01+0000"
        },
        {
          "date" : "2019-12-21T23:25+0000",
          "moonPhase" : "phase4",
          "age" : 26,
          "moonPhaseDate" : "2019-12-19T03:57+0000",
          "sign" : "scorpio",
          "timeZone" : 3,
          "signDate" : "2019-12-21T12:01+0000"
        },
        {
          "date" : "2019-12-23T00:30+0000",
          "moonPhase" : "phase4",
          "sign" : "sagittarius",
          "moonPhaseDate" : "2019-12-19T03:57+0000",
          "age" : 27,
          "timeZone" : 3,
          "signDate" : "2019-12-23T15:37+0000"
        },
        {
          "date" : "2019-12-24T01:35+0000",
          "moonPhase" : "phase4",
          "sign" : "sagittarius",
          "age" : 28,
          "moonPhaseDate" : "2019-12-19T03:57+0000",
          "timeZone" : 3,
          "signDate" : "2019-12-23T15:37+0000"
        },
        {
          "moonPhase" : "phase4",
          "date" : "2019-12-25T02:39+0000",
          "sign" : "capricorn",
          "moonPhaseDate" : "2019-12-19T03:57+0000",
          "age" : 29,
          "timeZone" : 3,
          "signDate" : "2019-12-25T20:46+0000"
        },
        {
          "date" : "2019-12-26T03:39+0000",
          "moonPhase" : "newMoon",
          "sign" : "capricorn",
          "moonPhaseDate" : "2019-12-26T04:13+0000",
          "age" : 30,
          "timeZone" : 3,
          "signDate" : "2019-12-25T20:46+0000"
        },
        {
          "moonPhase" : "newMoon",
          "date" : "2019-12-26T04:13+0000",
          "sign" : "capricorn",
          "moonPhaseDate" : "2019-12-26T04:13+0000",
          "age" : 1,
          "timeZone" : 3,
          "signDate" : "2019-12-25T20:46+0000"
        },
        {
          "date" : "2019-12-27T04:35+0000",
          "moonPhase" : "phase1",
          "sign" : "capricorn",
          "moonPhaseDate" : "2019-12-26T04:13+0000",
          "age" : 2,
          "timeZone" : 3,
          "signDate" : "2019-12-25T20:46+0000"
        },
        {
          "date" : "2019-12-28T05:24+0000",
          "moonPhase" : "phase1",
          "sign" : "aquarius",
          "age" : 3,
          "moonPhaseDate" : "2019-12-26T04:13+0000",
          "timeZone" : 3,
          "signDate" : "2019-12-28T04:21+0000"
        },
        {
          "date" : "2019-12-29T06:08+0000",
          "moonPhase" : "phase1",
          "sign" : "aquarius",
          "moonPhaseDate" : "2019-12-26T04:13+0000",
          "age" : 4,
          "timeZone" : 3,
          "signDate" : "2019-12-28T04:21+0000"
        },
        {
          "date" : "2019-12-30T06:46+0000",
          "moonPhase" : "phase1",
          "sign" : "pisces",
          "age" : 5,
          "moonPhaseDate" : "2019-12-26T04:13+0000",
          "timeZone" : 3,
          "signDate" : "2019-12-30T14:43+0000"
        },
        {
          "date" : "2019-12-31T07:20+0000",
          "moonPhase" : "phase1",
          "sign" : "pisces",
          "moonPhaseDate" : "2019-12-26T04:13+0000",
          "age" : 6,
          "timeZone" : 3,
          "signDate" : "2019-12-30T14:43+0000"
        },
        {
          "moonPhase" : "phase1",
          "date" : "2020-01-01T07:52+0000",
          "sign" : "pisces",
          "moonPhaseDate" : null,
          "age" : 7,
          "timeZone" : 3,
          "signDate" : "2019-12-30T14:43+0000"
        },
        {
          "date" : "2020-01-02T08:21+0000",
          "moonPhase" : "phase1",
          "sign" : "aries",
          "moonPhaseDate" : null,
          "age" : 8,
          "timeZone" : 3,
          "signDate" : "2020-01-02T03:01+0000"
        },
        {
          "date" : "2020-01-03T08:49+0000",
          "moonPhase" : "phase2",
          "sign" : "aries",
          "moonPhaseDate" : "2020-01-03T03:45+0000",
          "age" : 9,
          "timeZone" : 3,
          "signDate" : "2020-01-02T03:01+0000"
        },
        {
          "moonPhase" : "phase2",
          "date" : "2020-01-04T09:19+0000",
          "sign" : "taurus",
          "moonPhaseDate" : "2020-01-03T03:45+0000",
          "age" : 10,
          "timeZone" : 3,
          "signDate" : "2020-01-04T15:15+0000"
        },
        {
          "date" : "2020-01-05T09:49+0000",
          "moonPhase" : "phase2",
          "sign" : "taurus",
          "moonPhaseDate" : "2020-01-03T03:45+0000",
          "age" : 11,
          "timeZone" : 3,
          "signDate" : "2020-01-04T15:15+0000"
        },
        {
          "date" : "2020-01-06T10:23+0000",
          "moonPhase" : "phase2",
          "sign" : "taurus",
          "moonPhaseDate" : "2020-01-03T03:45+0000",
          "age" : 12,
          "timeZone" : 3,
          "signDate" : "2020-01-04T15:15+0000"
        },
        {
          "date" : "2020-01-07T11:01+0000",
          "moonPhase" : "phase2",
          "sign" : "gemini",
          "moonPhaseDate" : "2020-01-03T03:45+0000",
          "age" : 13,
          "timeZone" : 3,
          "signDate" : "2020-01-07T01:13+0000"
        },
        {
          "date" : "2020-01-08T11:45+0000",
          "moonPhase" : "phase2",
          "sign" : "gemini",
          "moonPhaseDate" : "2020-01-03T03:45+0000",
          "age" : 14,
          "timeZone" : 3,
          "signDate" : "2020-01-07T01:13+0000"
        },
        {
          "date" : "2020-01-09T12:36+0000",
          "moonPhase" : "phase2",
          "sign" : "cancer",
          "moonPhaseDate" : "2020-01-03T03:45+0000",
          "age" : 15,
          "timeZone" : 3,
          "signDate" : "2020-01-09T07:45+0000"
        },
        {
          "date" : "2020-01-10T13:35+0000",
          "moonPhase" : "fullMoon",
          "age" : 16,
          "moonPhaseDate" : "2020-01-10T18:21+0000",
          "sign" : "cancer",
          "timeZone" : 3,
          "signDate" : "2020-01-09T07:45+0000"
        },
        {
          "moonPhase" : "phase3",
          "date" : "2020-01-11T14:39+0000",
          "sign" : "leo",
          "moonPhaseDate" : "2020-01-10T18:21+0000",
          "age" : 17,
          "timeZone" : 3,
          "signDate" : "2020-01-11T11:16+0000"
        },
        {
          "date" : "2020-01-12T15:46+0000",
          "moonPhase" : "phase3",
          "sign" : "leo",
          "moonPhaseDate" : "2020-01-10T18:21+0000",
          "age" : 18,
          "timeZone" : 3,
          "signDate" : "2020-01-11T11:16+0000"
        },
        {
          "moonPhase" : "phase3",
          "date" : "2020-01-13T16:55+0000",
          "sign" : "virgo",
          "moonPhaseDate" : "2020-01-10T18:21+0000",
          "age" : 19,
          "timeZone" : 3,
          "signDate" : "2020-01-13T13:05+0000"
        },
        {
          "date" : "2020-01-14T18:03+0000",
          "moonPhase" : "phase3",
          "sign" : "virgo",
          "moonPhaseDate" : "2020-01-10T18:21+0000",
          "age" : 20,
          "timeZone" : 3,
          "signDate" : "2020-01-13T13:05+0000"
        },
        {
          "moonPhase" : "phase3",
          "date" : "2020-01-15T19:09+0000",
          "sign" : "libra",
          "moonPhaseDate" : "2020-01-10T18:21+0000",
          "age" : 21,
          "timeZone" : 3,
          "signDate" : "2020-01-15T14:42+0000"
        },
        {
          "moonPhase" : "phase3",
          "date" : "2020-01-16T20:14+0000",
          "sign" : "libra",
          "moonPhaseDate" : "2020-01-10T18:21+0000",
          "age" : 22,
          "timeZone" : 3,
          "signDate" : "2020-01-15T14:42+0000"
        },
        {
          "date" : "2020-01-17T21:19+0000",
          "moonPhase" : "phase4",
          "sign" : "scorpio",
          "age" : 23,
          "moonPhaseDate" : "2020-01-17T11:58+0000",
          "timeZone" : 3,
          "signDate" : "2020-01-15T14:42+0000"
        },
        {
          "date" : "2020-01-18T22:23+0000",
          "moonPhase" : "phase4",
          "sign" : "scorpio",
          "moonPhaseDate" : "2020-01-17T11:58+0000",
          "age" : 24,
          "timeZone" : 3,
          "signDate" : "2020-01-15T14:42+0000"
        },
        {
          "date" : "2020-01-19T23:26+0000",
          "moonPhase" : "phase4",
          "sign" : "sagittarius",
          "age" : 25,
          "moonPhaseDate" : "2020-01-17T11:58+0000",
          "timeZone" : 3,
          "signDate" : "2020-01-19T21:43+0000"
        },
        {
          "date" : "2020-01-21T00:29+0000",
          "moonPhase" : "phase4",
          "sign" : "sagittarius",
          "moonPhaseDate" : "2020-01-17T11:58+0000",
          "age" : 26,
          "timeZone" : 3,
          "signDate" : "2020-01-19T21:43+0000"
        },
        {
          "date" : "2020-01-22T01:29+0000",
          "moonPhase" : "phase4",
          "age" : 27,
          "moonPhaseDate" : "2020-01-17T11:58+0000",
          "sign" : "capricorn",
          "timeZone" : 3,
          "signDate" : "2020-01-22T04:02+0000"
        },
        {
          "date" : "2020-01-23T02:26+0000",
          "moonPhase" : "phase4",
          "age" : 28,
          "moonPhaseDate" : "2020-01-17T11:58+0000",
          "sign" : "capricorn",
          "timeZone" : 3,
          "signDate" : "2020-01-22T04:02+0000"
        },
        {
          "date" : "2020-01-24T03:17+0000",
          "moonPhase" : "newMoon",
          "age" : 29,
          "moonPhaseDate" : "2020-01-24T20:42+0000",
          "sign" : "aquarius",
          "timeZone" : 3,
          "signDate" : "2020-01-24T12:22+0000"
        },
        {
          "date" : "2020-01-24T20:42+0000",
          "moonPhase" : "newMoon",
          "sign" : "aquarius",
          "age" : 1,
          "moonPhaseDate" : "2020-01-24T20:42+0000",
          "timeZone" : 3,
          "signDate" : "2020-01-24T12:22+0000"
        },
        {
          "date" : "2020-01-25T04:03+0000",
          "moonPhase" : "phase1",
          "sign" : "aquarius",
          "moonPhaseDate" : "2020-01-24T20:42+0000",
          "age" : 2,
          "timeZone" : 3,
          "signDate" : "2020-01-24T12:22+0000"
        },
        {
          "date" : "2020-01-26T04:43+0000",
          "moonPhase" : "phase1",
          "sign" : "aquarius",
          "moonPhaseDate" : "2020-01-24T20:42+0000",
          "age" : 3,
          "timeZone" : 3,
          "signDate" : "2020-01-24T12:22+0000"
        },
        {
          "date" : "2020-01-27T05:18+0000",
          "moonPhase" : "phase1",
          "age" : 4,
          "moonPhaseDate" : "2020-01-24T20:42+0000",
          "sign" : "pisces",
          "timeZone" : 3,
          "signDate" : "2020-01-26T22:45+0000"
        },
        {
          "date" : "2020-01-28T05:51+0000",
          "moonPhase" : "phase1",
          "sign" : "pisces",
          "age" : 5,
          "moonPhaseDate" : "2020-01-24T20:42+0000",
          "timeZone" : 3,
          "signDate" : "2020-01-26T22:45+0000"
        },
        {
          "moonPhase" : "phase1",
          "date" : "2020-01-29T06:21+0000",
          "sign" : "aries",
          "moonPhaseDate" : "2020-01-24T20:42+0000",
          "age" : 6,
          "timeZone" : 3,
          "signDate" : "2020-01-29T10:51+0000"
        },
        {
          "date" : "2020-01-30T06:50+0000",
          "moonPhase" : "phase1",
          "age" : 7,
          "moonPhaseDate" : "2020-01-24T20:42+0000",
          "sign" : "aries",
          "timeZone" : 3,
          "signDate" : "2020-01-29T10:51+0000"
        },
        {
          "moonPhase" : "phase1",
          "date" : "2020-01-31T07:18+0000",
          "sign" : "aries",
          "moonPhaseDate" : "2020-01-24T20:42+0000",
          "age" : 8,
          "timeZone" : 3,
          "signDate" : "2020-01-29T10:51+0000"
        },
        {
          "date" : "2020-01-31T07:18+0000",
          "moonPhase" : "phase1",
          "sign" : "aries",
          "age" : 8,
          "moonPhaseDate" : "2020-01-24T20:42+0000",
          "timeZone" : 3,
          "signDate" : "2020-01-29T10:51+0000"
        }
      ],
      "cityName" : "Иерусалим"
    }
  ],
  "countryName" : "Израиль"
}