{
  "countryName" : "ЮАР",
  "cities" : [
    {
      "moonDays" : [
        {
          "timeZone" : 2,
          "date" : "2019-05-01T01:11+0000",
          "age" : 26,
          "sign" : "aries",
          "signDate" : "2019-05-01T10:23+0000",
          "moonPhaseDate" : null,
          "moonPhase" : null
        },
        {
          "timeZone" : 2,
          "date" : "2019-05-02T02:03+0000",
          "age" : 27,
          "sign" : "aries",
          "signDate" : "2019-05-01T10:23+0000",
          "moonPhaseDate" : null,
          "moonPhase" : null
        },
        {
          "timeZone" : 2,
          "date" : "2019-05-03T02:56+0000",
          "age" : 28,
          "sign" : "taurus",
          "signDate" : "2019-05-03T20:21+0000",
          "moonPhaseDate" : null,
          "moonPhase" : null
        },
        {
          "timeZone" : 2,
          "date" : "2019-05-04T03:51+0000",
          "age" : 29,
          "sign" : "taurus",
          "signDate" : "2019-05-03T20:21+0000",
          "moonPhaseDate" : null,
          "moonPhase" : null
        },
        {
          "timeZone" : 2,
          "date" : "2019-05-04T22:45+0000",
          "age" : 1,
          "sign" : "taurus",
          "signDate" : "2019-05-03T20:21+0000",
          "moonPhaseDate" : "2019-05-04T22:45+0000",
          "moonPhase" : "newMoon"
        },
        {
          "timeZone" : 2,
          "date" : "2019-05-05T04:47+0000",
          "age" : 2,
          "sign" : "taurus",
          "signDate" : "2019-05-03T20:21+0000",
          "moonPhaseDate" : "2019-05-04T22:45+0000",
          "moonPhase" : "newMoon"
        },
        {
          "timeZone" : 2,
          "date" : "2019-05-06T05:46+0000",
          "age" : 3,
          "sign" : "gemini",
          "signDate" : "2019-05-06T03:42+0000",
          "moonPhaseDate" : "2019-05-04T22:45+0000",
          "moonPhase" : "phase1"
        },
        {
          "timeZone" : 2,
          "date" : "2019-05-07T06:46+0000",
          "age" : 4,
          "sign" : "gemini",
          "signDate" : "2019-05-06T03:42+0000",
          "moonPhaseDate" : "2019-05-04T22:45+0000",
          "moonPhase" : "phase1"
        },
        {
          "timeZone" : 2,
          "date" : "2019-05-08T07:46+0000",
          "age" : 5,
          "sign" : "cancer",
          "signDate" : "2019-05-08T09:05+0000",
          "moonPhaseDate" : "2019-05-04T22:45+0000",
          "moonPhase" : "phase1"
        },
        {
          "timeZone" : 2,
          "date" : "2019-05-09T08:45+0000",
          "age" : 6,
          "sign" : "cancer",
          "signDate" : "2019-05-08T09:05+0000",
          "moonPhaseDate" : "2019-05-04T22:45+0000",
          "moonPhase" : "phase1"
        },
        {
          "timeZone" : 2,
          "date" : "2019-05-10T09:41+0000",
          "age" : 7,
          "sign" : "leo",
          "signDate" : "2019-05-10T13:12+0000",
          "moonPhaseDate" : "2019-05-04T22:45+0000",
          "moonPhase" : "phase1"
        },
        {
          "timeZone" : 2,
          "date" : "2019-05-11T10:33+0000",
          "age" : 8,
          "sign" : "leo",
          "signDate" : "2019-05-10T13:12+0000",
          "moonPhaseDate" : "2019-05-04T22:45+0000",
          "moonPhase" : "phase1"
        },
        {
          "timeZone" : 2,
          "date" : "2019-05-12T11:21+0000",
          "age" : 9,
          "sign" : "virgo",
          "signDate" : "2019-05-12T16:23+0000",
          "moonPhaseDate" : "2019-05-12T01:12+0000",
          "moonPhase" : "phase2"
        },
        {
          "timeZone" : 2,
          "date" : "2019-05-13T12:04+0000",
          "age" : 10,
          "sign" : "virgo",
          "signDate" : "2019-05-12T16:23+0000",
          "moonPhaseDate" : "2019-05-12T01:12+0000",
          "moonPhase" : "phase2"
        },
        {
          "timeZone" : 2,
          "date" : "2019-05-14T12:45+0000",
          "age" : 11,
          "sign" : "libra",
          "signDate" : "2019-05-14T18:53+0000",
          "moonPhaseDate" : "2019-05-12T01:12+0000",
          "moonPhase" : "phase2"
        },
        {
          "timeZone" : 2,
          "date" : "2019-05-15T13:25+0000",
          "age" : 12,
          "sign" : "libra",
          "signDate" : "2019-05-14T18:53+0000",
          "moonPhaseDate" : "2019-05-12T01:12+0000",
          "moonPhase" : "phase2"
        },
        {
          "timeZone" : 2,
          "date" : "2019-05-16T14:04+0000",
          "age" : 13,
          "sign" : "scorpio",
          "signDate" : "2019-05-16T21:25+0000",
          "moonPhaseDate" : "2019-05-12T01:12+0000",
          "moonPhase" : "phase2"
        },
        {
          "timeZone" : 2,
          "date" : "2019-05-17T14:44+0000",
          "age" : 14,
          "sign" : "scorpio",
          "signDate" : "2019-05-16T21:25+0000",
          "moonPhaseDate" : "2019-05-12T01:12+0000",
          "moonPhase" : "phase2"
        },
        {
          "timeZone" : 2,
          "date" : "2019-05-18T15:26+0000",
          "age" : 15,
          "sign" : "scorpio",
          "signDate" : "2019-05-16T21:25+0000",
          "moonPhaseDate" : "2019-05-18T21:11+0000",
          "moonPhase" : "fullMoon"
        },
        {
          "timeZone" : 2,
          "date" : "2019-05-19T16:10+0000",
          "age" : 16,
          "sign" : "sagittarius",
          "signDate" : "2019-05-19T01:19+0000",
          "moonPhaseDate" : "2019-05-18T21:11+0000",
          "moonPhase" : "phase3"
        },
        {
          "timeZone" : 2,
          "date" : "2019-05-20T16:58+0000",
          "age" : 17,
          "sign" : "sagittarius",
          "signDate" : "2019-05-19T01:19+0000",
          "moonPhaseDate" : "2019-05-18T21:11+0000",
          "moonPhase" : "phase3"
        },
        {
          "timeZone" : 2,
          "date" : "2019-05-21T17:48+0000",
          "age" : 18,
          "sign" : "capricorn",
          "signDate" : "2019-05-21T07:56+0000",
          "moonPhaseDate" : "2019-05-18T21:11+0000",
          "moonPhase" : "phase3"
        },
        {
          "timeZone" : 2,
          "date" : "2019-05-22T18:40+0000",
          "age" : 19,
          "sign" : "capricorn",
          "signDate" : "2019-05-21T07:56+0000",
          "moonPhaseDate" : "2019-05-18T21:11+0000",
          "moonPhase" : "phase3"
        },
        {
          "timeZone" : 2,
          "date" : "2019-05-23T19:32+0000",
          "age" : 20,
          "sign" : "aquarius",
          "signDate" : "2019-05-23T17:51+0000",
          "moonPhaseDate" : "2019-05-18T21:11+0000",
          "moonPhase" : "phase3"
        },
        {
          "timeZone" : 2,
          "date" : "2019-05-24T20:26+0000",
          "age" : 21,
          "sign" : "aquarius",
          "signDate" : "2019-05-23T17:51+0000",
          "moonPhaseDate" : "2019-05-18T21:11+0000",
          "moonPhase" : "phase3"
        },
        {
          "timeZone" : 2,
          "date" : "2019-05-25T21:19+0000",
          "age" : 22,
          "sign" : "aquarius",
          "signDate" : "2019-05-23T17:51+0000",
          "moonPhaseDate" : "2019-05-18T21:11+0000",
          "moonPhase" : "phase3"
        },
        {
          "timeZone" : 2,
          "date" : "2019-05-26T22:11+0000",
          "age" : 23,
          "sign" : "pisces",
          "signDate" : "2019-05-23T17:51+0000",
          "moonPhaseDate" : "2019-05-26T16:33+0000",
          "moonPhase" : "phase4"
        },
        {
          "timeZone" : 2,
          "date" : "2019-05-27T23:02+0000",
          "age" : 24,
          "sign" : "aries",
          "signDate" : "2019-05-28T18:29+0000",
          "moonPhaseDate" : "2019-05-26T16:33+0000",
          "moonPhase" : "phase4"
        },
        {
          "timeZone" : 2,
          "date" : "2019-05-28T23:54+0000",
          "age" : 25,
          "sign" : "aries",
          "signDate" : "2019-05-28T18:29+0000",
          "moonPhaseDate" : "2019-05-26T16:33+0000",
          "moonPhase" : "phase4"
        },
        {
          "timeZone" : 2,
          "date" : "2019-05-30T00:46+0000",
          "age" : 26,
          "sign" : "aries",
          "signDate" : "2019-05-28T18:29+0000",
          "moonPhaseDate" : "2019-05-26T16:33+0000",
          "moonPhase" : "phase4"
        },
        {
          "timeZone" : 2,
          "date" : "2019-05-31T01:40+0000",
          "age" : 27,
          "sign" : "taurus",
          "signDate" : "2019-05-31T04:44+0000",
          "moonPhaseDate" : "2019-05-26T16:33+0000",
          "moonPhase" : "phase4"
        },
        {
          "timeZone" : 2,
          "date" : "2019-06-01T02:35+0000",
          "age" : 28,
          "sign" : "taurus",
          "signDate" : "2019-05-31T04:44+0000",
          "moonPhaseDate" : null,
          "moonPhase" : "phase4"
        },
        {
          "timeZone" : 2,
          "date" : "2019-06-02T03:33+0000",
          "age" : 29,
          "sign" : "gemini",
          "signDate" : "2019-06-02T11:51+0000",
          "moonPhaseDate" : null,
          "moonPhase" : "phase4"
        },
        {
          "timeZone" : 2,
          "date" : "2019-06-03T04:34+0000",
          "age" : 30,
          "sign" : "gemini",
          "signDate" : "2019-06-02T11:51+0000",
          "moonPhaseDate" : "2019-06-03T10:02+0000",
          "moonPhase" : "newMoon"
        },
        {
          "timeZone" : 2,
          "date" : "2019-06-03T10:02+0000",
          "age" : 1,
          "sign" : "gemini",
          "signDate" : "2019-06-02T11:51+0000",
          "moonPhaseDate" : "2019-06-03T10:02+0000",
          "moonPhase" : "newMoon"
        },
        {
          "timeZone" : 2,
          "date" : "2019-06-04T05:36+0000",
          "age" : 2,
          "sign" : "cancer",
          "signDate" : "2019-06-04T16:18+0000",
          "moonPhaseDate" : "2019-06-03T10:02+0000",
          "moonPhase" : "phase1"
        },
        {
          "timeZone" : 2,
          "date" : "2019-06-05T06:37+0000",
          "age" : 3,
          "sign" : "cancer",
          "signDate" : "2019-06-04T16:18+0000",
          "moonPhaseDate" : "2019-06-03T10:02+0000",
          "moonPhase" : "phase1"
        },
        {
          "moonPhaseDate" : "2019-06-03T10:02+0000",
          "date" : "2019-06-06T07:36+0000",
          "timeZone" : 2,
          "signDate" : "2019-06-06T19:14+0000",
          "moonPhase" : "phase1",
          "age" : 4,
          "sign" : "leo"
        },
        {
          "sign" : "leo",
          "date" : "2019-06-07T08:30+0000",
          "timeZone" : 2,
          "signDate" : "2019-06-06T19:14+0000",
          "moonPhase" : "phase1",
          "age" : 5,
          "moonPhaseDate" : "2019-06-03T10:02+0000"
        },
        {
          "sign" : "virgo",
          "date" : "2019-06-08T09:20+0000",
          "timeZone" : 2,
          "signDate" : "2019-06-08T21:43+0000",
          "moonPhase" : "phase1",
          "age" : 6,
          "moonPhaseDate" : "2019-06-03T10:02+0000"
        },
        {
          "sign" : "virgo",
          "date" : "2019-06-09T10:05+0000",
          "timeZone" : 2,
          "signDate" : "2019-06-08T21:43+0000",
          "moonPhase" : "phase1",
          "age" : 7,
          "moonPhaseDate" : "2019-06-03T10:02+0000"
        },
        {
          "moonPhaseDate" : "2019-06-10T05:59+0000",
          "date" : "2019-06-10T10:46+0000",
          "timeZone" : 2,
          "signDate" : "2019-06-08T21:43+0000",
          "moonPhase" : "phase2",
          "age" : 8,
          "sign" : "virgo"
        },
        {
          "sign" : "libra",
          "date" : "2019-06-11T11:26+0000",
          "timeZone" : 2,
          "signDate" : "2019-06-11T00:30+0000",
          "moonPhase" : "phase2",
          "age" : 9,
          "moonPhaseDate" : "2019-06-10T05:59+0000"
        },
        {
          "moonPhaseDate" : "2019-06-10T05:59+0000",
          "date" : "2019-06-12T12:04+0000",
          "timeZone" : 2,
          "signDate" : "2019-06-11T00:30+0000",
          "moonPhase" : "phase2",
          "age" : 10,
          "sign" : "libra"
        },
        {
          "sign" : "scorpio",
          "date" : "2019-06-13T12:42+0000",
          "timeZone" : 2,
          "signDate" : "2019-06-13T04:03+0000",
          "moonPhase" : "phase2",
          "age" : 11,
          "moonPhaseDate" : "2019-06-10T05:59+0000"
        },
        {
          "sign" : "scorpio",
          "date" : "2019-06-14T13:22+0000",
          "timeZone" : 2,
          "signDate" : "2019-06-13T04:03+0000",
          "moonPhase" : "phase2",
          "age" : 12,
          "moonPhaseDate" : "2019-06-10T05:59+0000"
        },
        {
          "moonPhaseDate" : "2019-06-10T05:59+0000",
          "date" : "2019-06-15T14:05+0000",
          "timeZone" : 2,
          "signDate" : "2019-06-15T09:01+0000",
          "moonPhase" : "phase2",
          "age" : 13,
          "sign" : "sagittarius"
        },
        {
          "moonPhaseDate" : "2019-06-10T05:59+0000",
          "date" : "2019-06-16T14:50+0000",
          "timeZone" : 2,
          "signDate" : "2019-06-15T09:01+0000",
          "moonPhase" : "phase2",
          "age" : 14,
          "sign" : "sagittarius"
        },
        {
          "moonPhaseDate" : "2019-06-17T08:31+0000",
          "date" : "2019-06-17T15:39+0000",
          "timeZone" : 2,
          "signDate" : "2019-06-17T16:11+0000",
          "moonPhase" : "fullMoon",
          "age" : 15,
          "sign" : "capricorn"
        },
        {
          "sign" : "capricorn",
          "date" : "2019-06-18T16:30+0000",
          "timeZone" : 2,
          "signDate" : "2019-06-17T16:11+0000",
          "moonPhase" : "phase3",
          "age" : 16,
          "moonPhaseDate" : "2019-06-17T08:31+0000"
        },
        {
          "sign" : "capricorn",
          "date" : "2019-06-19T17:23+0000",
          "timeZone" : 2,
          "signDate" : "2019-06-17T16:11+0000",
          "moonPhase" : "phase3",
          "age" : 17,
          "moonPhaseDate" : "2019-06-17T08:31+0000"
        },
        {
          "moonPhaseDate" : "2019-06-17T08:31+0000",
          "date" : "2019-06-20T18:16+0000",
          "timeZone" : 2,
          "signDate" : "2019-06-20T02:01+0000",
          "moonPhase" : "phase3",
          "age" : 18,
          "sign" : "aquarius"
        },
        {
          "moonPhaseDate" : "2019-06-17T08:31+0000",
          "date" : "2019-06-21T19:10+0000",
          "timeZone" : 2,
          "signDate" : "2019-06-20T02:01+0000",
          "moonPhase" : "phase3",
          "age" : 19,
          "sign" : "aquarius"
        },
        {
          "moonPhaseDate" : "2019-06-17T08:31+0000",
          "date" : "2019-06-22T20:02+0000",
          "timeZone" : 2,
          "signDate" : "2019-06-22T14:01+0000",
          "moonPhase" : "phase3",
          "age" : 20,
          "sign" : "pisces"
        },
        {
          "moonPhaseDate" : "2019-06-17T08:31+0000",
          "date" : "2019-06-23T20:54+0000",
          "timeZone" : 2,
          "signDate" : "2019-06-22T14:01+0000",
          "moonPhase" : "phase3",
          "age" : 21,
          "sign" : "pisces"
        },
        {
          "sign" : "pisces",
          "date" : "2019-06-24T21:45+0000",
          "timeZone" : 2,
          "signDate" : "2019-06-22T14:01+0000",
          "moonPhase" : "phase3",
          "age" : 22,
          "moonPhaseDate" : "2019-06-17T08:31+0000"
        },
        {
          "sign" : "aries",
          "date" : "2019-06-25T22:36+0000",
          "timeZone" : 2,
          "signDate" : "2019-06-22T14:01+0000",
          "moonPhase" : "phase4",
          "age" : 23,
          "moonPhaseDate" : "2019-06-25T09:46+0000"
        },
        {
          "moonPhaseDate" : "2019-06-25T09:46+0000",
          "date" : "2019-06-26T23:28+0000",
          "timeZone" : 2,
          "signDate" : "2019-06-27T13:30+0000",
          "moonPhase" : "phase4",
          "age" : 24,
          "sign" : "taurus"
        },
        {
          "sign" : "taurus",
          "date" : "2019-06-28T00:22+0000",
          "timeZone" : 2,
          "signDate" : "2019-06-27T13:30+0000",
          "moonPhase" : "phase4",
          "age" : 25,
          "moonPhaseDate" : "2019-06-25T09:46+0000"
        },
        {
          "moonPhaseDate" : "2019-06-25T09:46+0000",
          "date" : "2019-06-29T01:18+0000",
          "timeZone" : 2,
          "signDate" : "2019-06-29T21:10+0000",
          "moonPhase" : "phase4",
          "age" : 26,
          "sign" : "gemini"
        },
        {
          "sign" : "gemini",
          "date" : "2019-06-30T02:17+0000",
          "timeZone" : 2,
          "signDate" : "2019-06-29T21:10+0000",
          "moonPhase" : "phase4",
          "age" : 27,
          "moonPhaseDate" : "2019-06-25T09:46+0000"
        },
        {
          "sign" : "gemini",
          "date" : "2019-07-01T03:19+0000",
          "timeZone" : 2,
          "signDate" : "2019-06-29T21:10+0000",
          "moonPhase" : "phase4",
          "age" : 28,
          "moonPhaseDate" : null
        },
        {
          "sign" : "cancer",
          "date" : "2019-07-02T04:22+0000",
          "timeZone" : 2,
          "signDate" : "2019-07-02T01:26+0000",
          "moonPhase" : "newMoon",
          "age" : 29,
          "moonPhaseDate" : "2019-07-02T19:16+0000"
        },
        {
          "sign" : "cancer",
          "date" : "2019-07-02T19:16+0000",
          "timeZone" : 2,
          "signDate" : "2019-07-02T01:26+0000",
          "moonPhase" : "newMoon",
          "age" : 1,
          "moonPhaseDate" : "2019-07-02T19:16+0000"
        },
        {
          "sign" : "cancer",
          "date" : "2019-07-03T05:23+0000",
          "timeZone" : 2,
          "signDate" : "2019-07-02T01:26+0000",
          "moonPhase" : "phase1",
          "age" : 2,
          "moonPhaseDate" : "2019-07-02T19:16+0000"
        },
        {
          "moonPhaseDate" : "2019-07-02T19:16+0000",
          "date" : "2019-07-04T06:21+0000",
          "timeZone" : 2,
          "signDate" : "2019-07-04T03:21+0000",
          "moonPhase" : "phase1",
          "age" : 3,
          "sign" : "leo"
        },
        {
          "moonPhaseDate" : "2019-07-02T19:16+0000",
          "date" : "2019-07-05T07:14+0000",
          "timeZone" : 2,
          "signDate" : "2019-07-04T03:21+0000",
          "moonPhase" : "phase1",
          "age" : 4,
          "sign" : "leo"
        },
        {
          "sign" : "virgo",
          "date" : "2019-07-06T08:02+0000",
          "timeZone" : 2,
          "signDate" : "2019-07-06T04:25+0000",
          "moonPhase" : "phase1",
          "age" : 5,
          "moonPhaseDate" : "2019-07-02T19:16+0000"
        },
        {
          "moonPhaseDate" : "2019-07-02T19:16+0000",
          "date" : "2019-07-07T08:46+0000",
          "timeZone" : 2,
          "signDate" : "2019-07-06T04:25+0000",
          "moonPhase" : "phase1",
          "age" : 6,
          "sign" : "virgo"
        },
        {
          "moonPhaseDate" : "2019-07-02T19:16+0000",
          "date" : "2019-07-08T09:27+0000",
          "timeZone" : 2,
          "signDate" : "2019-07-08T06:07+0000",
          "moonPhase" : "phase1",
          "age" : 7,
          "sign" : "libra"
        },
        {
          "sign" : "libra",
          "date" : "2019-07-09T10:05+0000",
          "timeZone" : 2,
          "signDate" : "2019-07-08T06:07+0000",
          "moonPhase" : "phase2",
          "age" : 8,
          "moonPhaseDate" : "2019-07-09T10:55+0000"
        },
        {
          "moonPhaseDate" : "2019-07-09T10:55+0000",
          "date" : "2019-07-10T10:43+0000",
          "timeZone" : 2,
          "signDate" : "2019-07-10T09:28+0000",
          "moonPhase" : "phase2",
          "age" : 9,
          "sign" : "scorpio"
        },
        {
          "moonPhaseDate" : "2019-07-09T10:55+0000",
          "signDate" : "2019-07-10T09:28+0000",
          "timeZone" : 2,
          "sign" : "scorpio",
          "date" : "2019-07-11T11:22+0000",
          "age" : 10,
          "moonPhase" : "phase2"
        },
        {
          "timeZone" : 2,
          "signDate" : "2019-07-12T15:04+0000",
          "moonPhase" : "phase2",
          "moonPhaseDate" : "2019-07-09T10:55+0000",
          "sign" : "sagittarius",
          "age" : 11,
          "date" : "2019-07-12T12:03+0000"
        },
        {
          "timeZone" : 2,
          "age" : 12,
          "date" : "2019-07-13T12:47+0000",
          "signDate" : "2019-07-12T15:04+0000",
          "sign" : "sagittarius",
          "moonPhase" : "phase2",
          "moonPhaseDate" : "2019-07-09T10:55+0000"
        },
        {
          "sign" : "sagittarius",
          "moonPhaseDate" : "2019-07-09T10:55+0000",
          "moonPhase" : "phase2",
          "timeZone" : 2,
          "date" : "2019-07-14T13:33+0000",
          "age" : 13,
          "signDate" : "2019-07-12T15:04+0000"
        },
        {
          "sign" : "capricorn",
          "moonPhaseDate" : "2019-07-09T10:55+0000",
          "moonPhase" : "phase2",
          "timeZone" : 2,
          "date" : "2019-07-15T14:23+0000",
          "age" : 14,
          "signDate" : "2019-07-14T23:03+0000"
        },
        {
          "sign" : "capricorn",
          "moonPhaseDate" : "2019-07-16T21:38+0000",
          "moonPhase" : "fullMoon",
          "timeZone" : 2,
          "date" : "2019-07-16T15:15+0000",
          "age" : 15,
          "signDate" : "2019-07-14T23:03+0000"
        },
        {
          "sign" : "aquarius",
          "moonPhaseDate" : "2019-07-16T21:38+0000",
          "moonPhase" : "phase3",
          "timeZone" : 2,
          "date" : "2019-07-17T16:08+0000",
          "age" : 16,
          "signDate" : "2019-07-17T09:18+0000"
        },
        {
          "sign" : "aquarius",
          "moonPhaseDate" : "2019-07-16T21:38+0000",
          "moonPhase" : "phase3",
          "timeZone" : 2,
          "date" : "2019-07-18T17:02+0000",
          "age" : 17,
          "signDate" : "2019-07-17T09:18+0000"
        },
        {
          "sign" : "pisces",
          "moonPhaseDate" : "2019-07-16T21:38+0000",
          "moonPhase" : "phase3",
          "timeZone" : 2,
          "date" : "2019-07-19T17:55+0000",
          "age" : 18,
          "signDate" : "2019-07-19T21:19+0000"
        },
        {
          "sign" : "pisces",
          "moonPhaseDate" : "2019-07-16T21:38+0000",
          "moonPhase" : "phase3",
          "timeZone" : 2,
          "date" : "2019-07-20T18:47+0000",
          "age" : 19,
          "signDate" : "2019-07-19T21:19+0000"
        },
        {
          "sign" : "pisces",
          "moonPhaseDate" : "2019-07-16T21:38+0000",
          "moonPhase" : "phase3",
          "timeZone" : 2,
          "date" : "2019-07-21T19:38+0000",
          "age" : 20,
          "signDate" : "2019-07-19T21:19+0000"
        },
        {
          "sign" : "aries",
          "moonPhaseDate" : "2019-07-16T21:38+0000",
          "moonPhase" : "phase3",
          "timeZone" : 2,
          "date" : "2019-07-22T20:29+0000",
          "age" : 21,
          "signDate" : "2019-07-22T10:01+0000"
        },
        {
          "sign" : "aries",
          "moonPhaseDate" : "2019-07-16T21:38+0000",
          "moonPhase" : "phase3",
          "timeZone" : 2,
          "date" : "2019-07-23T21:20+0000",
          "age" : 22,
          "signDate" : "2019-07-22T10:01+0000"
        },
        {
          "sign" : "taurus",
          "moonPhaseDate" : "2019-07-25T01:18+0000",
          "moonPhase" : "phase4",
          "timeZone" : 2,
          "date" : "2019-07-24T22:12+0000",
          "age" : 23,
          "signDate" : "2019-07-22T10:01+0000"
        },
        {
          "sign" : "taurus",
          "moonPhaseDate" : "2019-07-25T01:18+0000",
          "moonPhase" : "phase4",
          "timeZone" : 2,
          "date" : "2019-07-25T23:06+0000",
          "age" : 24,
          "signDate" : "2019-07-22T10:01+0000"
        },
        {
          "sign" : "gemini",
          "moonPhaseDate" : "2019-07-25T01:18+0000",
          "moonPhase" : "phase4",
          "timeZone" : 2,
          "date" : "2019-07-27T00:02+0000",
          "age" : 25,
          "signDate" : "2019-07-27T06:28+0000"
        },
        {
          "sign" : "gemini",
          "moonPhaseDate" : "2019-07-25T01:18+0000",
          "moonPhase" : "phase4",
          "timeZone" : 2,
          "date" : "2019-07-28T01:01+0000",
          "age" : 26,
          "signDate" : "2019-07-27T06:28+0000"
        },
        {
          "sign" : "cancer",
          "moonPhaseDate" : "2019-07-25T01:18+0000",
          "moonPhase" : "phase4",
          "timeZone" : 2,
          "date" : "2019-07-29T02:03+0000",
          "age" : 27,
          "signDate" : "2019-07-29T11:30+0000"
        },
        {
          "sign" : "cancer",
          "moonPhaseDate" : "2019-07-25T01:18+0000",
          "moonPhase" : "phase4",
          "timeZone" : 2,
          "date" : "2019-07-30T03:04+0000",
          "age" : 28,
          "signDate" : "2019-07-29T11:30+0000"
        },
        {
          "sign" : "leo",
          "moonPhaseDate" : "2019-07-25T01:18+0000",
          "moonPhase" : "phase4",
          "timeZone" : 2,
          "date" : "2019-07-31T04:05+0000",
          "age" : 29,
          "signDate" : "2019-07-31T13:18+0000"
        },
        {
          "sign" : "leo",
          "moonPhaseDate" : "2019-08-01T03:12+0000",
          "moonPhase" : "newMoon",
          "timeZone" : 2,
          "date" : "2019-08-01T03:12+0000",
          "age" : 1,
          "signDate" : "2019-07-31T13:18+0000"
        },
        {
          "moonPhaseDate" : "2019-08-01T03:12+0000",
          "sign" : "leo",
          "moonPhase" : "newMoon",
          "timeZone" : 2,
          "date" : "2019-08-01T05:01+0000",
          "age" : 2,
          "signDate" : "2019-07-31T13:18+0000"
        },
        {
          "sign" : "virgo",
          "moonPhaseDate" : "2019-08-01T03:12+0000",
          "moonPhase" : "phase1",
          "timeZone" : 2,
          "date" : "2019-08-02T05:53+0000",
          "age" : 3,
          "signDate" : "2019-08-02T13:23+0000"
        },
        {
          "sign" : "virgo",
          "moonPhaseDate" : "2019-08-01T03:12+0000",
          "moonPhase" : "phase1",
          "timeZone" : 2,
          "date" : "2019-08-03T06:40+0000",
          "age" : 4,
          "signDate" : "2019-08-02T13:23+0000"
        },
        {
          "sign" : "libra",
          "moonPhaseDate" : "2019-08-01T03:12+0000",
          "moonPhase" : "phase1",
          "timeZone" : 2,
          "date" : "2019-08-04T07:23+0000",
          "age" : 5,
          "signDate" : "2019-08-04T13:32+0000"
        },
        {
          "sign" : "libra",
          "moonPhaseDate" : "2019-08-01T03:12+0000",
          "moonPhase" : "phase1",
          "timeZone" : 2,
          "date" : "2019-08-05T08:04+0000",
          "age" : 6,
          "signDate" : "2019-08-04T13:32+0000"
        },
        {
          "sign" : "scorpio",
          "moonPhaseDate" : "2019-08-01T03:12+0000",
          "moonPhase" : "phase1",
          "timeZone" : 2,
          "date" : "2019-08-06T08:43+0000",
          "age" : 7,
          "signDate" : "2019-08-06T15:31+0000"
        },
        {
          "moonPhaseDate" : "2019-08-07T17:31+0000",
          "sign" : "scorpio",
          "moonPhase" : "phase2",
          "timeZone" : 2,
          "date" : "2019-08-07T09:22+0000",
          "age" : 8,
          "signDate" : "2019-08-06T15:31+0000"
        },
        {
          "sign" : "sagittarius",
          "moonPhaseDate" : "2019-08-07T17:31+0000",
          "moonPhase" : "phase2",
          "timeZone" : 2,
          "date" : "2019-08-08T10:03+0000",
          "age" : 9,
          "signDate" : "2019-08-08T20:32+0000"
        },
        {
          "sign" : "sagittarius",
          "moonPhaseDate" : "2019-08-07T17:31+0000",
          "moonPhase" : "phase2",
          "timeZone" : 2,
          "date" : "2019-08-09T10:46+0000",
          "age" : 10,
          "signDate" : "2019-08-08T20:32+0000"
        },
        {
          "sign" : "sagittarius",
          "moonPhaseDate" : "2019-08-07T17:31+0000",
          "moonPhase" : "phase2",
          "timeZone" : 2,
          "date" : "2019-08-10T11:31+0000",
          "age" : 11,
          "signDate" : "2019-08-08T20:32+0000"
        },
        {
          "moonPhaseDate" : "2019-08-07T17:31+0000",
          "sign" : "capricorn",
          "moonPhase" : "phase2",
          "timeZone" : 2,
          "date" : "2019-08-11T12:20+0000",
          "age" : 12,
          "signDate" : "2019-08-11T04:48+0000"
        },
        {
          "sign" : "capricorn",
          "moonPhaseDate" : "2019-08-07T17:31+0000",
          "moonPhase" : "phase2",
          "timeZone" : 2,
          "date" : "2019-08-12T13:10+0000",
          "age" : 13,
          "signDate" : "2019-08-11T04:48+0000"
        },
        {
          "sign" : "aquarius",
          "moonPhaseDate" : "2019-08-07T17:31+0000",
          "moonPhase" : "phase2",
          "timeZone" : 2,
          "date" : "2019-08-13T14:03+0000",
          "age" : 14,
          "signDate" : "2019-08-13T15:36+0000"
        },
        {
          "sign" : "aquarius",
          "moonPhaseDate" : "2019-08-07T17:31+0000",
          "moonPhase" : "phase2",
          "timeZone" : 2,
          "date" : "2019-08-14T14:56+0000",
          "age" : 15,
          "signDate" : "2019-08-13T15:36+0000"
        },
        {
          "sign" : "aquarius",
          "moonPhaseDate" : "2019-08-15T12:29+0000",
          "moonPhase" : "fullMoon",
          "timeZone" : 2,
          "date" : "2019-08-15T15:49+0000",
          "age" : 16,
          "signDate" : "2019-08-13T15:36+0000"
        },
        {
          "sign" : "pisces",
          "moonPhaseDate" : "2019-08-15T12:29+0000",
          "moonPhase" : "phase3",
          "timeZone" : 2,
          "date" : "2019-08-16T16:41+0000",
          "age" : 17,
          "signDate" : "2019-08-16T03:50+0000"
        },
        {
          "sign" : "pisces",
          "moonPhaseDate" : "2019-08-15T12:29+0000",
          "moonPhase" : "phase3",
          "timeZone" : 2,
          "date" : "2019-08-17T17:33+0000",
          "age" : 18,
          "signDate" : "2019-08-16T03:50+0000"
        },
        {
          "sign" : "aries",
          "moonPhaseDate" : "2019-08-15T12:29+0000",
          "moonPhase" : "phase3",
          "timeZone" : 2,
          "date" : "2019-08-18T18:23+0000",
          "age" : 19,
          "signDate" : "2019-08-18T16:32+0000"
        },
        {
          "sign" : "aries",
          "moonPhaseDate" : "2019-08-15T12:29+0000",
          "moonPhase" : "phase3",
          "timeZone" : 2,
          "date" : "2019-08-19T19:14+0000",
          "age" : 20,
          "signDate" : "2019-08-18T16:32+0000"
        },
        {
          "sign" : "aries",
          "moonPhaseDate" : "2019-08-15T12:29+0000",
          "moonPhase" : "phase3",
          "timeZone" : 2,
          "date" : "2019-08-20T20:05+0000",
          "age" : 21,
          "signDate" : "2019-08-18T16:32+0000"
        },
        {
          "sign" : "taurus",
          "moonPhaseDate" : "2019-08-15T12:29+0000",
          "moonPhase" : "phase3",
          "timeZone" : 2,
          "date" : "2019-08-21T20:58+0000",
          "age" : 22,
          "signDate" : "2019-08-21T04:36+0000"
        },
        {
          "sign" : "taurus",
          "moonPhaseDate" : "2019-08-15T12:29+0000",
          "moonPhase" : "phase3",
          "timeZone" : 2,
          "date" : "2019-08-22T21:52+0000",
          "age" : 23,
          "signDate" : "2019-08-21T04:36+0000"
        },
        {
          "sign" : "gemini",
          "moonPhaseDate" : "2019-08-23T14:56+0000",
          "moonPhase" : "phase4",
          "timeZone" : 2,
          "date" : "2019-08-23T22:48+0000",
          "age" : 24,
          "signDate" : "2019-08-21T04:36+0000"
        },
        {
          "sign" : "cancer",
          "moonPhaseDate" : "2019-08-23T14:56+0000",
          "moonPhase" : "phase4",
          "timeZone" : 2,
          "date" : "2019-08-24T23:47+0000",
          "age" : 25,
          "signDate" : "2019-08-25T21:05+0000"
        },
        {
          "sign" : "cancer",
          "moonPhaseDate" : "2019-08-23T14:56+0000",
          "moonPhase" : "phase4",
          "timeZone" : 2,
          "date" : "2019-08-26T00:47+0000",
          "age" : 26,
          "signDate" : "2019-08-25T21:05+0000"
        },
        {
          "sign" : "cancer",
          "moonPhaseDate" : "2019-08-23T14:56+0000",
          "moonPhase" : "phase4",
          "timeZone" : 2,
          "date" : "2019-08-27T01:46+0000",
          "age" : 27,
          "signDate" : "2019-08-25T21:05+0000"
        },
        {
          "sign" : "leo",
          "moonPhaseDate" : "2019-08-23T14:56+0000",
          "moonPhase" : "phase4",
          "timeZone" : 2,
          "date" : "2019-08-28T02:45+0000",
          "age" : 28,
          "signDate" : "2019-08-27T23:51+0000"
        },
        {
          "sign" : "leo",
          "moonPhaseDate" : "2019-08-23T14:56+0000",
          "moonPhase" : "phase4",
          "timeZone" : 2,
          "date" : "2019-08-29T03:39+0000",
          "age" : 29,
          "signDate" : "2019-08-27T23:51+0000"
        },
        {
          "sign" : "virgo",
          "moonPhaseDate" : "2019-08-30T10:37+0000",
          "moonPhase" : "newMoon",
          "timeZone" : 2,
          "date" : "2019-08-30T04:28+0000",
          "age" : 30,
          "signDate" : "2019-08-29T23:57+0000"
        },
        {
          "sign" : "virgo",
          "moonPhaseDate" : "2019-08-30T10:37+0000",
          "moonPhase" : "newMoon",
          "timeZone" : 2,
          "date" : "2019-08-30T10:37+0000",
          "age" : 1,
          "signDate" : "2019-08-29T23:57+0000"
        },
        {
          "sign" : "virgo",
          "moonPhaseDate" : "2019-08-30T10:37+0000",
          "moonPhase" : "phase1",
          "timeZone" : 2,
          "date" : "2019-08-31T05:14+0000",
          "age" : 2,
          "signDate" : "2019-08-29T23:57+0000"
        },
        {
          "sign" : "libra",
          "moonPhaseDate" : null,
          "moonPhase" : "phase1",
          "timeZone" : 2,
          "date" : "2019-09-01T05:57+0000",
          "age" : 3,
          "signDate" : "2019-08-31T23:12+0000"
        },
        {
          "sign" : "libra",
          "moonPhaseDate" : null,
          "moonPhase" : "phase1",
          "timeZone" : 2,
          "date" : "2019-09-02T06:38+0000",
          "age" : 4,
          "signDate" : "2019-08-31T23:12+0000"
        },
        {
          "moonPhaseDate" : null,
          "sign" : "scorpio",
          "moonPhase" : "phase1",
          "timeZone" : 2,
          "date" : "2019-09-03T07:18+0000",
          "age" : 5,
          "signDate" : "2019-09-02T23:38+0000"
        },
        {
          "sign" : "scorpio",
          "moonPhaseDate" : null,
          "moonPhase" : "phase1",
          "timeZone" : 2,
          "date" : "2019-09-04T08:00+0000",
          "age" : 6,
          "signDate" : "2019-09-02T23:38+0000"
        },
        {
          "sign" : "sagittarius",
          "moonPhaseDate" : null,
          "moonPhase" : "phase1",
          "timeZone" : 2,
          "date" : "2019-09-05T08:43+0000",
          "age" : 7,
          "signDate" : "2019-09-05T03:06+0000"
        },
        {
          "sign" : "sagittarius",
          "moonPhaseDate" : "2019-09-06T03:10+0000",
          "moonPhase" : "phase2",
          "timeZone" : 2,
          "date" : "2019-09-06T09:28+0000",
          "age" : 8,
          "signDate" : "2019-09-05T03:06+0000"
        },
        {
          "sign" : "capricorn",
          "moonPhaseDate" : "2019-09-06T03:10+0000",
          "moonPhase" : "phase2",
          "timeZone" : 2,
          "date" : "2019-09-07T10:16+0000",
          "age" : 9,
          "signDate" : "2019-09-07T10:35+0000"
        },
        {
          "moonPhaseDate" : "2019-09-06T03:10+0000",
          "sign" : "capricorn",
          "moonPhase" : "phase2",
          "timeZone" : 2,
          "date" : "2019-09-08T11:07+0000",
          "age" : 10,
          "signDate" : "2019-09-07T10:35+0000"
        },
        {
          "sign" : "aquarius",
          "moonPhaseDate" : "2019-09-06T03:10+0000",
          "moonPhase" : "phase2",
          "timeZone" : 2,
          "date" : "2019-09-09T11:59+0000",
          "age" : 11,
          "signDate" : "2019-09-09T21:25+0000"
        },
        {
          "sign" : "aquarius",
          "moonPhaseDate" : "2019-09-06T03:10+0000",
          "moonPhase" : "phase2",
          "timeZone" : 2,
          "date" : "2019-09-10T12:52+0000",
          "age" : 12,
          "signDate" : "2019-09-09T21:25+0000"
        },
        {
          "sign" : "aquarius",
          "moonPhaseDate" : "2019-09-06T03:10+0000",
          "moonPhase" : "phase2",
          "timeZone" : 2,
          "date" : "2019-09-11T13:44+0000",
          "age" : 13,
          "signDate" : "2019-09-09T21:25+0000"
        },
        {
          "moonPhaseDate" : "2019-09-06T03:10+0000",
          "sign" : "pisces",
          "moonPhase" : "phase2",
          "timeZone" : 2,
          "date" : "2019-09-12T14:37+0000",
          "age" : 14,
          "signDate" : "2019-09-12T09:53+0000"
        },
        {
          "sign" : "pisces",
          "moonPhaseDate" : "2019-09-06T03:10+0000",
          "moonPhase" : "phase2",
          "timeZone" : 2,
          "date" : "2019-09-13T15:29+0000",
          "age" : 15,
          "signDate" : "2019-09-12T09:53+0000"
        },
        {
          "sign" : "pisces",
          "moonPhaseDate" : "2019-09-14T04:33+0000",
          "moonPhase" : "fullMoon",
          "timeZone" : 2,
          "date" : "2019-09-14T16:20+0000",
          "age" : 16,
          "signDate" : "2019-09-12T09:53+0000"
        },
        {
          "sign" : "aries",
          "moonPhaseDate" : "2019-09-14T04:33+0000",
          "moonPhase" : "phase3",
          "timeZone" : 2,
          "date" : "2019-09-15T17:10+0000",
          "age" : 17,
          "signDate" : "2019-09-14T22:32+0000"
        },
        {
          "sign" : "aries",
          "moonPhaseDate" : "2019-09-14T04:33+0000",
          "moonPhase" : "phase3",
          "timeZone" : 2,
          "date" : "2019-09-16T18:01+0000",
          "age" : 18,
          "signDate" : "2019-09-14T22:32+0000"
        },
        {
          "sign" : "taurus",
          "moonPhaseDate" : "2019-09-14T04:33+0000",
          "moonPhase" : "phase3",
          "timeZone" : 2,
          "date" : "2019-09-17T18:53+0000",
          "age" : 19,
          "signDate" : "2019-09-17T10:30+0000"
        },
        {
          "sign" : "taurus",
          "moonPhaseDate" : "2019-09-14T04:33+0000",
          "moonPhase" : "phase3",
          "timeZone" : 2,
          "date" : "2019-09-18T19:47+0000",
          "age" : 20,
          "signDate" : "2019-09-17T10:30+0000"
        },
        {
          "sign" : "gemini",
          "moonPhaseDate" : "2019-09-14T04:33+0000",
          "moonPhase" : "phase3",
          "timeZone" : 2,
          "date" : "2019-09-19T20:42+0000",
          "age" : 21,
          "signDate" : "2019-09-19T20:58+0000"
        },
        {
          "sign" : "gemini",
          "moonPhaseDate" : "2019-09-14T04:33+0000",
          "moonPhase" : "phase3",
          "timeZone" : 2,
          "date" : "2019-09-20T21:38+0000",
          "age" : 22,
          "signDate" : "2019-09-19T20:58+0000"
        },
        {
          "sign" : "cancer",
          "moonPhaseDate" : "2019-09-22T02:41+0000",
          "moonPhase" : "phase4",
          "timeZone" : 2,
          "date" : "2019-09-21T22:37+0000",
          "age" : 23,
          "signDate" : "2019-09-22T04:52+0000"
        },
        {
          "sign" : "cancer",
          "moonPhaseDate" : "2019-09-22T02:41+0000",
          "moonPhase" : "phase4",
          "timeZone" : 2,
          "date" : "2019-09-22T23:35+0000",
          "age" : 24,
          "signDate" : "2019-09-22T04:52+0000"
        },
        {
          "sign" : "leo",
          "moonPhaseDate" : "2019-09-22T02:41+0000",
          "moonPhase" : "phase4",
          "timeZone" : 2,
          "date" : "2019-09-24T00:31+0000",
          "age" : 25,
          "signDate" : "2019-09-24T09:19+0000"
        },
        {
          "sign" : "leo",
          "moonPhaseDate" : "2019-09-22T02:41+0000",
          "moonPhase" : "phase4",
          "timeZone" : 2,
          "date" : "2019-09-25T01:25+0000",
          "age" : 26,
          "signDate" : "2019-09-24T09:19+0000"
        },
        {
          "sign" : "virgo",
          "moonPhaseDate" : "2019-09-22T02:41+0000",
          "moonPhase" : "phase4",
          "timeZone" : 2,
          "date" : "2019-09-26T02:15+0000",
          "age" : 27,
          "signDate" : "2019-09-26T10:35+0000"
        },
        {
          "sign" : "virgo",
          "moonPhaseDate" : "2019-09-22T02:41+0000",
          "moonPhase" : "phase4",
          "timeZone" : 2,
          "date" : "2019-09-27T03:02+0000",
          "age" : 28,
          "signDate" : "2019-09-26T10:35+0000"
        },
        {
          "sign" : "libra",
          "moonPhaseDate" : "2019-09-28T18:26+0000",
          "moonPhase" : "newMoon",
          "timeZone" : 2,
          "date" : "2019-09-28T03:46+0000",
          "age" : 29,
          "signDate" : "2019-09-28T10:04+0000"
        },
        {
          "sign" : "libra",
          "moonPhaseDate" : "2019-09-28T18:26+0000",
          "moonPhase" : "newMoon",
          "timeZone" : 2,
          "date" : "2019-09-28T18:26+0000",
          "age" : 1,
          "signDate" : "2019-09-28T10:04+0000"
        },
        {
          "sign" : "libra",
          "moonPhaseDate" : "2019-09-28T18:26+0000",
          "moonPhase" : "phase1",
          "timeZone" : 2,
          "date" : "2019-09-29T04:28+0000",
          "age" : 2,
          "signDate" : "2019-09-28T10:04+0000"
        },
        {
          "sign" : "scorpio",
          "moonPhaseDate" : "2019-09-28T18:26+0000",
          "moonPhase" : "phase1",
          "timeZone" : 2,
          "date" : "2019-09-30T05:09+0000",
          "age" : 3,
          "signDate" : "2019-09-30T09:45+0000"
        },
        {
          "sign" : "scorpio",
          "moonPhaseDate" : null,
          "moonPhase" : "phase1",
          "timeZone" : 2,
          "date" : "2019-10-01T05:51+0000",
          "age" : 4,
          "signDate" : "2019-09-30T09:45+0000"
        },
        {
          "sign" : "sagittarius",
          "moonPhaseDate" : null,
          "moonPhase" : "phase1",
          "timeZone" : 2,
          "date" : "2019-10-02T06:35+0000",
          "age" : 5,
          "signDate" : "2019-10-02T11:45+0000"
        },
        {
          "sign" : "sagittarius",
          "moonPhaseDate" : null,
          "moonPhase" : "phase1",
          "timeZone" : 2,
          "date" : "2019-10-03T07:21+0000",
          "age" : 6,
          "signDate" : "2019-10-02T11:45+0000"
        },
        {
          "sign" : "capricorn",
          "moonPhaseDate" : null,
          "moonPhase" : "phase1",
          "timeZone" : 2,
          "date" : "2019-10-04T08:09+0000",
          "age" : 7,
          "signDate" : "2019-10-04T17:41+0000"
        },
        {
          "moonPhaseDate" : "2019-10-05T16:47+0000",
          "sign" : "capricorn",
          "moonPhase" : "phase2",
          "timeZone" : 2,
          "date" : "2019-10-05T09:00+0000",
          "age" : 8,
          "signDate" : "2019-10-04T17:41+0000"
        },
        {
          "moonPhaseDate" : "2019-10-05T16:47+0000",
          "sign" : "capricorn",
          "moonPhase" : "phase2",
          "timeZone" : 2,
          "date" : "2019-10-06T09:53+0000",
          "age" : 9,
          "signDate" : "2019-10-04T17:41+0000"
        },
        {
          "sign" : "aquarius",
          "moonPhaseDate" : "2019-10-05T16:47+0000",
          "moonPhase" : "phase2",
          "timeZone" : 2,
          "date" : "2019-10-07T10:46+0000",
          "age" : 10,
          "signDate" : "2019-10-07T03:43+0000"
        },
        {
          "sign" : "aquarius",
          "moonPhaseDate" : "2019-10-05T16:47+0000",
          "moonPhase" : "phase2",
          "timeZone" : 2,
          "date" : "2019-10-08T11:39+0000",
          "age" : 11,
          "signDate" : "2019-10-07T03:43+0000"
        },
        {
          "sign" : "pisces",
          "moonPhaseDate" : "2019-10-05T16:47+0000",
          "moonPhase" : "phase2",
          "timeZone" : 2,
          "date" : "2019-10-09T12:32+0000",
          "age" : 12,
          "signDate" : "2019-10-09T16:08+0000"
        },
        {
          "sign" : "pisces",
          "moonPhaseDate" : "2019-10-05T16:47+0000",
          "moonPhase" : "phase2",
          "timeZone" : 2,
          "date" : "2019-10-10T13:24+0000",
          "age" : 13,
          "signDate" : "2019-10-09T16:08+0000"
        },
        {
          "sign" : "pisces",
          "moonPhaseDate" : "2019-10-05T16:47+0000",
          "moonPhase" : "phase2",
          "timeZone" : 2,
          "date" : "2019-10-11T14:15+0000",
          "age" : 14,
          "signDate" : "2019-10-09T16:08+0000"
        },
        {
          "sign" : "aries",
          "moonPhaseDate" : "2019-10-05T16:47+0000",
          "moonPhase" : "phase2",
          "timeZone" : 2,
          "date" : "2019-10-12T15:06+0000",
          "age" : 15,
          "signDate" : "2019-10-12T04:46+0000"
        },
        {
          "sign" : "aries",
          "moonPhaseDate" : "2019-10-13T21:08+0000",
          "moonPhase" : "fullMoon",
          "timeZone" : 2,
          "date" : "2019-10-13T15:57+0000",
          "age" : 16,
          "signDate" : "2019-10-12T04:46+0000"
        },
        {
          "sign" : "taurus",
          "moonPhaseDate" : "2019-10-13T21:08+0000",
          "moonPhase" : "phase3",
          "timeZone" : 2,
          "date" : "2019-10-14T16:49+0000",
          "age" : 17,
          "signDate" : "2019-10-14T16:23+0000"
        },
        {
          "sign" : "taurus",
          "moonPhaseDate" : "2019-10-13T21:08+0000",
          "moonPhase" : "phase3",
          "timeZone" : 2,
          "date" : "2019-10-15T17:43+0000",
          "age" : 18,
          "signDate" : "2019-10-14T16:23+0000"
        },
        {
          "sign" : "taurus",
          "moonPhaseDate" : "2019-10-13T21:08+0000",
          "moonPhase" : "phase3",
          "timeZone" : 2,
          "date" : "2019-10-16T18:37+0000",
          "age" : 19,
          "signDate" : "2019-10-14T16:23+0000"
        },
        {
          "sign" : "gemini",
          "moonPhaseDate" : "2019-10-13T21:08+0000",
          "moonPhase" : "phase3",
          "timeZone" : 2,
          "date" : "2019-10-17T19:34+0000",
          "age" : 20,
          "signDate" : "2019-10-17T02:29+0000"
        },
        {
          "sign" : "gemini",
          "moonPhaseDate" : "2019-10-13T21:08+0000",
          "moonPhase" : "phase3",
          "timeZone" : 2,
          "date" : "2019-10-18T20:31+0000",
          "age" : 21,
          "signDate" : "2019-10-17T02:29+0000"
        },
        {
          "sign" : "cancer",
          "moonPhaseDate" : "2019-10-13T21:08+0000",
          "moonPhase" : "phase3",
          "timeZone" : 2,
          "date" : "2019-10-19T21:29+0000",
          "age" : 22,
          "signDate" : "2019-10-19T10:42+0000"
        },
        {
          "sign" : "leo",
          "moonPhaseDate" : "2019-10-21T12:39+0000",
          "moonPhase" : "phase4",
          "timeZone" : 2,
          "date" : "2019-10-20T22:25+0000",
          "age" : 23,
          "signDate" : "2019-10-21T16:30+0000"
        },
        {
          "sign" : "leo",
          "moonPhaseDate" : "2019-10-21T12:39+0000",
          "moonPhase" : "phase4",
          "timeZone" : 2,
          "date" : "2019-10-21T23:18+0000",
          "age" : 24,
          "signDate" : "2019-10-21T16:30+0000"
        },
        {
          "sign" : "virgo",
          "moonPhaseDate" : "2019-10-21T12:39+0000",
          "moonPhase" : "phase4",
          "timeZone" : 2,
          "date" : "2019-10-23T00:08+0000",
          "age" : 25,
          "signDate" : "2019-10-23T19:30+0000"
        },
        {
          "sign" : "virgo",
          "moonPhaseDate" : "2019-10-21T12:39+0000",
          "moonPhase" : "phase4",
          "timeZone" : 2,
          "date" : "2019-10-24T00:54+0000",
          "age" : 26,
          "signDate" : "2019-10-23T19:30+0000"
        },
        {
          "sign" : "libra",
          "moonPhaseDate" : "2019-10-21T12:39+0000",
          "moonPhase" : "phase4",
          "timeZone" : 2,
          "date" : "2019-10-25T01:37+0000",
          "age" : 27,
          "signDate" : "2019-10-25T20:20+0000"
        },
        {
          "sign" : "libra",
          "moonPhaseDate" : "2019-10-21T12:39+0000",
          "moonPhase" : "phase4",
          "timeZone" : 2,
          "date" : "2019-10-26T02:19+0000",
          "age" : 28,
          "signDate" : "2019-10-25T20:20+0000"
        },
        {
          "sign" : "scorpio",
          "moonPhaseDate" : "2019-10-21T12:39+0000",
          "moonPhase" : "phase4",
          "timeZone" : 2,
          "date" : "2019-10-27T03:00+0000",
          "age" : 29,
          "signDate" : "2019-10-27T20:31+0000"
        },
        {
          "sign" : "scorpio",
          "moonPhaseDate" : "2019-10-28T03:38+0000",
          "moonPhase" : "newMoon",
          "timeZone" : 2,
          "date" : "2019-10-28T03:38+0000",
          "age" : 1,
          "signDate" : "2019-10-27T20:31+0000"
        },
        {
          "sign" : "scorpio",
          "moonPhaseDate" : "2019-10-28T03:38+0000",
          "moonPhase" : "newMoon",
          "timeZone" : 2,
          "date" : "2019-10-28T03:41+0000",
          "age" : 2,
          "signDate" : "2019-10-27T20:31+0000"
        },
        {
          "sign" : "sagittarius",
          "moonPhaseDate" : "2019-10-28T03:38+0000",
          "moonPhase" : "phase1",
          "timeZone" : 2,
          "date" : "2019-10-29T04:24+0000",
          "age" : 3,
          "signDate" : "2019-10-28T22:00+0000"
        },
        {
          "moonPhaseDate" : "2019-10-28T03:38+0000",
          "sign" : "sagittarius",
          "moonPhase" : "phase1",
          "timeZone" : 2,
          "date" : "2019-10-30T05:09+0000",
          "age" : 4,
          "signDate" : "2019-10-28T22:00+0000"
        },
        {
          "sign" : "sagittarius",
          "moonPhaseDate" : "2019-10-28T03:38+0000",
          "moonPhase" : "phase1",
          "timeZone" : 2,
          "date" : "2019-10-31T05:58+0000",
          "age" : 5,
          "signDate" : "2019-10-28T22:00+0000"
        },
        {
          "sign" : "capricorn",
          "moonPhaseDate" : null,
          "moonPhase" : "phase1",
          "timeZone" : 2,
          "date" : "2019-11-01T06:49+0000",
          "age" : 6,
          "signDate" : "2019-11-01T02:38+0000"
        },
        {
          "sign" : "capricorn",
          "moonPhaseDate" : null,
          "moonPhase" : "phase1",
          "timeZone" : 2,
          "date" : "2019-11-02T07:42+0000",
          "age" : 7,
          "signDate" : "2019-11-01T02:38+0000"
        },
        {
          "sign" : "aquarius",
          "moonPhaseDate" : null,
          "moonPhase" : "phase1",
          "timeZone" : 2,
          "date" : "2019-11-03T08:37+0000",
          "age" : 8,
          "signDate" : "2019-11-03T11:21+0000"
        },
        {
          "sign" : "aquarius",
          "moonPhaseDate" : "2019-11-04T10:23+0000",
          "moonPhase" : "phase2",
          "timeZone" : 2,
          "date" : "2019-11-04T09:31+0000",
          "age" : 9,
          "signDate" : "2019-11-03T11:21+0000"
        },
        {
          "sign" : "aquarius",
          "moonPhaseDate" : "2019-11-04T10:23+0000",
          "moonPhase" : "phase2",
          "timeZone" : 2,
          "date" : "2019-11-05T10:25+0000",
          "age" : 10,
          "signDate" : "2019-11-03T11:21+0000"
        },
        {
          "moonPhaseDate" : "2019-11-04T10:23+0000",
          "sign" : "pisces",
          "moonPhase" : "phase2",
          "timeZone" : 2,
          "date" : "2019-11-06T11:17+0000",
          "age" : 11,
          "signDate" : "2019-11-05T23:11+0000"
        },
        {
          "sign" : "pisces",
          "moonPhaseDate" : "2019-11-04T10:23+0000",
          "moonPhase" : "phase2",
          "timeZone" : 2,
          "date" : "2019-11-07T12:09+0000",
          "age" : 12,
          "signDate" : "2019-11-05T23:11+0000"
        },
        {
          "sign" : "aries",
          "moonPhaseDate" : "2019-11-04T10:23+0000",
          "moonPhase" : "phase2",
          "timeZone" : 2,
          "date" : "2019-11-08T13:00+0000",
          "age" : 13,
          "signDate" : "2019-11-08T11:50+0000"
        },
        {
          "sign" : "aries",
          "moonPhaseDate" : "2019-11-04T10:23+0000",
          "moonPhase" : "phase2",
          "timeZone" : 2,
          "date" : "2019-11-09T13:51+0000",
          "age" : 14,
          "signDate" : "2019-11-08T11:50+0000"
        },
        {
          "sign" : "aries",
          "moonPhaseDate" : "2019-11-04T10:23+0000",
          "moonPhase" : "phase2",
          "timeZone" : 2,
          "date" : "2019-11-10T14:43+0000",
          "age" : 15,
          "signDate" : "2019-11-08T11:50+0000"
        },
        {
          "sign" : "taurus",
          "moonPhaseDate" : "2019-11-04T10:23+0000",
          "moonPhase" : "phase2",
          "timeZone" : 2,
          "date" : "2019-11-11T15:36+0000",
          "age" : 16,
          "signDate" : "2019-11-10T23:19+0000"
        },
        {
          "sign" : "taurus",
          "moonPhaseDate" : "2019-11-12T13:35+0000",
          "moonPhase" : "fullMoon",
          "timeZone" : 2,
          "date" : "2019-11-12T16:31+0000",
          "age" : 17,
          "signDate" : "2019-11-10T23:19+0000"
        },
        {
          "moonPhaseDate" : "2019-11-12T13:35+0000",
          "sign" : "gemini",
          "moonPhase" : "phase3",
          "timeZone" : 2,
          "date" : "2019-11-13T17:28+0000",
          "age" : 18,
          "signDate" : "2019-11-13T08:45+0000"
        },
        {
          "sign" : "gemini",
          "moonPhaseDate" : "2019-11-12T13:35+0000",
          "moonPhase" : "phase3",
          "timeZone" : 2,
          "date" : "2019-11-14T18:26+0000",
          "age" : 19,
          "signDate" : "2019-11-13T08:45+0000"
        },
        {
          "sign" : "cancer",
          "moonPhaseDate" : "2019-11-12T13:35+0000",
          "moonPhase" : "phase3",
          "timeZone" : 2,
          "date" : "2019-11-15T19:25+0000",
          "age" : 20,
          "signDate" : "2019-11-15T16:12+0000"
        },
        {
          "sign" : "cancer",
          "moonPhaseDate" : "2019-11-12T13:35+0000",
          "moonPhase" : "phase3",
          "timeZone" : 2,
          "date" : "2019-11-16T20:22+0000",
          "age" : 21,
          "signDate" : "2019-11-15T16:12+0000"
        },
        {
          "sign" : "leo",
          "moonPhaseDate" : "2019-11-12T13:35+0000",
          "moonPhase" : "phase3",
          "timeZone" : 2,
          "date" : "2019-11-17T21:16+0000",
          "age" : 22,
          "signDate" : "2019-11-17T21:54+0000"
        },
        {
          "sign" : "leo",
          "moonPhaseDate" : "2019-11-19T21:11+0000",
          "moonPhase" : "phase4",
          "timeZone" : 2,
          "date" : "2019-11-18T22:06+0000",
          "age" : 23,
          "signDate" : "2019-11-17T21:54+0000"
        },
        {
          "sign" : "virgo",
          "moonPhaseDate" : "2019-11-19T21:11+0000",
          "moonPhase" : "phase4",
          "timeZone" : 2,
          "date" : "2019-11-19T22:52+0000",
          "age" : 24,
          "signDate" : "2019-11-20T01:54+0000"
        },
        {
          "moonPhaseDate" : "2019-11-19T21:11+0000",
          "sign" : "virgo",
          "moonPhase" : "phase4",
          "timeZone" : 2,
          "date" : "2019-11-20T23:35+0000",
          "age" : 25,
          "signDate" : "2019-11-20T01:54+0000"
        },
        {
          "moonPhaseDate" : "2019-11-19T21:11+0000",
          "sign" : "libra",
          "moonPhase" : "phase4",
          "timeZone" : 2,
          "date" : "2019-11-22T00:15+0000",
          "age" : 26,
          "signDate" : "2019-11-22T04:22+0000"
        },
        {
          "sign" : "libra",
          "moonPhaseDate" : "2019-11-19T21:11+0000",
          "moonPhase" : "phase4",
          "timeZone" : 2,
          "date" : "2019-11-23T00:54+0000",
          "age" : 27,
          "signDate" : "2019-11-22T04:22+0000"
        },
        {
          "sign" : "scorpio",
          "moonPhaseDate" : "2019-11-19T21:11+0000",
          "moonPhase" : "phase4",
          "timeZone" : 2,
          "date" : "2019-11-24T01:34+0000",
          "age" : 28,
          "signDate" : "2019-11-24T06:01+0000"
        },
        {
          "sign" : "scorpio",
          "moonPhaseDate" : "2019-11-19T21:11+0000",
          "moonPhase" : "phase4",
          "timeZone" : 2,
          "date" : "2019-11-25T02:14+0000",
          "age" : 29,
          "signDate" : "2019-11-24T06:01+0000"
        },
        {
          "moonPhaseDate" : "2019-11-26T15:06+0000",
          "sign" : "sagittarius",
          "moonPhase" : "newMoon",
          "timeZone" : 2,
          "date" : "2019-11-26T02:58+0000",
          "age" : 30,
          "signDate" : "2019-11-26T08:12+0000"
        },
        {
          "moonPhaseDate" : "2019-11-26T15:06+0000",
          "sign" : "sagittarius",
          "moonPhase" : "newMoon",
          "timeZone" : 2,
          "date" : "2019-11-26T15:06+0000",
          "age" : 1,
          "signDate" : "2019-11-26T08:12+0000"
        },
        {
          "sign" : "sagittarius",
          "moonPhaseDate" : "2019-11-26T15:06+0000",
          "moonPhase" : "phase1",
          "timeZone" : 2,
          "date" : "2019-11-27T03:45+0000",
          "age" : 2,
          "signDate" : "2019-11-26T08:12+0000"
        },
        {
          "moonPhaseDate" : "2019-11-26T15:06+0000",
          "sign" : "capricorn",
          "moonPhase" : "phase1",
          "timeZone" : 2,
          "date" : "2019-11-28T04:35+0000",
          "age" : 3,
          "signDate" : "2019-11-28T12:32+0000"
        },
        {
          "sign" : "capricorn",
          "moonPhaseDate" : "2019-11-26T15:06+0000",
          "moonPhase" : "phase1",
          "timeZone" : 2,
          "date" : "2019-11-29T05:28+0000",
          "age" : 4,
          "signDate" : "2019-11-28T12:32+0000"
        },
        {
          "sign" : "aquarius",
          "moonPhaseDate" : "2019-11-26T15:06+0000",
          "moonPhase" : "phase1",
          "timeZone" : 2,
          "date" : "2019-11-30T06:24+0000",
          "age" : 5,
          "signDate" : "2019-11-30T20:15+0000"
        },
        {
          "sign" : "aquarius",
          "moonPhaseDate" : null,
          "moonPhase" : "phase1",
          "timeZone" : 2,
          "date" : "2019-12-01T07:19+0000",
          "age" : 6,
          "signDate" : "2019-11-30T20:15+0000"
        },
        {
          "sign" : "aquarius",
          "moonPhaseDate" : null,
          "moonPhase" : "phase1",
          "timeZone" : 2,
          "date" : "2019-12-02T08:14+0000",
          "age" : 7,
          "signDate" : "2019-11-30T20:15+0000"
        },
        {
          "sign" : "pisces",
          "moonPhaseDate" : null,
          "moonPhase" : "phase1",
          "timeZone" : 2,
          "date" : "2019-12-03T09:08+0000",
          "age" : 8,
          "signDate" : "2019-12-03T07:14+0000"
        },
        {
          "moonPhaseDate" : "2019-12-04T06:58+0000",
          "sign" : "pisces",
          "moonPhase" : "phase2",
          "timeZone" : 2,
          "date" : "2019-12-04T10:00+0000",
          "age" : 9,
          "signDate" : "2019-12-03T07:14+0000"
        },
        {
          "moonPhaseDate" : "2019-12-04T06:58+0000",
          "sign" : "aries",
          "moonPhase" : "phase2",
          "timeZone" : 2,
          "date" : "2019-12-05T10:51+0000",
          "age" : 10,
          "signDate" : "2019-12-05T19:46+0000"
        },
        {
          "sign" : "aries",
          "moonPhaseDate" : "2019-12-04T06:58+0000",
          "moonPhase" : "phase2",
          "timeZone" : 2,
          "date" : "2019-12-06T11:42+0000",
          "age" : 11,
          "signDate" : "2019-12-05T19:46+0000"
        },
        {
          "sign" : "aries",
          "moonPhaseDate" : "2019-12-04T06:58+0000",
          "moonPhase" : "phase2",
          "timeZone" : 2,
          "date" : "2019-12-07T12:33+0000",
          "age" : 12,
          "signDate" : "2019-12-05T19:46+0000"
        },
        {
          "sign" : "taurus",
          "moonPhaseDate" : "2019-12-04T06:58+0000",
          "moonPhase" : "phase2",
          "timeZone" : 2,
          "date" : "2019-12-08T13:26+0000",
          "age" : 13,
          "signDate" : "2019-12-08T07:31+0000"
        },
        {
          "sign" : "taurus",
          "moonPhaseDate" : "2019-12-04T06:58+0000",
          "moonPhase" : "phase2",
          "timeZone" : 2,
          "date" : "2019-12-09T14:20+0000",
          "age" : 14,
          "signDate" : "2019-12-08T07:31+0000"
        },
        {
          "sign" : "gemini",
          "moonPhaseDate" : "2019-12-04T06:58+0000",
          "moonPhase" : "phase2",
          "timeZone" : 2,
          "date" : "2019-12-10T15:17+0000",
          "age" : 15,
          "signDate" : "2019-12-10T16:49+0000"
        },
        {
          "sign" : "gemini",
          "moonPhaseDate" : "2019-12-04T06:58+0000",
          "moonPhase" : "phase2",
          "timeZone" : 2,
          "date" : "2019-12-11T16:15+0000",
          "age" : 16,
          "signDate" : "2019-12-10T16:49+0000"
        },
        {
          "sign" : "gemini",
          "moonPhaseDate" : "2019-12-12T05:12+0000",
          "moonPhase" : "fullMoon",
          "timeZone" : 2,
          "date" : "2019-12-12T17:15+0000",
          "age" : 17,
          "signDate" : "2019-12-10T16:49+0000"
        },
        {
          "sign" : "cancer",
          "moonPhaseDate" : "2019-12-12T05:12+0000",
          "moonPhase" : "phase3",
          "timeZone" : 2,
          "date" : "2019-12-13T18:14+0000",
          "age" : 18,
          "signDate" : "2019-12-12T23:24+0000"
        },
        {
          "sign" : "cancer",
          "moonPhaseDate" : "2019-12-12T05:12+0000",
          "moonPhase" : "phase3",
          "timeZone" : 2,
          "date" : "2019-12-14T19:11+0000",
          "age" : 19,
          "signDate" : "2019-12-12T23:24+0000"
        },
        {
          "sign" : "leo",
          "moonPhaseDate" : "2019-12-12T05:12+0000",
          "moonPhase" : "phase3",
          "timeZone" : 2,
          "date" : "2019-12-15T20:04+0000",
          "age" : 20,
          "signDate" : "2019-12-15T03:53+0000"
        },
        {
          "moonPhaseDate" : "2019-12-12T05:12+0000",
          "sign" : "leo",
          "moonPhase" : "phase3",
          "timeZone" : 2,
          "date" : "2019-12-16T20:52+0000",
          "age" : 21,
          "signDate" : "2019-12-15T03:53+0000"
        },
        {
          "sign" : "virgo",
          "moonPhaseDate" : "2019-12-12T05:12+0000",
          "moonPhase" : "phase3",
          "timeZone" : 2,
          "date" : "2019-12-17T21:36+0000",
          "age" : 22,
          "signDate" : "2019-12-17T07:13+0000"
        },
        {
          "sign" : "libra",
          "moonPhaseDate" : "2019-12-19T04:57+0000",
          "moonPhase" : "phase4",
          "timeZone" : 2,
          "date" : "2019-12-18T22:16+0000",
          "age" : 23,
          "signDate" : "2019-12-19T10:05+0000"
        },
        {
          "sign" : "libra",
          "moonPhaseDate" : "2019-12-19T04:57+0000",
          "moonPhase" : "phase4",
          "timeZone" : 2,
          "date" : "2019-12-19T22:55+0000",
          "age" : 24,
          "signDate" : "2019-12-19T10:05+0000"
        },
        {
          "sign" : "scorpio",
          "moonPhaseDate" : "2019-12-19T04:57+0000",
          "moonPhase" : "phase4",
          "timeZone" : 2,
          "date" : "2019-12-20T23:33+0000",
          "age" : 25,
          "signDate" : "2019-12-21T13:01+0000"
        },
        {
          "sign" : "scorpio",
          "moonPhaseDate" : "2019-12-19T04:57+0000",
          "moonPhase" : "phase4",
          "timeZone" : 2,
          "date" : "2019-12-22T00:11+0000",
          "age" : 26,
          "signDate" : "2019-12-21T13:01+0000"
        },
        {
          "moonPhaseDate" : "2019-12-19T04:57+0000",
          "sign" : "sagittarius",
          "moonPhase" : "phase4",
          "timeZone" : 2,
          "date" : "2019-12-23T00:52+0000",
          "age" : 27,
          "signDate" : "2019-12-23T16:37+0000"
        },
        {
          "sign" : "sagittarius",
          "moonPhaseDate" : "2019-12-19T04:57+0000",
          "moonPhase" : "phase4",
          "timeZone" : 2,
          "date" : "2019-12-24T01:36+0000",
          "age" : 28,
          "signDate" : "2019-12-23T16:37+0000"
        },
        {
          "sign" : "capricorn",
          "moonPhaseDate" : "2019-12-19T04:57+0000",
          "moonPhase" : "phase4",
          "timeZone" : 2,
          "date" : "2019-12-25T02:24+0000",
          "age" : 29,
          "signDate" : "2019-12-25T21:46+0000"
        },
        {
          "sign" : "capricorn",
          "moonPhaseDate" : "2019-12-26T05:13+0000",
          "moonPhase" : "newMoon",
          "timeZone" : 2,
          "date" : "2019-12-26T03:15+0000",
          "age" : 30,
          "signDate" : "2019-12-25T21:46+0000"
        },
        {
          "sign" : "capricorn",
          "moonPhaseDate" : "2019-12-26T05:13+0000",
          "moonPhase" : "newMoon",
          "timeZone" : 2,
          "date" : "2019-12-26T05:13+0000",
          "age" : 1,
          "signDate" : "2019-12-25T21:46+0000"
        },
        {
          "sign" : "capricorn",
          "moonPhaseDate" : "2019-12-26T05:13+0000",
          "moonPhase" : "phase1",
          "timeZone" : 2,
          "date" : "2019-12-27T04:10+0000",
          "age" : 2,
          "signDate" : "2019-12-25T21:46+0000"
        },
        {
          "sign" : "aquarius",
          "moonPhaseDate" : "2019-12-26T05:13+0000",
          "moonPhase" : "phase1",
          "timeZone" : 2,
          "date" : "2019-12-28T05:06+0000",
          "age" : 3,
          "signDate" : "2019-12-28T05:21+0000"
        },
        {
          "sign" : "aquarius",
          "moonPhaseDate" : "2019-12-26T05:13+0000",
          "moonPhase" : "phase1",
          "timeZone" : 2,
          "date" : "2019-12-29T06:02+0000",
          "age" : 4,
          "signDate" : "2019-12-28T05:21+0000"
        },
        {
          "sign" : "pisces",
          "moonPhaseDate" : "2019-12-26T05:13+0000",
          "moonPhase" : "phase1",
          "timeZone" : 2,
          "date" : "2019-12-30T06:57+0000",
          "age" : 5,
          "signDate" : "2019-12-30T15:43+0000"
        },
        {
          "sign" : "pisces",
          "moonPhaseDate" : "2019-12-26T05:13+0000",
          "moonPhase" : "phase1",
          "timeZone" : 2,
          "date" : "2019-12-31T07:50+0000",
          "age" : 6,
          "signDate" : "2019-12-30T15:43+0000"
        },
        {
          "sign" : "pisces",
          "moonPhaseDate" : null,
          "moonPhase" : "phase1",
          "timeZone" : 2,
          "date" : "2020-01-01T08:42+0000",
          "age" : 7,
          "signDate" : "2019-12-30T15:43+0000"
        },
        {
          "sign" : "aries",
          "moonPhaseDate" : null,
          "moonPhase" : "phase1",
          "timeZone" : 2,
          "date" : "2020-01-02T09:33+0000",
          "age" : 8,
          "signDate" : "2020-01-02T04:01+0000"
        },
        {
          "moonPhaseDate" : "2020-01-03T04:45+0000",
          "sign" : "aries",
          "moonPhase" : "phase2",
          "timeZone" : 2,
          "date" : "2020-01-03T10:23+0000",
          "age" : 9,
          "signDate" : "2020-01-02T04:01+0000"
        },
        {
          "sign" : "taurus",
          "moonPhaseDate" : "2020-01-03T04:45+0000",
          "moonPhase" : "phase2",
          "timeZone" : 2,
          "date" : "2020-01-04T11:15+0000",
          "age" : 10,
          "signDate" : "2020-01-04T16:15+0000"
        },
        {
          "sign" : "taurus",
          "moonPhaseDate" : "2020-01-03T04:45+0000",
          "moonPhase" : "phase2",
          "timeZone" : 2,
          "date" : "2020-01-05T12:07+0000",
          "age" : 11,
          "signDate" : "2020-01-04T16:15+0000"
        },
        {
          "sign" : "taurus",
          "moonPhaseDate" : "2020-01-03T04:45+0000",
          "moonPhase" : "phase2",
          "timeZone" : 2,
          "date" : "2020-01-06T13:02+0000",
          "age" : 12,
          "signDate" : "2020-01-04T16:15+0000"
        },
        {
          "moonPhaseDate" : "2020-01-03T04:45+0000",
          "sign" : "gemini",
          "moonPhase" : "phase2",
          "timeZone" : 2,
          "date" : "2020-01-07T13:59+0000",
          "age" : 13,
          "signDate" : "2020-01-07T02:13+0000"
        },
        {
          "sign" : "gemini",
          "moonPhaseDate" : "2020-01-03T04:45+0000",
          "moonPhase" : "phase2",
          "timeZone" : 2,
          "date" : "2020-01-08T14:59+0000",
          "age" : 14,
          "signDate" : "2020-01-07T02:13+0000"
        },
        {
          "sign" : "cancer",
          "moonPhaseDate" : "2020-01-03T04:45+0000",
          "moonPhase" : "phase2",
          "timeZone" : 2,
          "date" : "2020-01-09T15:59+0000",
          "age" : 15,
          "signDate" : "2020-01-09T08:45+0000"
        },
        {
          "sign" : "cancer",
          "moonPhaseDate" : "2020-01-10T19:21+0000",
          "moonPhase" : "fullMoon",
          "timeZone" : 2,
          "date" : "2020-01-10T16:59+0000",
          "age" : 16,
          "signDate" : "2020-01-09T08:45+0000"
        },
        {
          "sign" : "leo",
          "moonPhaseDate" : "2020-01-10T19:21+0000",
          "moonPhase" : "phase3",
          "timeZone" : 2,
          "date" : "2020-01-11T17:55+0000",
          "age" : 17,
          "signDate" : "2020-01-11T12:16+0000"
        },
        {
          "moonPhaseDate" : "2020-01-10T19:21+0000",
          "sign" : "leo",
          "moonPhase" : "phase3",
          "timeZone" : 2,
          "date" : "2020-01-12T18:46+0000",
          "age" : 18,
          "signDate" : "2020-01-11T12:16+0000"
        },
        {
          "sign" : "virgo",
          "moonPhaseDate" : "2020-01-10T19:21+0000",
          "moonPhase" : "phase3",
          "timeZone" : 2,
          "date" : "2020-01-13T19:33+0000",
          "age" : 19,
          "signDate" : "2020-01-13T14:05+0000"
        },
        {
          "sign" : "virgo",
          "moonPhaseDate" : "2020-01-10T19:21+0000",
          "moonPhase" : "phase3",
          "timeZone" : 2,
          "date" : "2020-01-14T20:16+0000",
          "age" : 20,
          "signDate" : "2020-01-13T14:05+0000"
        },
        {
          "sign" : "libra",
          "moonPhaseDate" : "2020-01-10T19:21+0000",
          "moonPhase" : "phase3",
          "timeZone" : 2,
          "date" : "2020-01-15T20:55+0000",
          "age" : 21,
          "signDate" : "2020-01-15T15:42+0000"
        },
        {
          "sign" : "libra",
          "moonPhaseDate" : "2020-01-10T19:21+0000",
          "moonPhase" : "phase3",
          "timeZone" : 2,
          "date" : "2020-01-16T21:34+0000",
          "age" : 22,
          "signDate" : "2020-01-15T15:42+0000"
        },
        {
          "sign" : "scorpio",
          "moonPhaseDate" : "2020-01-17T12:58+0000",
          "moonPhase" : "phase4",
          "timeZone" : 2,
          "date" : "2020-01-17T22:12+0000",
          "age" : 23,
          "signDate" : "2020-01-15T15:42+0000"
        },
        {
          "sign" : "scorpio",
          "moonPhaseDate" : "2020-01-17T12:58+0000",
          "moonPhase" : "phase4",
          "timeZone" : 2,
          "date" : "2020-01-18T22:52+0000",
          "age" : 24,
          "signDate" : "2020-01-15T15:42+0000"
        },
        {
          "sign" : "sagittarius",
          "moonPhaseDate" : "2020-01-17T12:58+0000",
          "moonPhase" : "phase4",
          "timeZone" : 2,
          "date" : "2020-01-19T23:34+0000",
          "age" : 25,
          "signDate" : "2020-01-19T22:43+0000"
        },
        {
          "sign" : "sagittarius",
          "moonPhaseDate" : "2020-01-17T12:58+0000",
          "moonPhase" : "phase4",
          "timeZone" : 2,
          "date" : "2020-01-21T00:19+0000",
          "age" : 26,
          "signDate" : "2020-01-19T22:43+0000"
        },
        {
          "sign" : "capricorn",
          "moonPhaseDate" : "2020-01-17T12:58+0000",
          "moonPhase" : "phase4",
          "timeZone" : 2,
          "date" : "2020-01-22T01:08+0000",
          "age" : 27,
          "signDate" : "2020-01-22T05:02+0000"
        },
        {
          "sign" : "capricorn",
          "moonPhaseDate" : "2020-01-17T12:58+0000",
          "moonPhase" : "phase4",
          "timeZone" : 2,
          "date" : "2020-01-23T02:01+0000",
          "age" : 28,
          "signDate" : "2020-01-22T05:02+0000"
        },
        {
          "sign" : "aquarius",
          "moonPhaseDate" : "2020-01-24T21:42+0000",
          "moonPhase" : "newMoon",
          "timeZone" : 2,
          "date" : "2020-01-24T02:56+0000",
          "age" : 29,
          "signDate" : "2020-01-24T13:22+0000"
        },
        {
          "moonPhaseDate" : "2020-01-24T21:42+0000",
          "sign" : "aquarius",
          "moonPhase" : "newMoon",
          "timeZone" : 2,
          "date" : "2020-01-24T21:42+0000",
          "age" : 1,
          "signDate" : "2020-01-24T13:22+0000"
        },
        {
          "sign" : "aquarius",
          "moonPhaseDate" : "2020-01-24T21:42+0000",
          "moonPhase" : "phase1",
          "timeZone" : 2,
          "date" : "2020-01-25T03:51+0000",
          "age" : 2,
          "signDate" : "2020-01-24T13:22+0000"
        },
        {
          "sign" : "aquarius",
          "moonPhaseDate" : "2020-01-24T21:42+0000",
          "moonPhase" : "phase1",
          "timeZone" : 2,
          "date" : "2020-01-26T04:47+0000",
          "age" : 3,
          "signDate" : "2020-01-24T13:22+0000"
        },
        {
          "moonPhaseDate" : "2020-01-24T21:42+0000",
          "sign" : "pisces",
          "moonPhase" : "phase1",
          "timeZone" : 2,
          "date" : "2020-01-27T05:41+0000",
          "age" : 4,
          "signDate" : "2020-01-26T23:45+0000"
        },
        {
          "sign" : "pisces",
          "moonPhaseDate" : "2020-01-24T21:42+0000",
          "moonPhase" : "phase1",
          "timeZone" : 2,
          "date" : "2020-01-28T06:34+0000",
          "age" : 5,
          "signDate" : "2020-01-26T23:45+0000"
        },
        {
          "sign" : "aries",
          "moonPhaseDate" : "2020-01-24T21:42+0000",
          "moonPhase" : "phase1",
          "timeZone" : 2,
          "date" : "2020-01-29T07:25+0000",
          "age" : 6,
          "signDate" : "2020-01-29T11:51+0000"
        },
        {
          "sign" : "aries",
          "moonPhaseDate" : "2020-01-24T21:42+0000",
          "moonPhase" : "phase1",
          "timeZone" : 2,
          "date" : "2020-01-30T08:15+0000",
          "age" : 7,
          "signDate" : "2020-01-29T11:51+0000"
        },
        {
          "sign" : "aries",
          "moonPhaseDate" : "2020-01-24T21:42+0000",
          "moonPhase" : "phase1",
          "timeZone" : 2,
          "date" : "2020-01-31T09:06+0000",
          "age" : 8,
          "signDate" : "2020-01-29T11:51+0000"
        },
        {
          "sign" : "aries",
          "moonPhaseDate" : "2020-01-24T21:42+0000",
          "moonPhase" : "phase1",
          "timeZone" : 2,
          "date" : "2020-01-31T09:06+0000",
          "age" : 8,
          "signDate" : "2020-01-29T11:51+0000"
        }
      ],
      "cityName" : "Йоханнесбург",
      "timeZone" : 2
    }
  ]
}