{
  "cities" : [
    {
      "timeZone" : 4,
      "cityName" : "Дубай",
      "moonDays" : [
        {
          "timeZone" : 4,
          "moonPhaseDate" : null,
          "moonPhase" : null,
          "sign" : "aries",
          "age" : 26,
          "date" : "2019-04-30T23:44+0000",
          "signDate" : "2019-05-01T10:23+0000"
        },
        {
          "timeZone" : 4,
          "moonPhaseDate" : null,
          "moonPhase" : null,
          "sign" : "aries",
          "age" : 27,
          "date" : "2019-05-02T00:17+0000",
          "signDate" : "2019-05-01T10:23+0000"
        },
        {
          "timeZone" : 4,
          "moonPhaseDate" : null,
          "moonPhase" : null,
          "sign" : "aries",
          "age" : 28,
          "date" : "2019-05-03T00:51+0000",
          "signDate" : "2019-05-01T10:23+0000"
        },
        {
          "timeZone" : 4,
          "moonPhaseDate" : null,
          "moonPhase" : null,
          "sign" : "taurus",
          "age" : 29,
          "date" : "2019-05-04T01:26+0000",
          "signDate" : "2019-05-03T20:21+0000"
        },
        {
          "timeZone" : 4,
          "moonPhaseDate" : "2019-05-04T22:45+0000",
          "moonPhase" : "newMoon",
          "sign" : "taurus",
          "age" : 1,
          "date" : "2019-05-04T22:45+0000",
          "signDate" : "2019-05-03T20:21+0000"
        },
        {
          "timeZone" : 4,
          "moonPhaseDate" : "2019-05-04T22:45+0000",
          "moonPhase" : "newMoon",
          "sign" : "taurus",
          "age" : 2,
          "date" : "2019-05-05T02:04+0000",
          "signDate" : "2019-05-03T20:21+0000"
        },
        {
          "timeZone" : 4,
          "moonPhaseDate" : "2019-05-04T22:45+0000",
          "moonPhase" : "phase1",
          "sign" : "gemini",
          "age" : 3,
          "date" : "2019-05-06T02:45+0000",
          "signDate" : "2019-05-06T03:42+0000"
        },
        {
          "timeZone" : 4,
          "moonPhaseDate" : "2019-05-04T22:45+0000",
          "moonPhase" : "phase1",
          "sign" : "gemini",
          "age" : 4,
          "date" : "2019-05-07T03:31+0000",
          "signDate" : "2019-05-06T03:42+0000"
        },
        {
          "timeZone" : 4,
          "moonPhaseDate" : "2019-05-04T22:45+0000",
          "moonPhase" : "phase1",
          "sign" : "cancer",
          "age" : 5,
          "date" : "2019-05-08T04:22+0000",
          "signDate" : "2019-05-08T09:05+0000"
        },
        {
          "timeZone" : 4,
          "moonPhaseDate" : "2019-05-04T22:45+0000",
          "moonPhase" : "phase1",
          "sign" : "cancer",
          "age" : 6,
          "date" : "2019-05-09T05:17+0000",
          "signDate" : "2019-05-08T09:05+0000"
        },
        {
          "timeZone" : 4,
          "moonPhaseDate" : "2019-05-04T22:45+0000",
          "moonPhase" : "phase1",
          "sign" : "leo",
          "age" : 7,
          "date" : "2019-05-10T06:17+0000",
          "signDate" : "2019-05-10T13:12+0000"
        },
        {
          "timeZone" : 4,
          "moonPhaseDate" : "2019-05-04T22:45+0000",
          "moonPhase" : "phase1",
          "sign" : "leo",
          "age" : 8,
          "date" : "2019-05-11T07:20+0000",
          "signDate" : "2019-05-10T13:12+0000"
        },
        {
          "timeZone" : 4,
          "moonPhaseDate" : "2019-05-12T01:12+0000",
          "moonPhase" : "phase2",
          "sign" : "virgo",
          "age" : 9,
          "date" : "2019-05-12T08:23+0000",
          "signDate" : "2019-05-12T16:23+0000"
        },
        {
          "timeZone" : 4,
          "moonPhaseDate" : "2019-05-12T01:12+0000",
          "moonPhase" : "phase2",
          "sign" : "virgo",
          "age" : 10,
          "date" : "2019-05-13T09:26+0000",
          "signDate" : "2019-05-12T16:23+0000"
        },
        {
          "timeZone" : 4,
          "moonPhaseDate" : "2019-05-12T01:12+0000",
          "moonPhase" : "phase2",
          "sign" : "libra",
          "age" : 11,
          "date" : "2019-05-14T10:29+0000",
          "signDate" : "2019-05-14T18:53+0000"
        },
        {
          "timeZone" : 4,
          "moonPhaseDate" : "2019-05-12T01:12+0000",
          "moonPhase" : "phase2",
          "sign" : "libra",
          "age" : 12,
          "date" : "2019-05-15T11:30+0000",
          "signDate" : "2019-05-14T18:53+0000"
        },
        {
          "timeZone" : 4,
          "moonPhaseDate" : "2019-05-12T01:12+0000",
          "moonPhase" : "phase2",
          "sign" : "libra",
          "age" : 13,
          "date" : "2019-05-16T12:31+0000",
          "signDate" : "2019-05-14T18:53+0000"
        },
        {
          "timeZone" : 4,
          "moonPhaseDate" : "2019-05-12T01:12+0000",
          "moonPhase" : "phase2",
          "sign" : "scorpio",
          "age" : 14,
          "date" : "2019-05-17T13:33+0000",
          "signDate" : "2019-05-16T21:25+0000"
        },
        {
          "timeZone" : 4,
          "moonPhaseDate" : "2019-05-12T01:12+0000",
          "moonPhase" : "phase2",
          "sign" : "scorpio",
          "age" : 15,
          "date" : "2019-05-18T14:33+0000",
          "signDate" : "2019-05-16T21:25+0000"
        },
        {
          "timeZone" : 4,
          "moonPhaseDate" : "2019-05-18T21:11+0000",
          "moonPhase" : "fullMoon",
          "sign" : "sagittarius",
          "age" : 16,
          "date" : "2019-05-19T15:34+0000",
          "signDate" : "2019-05-19T01:19+0000"
        },
        {
          "timeZone" : 4,
          "moonPhaseDate" : "2019-05-18T21:11+0000",
          "moonPhase" : "phase3",
          "sign" : "sagittarius",
          "age" : 17,
          "date" : "2019-05-20T16:33+0000",
          "signDate" : "2019-05-19T01:19+0000"
        },
        {
          "timeZone" : 4,
          "moonPhaseDate" : "2019-05-18T21:11+0000",
          "moonPhase" : "phase3",
          "sign" : "capricorn",
          "age" : 18,
          "date" : "2019-05-21T17:29+0000",
          "signDate" : "2019-05-21T07:56+0000"
        },
        {
          "timeZone" : 4,
          "moonPhaseDate" : "2019-05-18T21:11+0000",
          "moonPhase" : "phase3",
          "sign" : "capricorn",
          "age" : 19,
          "date" : "2019-05-22T18:21+0000",
          "signDate" : "2019-05-21T07:56+0000"
        },
        {
          "timeZone" : 4,
          "moonPhaseDate" : "2019-05-18T21:11+0000",
          "moonPhase" : "phase3",
          "sign" : "aquarius",
          "age" : 20,
          "date" : "2019-05-23T19:09+0000",
          "signDate" : "2019-05-23T17:51+0000"
        },
        {
          "timeZone" : 4,
          "moonPhaseDate" : "2019-05-18T21:11+0000",
          "moonPhase" : "phase3",
          "sign" : "aquarius",
          "age" : 21,
          "date" : "2019-05-24T19:52+0000",
          "signDate" : "2019-05-23T17:51+0000"
        },
        {
          "timeZone" : 4,
          "moonPhaseDate" : "2019-05-26T16:33+0000",
          "moonPhase" : "phase4",
          "sign" : "pisces",
          "age" : 22,
          "date" : "2019-05-25T20:32+0000",
          "signDate" : "2019-05-26T06:07+0000"
        },
        {
          "timeZone" : 4,
          "moonPhaseDate" : "2019-05-26T16:33+0000",
          "moonPhase" : "phase4",
          "sign" : "pisces",
          "age" : 23,
          "date" : "2019-05-26T21:08+0000",
          "signDate" : "2019-05-26T06:07+0000"
        },
        {
          "timeZone" : 4,
          "moonPhaseDate" : "2019-05-26T16:33+0000",
          "moonPhase" : "phase4",
          "sign" : "aries",
          "age" : 24,
          "date" : "2019-05-27T21:43+0000",
          "signDate" : "2019-05-28T18:29+0000"
        },
        {
          "timeZone" : 4,
          "moonPhaseDate" : "2019-05-26T16:33+0000",
          "moonPhase" : "phase4",
          "sign" : "aries",
          "age" : 25,
          "date" : "2019-05-28T22:16+0000",
          "signDate" : "2019-05-28T18:29+0000"
        },
        {
          "timeZone" : 4,
          "moonPhaseDate" : "2019-05-26T16:33+0000",
          "moonPhase" : "phase4",
          "sign" : "aries",
          "age" : 26,
          "date" : "2019-05-29T22:49+0000",
          "signDate" : "2019-05-28T18:29+0000"
        },
        {
          "timeZone" : 4,
          "moonPhaseDate" : "2019-05-26T16:33+0000",
          "moonPhase" : "phase4",
          "sign" : "taurus",
          "age" : 27,
          "date" : "2019-05-30T23:24+0000",
          "signDate" : "2019-05-31T04:44+0000"
        },
        {
          "timeZone" : 4,
          "moonPhaseDate" : null,
          "moonPhase" : "phase4",
          "sign" : "taurus",
          "age" : 28,
          "date" : "2019-06-01T00:00+0000",
          "signDate" : "2019-05-31T04:44+0000"
        },
        {
          "timeZone" : 4,
          "moonPhaseDate" : null,
          "moonPhase" : "phase4",
          "sign" : "gemini",
          "age" : 29,
          "date" : "2019-06-02T00:40+0000",
          "signDate" : "2019-06-02T11:51+0000"
        },
        {
          "timeZone" : 4,
          "moonPhaseDate" : "2019-06-03T10:02+0000",
          "moonPhase" : "newMoon",
          "sign" : "gemini",
          "age" : 30,
          "date" : "2019-06-03T01:24+0000",
          "signDate" : "2019-06-02T11:51+0000"
        },
        {
          "timeZone" : 4,
          "moonPhaseDate" : "2019-06-03T10:02+0000",
          "moonPhase" : "newMoon",
          "sign" : "gemini",
          "age" : 1,
          "date" : "2019-06-03T10:02+0000",
          "signDate" : "2019-06-02T11:51+0000"
        },
        {
          "timeZone" : 4,
          "moonPhaseDate" : "2019-06-03T10:02+0000",
          "moonPhase" : "phase1",
          "sign" : "cancer",
          "age" : 2,
          "date" : "2019-06-04T02:13+0000",
          "signDate" : "2019-06-04T16:18+0000"
        },
        {
          "timeZone" : 4,
          "moonPhaseDate" : "2019-06-03T10:02+0000",
          "moonPhase" : "phase1",
          "sign" : "cancer",
          "age" : 3,
          "date" : "2019-06-05T03:09+0000",
          "signDate" : "2019-06-04T16:18+0000"
        },
        {
          "timeZone" : 4,
          "moonPhaseDate" : "2019-06-03T10:02+0000",
          "moonPhase" : "phase1",
          "sign" : "leo",
          "age" : 4,
          "date" : "2019-06-06T04:09+0000",
          "signDate" : "2019-06-06T19:14+0000"
        },
        {
          "timeZone" : 4,
          "moonPhaseDate" : "2019-06-03T10:02+0000",
          "moonPhase" : "phase1",
          "sign" : "leo",
          "age" : 5,
          "date" : "2019-06-07T05:11+0000",
          "signDate" : "2019-06-06T19:14+0000"
        },
        {
          "timeZone" : 4,
          "moonPhaseDate" : "2019-06-03T10:02+0000",
          "moonPhase" : "phase1",
          "sign" : "leo",
          "age" : 6,
          "date" : "2019-06-08T06:16+0000",
          "signDate" : "2019-06-06T19:14+0000"
        },
        {
          "timeZone" : 4,
          "moonPhaseDate" : "2019-06-03T10:02+0000",
          "moonPhase" : "phase1",
          "sign" : "virgo",
          "age" : 7,
          "date" : "2019-06-09T07:20+0000",
          "signDate" : "2019-06-08T21:43+0000"
        },
        {
          "timeZone" : 4,
          "moonPhaseDate" : "2019-06-10T05:59+0000",
          "moonPhase" : "phase2",
          "sign" : "virgo",
          "age" : 8,
          "date" : "2019-06-10T08:22+0000",
          "signDate" : "2019-06-08T21:43+0000"
        },
        {
          "timeZone" : 4,
          "moonPhaseDate" : "2019-06-10T05:59+0000",
          "moonPhase" : "phase2",
          "sign" : "libra",
          "age" : 9,
          "date" : "2019-06-11T09:23+0000",
          "signDate" : "2019-06-11T00:30+0000"
        },
        {
          "timeZone" : 4,
          "moonPhaseDate" : "2019-06-10T05:59+0000",
          "moonPhase" : "phase2",
          "sign" : "libra",
          "age" : 10,
          "date" : "2019-06-12T10:24+0000",
          "signDate" : "2019-06-11T00:30+0000"
        },
        {
          "timeZone" : 4,
          "moonPhaseDate" : "2019-06-10T05:59+0000",
          "moonPhase" : "phase2",
          "sign" : "scorpio",
          "age" : 11,
          "date" : "2019-06-13T11:23+0000",
          "signDate" : "2019-06-13T04:03+0000"
        },
        {
          "timeZone" : 4,
          "moonPhaseDate" : "2019-06-10T05:59+0000",
          "moonPhase" : "phase2",
          "sign" : "scorpio",
          "age" : 12,
          "date" : "2019-06-14T12:23+0000",
          "signDate" : "2019-06-13T04:03+0000"
        },
        {
          "timeZone" : 4,
          "moonPhaseDate" : "2019-06-10T05:59+0000",
          "moonPhase" : "phase2",
          "sign" : "sagittarius",
          "age" : 13,
          "date" : "2019-06-15T13:22+0000",
          "signDate" : "2019-06-15T09:01+0000"
        },
        {
          "timeZone" : 4,
          "moonPhaseDate" : "2019-06-10T05:59+0000",
          "moonPhase" : "phase2",
          "sign" : "sagittarius",
          "age" : 14,
          "date" : "2019-06-16T14:21+0000",
          "signDate" : "2019-06-15T09:01+0000"
        },
        {
          "timeZone" : 4,
          "moonPhaseDate" : "2019-06-17T08:31+0000",
          "moonPhase" : "fullMoon",
          "sign" : "capricorn",
          "age" : 15,
          "date" : "2019-06-17T15:18+0000",
          "signDate" : "2019-06-17T16:11+0000"
        },
        {
          "timeZone" : 4,
          "moonPhaseDate" : "2019-06-17T08:31+0000",
          "moonPhase" : "phase3",
          "sign" : "capricorn",
          "age" : 16,
          "date" : "2019-06-18T16:12+0000",
          "signDate" : "2019-06-17T16:11+0000"
        },
        {
          "timeZone" : 4,
          "moonPhaseDate" : "2019-06-17T08:31+0000",
          "moonPhase" : "phase3",
          "sign" : "capricorn",
          "age" : 17,
          "date" : "2019-06-19T17:02+0000",
          "signDate" : "2019-06-17T16:11+0000"
        },
        {
          "timeZone" : 4,
          "moonPhaseDate" : "2019-06-17T08:31+0000",
          "moonPhase" : "phase3",
          "sign" : "aquarius",
          "age" : 18,
          "date" : "2019-06-20T17:47+0000",
          "signDate" : "2019-06-20T02:01+0000"
        },
        {
          "timeZone" : 4,
          "moonPhaseDate" : "2019-06-17T08:31+0000",
          "moonPhase" : "phase3",
          "sign" : "aquarius",
          "age" : 19,
          "date" : "2019-06-21T18:29+0000",
          "signDate" : "2019-06-20T02:01+0000"
        },
        {
          "timeZone" : 4,
          "moonPhaseDate" : "2019-06-17T08:31+0000",
          "moonPhase" : "phase3",
          "sign" : "pisces",
          "age" : 20,
          "date" : "2019-06-22T19:07+0000",
          "signDate" : "2019-06-22T14:01+0000"
        },
        {
          "timeZone" : 4,
          "moonPhaseDate" : "2019-06-17T08:31+0000",
          "moonPhase" : "phase3",
          "sign" : "pisces",
          "age" : 21,
          "date" : "2019-06-23T19:42+0000",
          "signDate" : "2019-06-22T14:01+0000"
        },
        {
          "timeZone" : 4,
          "moonPhaseDate" : "2019-06-25T09:46+0000",
          "moonPhase" : "phase4",
          "sign" : "aries",
          "age" : 22,
          "date" : "2019-06-24T20:15+0000",
          "signDate" : "2019-06-25T02:34+0000"
        },
        {
          "timeZone" : 4,
          "moonPhaseDate" : "2019-06-25T09:46+0000",
          "moonPhase" : "phase4",
          "sign" : "aries",
          "age" : 23,
          "date" : "2019-06-25T20:48+0000",
          "signDate" : "2019-06-25T02:34+0000"
        },
        {
          "timeZone" : 4,
          "moonPhaseDate" : "2019-06-25T09:46+0000",
          "moonPhase" : "phase4",
          "sign" : "taurus",
          "age" : 24,
          "date" : "2019-06-26T21:21+0000",
          "signDate" : "2019-06-27T13:30+0000"
        },
        {
          "timeZone" : 4,
          "moonPhaseDate" : "2019-06-25T09:46+0000",
          "moonPhase" : "phase4",
          "sign" : "taurus",
          "age" : 25,
          "date" : "2019-06-27T21:56+0000",
          "signDate" : "2019-06-27T13:30+0000"
        },
        {
          "timeZone" : 4,
          "moonPhaseDate" : "2019-06-25T09:46+0000",
          "moonPhase" : "phase4",
          "sign" : "taurus",
          "age" : 26,
          "date" : "2019-06-28T22:33+0000",
          "signDate" : "2019-06-27T13:30+0000"
        },
        {
          "timeZone" : 4,
          "moonPhaseDate" : "2019-06-25T09:46+0000",
          "moonPhase" : "phase4",
          "sign" : "gemini",
          "age" : 27,
          "date" : "2019-06-29T23:15+0000",
          "signDate" : "2019-06-29T21:10+0000"
        },
        {
          "timeZone" : 4,
          "moonPhaseDate" : null,
          "moonPhase" : "phase4",
          "sign" : "gemini",
          "age" : 28,
          "date" : "2019-07-01T00:02+0000",
          "signDate" : "2019-06-29T21:10+0000"
        },
        {
          "timeZone" : 4,
          "moonPhaseDate" : "2019-07-02T19:16+0000",
          "moonPhase" : "newMoon",
          "sign" : "cancer",
          "age" : 29,
          "date" : "2019-07-02T00:55+0000",
          "signDate" : "2019-07-02T01:26+0000"
        },
        {
          "timeZone" : 4,
          "moonPhaseDate" : "2019-07-02T19:16+0000",
          "moonPhase" : "newMoon",
          "sign" : "cancer",
          "age" : 1,
          "date" : "2019-07-02T19:16+0000",
          "signDate" : "2019-07-02T01:26+0000"
        },
        {
          "timeZone" : 4,
          "moonPhaseDate" : "2019-07-02T19:16+0000",
          "moonPhase" : "phase1",
          "sign" : "cancer",
          "age" : 2,
          "date" : "2019-07-03T01:54+0000",
          "signDate" : "2019-07-02T01:26+0000"
        },
        {
          "timeZone" : 4,
          "moonPhaseDate" : "2019-07-02T19:16+0000",
          "moonPhase" : "phase1",
          "sign" : "leo",
          "age" : 3,
          "date" : "2019-07-04T02:57+0000",
          "signDate" : "2019-07-04T03:21+0000"
        },
        {
          "timeZone" : 4,
          "moonPhaseDate" : "2019-07-02T19:16+0000",
          "moonPhase" : "phase1",
          "sign" : "leo",
          "age" : 4,
          "date" : "2019-07-05T04:04+0000",
          "signDate" : "2019-07-04T03:21+0000"
        },
        {
          "timeZone" : 4,
          "moonPhaseDate" : "2019-07-02T19:16+0000",
          "moonPhase" : "phase1",
          "sign" : "virgo",
          "age" : 5,
          "date" : "2019-07-06T05:10+0000",
          "signDate" : "2019-07-06T04:25+0000"
        },
        {
          "timeZone" : 4,
          "moonPhaseDate" : "2019-07-02T19:16+0000",
          "moonPhase" : "phase1",
          "sign" : "virgo",
          "age" : 6,
          "date" : "2019-07-07T06:15+0000",
          "signDate" : "2019-07-06T04:25+0000"
        },
        {
          "timeZone" : 4,
          "moonPhaseDate" : "2019-07-02T19:16+0000",
          "moonPhase" : "phase1",
          "sign" : "libra",
          "age" : 7,
          "date" : "2019-07-08T07:17+0000",
          "signDate" : "2019-07-08T06:07+0000"
        },
        {
          "timeZone" : 4,
          "moonPhaseDate" : "2019-07-09T10:55+0000",
          "moonPhase" : "phase2",
          "sign" : "libra",
          "age" : 8,
          "date" : "2019-07-09T08:18+0000",
          "signDate" : "2019-07-08T06:07+0000"
        },
        {
          "timeZone" : 4,
          "moonPhaseDate" : "2019-07-09T10:55+0000",
          "moonPhase" : "phase2",
          "sign" : "scorpio",
          "age" : 9,
          "date" : "2019-07-10T09:18+0000",
          "signDate" : "2019-07-10T09:28+0000"
        },
        {
          "timeZone" : 4,
          "moonPhaseDate" : "2019-07-09T10:55+0000",
          "moonPhase" : "phase2",
          "sign" : "scorpio",
          "age" : 10,
          "date" : "2019-07-11T10:17+0000",
          "signDate" : "2019-07-10T09:28+0000"
        },
        {
          "timeZone" : 4,
          "moonPhaseDate" : "2019-07-09T10:55+0000",
          "moonPhase" : "phase2",
          "sign" : "sagittarius",
          "age" : 11,
          "date" : "2019-07-12T11:16+0000",
          "signDate" : "2019-07-12T15:04+0000"
        },
        {
          "timeZone" : 4,
          "moonPhaseDate" : "2019-07-09T10:55+0000",
          "moonPhase" : "phase2",
          "sign" : "sagittarius",
          "age" : 12,
          "date" : "2019-07-13T12:14+0000",
          "signDate" : "2019-07-12T15:04+0000"
        },
        {
          "timeZone" : 4,
          "moonPhaseDate" : "2019-07-09T10:55+0000",
          "moonPhase" : "phase2",
          "sign" : "sagittarius",
          "age" : 13,
          "date" : "2019-07-14T13:10+0000",
          "signDate" : "2019-07-12T15:04+0000"
        },
        {
          "timeZone" : 4,
          "moonPhaseDate" : "2019-07-09T10:55+0000",
          "moonPhase" : "phase2",
          "sign" : "capricorn",
          "age" : 14,
          "date" : "2019-07-15T14:05+0000",
          "signDate" : "2019-07-14T23:03+0000"
        },
        {
          "timeZone" : 4,
          "moonPhaseDate" : "2019-07-09T10:55+0000",
          "moonPhase" : "phase2",
          "sign" : "capricorn",
          "age" : 15,
          "date" : "2019-07-16T14:56+0000",
          "signDate" : "2019-07-14T23:03+0000"
        },
        {
          "timeZone" : 4,
          "moonPhaseDate" : "2019-07-16T21:38+0000",
          "moonPhase" : "fullMoon",
          "sign" : "aquarius",
          "age" : 16,
          "date" : "2019-07-17T15:43+0000",
          "signDate" : "2019-07-17T09:18+0000"
        },
        {
          "timeZone" : 4,
          "moonPhaseDate" : "2019-07-16T21:38+0000",
          "moonPhase" : "phase3",
          "sign" : "aquarius",
          "age" : 17,
          "date" : "2019-07-18T16:26+0000",
          "signDate" : "2019-07-17T09:18+0000"
        },
        {
          "timeZone" : 4,
          "moonPhaseDate" : "2019-07-16T21:38+0000",
          "moonPhase" : "phase3",
          "sign" : "aquarius",
          "age" : 18,
          "date" : "2019-07-19T17:05+0000",
          "signDate" : "2019-07-17T09:18+0000"
        },
        {
          "timeZone" : 4,
          "moonPhaseDate" : "2019-07-16T21:38+0000",
          "moonPhase" : "phase3",
          "sign" : "pisces",
          "age" : 19,
          "date" : "2019-07-20T17:41+0000",
          "signDate" : "2019-07-19T21:19+0000"
        },
        {
          "timeZone" : 4,
          "moonPhaseDate" : "2019-07-16T21:38+0000",
          "moonPhase" : "phase3",
          "sign" : "pisces",
          "age" : 20,
          "date" : "2019-07-21T18:15+0000",
          "signDate" : "2019-07-19T21:19+0000"
        },
        {
          "timeZone" : 4,
          "moonPhaseDate" : "2019-07-16T21:38+0000",
          "moonPhase" : "phase3",
          "sign" : "aries",
          "age" : 21,
          "date" : "2019-07-22T18:48+0000",
          "signDate" : "2019-07-22T10:01+0000"
        },
        {
          "timeZone" : 4,
          "moonPhaseDate" : "2019-07-16T21:38+0000",
          "moonPhase" : "phase3",
          "sign" : "aries",
          "age" : 22,
          "date" : "2019-07-23T19:20+0000",
          "signDate" : "2019-07-22T10:01+0000"
        },
        {
          "timeZone" : 4,
          "moonPhaseDate" : "2019-07-16T21:38+0000",
          "moonPhase" : "phase3",
          "sign" : "aries",
          "age" : 23,
          "date" : "2019-07-24T19:53+0000",
          "signDate" : "2019-07-22T10:01+0000"
        },
        {
          "timeZone" : 4,
          "moonPhaseDate" : "2019-07-25T01:18+0000",
          "moonPhase" : "phase4",
          "sign" : "taurus",
          "age" : 24,
          "date" : "2019-07-25T20:29+0000",
          "signDate" : "2019-07-22T10:01+0000"
        },
        {
          "timeZone" : 4,
          "moonPhaseDate" : "2019-07-25T01:18+0000",
          "moonPhase" : "phase4",
          "sign" : "gemini",
          "age" : 25,
          "date" : "2019-07-26T21:07+0000",
          "signDate" : "2019-07-27T06:28+0000"
        },
        {
          "timeZone" : 4,
          "moonPhaseDate" : "2019-07-25T01:18+0000",
          "moonPhase" : "phase4",
          "sign" : "gemini",
          "age" : 26,
          "date" : "2019-07-27T21:51+0000",
          "signDate" : "2019-07-27T06:28+0000"
        },
        {
          "timeZone" : 4,
          "moonPhaseDate" : "2019-07-25T01:18+0000",
          "moonPhase" : "phase4",
          "sign" : "cancer",
          "age" : 27,
          "date" : "2019-07-28T22:40+0000",
          "signDate" : "2019-07-29T11:30+0000"
        },
        {
          "timeZone" : 4,
          "moonPhaseDate" : "2019-07-25T01:18+0000",
          "moonPhase" : "phase4",
          "sign" : "cancer",
          "age" : 28,
          "date" : "2019-07-29T23:36+0000",
          "signDate" : "2019-07-29T11:30+0000"
        },
        {
          "timeZone" : 4,
          "moonPhaseDate" : "2019-07-25T01:18+0000",
          "moonPhase" : "phase4",
          "sign" : "leo",
          "age" : 29,
          "date" : "2019-07-31T00:38+0000",
          "signDate" : "2019-07-31T13:18+0000"
        },
        {
          "timeZone" : 4,
          "moonPhaseDate" : "2019-08-01T03:12+0000",
          "moonPhase" : "newMoon",
          "sign" : "leo",
          "age" : 30,
          "date" : "2019-08-01T01:44+0000",
          "signDate" : "2019-07-31T13:18+0000"
        },
        {
          "timeZone" : 4,
          "moonPhaseDate" : "2019-08-01T03:12+0000",
          "moonPhase" : "newMoon",
          "sign" : "leo",
          "age" : 1,
          "date" : "2019-08-01T03:12+0000",
          "signDate" : "2019-07-31T13:18+0000"
        },
        {
          "timeZone" : 4,
          "signDate" : "2019-08-02T13:23+0000",
          "moonPhase" : "phase1",
          "moonPhaseDate" : "2019-08-01T03:12+0000",
          "sign" : "virgo",
          "age" : 2,
          "date" : "2019-08-02T02:52+0000"
        },
        {
          "signDate" : "2019-08-02T13:23+0000",
          "date" : "2019-08-03T04:00+0000",
          "moonPhaseDate" : "2019-08-01T03:12+0000",
          "moonPhase" : "phase1",
          "sign" : "virgo",
          "age" : 3,
          "timeZone" : 4
        },
        {
          "date" : "2019-08-04T05:05+0000",
          "age" : 4,
          "moonPhaseDate" : "2019-08-01T03:12+0000",
          "signDate" : "2019-08-04T13:32+0000",
          "moonPhase" : "phase1",
          "timeZone" : 4,
          "sign" : "libra"
        },
        {
          "date" : "2019-08-05T06:09+0000",
          "age" : 5,
          "moonPhaseDate" : "2019-08-01T03:12+0000",
          "signDate" : "2019-08-04T13:32+0000",
          "moonPhase" : "phase1",
          "timeZone" : 4,
          "sign" : "libra"
        },
        {
          "date" : "2019-08-06T07:11+0000",
          "age" : 6,
          "moonPhaseDate" : "2019-08-01T03:12+0000",
          "signDate" : "2019-08-06T15:31+0000",
          "moonPhase" : "phase1",
          "timeZone" : 4,
          "sign" : "scorpio"
        },
        {
          "age" : 7,
          "date" : "2019-08-07T08:11+0000",
          "moonPhaseDate" : "2019-08-07T17:31+0000",
          "signDate" : "2019-08-06T15:31+0000",
          "moonPhase" : "phase2",
          "timeZone" : 4,
          "sign" : "scorpio"
        },
        {
          "age" : 8,
          "date" : "2019-08-08T09:10+0000",
          "moonPhaseDate" : "2019-08-07T17:31+0000",
          "signDate" : "2019-08-06T15:31+0000",
          "moonPhase" : "phase2",
          "timeZone" : 4,
          "sign" : "scorpio"
        },
        {
          "date" : "2019-08-09T10:09+0000",
          "age" : 9,
          "moonPhaseDate" : "2019-08-07T17:31+0000",
          "signDate" : "2019-08-08T20:32+0000",
          "moonPhase" : "phase2",
          "timeZone" : 4,
          "sign" : "sagittarius"
        },
        {
          "date" : "2019-08-10T11:06+0000",
          "age" : 10,
          "moonPhaseDate" : "2019-08-07T17:31+0000",
          "signDate" : "2019-08-08T20:32+0000",
          "moonPhase" : "phase2",
          "timeZone" : 4,
          "sign" : "sagittarius"
        },
        {
          "age" : 11,
          "date" : "2019-08-11T12:00+0000",
          "moonPhaseDate" : "2019-08-07T17:31+0000",
          "signDate" : "2019-08-11T04:48+0000",
          "moonPhase" : "phase2",
          "timeZone" : 4,
          "sign" : "capricorn"
        },
        {
          "date" : "2019-08-12T12:52+0000",
          "sign" : "capricorn",
          "moonPhaseDate" : "2019-08-07T17:31+0000",
          "signDate" : "2019-08-11T04:48+0000",
          "moonPhase" : "phase2",
          "timeZone" : 4,
          "age" : 12
        },
        {
          "date" : "2019-08-13T13:40+0000",
          "age" : 13,
          "moonPhaseDate" : "2019-08-07T17:31+0000",
          "signDate" : "2019-08-13T15:36+0000",
          "moonPhase" : "phase2",
          "timeZone" : 4,
          "sign" : "aquarius"
        },
        {
          "date" : "2019-08-14T14:24+0000",
          "age" : 14,
          "moonPhaseDate" : "2019-08-07T17:31+0000",
          "signDate" : "2019-08-13T15:36+0000",
          "moonPhase" : "phase2",
          "timeZone" : 4,
          "sign" : "aquarius"
        },
        {
          "date" : "2019-08-15T15:04+0000",
          "age" : 15,
          "moonPhaseDate" : "2019-08-15T12:29+0000",
          "signDate" : "2019-08-13T15:36+0000",
          "moonPhase" : "fullMoon",
          "timeZone" : 4,
          "sign" : "aquarius"
        },
        {
          "date" : "2019-08-16T15:41+0000",
          "age" : 16,
          "moonPhaseDate" : "2019-08-15T12:29+0000",
          "signDate" : "2019-08-16T03:50+0000",
          "moonPhase" : "phase3",
          "timeZone" : 4,
          "sign" : "pisces"
        },
        {
          "date" : "2019-08-17T16:16+0000",
          "age" : 17,
          "moonPhaseDate" : "2019-08-15T12:29+0000",
          "signDate" : "2019-08-16T03:50+0000",
          "moonPhase" : "phase3",
          "timeZone" : 4,
          "sign" : "pisces"
        },
        {
          "date" : "2019-08-18T16:49+0000",
          "age" : 18,
          "moonPhaseDate" : "2019-08-15T12:29+0000",
          "signDate" : "2019-08-18T16:32+0000",
          "moonPhase" : "phase3",
          "timeZone" : 4,
          "sign" : "aries"
        },
        {
          "date" : "2019-08-19T17:21+0000",
          "age" : 19,
          "moonPhaseDate" : "2019-08-15T12:29+0000",
          "signDate" : "2019-08-18T16:32+0000",
          "moonPhase" : "phase3",
          "timeZone" : 4,
          "sign" : "aries"
        },
        {
          "date" : "2019-08-20T17:53+0000",
          "age" : 20,
          "moonPhaseDate" : "2019-08-15T12:29+0000",
          "signDate" : "2019-08-18T16:32+0000",
          "moonPhase" : "phase3",
          "timeZone" : 4,
          "sign" : "aries"
        },
        {
          "age" : 21,
          "date" : "2019-08-21T18:27+0000",
          "moonPhaseDate" : "2019-08-15T12:29+0000",
          "signDate" : "2019-08-21T04:36+0000",
          "moonPhase" : "phase3",
          "timeZone" : 4,
          "sign" : "taurus"
        },
        {
          "age" : 22,
          "date" : "2019-08-22T19:04+0000",
          "moonPhaseDate" : "2019-08-15T12:29+0000",
          "signDate" : "2019-08-21T04:36+0000",
          "moonPhase" : "phase3",
          "timeZone" : 4,
          "sign" : "taurus"
        },
        {
          "date" : "2019-08-23T19:44+0000",
          "age" : 23,
          "moonPhaseDate" : "2019-08-23T14:56+0000",
          "signDate" : "2019-08-23T14:34+0000",
          "moonPhase" : "phase4",
          "timeZone" : 4,
          "sign" : "gemini"
        },
        {
          "date" : "2019-08-24T20:28+0000",
          "age" : 24,
          "moonPhaseDate" : "2019-08-23T14:56+0000",
          "signDate" : "2019-08-23T14:34+0000",
          "moonPhase" : "phase4",
          "timeZone" : 4,
          "sign" : "gemini"
        },
        {
          "date" : "2019-08-25T21:20+0000",
          "sign" : "cancer",
          "moonPhaseDate" : "2019-08-23T14:56+0000",
          "signDate" : "2019-08-25T21:05+0000",
          "moonPhase" : "phase4",
          "timeZone" : 4,
          "age" : 25
        },
        {
          "date" : "2019-08-26T22:18+0000",
          "age" : 26,
          "moonPhaseDate" : "2019-08-23T14:56+0000",
          "signDate" : "2019-08-25T21:05+0000",
          "moonPhase" : "phase4",
          "timeZone" : 4,
          "sign" : "cancer"
        },
        {
          "date" : "2019-08-27T23:21+0000",
          "age" : 27,
          "moonPhaseDate" : "2019-08-23T14:56+0000",
          "signDate" : "2019-08-27T23:51+0000",
          "moonPhase" : "phase4",
          "timeZone" : 4,
          "sign" : "leo"
        },
        {
          "age" : 28,
          "date" : "2019-08-29T00:28+0000",
          "moonPhaseDate" : "2019-08-23T14:56+0000",
          "signDate" : "2019-08-27T23:51+0000",
          "moonPhase" : "phase4",
          "timeZone" : 4,
          "sign" : "leo"
        },
        {
          "date" : "2019-08-30T01:37+0000",
          "age" : 29,
          "moonPhaseDate" : "2019-08-30T10:37+0000",
          "signDate" : "2019-08-29T23:57+0000",
          "moonPhase" : "newMoon",
          "timeZone" : 4,
          "sign" : "virgo"
        },
        {
          "date" : "2019-08-30T10:37+0000",
          "age" : 1,
          "moonPhaseDate" : "2019-08-30T10:37+0000",
          "signDate" : "2019-08-29T23:57+0000",
          "moonPhase" : "newMoon",
          "timeZone" : 4,
          "sign" : "virgo"
        },
        {
          "date" : "2019-08-31T02:45+0000",
          "age" : 2,
          "moonPhaseDate" : "2019-08-30T10:37+0000",
          "signDate" : "2019-08-29T23:57+0000",
          "moonPhase" : "phase1",
          "timeZone" : 4,
          "sign" : "virgo"
        },
        {
          "date" : "2019-09-01T03:51+0000",
          "age" : 3,
          "moonPhaseDate" : null,
          "signDate" : "2019-08-31T23:12+0000",
          "moonPhase" : "phase1",
          "timeZone" : 4,
          "sign" : "libra"
        },
        {
          "date" : "2019-09-02T04:56+0000",
          "age" : 4,
          "moonPhaseDate" : null,
          "signDate" : "2019-08-31T23:12+0000",
          "moonPhase" : "phase1",
          "timeZone" : 4,
          "sign" : "libra"
        },
        {
          "date" : "2019-09-03T05:59+0000",
          "age" : 5,
          "moonPhaseDate" : null,
          "signDate" : "2019-09-02T23:38+0000",
          "moonPhase" : "phase1",
          "timeZone" : 4,
          "sign" : "scorpio"
        },
        {
          "date" : "2019-09-04T07:01+0000",
          "age" : 6,
          "moonPhaseDate" : null,
          "signDate" : "2019-09-02T23:38+0000",
          "moonPhase" : "phase1",
          "timeZone" : 4,
          "sign" : "scorpio"
        },
        {
          "age" : 7,
          "date" : "2019-09-05T08:01+0000",
          "moonPhaseDate" : null,
          "signDate" : "2019-09-05T03:06+0000",
          "moonPhase" : "phase1",
          "timeZone" : 4,
          "sign" : "sagittarius"
        },
        {
          "age" : 8,
          "date" : "2019-09-06T09:00+0000",
          "moonPhaseDate" : "2019-09-06T03:10+0000",
          "signDate" : "2019-09-05T03:06+0000",
          "moonPhase" : "phase2",
          "timeZone" : 4,
          "sign" : "sagittarius"
        },
        {
          "date" : "2019-09-07T09:56+0000",
          "age" : 9,
          "moonPhaseDate" : "2019-09-06T03:10+0000",
          "signDate" : "2019-09-07T10:35+0000",
          "moonPhase" : "phase2",
          "timeZone" : 4,
          "sign" : "capricorn"
        },
        {
          "date" : "2019-09-08T10:49+0000",
          "age" : 10,
          "moonPhaseDate" : "2019-09-06T03:10+0000",
          "signDate" : "2019-09-07T10:35+0000",
          "moonPhase" : "phase2",
          "timeZone" : 4,
          "sign" : "capricorn"
        },
        {
          "date" : "2019-09-09T11:38+0000",
          "age" : 11,
          "moonPhaseDate" : "2019-09-06T03:10+0000",
          "signDate" : "2019-09-07T10:35+0000",
          "moonPhase" : "phase2",
          "timeZone" : 4,
          "sign" : "capricorn"
        },
        {
          "date" : "2019-09-10T12:23+0000",
          "age" : 12,
          "moonPhaseDate" : "2019-09-06T03:10+0000",
          "signDate" : "2019-09-09T21:25+0000",
          "moonPhase" : "phase2",
          "timeZone" : 4,
          "sign" : "aquarius"
        },
        {
          "date" : "2019-09-11T13:04+0000",
          "sign" : "aquarius",
          "moonPhaseDate" : "2019-09-06T03:10+0000",
          "signDate" : "2019-09-09T21:25+0000",
          "moonPhase" : "phase2",
          "timeZone" : 4,
          "age" : 13
        },
        {
          "date" : "2019-09-12T13:42+0000",
          "age" : 14,
          "moonPhaseDate" : "2019-09-06T03:10+0000",
          "signDate" : "2019-09-12T09:53+0000",
          "moonPhase" : "phase2",
          "timeZone" : 4,
          "sign" : "pisces"
        },
        {
          "date" : "2019-09-13T14:17+0000",
          "age" : 15,
          "moonPhaseDate" : "2019-09-06T03:10+0000",
          "signDate" : "2019-09-12T09:53+0000",
          "moonPhase" : "phase2",
          "timeZone" : 4,
          "sign" : "pisces"
        },
        {
          "date" : "2019-09-14T14:50+0000",
          "age" : 16,
          "moonPhaseDate" : "2019-09-14T04:33+0000",
          "signDate" : "2019-09-12T09:53+0000",
          "moonPhase" : "fullMoon",
          "timeZone" : 4,
          "sign" : "pisces"
        },
        {
          "age" : 17,
          "date" : "2019-09-15T15:23+0000",
          "moonPhaseDate" : "2019-09-14T04:33+0000",
          "signDate" : "2019-09-14T22:32+0000",
          "moonPhase" : "phase3",
          "timeZone" : 4,
          "sign" : "aries"
        },
        {
          "date" : "2019-09-16T15:55+0000",
          "age" : 18,
          "moonPhaseDate" : "2019-09-14T04:33+0000",
          "signDate" : "2019-09-14T22:32+0000",
          "moonPhase" : "phase3",
          "timeZone" : 4,
          "sign" : "aries"
        },
        {
          "date" : "2019-09-17T16:28+0000",
          "age" : 19,
          "moonPhaseDate" : "2019-09-14T04:33+0000",
          "signDate" : "2019-09-17T10:30+0000",
          "moonPhase" : "phase3",
          "timeZone" : 4,
          "sign" : "taurus"
        },
        {
          "date" : "2019-09-18T17:03+0000",
          "age" : 20,
          "moonPhaseDate" : "2019-09-14T04:33+0000",
          "signDate" : "2019-09-17T10:30+0000",
          "moonPhase" : "phase3",
          "timeZone" : 4,
          "sign" : "taurus"
        },
        {
          "date" : "2019-09-19T17:41+0000",
          "age" : 21,
          "moonPhaseDate" : "2019-09-14T04:33+0000",
          "signDate" : "2019-09-17T10:30+0000",
          "moonPhase" : "phase3",
          "timeZone" : 4,
          "sign" : "taurus"
        },
        {
          "date" : "2019-09-20T18:24+0000",
          "age" : 22,
          "moonPhaseDate" : "2019-09-14T04:33+0000",
          "signDate" : "2019-09-19T20:58+0000",
          "moonPhase" : "phase3",
          "timeZone" : 4,
          "sign" : "gemini"
        },
        {
          "date" : "2019-09-21T19:11+0000",
          "sign" : "gemini",
          "moonPhaseDate" : "2019-09-14T04:33+0000",
          "signDate" : "2019-09-19T20:58+0000",
          "moonPhase" : "phase3",
          "timeZone" : 4,
          "age" : 23
        },
        {
          "date" : "2019-09-22T20:05+0000",
          "age" : 24,
          "moonPhaseDate" : "2019-09-22T02:41+0000",
          "signDate" : "2019-09-19T20:58+0000",
          "moonPhase" : "phase4",
          "timeZone" : 4,
          "sign" : "cancer"
        },
        {
          "date" : "2019-09-23T21:04+0000",
          "age" : 25,
          "moonPhaseDate" : "2019-09-22T02:41+0000",
          "signDate" : "2019-09-24T09:19+0000",
          "moonPhase" : "phase4",
          "timeZone" : 4,
          "sign" : "leo"
        },
        {
          "date" : "2019-09-24T22:07+0000",
          "age" : 26,
          "moonPhaseDate" : "2019-09-22T02:41+0000",
          "signDate" : "2019-09-24T09:19+0000",
          "moonPhase" : "phase4",
          "timeZone" : 4,
          "sign" : "leo"
        },
        {
          "date" : "2019-09-25T23:13+0000",
          "age" : 27,
          "moonPhaseDate" : "2019-09-22T02:41+0000",
          "signDate" : "2019-09-26T10:35+0000",
          "moonPhase" : "phase4",
          "timeZone" : 4,
          "sign" : "virgo"
        },
        {
          "date" : "2019-09-27T00:21+0000",
          "age" : 28,
          "moonPhaseDate" : "2019-09-22T02:41+0000",
          "signDate" : "2019-09-26T10:35+0000",
          "moonPhase" : "phase4",
          "timeZone" : 4,
          "sign" : "virgo"
        },
        {
          "age" : 29,
          "date" : "2019-09-28T01:28+0000",
          "moonPhaseDate" : "2019-09-28T18:26+0000",
          "signDate" : "2019-09-28T10:04+0000",
          "moonPhase" : "newMoon",
          "timeZone" : 4,
          "sign" : "libra"
        },
        {
          "date" : "2019-09-28T18:26+0000",
          "age" : 1,
          "moonPhaseDate" : "2019-09-28T18:26+0000",
          "signDate" : "2019-09-28T10:04+0000",
          "moonPhase" : "newMoon",
          "timeZone" : 4,
          "sign" : "libra"
        },
        {
          "date" : "2019-09-29T02:34+0000",
          "age" : 2,
          "moonPhaseDate" : "2019-09-28T18:26+0000",
          "signDate" : "2019-09-28T10:04+0000",
          "moonPhase" : "phase1",
          "timeZone" : 4,
          "sign" : "libra"
        },
        {
          "date" : "2019-09-30T03:39+0000",
          "age" : 3,
          "moonPhaseDate" : "2019-09-28T18:26+0000",
          "signDate" : "2019-09-30T09:45+0000",
          "moonPhase" : "phase1",
          "timeZone" : 4,
          "sign" : "scorpio"
        },
        {
          "date" : "2019-10-01T04:44+0000",
          "sign" : "scorpio",
          "moonPhaseDate" : null,
          "signDate" : "2019-09-30T09:45+0000",
          "moonPhase" : "phase1",
          "timeZone" : 4,
          "age" : 4
        },
        {
          "date" : "2019-10-02T05:47+0000",
          "sign" : "sagittarius",
          "moonPhaseDate" : null,
          "signDate" : "2019-10-02T11:45+0000",
          "moonPhase" : "phase1",
          "timeZone" : 4,
          "age" : 5
        },
        {
          "date" : "2019-10-03T06:49+0000",
          "age" : 6,
          "moonPhaseDate" : null,
          "signDate" : "2019-10-02T11:45+0000",
          "moonPhase" : "phase1",
          "timeZone" : 4,
          "sign" : "sagittarius"
        },
        {
          "date" : "2019-10-04T07:48+0000",
          "age" : 7,
          "moonPhaseDate" : null,
          "signDate" : "2019-10-04T17:41+0000",
          "moonPhase" : "phase1",
          "timeZone" : 4,
          "sign" : "capricorn"
        },
        {
          "date" : "2019-10-05T08:44+0000",
          "age" : 8,
          "moonPhaseDate" : "2019-10-05T16:47+0000",
          "signDate" : "2019-10-04T17:41+0000",
          "moonPhase" : "phase2",
          "timeZone" : 4,
          "sign" : "capricorn"
        },
        {
          "age" : 9,
          "date" : "2019-10-06T09:35+0000",
          "moonPhaseDate" : "2019-10-05T16:47+0000",
          "signDate" : "2019-10-04T17:41+0000",
          "moonPhase" : "phase2",
          "timeZone" : 4,
          "sign" : "capricorn"
        },
        {
          "date" : "2019-10-07T10:21+0000",
          "age" : 10,
          "moonPhaseDate" : "2019-10-05T16:47+0000",
          "signDate" : "2019-10-07T03:43+0000",
          "moonPhase" : "phase2",
          "timeZone" : 4,
          "sign" : "aquarius"
        },
        {
          "date" : "2019-10-08T11:04+0000",
          "age" : 11,
          "moonPhaseDate" : "2019-10-05T16:47+0000",
          "signDate" : "2019-10-07T03:43+0000",
          "moonPhase" : "phase2",
          "timeZone" : 4,
          "sign" : "aquarius"
        },
        {
          "date" : "2019-10-09T11:43+0000",
          "age" : 12,
          "moonPhaseDate" : "2019-10-05T16:47+0000",
          "signDate" : "2019-10-09T16:08+0000",
          "moonPhase" : "phase2",
          "timeZone" : 4,
          "sign" : "pisces"
        },
        {
          "date" : "2019-10-10T12:19+0000",
          "age" : 13,
          "moonPhaseDate" : "2019-10-05T16:47+0000",
          "signDate" : "2019-10-09T16:08+0000",
          "moonPhase" : "phase2",
          "timeZone" : 4,
          "sign" : "pisces"
        },
        {
          "date" : "2019-10-11T12:52+0000",
          "sign" : "pisces",
          "moonPhaseDate" : "2019-10-05T16:47+0000",
          "signDate" : "2019-10-09T16:08+0000",
          "moonPhase" : "phase2",
          "timeZone" : 4,
          "age" : 14
        },
        {
          "date" : "2019-10-12T13:25+0000",
          "sign" : "aries",
          "moonPhaseDate" : "2019-10-05T16:47+0000",
          "signDate" : "2019-10-12T04:46+0000",
          "moonPhase" : "phase2",
          "timeZone" : 4,
          "age" : 15
        },
        {
          "age" : 16,
          "date" : "2019-10-13T13:57+0000",
          "moonPhaseDate" : "2019-10-05T16:47+0000",
          "signDate" : "2019-10-12T04:46+0000",
          "moonPhase" : "phase2",
          "timeZone" : 4,
          "sign" : "aries"
        },
        {
          "date" : "2019-10-14T14:30+0000",
          "age" : 17,
          "moonPhaseDate" : "2019-10-13T21:08+0000",
          "signDate" : "2019-10-14T16:23+0000",
          "moonPhase" : "fullMoon",
          "timeZone" : 4,
          "sign" : "taurus"
        },
        {
          "date" : "2019-10-15T15:04+0000",
          "age" : 18,
          "moonPhaseDate" : "2019-10-13T21:08+0000",
          "signDate" : "2019-10-14T16:23+0000",
          "moonPhase" : "phase3",
          "timeZone" : 4,
          "sign" : "taurus"
        },
        {
          "date" : "2019-10-16T15:41+0000",
          "age" : 19,
          "moonPhaseDate" : "2019-10-13T21:08+0000",
          "signDate" : "2019-10-14T16:23+0000",
          "moonPhase" : "phase3",
          "timeZone" : 4,
          "sign" : "taurus"
        },
        {
          "date" : "2019-10-17T16:22+0000",
          "age" : 20,
          "moonPhaseDate" : "2019-10-13T21:08+0000",
          "signDate" : "2019-10-17T02:29+0000",
          "moonPhase" : "phase3",
          "timeZone" : 4,
          "sign" : "gemini"
        },
        {
          "date" : "2019-10-18T17:08+0000",
          "age" : 21,
          "moonPhaseDate" : "2019-10-13T21:08+0000",
          "signDate" : "2019-10-17T02:29+0000",
          "moonPhase" : "phase3",
          "timeZone" : 4,
          "sign" : "gemini"
        },
        {
          "date" : "2019-10-19T17:59+0000",
          "sign" : "cancer",
          "moonPhaseDate" : "2019-10-13T21:08+0000",
          "signDate" : "2019-10-19T10:42+0000",
          "moonPhase" : "phase3",
          "timeZone" : 4,
          "age" : 22
        },
        {
          "date" : "2019-10-20T18:55+0000",
          "age" : 23,
          "moonPhaseDate" : "2019-10-13T21:08+0000",
          "signDate" : "2019-10-19T10:42+0000",
          "moonPhase" : "phase3",
          "timeZone" : 4,
          "sign" : "cancer"
        },
        {
          "date" : "2019-10-21T19:55+0000",
          "age" : 24,
          "moonPhaseDate" : "2019-10-21T12:39+0000",
          "signDate" : "2019-10-21T16:30+0000",
          "moonPhase" : "phase4",
          "timeZone" : 4,
          "sign" : "leo"
        },
        {
          "date" : "2019-10-22T20:58+0000",
          "age" : 25,
          "moonPhaseDate" : "2019-10-21T12:39+0000",
          "signDate" : "2019-10-23T19:30+0000",
          "moonPhase" : "phase4",
          "timeZone" : 4,
          "sign" : "virgo"
        },
        {
          "date" : "2019-10-23T22:03+0000",
          "age" : 26,
          "moonPhaseDate" : "2019-10-21T12:39+0000",
          "signDate" : "2019-10-23T19:30+0000",
          "moonPhase" : "phase4",
          "timeZone" : 4,
          "sign" : "virgo"
        },
        {
          "date" : "2019-10-24T23:08+0000",
          "age" : 27,
          "moonPhaseDate" : "2019-10-21T12:39+0000",
          "signDate" : "2019-10-23T19:30+0000",
          "moonPhase" : "phase4",
          "timeZone" : 4,
          "sign" : "virgo"
        },
        {
          "date" : "2019-10-26T00:12+0000",
          "sign" : "libra",
          "moonPhaseDate" : "2019-10-21T12:39+0000",
          "signDate" : "2019-10-25T20:20+0000",
          "moonPhase" : "phase4",
          "timeZone" : 4,
          "age" : 28
        },
        {
          "date" : "2019-10-27T01:17+0000",
          "age" : 29,
          "moonPhaseDate" : "2019-10-21T12:39+0000",
          "signDate" : "2019-10-25T20:20+0000",
          "moonPhase" : "phase4",
          "timeZone" : 4,
          "sign" : "libra"
        },
        {
          "date" : "2019-10-28T02:22+0000",
          "age" : 30,
          "moonPhaseDate" : "2019-10-28T03:38+0000",
          "signDate" : "2019-10-27T20:31+0000",
          "moonPhase" : "newMoon",
          "timeZone" : 4,
          "sign" : "scorpio"
        },
        {
          "date" : "2019-10-28T03:38+0000",
          "age" : 1,
          "moonPhaseDate" : "2019-10-28T03:38+0000",
          "signDate" : "2019-10-27T20:31+0000",
          "moonPhase" : "newMoon",
          "timeZone" : 4,
          "sign" : "scorpio"
        },
        {
          "date" : "2019-10-29T03:27+0000",
          "age" : 2,
          "moonPhaseDate" : "2019-10-28T03:38+0000",
          "signDate" : "2019-10-27T20:31+0000",
          "moonPhase" : "phase1",
          "timeZone" : 4,
          "sign" : "scorpio"
        },
        {
          "age" : 3,
          "date" : "2019-10-30T04:31+0000",
          "moonPhaseDate" : "2019-10-28T03:38+0000",
          "signDate" : "2019-10-29T22:00+0000",
          "moonPhase" : "phase1",
          "timeZone" : 4,
          "sign" : "sagittarius"
        },
        {
          "date" : "2019-10-31T05:33+0000",
          "age" : 4,
          "moonPhaseDate" : "2019-10-28T03:38+0000",
          "signDate" : "2019-10-29T22:00+0000",
          "moonPhase" : "phase1",
          "timeZone" : 4,
          "sign" : "sagittarius"
        },
        {
          "age" : 5,
          "date" : "2019-11-01T06:33+0000",
          "moonPhaseDate" : null,
          "signDate" : "2019-11-01T02:38+0000",
          "moonPhase" : "phase1",
          "timeZone" : 4,
          "sign" : "capricorn"
        },
        {
          "age" : 6,
          "date" : "2019-11-02T07:27+0000",
          "moonPhaseDate" : null,
          "signDate" : "2019-11-01T02:38+0000",
          "moonPhase" : "phase1",
          "timeZone" : 4,
          "sign" : "capricorn"
        },
        {
          "date" : "2019-11-03T08:17+0000",
          "age" : 7,
          "moonPhaseDate" : null,
          "signDate" : "2019-11-03T11:21+0000",
          "moonPhase" : "phase1",
          "timeZone" : 4,
          "sign" : "aquarius"
        },
        {
          "date" : "2019-11-04T09:02+0000",
          "age" : 8,
          "moonPhaseDate" : "2019-11-04T10:23+0000",
          "signDate" : "2019-11-03T11:21+0000",
          "moonPhase" : "phase2",
          "timeZone" : 4,
          "sign" : "aquarius"
        },
        {
          "date" : "2019-11-05T09:42+0000",
          "age" : 9,
          "moonPhaseDate" : "2019-11-04T10:23+0000",
          "signDate" : "2019-11-03T11:21+0000",
          "moonPhase" : "phase2",
          "timeZone" : 4,
          "sign" : "aquarius"
        },
        {
          "date" : "2019-11-06T10:19+0000",
          "age" : 10,
          "moonPhaseDate" : "2019-11-04T10:23+0000",
          "signDate" : "2019-11-05T23:11+0000",
          "moonPhase" : "phase2",
          "timeZone" : 4,
          "sign" : "pisces"
        },
        {
          "date" : "2019-11-07T10:53+0000",
          "age" : 11,
          "moonPhaseDate" : "2019-11-04T10:23+0000",
          "signDate" : "2019-11-05T23:11+0000",
          "moonPhase" : "phase2",
          "timeZone" : 4,
          "sign" : "pisces"
        },
        {
          "date" : "2019-11-08T11:26+0000",
          "age" : 12,
          "moonPhaseDate" : "2019-11-04T10:23+0000",
          "signDate" : "2019-11-08T11:50+0000",
          "moonPhase" : "phase2",
          "timeZone" : 4,
          "sign" : "aries"
        },
        {
          "date" : "2019-11-09T11:58+0000",
          "age" : 13,
          "moonPhaseDate" : "2019-11-04T10:23+0000",
          "signDate" : "2019-11-08T11:50+0000",
          "moonPhase" : "phase2",
          "timeZone" : 4,
          "sign" : "aries"
        },
        {
          "date" : "2019-11-10T12:30+0000",
          "age" : 14,
          "moonPhaseDate" : "2019-11-04T10:23+0000",
          "signDate" : "2019-11-08T11:50+0000",
          "moonPhase" : "phase2",
          "timeZone" : 4,
          "sign" : "aries"
        },
        {
          "date" : "2019-11-11T13:04+0000",
          "sign" : "taurus",
          "moonPhaseDate" : "2019-11-04T10:23+0000",
          "signDate" : "2019-11-10T23:19+0000",
          "moonPhase" : "phase2",
          "timeZone" : 4,
          "age" : 15
        },
        {
          "date" : "2019-11-12T13:40+0000",
          "age" : 16,
          "moonPhaseDate" : "2019-11-12T13:35+0000",
          "signDate" : "2019-11-10T23:19+0000",
          "moonPhase" : "fullMoon",
          "timeZone" : 4,
          "sign" : "taurus"
        },
        {
          "date" : "2019-11-13T14:21+0000",
          "sign" : "gemini",
          "moonPhaseDate" : "2019-11-12T13:35+0000",
          "signDate" : "2019-11-13T08:45+0000",
          "moonPhase" : "phase3",
          "timeZone" : 4,
          "age" : 17
        },
        {
          "age" : 18,
          "date" : "2019-11-14T15:05+0000",
          "moonPhaseDate" : "2019-11-12T13:35+0000",
          "signDate" : "2019-11-13T08:45+0000",
          "moonPhase" : "phase3",
          "timeZone" : 4,
          "sign" : "gemini"
        },
        {
          "date" : "2019-11-15T15:55+0000",
          "sign" : "cancer",
          "moonPhaseDate" : "2019-11-12T13:35+0000",
          "signDate" : "2019-11-15T16:12+0000",
          "moonPhase" : "phase3",
          "timeZone" : 4,
          "age" : 19
        },
        {
          "date" : "2019-11-16T16:50+0000",
          "age" : 20,
          "moonPhaseDate" : "2019-11-12T13:35+0000",
          "signDate" : "2019-11-15T16:12+0000",
          "moonPhase" : "phase3",
          "timeZone" : 4,
          "sign" : "cancer"
        },
        {
          "date" : "2019-11-17T17:49+0000",
          "age" : 21,
          "moonPhaseDate" : "2019-11-12T13:35+0000",
          "signDate" : "2019-11-15T16:12+0000",
          "moonPhase" : "phase3",
          "timeZone" : 4,
          "sign" : "cancer"
        },
        {
          "date" : "2019-11-18T18:50+0000",
          "age" : 22,
          "moonPhaseDate" : "2019-11-12T13:35+0000",
          "signDate" : "2019-11-17T21:54+0000",
          "moonPhase" : "phase3",
          "timeZone" : 4,
          "sign" : "leo"
        },
        {
          "date" : "2019-11-19T19:53+0000",
          "age" : 23,
          "moonPhaseDate" : "2019-11-12T13:35+0000",
          "signDate" : "2019-11-17T21:54+0000",
          "moonPhase" : "phase3",
          "timeZone" : 4,
          "sign" : "leo"
        },
        {
          "date" : "2019-11-20T20:56+0000",
          "age" : 24,
          "moonPhaseDate" : "2019-11-19T21:11+0000",
          "signDate" : "2019-11-17T21:54+0000",
          "moonPhase" : "phase4",
          "timeZone" : 4,
          "sign" : "virgo"
        },
        {
          "date" : "2019-11-21T21:59+0000",
          "age" : 25,
          "moonPhaseDate" : "2019-11-19T21:11+0000",
          "signDate" : "2019-11-22T04:22+0000",
          "moonPhase" : "phase4",
          "timeZone" : 4,
          "sign" : "libra"
        },
        {
          "date" : "2019-11-22T23:01+0000",
          "sign" : "libra",
          "moonPhaseDate" : "2019-11-19T21:11+0000",
          "signDate" : "2019-11-22T04:22+0000",
          "moonPhase" : "phase4",
          "timeZone" : 4,
          "age" : 26
        },
        {
          "age" : 27,
          "date" : "2019-11-24T00:04+0000",
          "moonPhaseDate" : "2019-11-19T21:11+0000",
          "signDate" : "2019-11-24T06:01+0000",
          "moonPhase" : "phase4",
          "timeZone" : 4,
          "sign" : "scorpio"
        },
        {
          "date" : "2019-11-25T01:07+0000",
          "age" : 28,
          "moonPhaseDate" : "2019-11-19T21:11+0000",
          "signDate" : "2019-11-24T06:01+0000",
          "moonPhase" : "phase4",
          "timeZone" : 4,
          "sign" : "scorpio"
        },
        {
          "date" : "2019-11-26T02:11+0000",
          "age" : 29,
          "moonPhaseDate" : "2019-11-26T15:06+0000",
          "signDate" : "2019-11-26T08:12+0000",
          "moonPhase" : "newMoon",
          "timeZone" : 4,
          "sign" : "sagittarius"
        },
        {
          "date" : "2019-11-26T15:06+0000",
          "age" : 1,
          "moonPhaseDate" : "2019-11-26T15:06+0000",
          "signDate" : "2019-11-26T08:12+0000",
          "moonPhase" : "newMoon",
          "timeZone" : 4,
          "sign" : "sagittarius"
        },
        {
          "date" : "2019-11-27T03:14+0000",
          "sign" : "sagittarius",
          "moonPhaseDate" : "2019-11-26T15:06+0000",
          "signDate" : "2019-11-26T08:12+0000",
          "moonPhase" : "phase1",
          "timeZone" : 4,
          "age" : 2
        },
        {
          "age" : 3,
          "date" : "2019-11-28T04:16+0000",
          "moonPhaseDate" : "2019-11-26T15:06+0000",
          "signDate" : "2019-11-28T12:32+0000",
          "moonPhase" : "phase1",
          "timeZone" : 4,
          "sign" : "capricorn"
        },
        {
          "date" : "2019-11-29T05:14+0000",
          "age" : 4,
          "moonPhaseDate" : "2019-11-26T15:06+0000",
          "signDate" : "2019-11-28T12:32+0000",
          "moonPhase" : "phase1",
          "timeZone" : 4,
          "sign" : "capricorn"
        },
        {
          "date" : "2019-11-30T06:08+0000",
          "age" : 5,
          "moonPhaseDate" : "2019-11-26T15:06+0000",
          "signDate" : "2019-11-28T12:32+0000",
          "moonPhase" : "phase1",
          "timeZone" : 4,
          "sign" : "capricorn"
        },
        {
          "date" : "2019-12-01T06:56+0000",
          "sign" : "aquarius",
          "moonPhaseDate" : null,
          "signDate" : "2019-11-30T20:15+0000",
          "moonPhase" : "phase1",
          "timeZone" : 4,
          "age" : 6
        },
        {
          "date" : "2019-12-02T07:39+0000",
          "age" : 7,
          "moonPhaseDate" : null,
          "signDate" : "2019-11-30T20:15+0000",
          "moonPhase" : "phase1",
          "timeZone" : 4,
          "sign" : "aquarius"
        },
        {
          "date" : "2019-12-03T08:17+0000",
          "age" : 8,
          "moonPhaseDate" : null,
          "signDate" : "2019-12-03T07:14+0000",
          "moonPhase" : "phase1",
          "timeZone" : 4,
          "sign" : "pisces"
        },
        {
          "date" : "2019-12-04T08:52+0000",
          "age" : 9,
          "moonPhaseDate" : "2019-12-04T06:58+0000",
          "signDate" : "2019-12-03T07:14+0000",
          "moonPhase" : "phase2",
          "timeZone" : 4,
          "sign" : "pisces"
        },
        {
          "date" : "2019-12-05T09:25+0000",
          "age" : 10,
          "moonPhaseDate" : "2019-12-04T06:58+0000",
          "signDate" : "2019-12-05T19:46+0000",
          "moonPhase" : "phase2",
          "timeZone" : 4,
          "sign" : "aries"
        },
        {
          "date" : "2019-12-06T09:57+0000",
          "age" : 11,
          "moonPhaseDate" : "2019-12-04T06:58+0000",
          "signDate" : "2019-12-05T19:46+0000",
          "moonPhase" : "phase2",
          "timeZone" : 4,
          "sign" : "aries"
        },
        {
          "age" : 12,
          "date" : "2019-12-07T10:29+0000",
          "moonPhaseDate" : "2019-12-04T06:58+0000",
          "signDate" : "2019-12-05T19:46+0000",
          "moonPhase" : "phase2",
          "timeZone" : 4,
          "sign" : "aries"
        },
        {
          "date" : "2019-12-08T11:02+0000",
          "age" : 13,
          "moonPhaseDate" : "2019-12-04T06:58+0000",
          "signDate" : "2019-12-08T07:31+0000",
          "moonPhase" : "phase2",
          "timeZone" : 4,
          "sign" : "taurus"
        },
        {
          "age" : 14,
          "date" : "2019-12-09T11:37+0000",
          "moonPhaseDate" : "2019-12-04T06:58+0000",
          "signDate" : "2019-12-08T07:31+0000",
          "moonPhase" : "phase2",
          "timeZone" : 4,
          "sign" : "taurus"
        },
        {
          "date" : "2019-12-10T12:16+0000",
          "sign" : "gemini",
          "moonPhaseDate" : "2019-12-04T06:58+0000",
          "signDate" : "2019-12-10T16:49+0000",
          "moonPhase" : "phase2",
          "timeZone" : 4,
          "age" : 15
        },
        {
          "date" : "2019-12-11T12:59+0000",
          "age" : 16,
          "moonPhaseDate" : "2019-12-04T06:58+0000",
          "signDate" : "2019-12-10T16:49+0000",
          "moonPhase" : "phase2",
          "timeZone" : 4,
          "sign" : "gemini"
        },
        {
          "date" : "2019-12-12T13:48+0000",
          "age" : 17,
          "moonPhaseDate" : "2019-12-12T05:12+0000",
          "signDate" : "2019-12-10T16:49+0000",
          "moonPhase" : "fullMoon",
          "timeZone" : 4,
          "sign" : "gemini"
        },
        {
          "age" : 18,
          "date" : "2019-12-13T14:42+0000",
          "moonPhaseDate" : "2019-12-12T05:12+0000",
          "signDate" : "2019-12-12T23:24+0000",
          "moonPhase" : "phase3",
          "timeZone" : 4,
          "sign" : "cancer"
        },
        {
          "age" : 19,
          "date" : "2019-12-14T15:41+0000",
          "moonPhaseDate" : "2019-12-12T05:12+0000",
          "signDate" : "2019-12-12T23:24+0000",
          "moonPhase" : "phase3",
          "timeZone" : 4,
          "sign" : "cancer"
        },
        {
          "date" : "2019-12-15T16:43+0000",
          "age" : 20,
          "moonPhaseDate" : "2019-12-12T05:12+0000",
          "signDate" : "2019-12-15T03:53+0000",
          "moonPhase" : "phase3",
          "timeZone" : 4,
          "sign" : "leo"
        },
        {
          "date" : "2019-12-16T17:47+0000",
          "age" : 21,
          "moonPhaseDate" : "2019-12-12T05:12+0000",
          "signDate" : "2019-12-15T03:53+0000",
          "moonPhase" : "phase3",
          "timeZone" : 4,
          "sign" : "leo"
        },
        {
          "date" : "2019-12-17T18:50+0000",
          "age" : 22,
          "moonPhaseDate" : "2019-12-12T05:12+0000",
          "signDate" : "2019-12-17T07:13+0000",
          "moonPhase" : "phase3",
          "timeZone" : 4,
          "sign" : "virgo"
        },
        {
          "date" : "2019-12-18T19:52+0000",
          "sign" : "virgo",
          "moonPhaseDate" : "2019-12-12T05:12+0000",
          "signDate" : "2019-12-17T07:13+0000",
          "moonPhase" : "phase3",
          "timeZone" : 4,
          "age" : 23
        },
        {
          "age" : 24,
          "date" : "2019-12-19T20:54+0000",
          "moonPhaseDate" : "2019-12-19T04:57+0000",
          "signDate" : "2019-12-17T07:13+0000",
          "moonPhase" : "phase4",
          "timeZone" : 4,
          "sign" : "libra"
        },
        {
          "date" : "2019-12-20T21:55+0000",
          "age" : 25,
          "moonPhaseDate" : "2019-12-19T04:57+0000",
          "signDate" : "2019-12-21T13:01+0000",
          "moonPhase" : "phase4",
          "timeZone" : 4,
          "sign" : "scorpio"
        },
        {
          "date" : "2019-12-21T22:56+0000",
          "age" : 26,
          "moonPhaseDate" : "2019-12-19T04:57+0000",
          "signDate" : "2019-12-21T13:01+0000",
          "moonPhase" : "phase4",
          "timeZone" : 4,
          "sign" : "scorpio"
        },
        {
          "date" : "2019-12-22T23:57+0000",
          "age" : 27,
          "moonPhaseDate" : "2019-12-19T04:57+0000",
          "signDate" : "2019-12-23T16:37+0000",
          "moonPhase" : "phase4",
          "timeZone" : 4,
          "sign" : "sagittarius"
        },
        {
          "date" : "2019-12-24T00:59+0000",
          "age" : 28,
          "moonPhaseDate" : "2019-12-19T04:57+0000",
          "signDate" : "2019-12-23T16:37+0000",
          "moonPhase" : "phase4",
          "timeZone" : 4,
          "sign" : "sagittarius"
        },
        {
          "date" : "2019-12-25T02:01+0000",
          "age" : 29,
          "moonPhaseDate" : "2019-12-19T04:57+0000",
          "signDate" : "2019-12-23T16:37+0000",
          "moonPhase" : "phase4",
          "timeZone" : 4,
          "sign" : "sagittarius"
        },
        {
          "age" : 30,
          "date" : "2019-12-26T03:00+0000",
          "moonPhaseDate" : "2019-12-26T05:13+0000",
          "signDate" : "2019-12-25T21:46+0000",
          "moonPhase" : "newMoon",
          "timeZone" : 4,
          "sign" : "capricorn"
        },
        {
          "date" : "2019-12-26T05:13+0000",
          "sign" : "capricorn",
          "moonPhaseDate" : "2019-12-26T05:13+0000",
          "signDate" : "2019-12-25T21:46+0000",
          "moonPhase" : "newMoon",
          "timeZone" : 4,
          "age" : 1
        },
        {
          "date" : "2019-12-27T03:56+0000",
          "age" : 2,
          "moonPhaseDate" : "2019-12-26T05:13+0000",
          "signDate" : "2019-12-25T21:46+0000",
          "moonPhase" : "phase1",
          "timeZone" : 4,
          "sign" : "capricorn"
        },
        {
          "date" : "2019-12-28T04:47+0000",
          "sign" : "aquarius",
          "moonPhaseDate" : "2019-12-26T05:13+0000",
          "signDate" : "2019-12-28T05:21+0000",
          "moonPhase" : "phase1",
          "timeZone" : 4,
          "age" : 3
        },
        {
          "date" : "2019-12-29T05:32+0000",
          "age" : 4,
          "moonPhaseDate" : "2019-12-26T05:13+0000",
          "signDate" : "2019-12-28T05:21+0000",
          "moonPhase" : "phase1",
          "timeZone" : 4,
          "sign" : "aquarius"
        },
        {
          "date" : "2019-12-30T06:13+0000",
          "age" : 5,
          "moonPhaseDate" : "2019-12-26T05:13+0000",
          "signDate" : "2019-12-30T15:43+0000",
          "moonPhase" : "phase1",
          "timeZone" : 4,
          "sign" : "pisces"
        },
        {
          "date" : "2019-12-31T06:50+0000",
          "age" : 6,
          "moonPhaseDate" : "2019-12-26T05:13+0000",
          "signDate" : "2019-12-30T15:43+0000",
          "moonPhase" : "phase1",
          "timeZone" : 4,
          "sign" : "pisces"
        },
        {
          "date" : "2020-01-01T07:24+0000",
          "age" : 7,
          "moonPhaseDate" : null,
          "signDate" : "2019-12-30T15:43+0000",
          "moonPhase" : "phase1",
          "timeZone" : 4,
          "sign" : "pisces"
        },
        {
          "date" : "2020-01-02T07:56+0000",
          "sign" : "aries",
          "moonPhaseDate" : null,
          "signDate" : "2020-01-02T04:01+0000",
          "moonPhase" : "phase1",
          "timeZone" : 4,
          "age" : 8
        },
        {
          "date" : "2020-01-03T08:28+0000",
          "age" : 9,
          "moonPhaseDate" : "2020-01-03T04:45+0000",
          "signDate" : "2020-01-02T04:01+0000",
          "moonPhase" : "phase2",
          "timeZone" : 4,
          "sign" : "aries"
        },
        {
          "date" : "2020-01-04T09:00+0000",
          "age" : 10,
          "moonPhaseDate" : "2020-01-03T04:45+0000",
          "signDate" : "2020-01-04T16:15+0000",
          "moonPhase" : "phase2",
          "timeZone" : 4,
          "sign" : "taurus"
        },
        {
          "date" : "2020-01-05T09:33+0000",
          "age" : 11,
          "moonPhaseDate" : "2020-01-03T04:45+0000",
          "signDate" : "2020-01-04T16:15+0000",
          "moonPhase" : "phase2",
          "timeZone" : 4,
          "sign" : "taurus"
        },
        {
          "date" : "2020-01-06T10:10+0000",
          "age" : 12,
          "moonPhaseDate" : "2020-01-03T04:45+0000",
          "signDate" : "2020-01-04T16:15+0000",
          "moonPhase" : "phase2",
          "timeZone" : 4,
          "sign" : "taurus"
        },
        {
          "date" : "2020-01-07T10:50+0000",
          "sign" : "gemini",
          "moonPhaseDate" : "2020-01-03T04:45+0000",
          "signDate" : "2020-01-07T02:13+0000",
          "moonPhase" : "phase2",
          "timeZone" : 4,
          "age" : 13
        },
        {
          "date" : "2020-01-08T11:36+0000",
          "age" : 14,
          "moonPhaseDate" : "2020-01-03T04:45+0000",
          "signDate" : "2020-01-07T02:13+0000",
          "moonPhase" : "phase2",
          "timeZone" : 4,
          "sign" : "gemini"
        },
        {
          "date" : "2020-01-09T12:28+0000",
          "age" : 15,
          "moonPhaseDate" : "2020-01-03T04:45+0000",
          "signDate" : "2020-01-09T08:45+0000",
          "moonPhase" : "phase2",
          "timeZone" : 4,
          "sign" : "cancer"
        },
        {
          "date" : "2020-01-10T13:26+0000",
          "age" : 16,
          "moonPhaseDate" : "2020-01-10T19:21+0000",
          "signDate" : "2020-01-09T08:45+0000",
          "moonPhase" : "fullMoon",
          "timeZone" : 4,
          "sign" : "cancer"
        },
        {
          "date" : "2020-01-11T14:29+0000",
          "sign" : "leo",
          "moonPhaseDate" : "2020-01-10T19:21+0000",
          "signDate" : "2020-01-11T12:16+0000",
          "moonPhase" : "phase3",
          "timeZone" : 4,
          "age" : 17
        },
        {
          "date" : "2020-01-12T15:34+0000",
          "age" : 18,
          "moonPhaseDate" : "2020-01-10T19:21+0000",
          "signDate" : "2020-01-11T12:16+0000",
          "moonPhase" : "phase3",
          "timeZone" : 4,
          "sign" : "leo"
        },
        {
          "date" : "2020-01-13T16:40+0000",
          "age" : 19,
          "moonPhaseDate" : "2020-01-10T19:21+0000",
          "signDate" : "2020-01-13T14:05+0000",
          "moonPhase" : "phase3",
          "timeZone" : 4,
          "sign" : "virgo"
        },
        {
          "date" : "2020-01-14T17:45+0000",
          "age" : 20,
          "moonPhaseDate" : "2020-01-10T19:21+0000",
          "signDate" : "2020-01-13T14:05+0000",
          "moonPhase" : "phase3",
          "timeZone" : 4,
          "sign" : "virgo"
        },
        {
          "date" : "2020-01-15T18:47+0000",
          "age" : 21,
          "moonPhaseDate" : "2020-01-10T19:21+0000",
          "signDate" : "2020-01-15T15:42+0000",
          "moonPhase" : "phase3",
          "timeZone" : 4,
          "sign" : "libra"
        },
        {
          "date" : "2020-01-16T19:49+0000",
          "age" : 22,
          "moonPhaseDate" : "2020-01-10T19:21+0000",
          "signDate" : "2020-01-15T15:42+0000",
          "moonPhase" : "phase3",
          "timeZone" : 4,
          "sign" : "libra"
        },
        {
          "date" : "2020-01-17T20:50+0000",
          "age" : 23,
          "moonPhaseDate" : "2020-01-17T12:58+0000",
          "signDate" : "2020-01-15T15:42+0000",
          "moonPhase" : "phase4",
          "timeZone" : 4,
          "sign" : "scorpio"
        },
        {
          "date" : "2020-01-18T21:51+0000",
          "age" : 24,
          "moonPhaseDate" : "2020-01-17T12:58+0000",
          "signDate" : "2020-01-15T15:42+0000",
          "moonPhase" : "phase4",
          "timeZone" : 4,
          "sign" : "scorpio"
        },
        {
          "date" : "2020-01-19T22:51+0000",
          "age" : 25,
          "moonPhaseDate" : "2020-01-17T12:58+0000",
          "signDate" : "2020-01-19T22:43+0000",
          "moonPhase" : "phase4",
          "timeZone" : 4,
          "sign" : "sagittarius"
        },
        {
          "date" : "2020-01-20T23:52+0000",
          "sign" : "sagittarius",
          "moonPhaseDate" : "2020-01-17T12:58+0000",
          "signDate" : "2020-01-19T22:43+0000",
          "moonPhase" : "phase4",
          "timeZone" : 4,
          "age" : 26
        },
        {
          "date" : "2020-01-22T00:51+0000",
          "age" : 27,
          "moonPhaseDate" : "2020-01-17T12:58+0000",
          "signDate" : "2020-01-22T05:02+0000",
          "moonPhase" : "phase4",
          "timeZone" : 4,
          "sign" : "capricorn"
        },
        {
          "age" : 28,
          "date" : "2020-01-23T01:47+0000",
          "moonPhaseDate" : "2020-01-17T12:58+0000",
          "signDate" : "2020-01-22T05:02+0000",
          "moonPhase" : "phase4",
          "timeZone" : 4,
          "sign" : "capricorn"
        },
        {
          "date" : "2020-01-24T02:38+0000",
          "age" : 29,
          "moonPhaseDate" : "2020-01-17T12:58+0000",
          "signDate" : "2020-01-24T13:22+0000",
          "moonPhase" : "phase4",
          "timeZone" : 4,
          "sign" : "aquarius"
        },
        {
          "date" : "2020-01-24T21:42+0000",
          "age" : 1,
          "moonPhaseDate" : "2020-01-24T21:42+0000",
          "signDate" : "2020-01-24T13:22+0000",
          "moonPhase" : "newMoon",
          "timeZone" : 4,
          "sign" : "aquarius"
        },
        {
          "date" : "2020-01-25T03:26+0000",
          "age" : 2,
          "moonPhaseDate" : "2020-01-24T21:42+0000",
          "signDate" : "2020-01-24T13:22+0000",
          "moonPhase" : "newMoon",
          "timeZone" : 4,
          "sign" : "aquarius"
        },
        {
          "age" : 3,
          "date" : "2020-01-26T04:09+0000",
          "moonPhaseDate" : "2020-01-24T21:42+0000",
          "signDate" : "2020-01-24T13:22+0000",
          "moonPhase" : "phase1",
          "timeZone" : 4,
          "sign" : "aquarius"
        },
        {
          "date" : "2020-01-27T04:48+0000",
          "age" : 4,
          "moonPhaseDate" : "2020-01-24T21:42+0000",
          "signDate" : "2020-01-26T23:45+0000",
          "moonPhase" : "phase1",
          "timeZone" : 4,
          "sign" : "pisces"
        },
        {
          "date" : "2020-01-28T05:23+0000",
          "age" : 5,
          "moonPhaseDate" : "2020-01-24T21:42+0000",
          "signDate" : "2020-01-26T23:45+0000",
          "moonPhase" : "phase1",
          "timeZone" : 4,
          "sign" : "pisces"
        },
        {
          "date" : "2020-01-29T05:55+0000",
          "age" : 6,
          "moonPhaseDate" : "2020-01-24T21:42+0000",
          "signDate" : "2020-01-29T11:51+0000",
          "moonPhase" : "phase1",
          "timeZone" : 4,
          "sign" : "aries"
        },
        {
          "date" : "2020-01-30T06:27+0000",
          "sign" : "aries",
          "moonPhaseDate" : "2020-01-24T21:42+0000",
          "signDate" : "2020-01-29T11:51+0000",
          "moonPhase" : "phase1",
          "timeZone" : 4,
          "age" : 7
        },
        {
          "date" : "2020-01-31T06:58+0000",
          "age" : 8,
          "moonPhaseDate" : "2020-01-24T21:42+0000",
          "signDate" : "2020-01-29T11:51+0000",
          "moonPhase" : "phase1",
          "timeZone" : 4,
          "sign" : "aries"
        },
        {
          "age" : 8,
          "date" : "2020-01-31T06:58+0000",
          "moonPhaseDate" : "2020-01-24T21:42+0000",
          "signDate" : "2020-01-29T11:51+0000",
          "moonPhase" : "phase1",
          "timeZone" : 4,
          "sign" : "aries"
        }
      ]
    }
  ],
  "countryName" : "ОАЭ"
}