{
  "countryName" : "Норвегия",
  "cities" : [
    {
      "timeZone" : 2,
      "cityName" : "Осло",
      "moonDays" : [
        {
          "moonPhase" : null,
          "timeZone" : 2,
          "moonPhaseDate" : null,
          "age" : 26,
          "date" : "2019-05-01T03:16+0000",
          "sign" : "aries",
          "signDate" : "2019-05-01T10:23+0000"
        },
        {
          "moonPhase" : null,
          "timeZone" : 2,
          "age" : 27,
          "moonPhaseDate" : null,
          "date" : "2019-05-02T03:25+0000",
          "sign" : "aries",
          "signDate" : "2019-05-01T10:23+0000"
        },
        {
          "moonPhase" : null,
          "timeZone" : 2,
          "moonPhaseDate" : null,
          "age" : 28,
          "date" : "2019-05-03T03:34+0000",
          "sign" : "taurus",
          "signDate" : "2019-05-03T20:21+0000"
        },
        {
          "moonPhase" : null,
          "timeZone" : 2,
          "moonPhaseDate" : null,
          "age" : 29,
          "date" : "2019-05-04T03:46+0000",
          "sign" : "taurus",
          "signDate" : "2019-05-03T20:21+0000"
        },
        {
          "moonPhase" : "newMoon",
          "timeZone" : 2,
          "moonPhaseDate" : "2019-05-04T22:45+0000",
          "age" : 1,
          "date" : "2019-05-04T22:45+0000",
          "sign" : "taurus",
          "signDate" : "2019-05-03T20:21+0000"
        },
        {
          "moonPhase" : "newMoon",
          "timeZone" : 2,
          "age" : 2,
          "moonPhaseDate" : "2019-05-04T22:45+0000",
          "date" : "2019-05-05T03:59+0000",
          "sign" : "taurus",
          "signDate" : "2019-05-03T20:21+0000"
        },
        {
          "moonPhase" : "phase1",
          "moonPhaseDate" : "2019-05-04T22:45+0000",
          "age" : 3,
          "timeZone" : 2,
          "sign" : "gemini",
          "date" : "2019-05-06T04:15+0000",
          "signDate" : "2019-05-06T03:42+0000"
        },
        {
          "moonPhase" : "phase1",
          "timeZone" : 2,
          "moonPhaseDate" : "2019-05-04T22:45+0000",
          "age" : 4,
          "sign" : "gemini",
          "date" : "2019-05-07T04:38+0000",
          "signDate" : "2019-05-06T03:42+0000"
        },
        {
          "moonPhase" : "phase1",
          "timeZone" : 2,
          "moonPhaseDate" : "2019-05-04T22:45+0000",
          "age" : 5,
          "date" : "2019-05-08T05:12+0000",
          "sign" : "cancer",
          "signDate" : "2019-05-08T09:05+0000"
        },
        {
          "moonPhase" : "phase1",
          "timeZone" : 2,
          "age" : 6,
          "moonPhaseDate" : "2019-05-04T22:45+0000",
          "sign" : "cancer",
          "date" : "2019-05-09T06:02+0000",
          "signDate" : "2019-05-08T09:05+0000"
        },
        {
          "moonPhase" : "phase1",
          "timeZone" : 2,
          "moonPhaseDate" : "2019-05-04T22:45+0000",
          "age" : 7,
          "date" : "2019-05-10T07:09+0000",
          "sign" : "leo",
          "signDate" : "2019-05-10T13:12+0000"
        },
        {
          "moonPhase" : "phase1",
          "timeZone" : 2,
          "moonPhaseDate" : "2019-05-04T22:45+0000",
          "age" : 8,
          "date" : "2019-05-11T08:30+0000",
          "sign" : "leo",
          "signDate" : "2019-05-10T13:12+0000"
        },
        {
          "moonPhase" : "phase2",
          "timeZone" : 2,
          "moonPhaseDate" : "2019-05-12T01:12+0000",
          "age" : 9,
          "sign" : "virgo",
          "date" : "2019-05-12T10:00+0000",
          "signDate" : "2019-05-12T16:23+0000"
        },
        {
          "moonPhase" : "phase2",
          "timeZone" : 2,
          "age" : 10,
          "moonPhaseDate" : "2019-05-12T01:12+0000",
          "date" : "2019-05-13T11:32+0000",
          "sign" : "virgo",
          "signDate" : "2019-05-12T16:23+0000"
        },
        {
          "moonPhase" : "phase2",
          "timeZone" : 2,
          "moonPhaseDate" : "2019-05-12T01:12+0000",
          "age" : 11,
          "date" : "2019-05-14T13:04+0000",
          "sign" : "libra",
          "signDate" : "2019-05-14T18:53+0000"
        },
        {
          "moonPhase" : "phase2",
          "timeZone" : 2,
          "moonPhaseDate" : "2019-05-12T01:12+0000",
          "age" : 12,
          "date" : "2019-05-15T14:35+0000",
          "sign" : "libra",
          "signDate" : "2019-05-14T18:53+0000"
        },
        {
          "moonPhase" : "phase2",
          "timeZone" : 2,
          "moonPhaseDate" : "2019-05-12T01:12+0000",
          "age" : 13,
          "date" : "2019-05-16T16:07+0000",
          "sign" : "scorpio",
          "signDate" : "2019-05-16T21:25+0000"
        },
        {
          "moonPhase" : "phase2",
          "moonPhaseDate" : "2019-05-12T01:12+0000",
          "age" : 14,
          "timeZone" : 2,
          "sign" : "scorpio",
          "date" : "2019-05-17T17:38+0000",
          "signDate" : "2019-05-16T21:25+0000"
        },
        {
          "moonPhase" : "fullMoon",
          "timeZone" : 2,
          "moonPhaseDate" : "2019-05-18T21:11+0000",
          "age" : 15,
          "date" : "2019-05-18T19:07+0000",
          "sign" : "scorpio",
          "signDate" : "2019-05-16T21:25+0000"
        },
        {
          "moonPhase" : "phase3",
          "timeZone" : 2,
          "moonPhaseDate" : "2019-05-18T21:11+0000",
          "age" : 16,
          "date" : "2019-05-19T20:32+0000",
          "sign" : "sagittarius",
          "signDate" : "2019-05-19T01:19+0000"
        },
        {
          "moonPhase" : "phase3",
          "timeZone" : 2,
          "moonPhaseDate" : "2019-05-18T21:11+0000",
          "age" : 17,
          "date" : "2019-05-20T21:50+0000",
          "sign" : "sagittarius",
          "signDate" : "2019-05-19T01:19+0000"
        },
        {
          "moonPhase" : "phase3",
          "timeZone" : 2,
          "moonPhaseDate" : "2019-05-18T21:11+0000",
          "age" : 18,
          "date" : "2019-05-21T22:54+0000",
          "sign" : "capricorn",
          "signDate" : "2019-05-19T01:19+0000"
        },
        {
          "moonPhase" : "phase3",
          "timeZone" : 2,
          "moonPhaseDate" : "2019-05-18T21:11+0000",
          "age" : 19,
          "date" : "2019-05-22T23:44+0000",
          "sign" : "aquarius",
          "signDate" : "2019-05-23T17:51+0000"
        },
        {
          "moonPhase" : "phase3",
          "moonPhaseDate" : "2019-05-18T21:11+0000",
          "age" : 20,
          "timeZone" : 2,
          "date" : "2019-05-24T00:19+0000",
          "sign" : "aquarius",
          "signDate" : "2019-05-23T17:51+0000"
        },
        {
          "moonPhase" : "phase3",
          "timeZone" : 2,
          "moonPhaseDate" : "2019-05-18T21:11+0000",
          "age" : 21,
          "date" : "2019-05-25T00:43+0000",
          "sign" : "aquarius",
          "signDate" : "2019-05-23T17:51+0000"
        },
        {
          "moonPhase" : "phase4",
          "timeZone" : 2,
          "moonPhaseDate" : "2019-05-26T16:33+0000",
          "age" : 22,
          "date" : "2019-05-26T01:01+0000",
          "sign" : "pisces",
          "signDate" : "2019-05-26T06:07+0000"
        },
        {
          "moonPhase" : "phase4",
          "timeZone" : 2,
          "moonPhaseDate" : "2019-05-26T16:33+0000",
          "age" : 23,
          "date" : "2019-05-27T01:14+0000",
          "sign" : "pisces",
          "signDate" : "2019-05-26T06:07+0000"
        },
        {
          "moonPhase" : "phase4",
          "timeZone" : 2,
          "moonPhaseDate" : "2019-05-26T16:33+0000",
          "age" : 24,
          "date" : "2019-05-28T01:25+0000",
          "sign" : "aries",
          "signDate" : "2019-05-28T18:29+0000"
        },
        {
          "moonPhase" : "phase4",
          "moonPhaseDate" : "2019-05-26T16:33+0000",
          "age" : 25,
          "timeZone" : 2,
          "date" : "2019-05-29T01:35+0000",
          "sign" : "aries",
          "signDate" : "2019-05-28T18:29+0000"
        },
        {
          "moonPhase" : "phase4",
          "timeZone" : 2,
          "moonPhaseDate" : "2019-05-26T16:33+0000",
          "age" : 26,
          "date" : "2019-05-30T01:44+0000",
          "sign" : "aries",
          "signDate" : "2019-05-28T18:29+0000"
        },
        {
          "moonPhase" : "phase4",
          "timeZone" : 2,
          "moonPhaseDate" : "2019-05-26T16:33+0000",
          "age" : 27,
          "date" : "2019-05-31T01:54+0000",
          "sign" : "taurus",
          "signDate" : "2019-05-31T04:44+0000"
        },
        {
          "moonPhase" : "phase4",
          "moonPhaseDate" : null,
          "age" : 28,
          "timeZone" : 2,
          "date" : "2019-06-01T02:05+0000",
          "sign" : "taurus",
          "signDate" : "2019-05-31T04:44+0000"
        },
        {
          "moonPhase" : "phase4",
          "timeZone" : 2,
          "moonPhaseDate" : null,
          "age" : 29,
          "date" : "2019-06-02T02:20+0000",
          "sign" : "gemini",
          "signDate" : "2019-06-02T11:51+0000"
        },
        {
          "moonPhase" : "newMoon",
          "timeZone" : 2,
          "moonPhaseDate" : "2019-06-03T10:02+0000",
          "age" : 30,
          "date" : "2019-06-03T02:40+0000",
          "sign" : "gemini",
          "signDate" : "2019-06-02T11:51+0000"
        },
        {
          "moonPhase" : "newMoon",
          "moonPhaseDate" : "2019-06-03T10:02+0000",
          "age" : 1,
          "timeZone" : 2,
          "date" : "2019-06-03T10:02+0000",
          "sign" : "gemini",
          "signDate" : "2019-06-02T11:51+0000"
        },
        {
          "moonPhase" : "phase1",
          "timeZone" : 2,
          "moonPhaseDate" : "2019-06-03T10:02+0000",
          "age" : 2,
          "date" : "2019-06-04T03:09+0000",
          "sign" : "cancer",
          "signDate" : "2019-06-04T16:18+0000"
        },
        {
          "moonPhase" : "phase1",
          "timeZone" : 2,
          "moonPhaseDate" : "2019-06-03T10:02+0000",
          "age" : 3,
          "date" : "2019-06-05T03:53+0000",
          "sign" : "cancer",
          "signDate" : "2019-06-04T16:18+0000"
        },
        {
          "moonPhase" : "phase1",
          "timeZone" : 2,
          "moonPhaseDate" : "2019-06-03T10:02+0000",
          "age" : 4,
          "date" : "2019-06-06T04:55+0000",
          "sign" : "leo",
          "signDate" : "2019-06-06T19:14+0000"
        },
        {
          "moonPhase" : "phase1",
          "timeZone" : 2,
          "moonPhaseDate" : "2019-06-03T10:02+0000",
          "age" : 5,
          "date" : "2019-06-07T06:14+0000",
          "sign" : "leo",
          "signDate" : "2019-06-06T19:14+0000"
        },
        {
          "moonPhase" : "phase1",
          "moonPhaseDate" : "2019-06-03T10:02+0000",
          "age" : 6,
          "timeZone" : 2,
          "date" : "2019-06-08T07:43+0000",
          "sign" : "virgo",
          "signDate" : "2019-06-08T21:43+0000"
        },
        {
          "moonPhase" : "phase1",
          "timeZone" : 2,
          "moonPhaseDate" : "2019-06-03T10:02+0000",
          "age" : 7,
          "date" : "2019-06-09T09:16+0000",
          "sign" : "virgo",
          "signDate" : "2019-06-08T21:43+0000"
        },
        {
          "moonPhase" : "phase2",
          "timeZone" : 2,
          "moonPhaseDate" : "2019-06-10T05:59+0000",
          "age" : 8,
          "date" : "2019-06-10T10:48+0000",
          "sign" : "virgo",
          "signDate" : "2019-06-08T21:43+0000"
        },
        {
          "moonPhase" : "phase2",
          "timeZone" : 2,
          "moonPhaseDate" : "2019-06-10T05:59+0000",
          "age" : 9,
          "date" : "2019-06-11T12:19+0000",
          "sign" : "libra",
          "signDate" : "2019-06-11T00:30+0000"
        },
        {
          "moonPhase" : "phase2",
          "moonPhaseDate" : "2019-06-10T05:59+0000",
          "age" : 10,
          "timeZone" : 2,
          "sign" : "libra",
          "date" : "2019-06-12T13:48+0000",
          "signDate" : "2019-06-11T00:30+0000"
        },
        {
          "moonPhase" : "phase2",
          "moonPhaseDate" : "2019-06-10T05:59+0000",
          "age" : 11,
          "timeZone" : 2,
          "date" : "2019-06-13T15:17+0000",
          "sign" : "scorpio",
          "signDate" : "2019-06-13T04:03+0000"
        },
        {
          "moonPhase" : "phase2",
          "timeZone" : 2,
          "moonPhaseDate" : "2019-06-10T05:59+0000",
          "age" : 12,
          "date" : "2019-06-14T16:45+0000",
          "sign" : "scorpio",
          "signDate" : "2019-06-13T04:03+0000"
        },
        {
          "moonPhase" : "phase2",
          "moonPhaseDate" : "2019-06-10T05:59+0000",
          "age" : 13,
          "timeZone" : 2,
          "sign" : "sagittarius",
          "date" : "2019-06-15T18:11+0000",
          "signDate" : "2019-06-15T09:01+0000"
        },
        {
          "moonPhase" : "phase2",
          "timeZone" : 2,
          "age" : 14,
          "moonPhaseDate" : "2019-06-10T05:59+0000",
          "date" : "2019-06-16T19:31+0000",
          "sign" : "sagittarius",
          "signDate" : "2019-06-15T09:01+0000"
        },
        {
          "moonPhase" : "fullMoon",
          "timeZone" : 2,
          "moonPhaseDate" : "2019-06-17T08:31+0000",
          "age" : 15,
          "date" : "2019-06-17T20:42+0000",
          "sign" : "capricorn",
          "signDate" : "2019-06-17T16:11+0000"
        },
        {
          "moonPhase" : "phase3",
          "timeZone" : 2,
          "moonPhaseDate" : "2019-06-17T08:31+0000",
          "age" : 16,
          "date" : "2019-06-18T21:38+0000",
          "sign" : "capricorn",
          "signDate" : "2019-06-17T16:11+0000"
        },
        {
          "moonPhase" : "phase3",
          "timeZone" : 2,
          "moonPhaseDate" : "2019-06-17T08:31+0000",
          "age" : 17,
          "date" : "2019-06-19T22:19+0000",
          "sign" : "aquarius",
          "signDate" : "2019-06-20T02:01+0000"
        },
        {
          "moonPhase" : "phase3",
          "timeZone" : 2,
          "moonPhaseDate" : "2019-06-17T08:31+0000",
          "age" : 18,
          "date" : "2019-06-20T22:48+0000",
          "sign" : "aquarius",
          "signDate" : "2019-06-20T02:01+0000"
        },
        {
          "moonPhase" : "phase3",
          "timeZone" : 2,
          "moonPhaseDate" : "2019-06-17T08:31+0000",
          "age" : 19,
          "sign" : "pisces",
          "date" : "2019-06-21T23:08+0000",
          "signDate" : "2019-06-22T14:01+0000"
        },
        {
          "moonPhase" : "phase3",
          "timeZone" : 2,
          "moonPhaseDate" : "2019-06-17T08:31+0000",
          "age" : 20,
          "date" : "2019-06-22T23:23+0000",
          "sign" : "pisces",
          "signDate" : "2019-06-22T14:01+0000"
        },
        {
          "moonPhase" : "phase3",
          "timeZone" : 2,
          "moonPhaseDate" : "2019-06-17T08:31+0000",
          "age" : 21,
          "date" : "2019-06-23T23:34+0000",
          "sign" : "pisces",
          "signDate" : "2019-06-22T14:01+0000"
        },
        {
          "moonPhase" : "phase4",
          "timeZone" : 2,
          "moonPhaseDate" : "2019-06-25T09:46+0000",
          "age" : 22,
          "date" : "2019-06-24T23:44+0000",
          "sign" : "aries",
          "signDate" : "2019-06-25T02:34+0000"
        },
        {
          "moonPhase" : "phase4",
          "timeZone" : 2,
          "moonPhaseDate" : "2019-06-25T09:46+0000",
          "age" : 23,
          "date" : "2019-06-25T23:53+0000",
          "sign" : "aries",
          "signDate" : "2019-06-25T02:34+0000"
        },
        {
          "moonPhase" : "phase4",
          "timeZone" : 2,
          "age" : 24,
          "moonPhaseDate" : "2019-06-25T09:46+0000",
          "date" : "2019-06-27T00:02+0000",
          "sign" : "taurus",
          "signDate" : "2019-06-27T13:30+0000"
        },
        {
          "moonPhase" : "phase4",
          "timeZone" : 2,
          "moonPhaseDate" : "2019-06-25T09:46+0000",
          "age" : 25,
          "date" : "2019-06-28T00:13+0000",
          "sign" : "taurus",
          "signDate" : "2019-06-27T13:30+0000"
        },
        {
          "moonPhase" : "phase4",
          "timeZone" : 2,
          "moonPhaseDate" : "2019-06-25T09:46+0000",
          "age" : 26,
          "date" : "2019-06-29T00:25+0000",
          "sign" : "gemini",
          "signDate" : "2019-06-29T21:10+0000"
        },
        {
          "moonPhase" : "phase4",
          "timeZone" : 2,
          "moonPhaseDate" : "2019-06-25T09:46+0000",
          "age" : 27,
          "date" : "2019-06-30T00:42+0000",
          "sign" : "gemini",
          "signDate" : "2019-06-29T21:10+0000"
        },
        {
          "moonPhase" : "phase4",
          "timeZone" : 2,
          "age" : 28,
          "moonPhaseDate" : null,
          "date" : "2019-07-01T01:06+0000",
          "sign" : "gemini",
          "signDate" : "2019-06-29T21:10+0000"
        },
        {
          "moonPhase" : "newMoon",
          "timeZone" : 2,
          "moonPhaseDate" : "2019-07-02T19:16+0000",
          "age" : 29,
          "date" : "2019-07-02T01:43+0000",
          "sign" : "cancer",
          "signDate" : "2019-07-02T01:26+0000"
        },
        {
          "moonPhase" : "newMoon",
          "timeZone" : 2,
          "moonPhaseDate" : "2019-07-02T19:16+0000",
          "age" : 1,
          "date" : "2019-07-02T19:16+0000",
          "sign" : "cancer",
          "signDate" : "2019-07-02T01:26+0000"
        },
        {
          "moonPhase" : "phase1",
          "timeZone" : 2,
          "moonPhaseDate" : "2019-07-02T19:16+0000",
          "age" : 2,
          "date" : "2019-07-03T02:37+0000",
          "sign" : "cancer",
          "signDate" : "2019-07-02T01:26+0000"
        },
        {
          "moonPhase" : "phase1",
          "timeZone" : 2,
          "moonPhaseDate" : "2019-07-02T19:16+0000",
          "age" : 3,
          "date" : "2019-07-04T03:52+0000",
          "sign" : "leo",
          "signDate" : "2019-07-04T03:21+0000"
        },
        {
          "moonPhase" : "phase1",
          "timeZone" : 2,
          "moonPhaseDate" : "2019-07-02T19:16+0000",
          "age" : 4,
          "date" : "2019-07-05T05:21+0000",
          "sign" : "leo",
          "signDate" : "2019-07-04T03:21+0000"
        },
        {
          "moonPhase" : "phase1",
          "moonPhaseDate" : "2019-07-02T19:16+0000",
          "age" : 5,
          "timeZone" : 2,
          "sign" : "virgo",
          "date" : "2019-07-06T06:56+0000",
          "signDate" : "2019-07-06T04:25+0000"
        },
        {
          "moonPhase" : "phase1",
          "timeZone" : 2,
          "moonPhaseDate" : "2019-07-02T19:16+0000",
          "age" : 6,
          "date" : "2019-07-07T08:31+0000",
          "sign" : "virgo",
          "signDate" : "2019-07-06T04:25+0000"
        },
        {
          "moonPhase" : "phase1",
          "moonPhaseDate" : "2019-07-02T19:16+0000",
          "age" : 7,
          "timeZone" : 2,
          "date" : "2019-07-08T10:03+0000",
          "sign" : "libra",
          "signDate" : "2019-07-08T06:07+0000"
        },
        {
          "moonPhase" : "phase2",
          "timeZone" : 2,
          "age" : 8,
          "moonPhaseDate" : "2019-07-09T10:55+0000",
          "date" : "2019-07-09T11:34+0000",
          "sign" : "libra",
          "signDate" : "2019-07-08T06:07+0000"
        },
        {
          "moonPhase" : "phase2",
          "timeZone" : 2,
          "moonPhaseDate" : "2019-07-09T10:55+0000",
          "age" : 9,
          "date" : "2019-07-10T13:03+0000",
          "sign" : "scorpio",
          "signDate" : "2019-07-10T09:28+0000"
        },
        {
          "moonPhase" : "phase2",
          "timeZone" : 2,
          "moonPhaseDate" : "2019-07-09T10:55+0000",
          "age" : 10,
          "sign" : "scorpio",
          "date" : "2019-07-11T14:30+0000",
          "signDate" : "2019-07-10T09:28+0000"
        },
        {
          "moonPhase" : "phase2",
          "timeZone" : 2,
          "age" : 11,
          "moonPhaseDate" : "2019-07-09T10:55+0000",
          "date" : "2019-07-12T15:55+0000",
          "sign" : "sagittarius",
          "signDate" : "2019-07-12T15:04+0000"
        },
        {
          "moonPhase" : "phase2",
          "timeZone" : 2,
          "age" : 12,
          "moonPhaseDate" : "2019-07-09T10:55+0000",
          "date" : "2019-07-13T17:17+0000",
          "sign" : "sagittarius",
          "signDate" : "2019-07-12T15:04+0000"
        },
        {
          "moonPhase" : "phase2",
          "timeZone" : 2,
          "moonPhaseDate" : "2019-07-09T10:55+0000",
          "age" : 13,
          "date" : "2019-07-14T18:30+0000",
          "sign" : "sagittarius",
          "signDate" : "2019-07-12T15:04+0000"
        },
        {
          "moonPhase" : "phase2",
          "timeZone" : 2,
          "moonPhaseDate" : "2019-07-09T10:55+0000",
          "age" : 14,
          "date" : "2019-07-15T19:30+0000",
          "sign" : "capricorn",
          "signDate" : "2019-07-14T23:03+0000"
        },
        {
          "moonPhase" : "fullMoon",
          "moonPhaseDate" : "2019-07-16T21:38+0000",
          "age" : 15,
          "timeZone" : 2,
          "sign" : "capricorn",
          "date" : "2019-07-16T20:18+0000",
          "signDate" : "2019-07-14T23:03+0000"
        },
        {
          "moonPhase" : "phase3",
          "timeZone" : 2,
          "moonPhaseDate" : "2019-07-16T21:38+0000",
          "age" : 16,
          "date" : "2019-07-17T20:50+0000",
          "sign" : "aquarius",
          "signDate" : "2019-07-17T09:18+0000"
        },
        {
          "moonPhase" : "phase3",
          "timeZone" : 2,
          "moonPhaseDate" : "2019-07-16T21:38+0000",
          "age" : 17,
          "date" : "2019-07-18T21:13+0000",
          "sign" : "aquarius",
          "signDate" : "2019-07-17T09:18+0000"
        },
        {
          "moonPhase" : "phase3",
          "moonPhaseDate" : "2019-07-16T21:38+0000",
          "age" : 18,
          "timeZone" : 2,
          "sign" : "pisces",
          "date" : "2019-07-19T21:30+0000",
          "signDate" : "2019-07-19T21:19+0000"
        },
        {
          "moonPhase" : "phase3",
          "moonPhaseDate" : "2019-07-16T21:38+0000",
          "age" : 19,
          "timeZone" : 2,
          "sign" : "pisces",
          "date" : "2019-07-20T21:43+0000",
          "signDate" : "2019-07-19T21:19+0000"
        },
        {
          "moonPhase" : "phase3",
          "timeZone" : 2,
          "moonPhaseDate" : "2019-07-16T21:38+0000",
          "age" : 20,
          "date" : "2019-07-21T21:53+0000",
          "sign" : "pisces",
          "signDate" : "2019-07-19T21:19+0000"
        },
        {
          "moonPhase" : "phase3",
          "timeZone" : 2,
          "moonPhaseDate" : "2019-07-16T21:38+0000",
          "age" : 21,
          "sign" : "aries",
          "date" : "2019-07-22T22:02+0000",
          "signDate" : "2019-07-19T21:19+0000"
        },
        {
          "moonPhase" : "phase3",
          "timeZone" : 2,
          "moonPhaseDate" : "2019-07-16T21:38+0000",
          "age" : 22,
          "date" : "2019-07-23T22:11+0000",
          "sign" : "taurus",
          "signDate" : "2019-07-24T21:40+0000"
        },
        {
          "moonPhase" : "phase4",
          "timeZone" : 2,
          "moonPhaseDate" : "2019-07-25T01:18+0000",
          "age" : 23,
          "date" : "2019-07-24T22:20+0000",
          "sign" : "taurus",
          "signDate" : "2019-07-24T21:40+0000"
        },
        {
          "moonPhase" : "phase4",
          "moonPhaseDate" : "2019-07-25T01:18+0000",
          "age" : 24,
          "timeZone" : 2,
          "date" : "2019-07-25T22:32+0000",
          "sign" : "taurus",
          "signDate" : "2019-07-24T21:40+0000"
        },
        {
          "moonPhase" : "phase4",
          "timeZone" : 2,
          "moonPhaseDate" : "2019-07-25T01:18+0000",
          "age" : 25,
          "date" : "2019-07-26T22:46+0000",
          "sign" : "gemini",
          "signDate" : "2019-07-27T06:28+0000"
        },
        {
          "moonPhase" : "phase4",
          "timeZone" : 2,
          "moonPhaseDate" : "2019-07-25T01:18+0000",
          "age" : 26,
          "date" : "2019-07-27T23:05+0000",
          "sign" : "gemini",
          "signDate" : "2019-07-27T06:28+0000"
        },
        {
          "moonPhase" : "phase4",
          "timeZone" : 2,
          "moonPhaseDate" : "2019-07-25T01:18+0000",
          "age" : 27,
          "date" : "2019-07-28T23:35+0000",
          "sign" : "cancer",
          "signDate" : "2019-07-29T11:30+0000"
        },
        {
          "moonPhase" : "phase4",
          "timeZone" : 2,
          "moonPhaseDate" : "2019-07-25T01:18+0000",
          "age" : 28,
          "date" : "2019-07-30T00:19+0000",
          "sign" : "cancer",
          "signDate" : "2019-07-29T11:30+0000"
        },
        {
          "moonPhase" : "phase4",
          "timeZone" : 2,
          "moonPhaseDate" : "2019-07-25T01:18+0000",
          "age" : 29,
          "date" : "2019-07-31T01:25+0000",
          "sign" : "leo",
          "signDate" : "2019-07-31T13:18+0000"
        },
        {
          "moonPhase" : "newMoon",
          "timeZone" : 2,
          "age" : 30,
          "moonPhaseDate" : "2019-08-01T03:12+0000",
          "date" : "2019-08-01T02:49+0000",
          "sign" : "leo",
          "signDate" : "2019-07-31T13:18+0000"
        },
        {
          "moonPhase" : "newMoon",
          "timeZone" : 2,
          "age" : 1,
          "moonPhaseDate" : "2019-08-01T03:12+0000",
          "date" : "2019-08-01T03:12+0000",
          "sign" : "leo",
          "signDate" : "2019-07-31T13:18+0000"
        },
        {
          "moonPhase" : "phase1",
          "timeZone" : 2,
          "age" : 2,
          "moonPhaseDate" : "2019-08-01T03:12+0000",
          "date" : "2019-08-02T04:24+0000",
          "sign" : "virgo",
          "signDate" : "2019-08-02T13:23+0000"
        },
        {
          "moonPhase" : "phase1",
          "timeZone" : 2,
          "moonPhaseDate" : "2019-08-01T03:12+0000",
          "age" : 3,
          "date" : "2019-08-03T06:03+0000",
          "sign" : "virgo",
          "signDate" : "2019-08-02T13:23+0000"
        },
        {
          "moonPhase" : "phase1",
          "timeZone" : 2,
          "moonPhaseDate" : "2019-08-01T03:12+0000",
          "age" : 4,
          "date" : "2019-08-04T07:40+0000",
          "sign" : "libra",
          "signDate" : "2019-08-04T13:32+0000"
        },
        {
          "moonPhase" : "phase1",
          "timeZone" : 2,
          "moonPhaseDate" : "2019-08-01T03:12+0000",
          "age" : 5,
          "date" : "2019-08-05T09:15+0000",
          "sign" : "libra",
          "signDate" : "2019-08-04T13:32+0000"
        },
        {
          "moonPhase" : "phase1",
          "timeZone" : 2,
          "moonPhaseDate" : "2019-08-01T03:12+0000",
          "age" : 6,
          "date" : "2019-08-06T10:46+0000",
          "sign" : "scorpio",
          "signDate" : "2019-08-06T15:31+0000"
        },
        {
          "moonPhase" : "phase2",
          "timeZone" : 2,
          "age" : 7,
          "moonPhaseDate" : "2019-08-07T17:31+0000",
          "sign" : "scorpio",
          "date" : "2019-08-07T12:16+0000",
          "signDate" : "2019-08-06T15:31+0000"
        },
        {
          "moonPhase" : "phase2",
          "timeZone" : 2,
          "age" : 8,
          "moonPhaseDate" : "2019-08-07T17:31+0000",
          "date" : "2019-08-08T13:43+0000",
          "sign" : "sagittarius",
          "signDate" : "2019-08-08T20:32+0000"
        },
        {
          "moonPhase" : "phase2",
          "moonPhaseDate" : "2019-08-07T17:31+0000",
          "age" : 9,
          "timeZone" : 2,
          "date" : "2019-08-09T15:06+0000",
          "sign" : "sagittarius",
          "signDate" : "2019-08-08T20:32+0000"
        },
        {
          "moonPhase" : "phase2",
          "moonPhaseDate" : "2019-08-07T17:31+0000",
          "age" : 10,
          "timeZone" : 2,
          "date" : "2019-08-10T16:22+0000",
          "sign" : "sagittarius",
          "signDate" : "2019-08-08T20:32+0000"
        },
        {
          "moonPhase" : "phase2",
          "timeZone" : 2,
          "moonPhaseDate" : "2019-08-07T17:31+0000",
          "age" : 11,
          "date" : "2019-08-11T17:26+0000",
          "sign" : "capricorn",
          "signDate" : "2019-08-11T04:48+0000"
        },
        {
          "moonPhase" : "phase2",
          "timeZone" : 2,
          "moonPhaseDate" : "2019-08-07T17:31+0000",
          "age" : 12,
          "date" : "2019-08-12T18:17+0000",
          "sign" : "capricorn",
          "signDate" : "2019-08-11T04:48+0000"
        },
        {
          "moonPhase" : "phase2",
          "timeZone" : 2,
          "age" : 13,
          "moonPhaseDate" : "2019-08-07T17:31+0000",
          "date" : "2019-08-13T18:53+0000",
          "sign" : "aquarius",
          "signDate" : "2019-08-13T15:36+0000"
        },
        {
          "moonPhase" : "phase2",
          "timeZone" : 2,
          "moonPhaseDate" : "2019-08-07T17:31+0000",
          "age" : 14,
          "date" : "2019-08-14T19:19+0000",
          "sign" : "aquarius",
          "signDate" : "2019-08-13T15:36+0000"
        },
        {
          "moonPhase" : "fullMoon",
          "moonPhaseDate" : "2019-08-15T12:29+0000",
          "age" : 15,
          "timeZone" : 2,
          "date" : "2019-08-15T19:37+0000",
          "sign" : "aquarius",
          "signDate" : "2019-08-13T15:36+0000"
        },
        {
          "moonPhase" : "phase3",
          "timeZone" : 2,
          "moonPhaseDate" : "2019-08-15T12:29+0000",
          "age" : 16,
          "date" : "2019-08-16T19:51+0000",
          "sign" : "pisces",
          "signDate" : "2019-08-16T03:50+0000"
        },
        {
          "moonPhase" : "phase3",
          "timeZone" : 2,
          "moonPhaseDate" : "2019-08-15T12:29+0000",
          "age" : 17,
          "sign" : "pisces",
          "date" : "2019-08-17T20:01+0000",
          "signDate" : "2019-08-16T03:50+0000"
        },
        {
          "moonPhase" : "phase3",
          "moonPhaseDate" : "2019-08-15T12:29+0000",
          "age" : 18,
          "timeZone" : 2,
          "date" : "2019-08-18T20:11+0000",
          "sign" : "aries",
          "signDate" : "2019-08-18T16:32+0000"
        },
        {
          "moonPhase" : "phase3",
          "timeZone" : 2,
          "moonPhaseDate" : "2019-08-15T12:29+0000",
          "age" : 19,
          "sign" : "aries",
          "date" : "2019-08-19T20:19+0000",
          "signDate" : "2019-08-18T16:32+0000"
        },
        {
          "moonPhase" : "phase3",
          "timeZone" : 2,
          "moonPhaseDate" : "2019-08-15T12:29+0000",
          "age" : 20,
          "date" : "2019-08-20T20:28+0000",
          "sign" : "aries",
          "signDate" : "2019-08-18T16:32+0000"
        },
        {
          "moonPhase" : "phase3",
          "moonPhaseDate" : "2019-08-15T12:29+0000",
          "age" : 21,
          "timeZone" : 2,
          "date" : "2019-08-21T20:38+0000",
          "sign" : "taurus",
          "signDate" : "2019-08-21T04:36+0000"
        },
        {
          "moonPhase" : "phase3",
          "timeZone" : 2,
          "moonPhaseDate" : "2019-08-15T12:29+0000",
          "age" : 22,
          "date" : "2019-08-22T20:51+0000",
          "sign" : "taurus",
          "signDate" : "2019-08-21T04:36+0000"
        },
        {
          "moonPhase" : "phase4",
          "timeZone" : 2,
          "age" : 23,
          "moonPhaseDate" : "2019-08-23T14:56+0000",
          "date" : "2019-08-23T21:07+0000",
          "sign" : "gemini",
          "signDate" : "2019-08-23T14:34+0000"
        },
        {
          "moonPhase" : "phase4",
          "timeZone" : 2,
          "age" : 24,
          "moonPhaseDate" : "2019-08-23T14:56+0000",
          "date" : "2019-08-24T21:31+0000",
          "sign" : "gemini",
          "signDate" : "2019-08-23T14:34+0000"
        },
        {
          "moonPhase" : "phase4",
          "timeZone" : 2,
          "moonPhaseDate" : "2019-08-23T14:56+0000",
          "age" : 25,
          "date" : "2019-08-25T22:07+0000",
          "sign" : "cancer",
          "signDate" : "2019-08-23T14:34+0000"
        },
        {
          "moonPhase" : "phase4",
          "timeZone" : 2,
          "age" : 26,
          "moonPhaseDate" : "2019-08-23T14:56+0000",
          "sign" : "cancer",
          "date" : "2019-08-26T23:01+0000",
          "signDate" : "2019-08-23T14:34+0000"
        },
        {
          "moonPhase" : "phase4",
          "moonPhaseDate" : "2019-08-23T14:56+0000",
          "age" : 27,
          "timeZone" : 2,
          "date" : "2019-08-28T00:14+0000",
          "sign" : "leo",
          "signDate" : "2019-08-27T23:51+0000"
        },
        {
          "moonPhase" : "phase4",
          "timeZone" : 2,
          "age" : 28,
          "moonPhaseDate" : "2019-08-23T14:56+0000",
          "date" : "2019-08-29T01:44+0000",
          "sign" : "leo",
          "signDate" : "2019-08-27T23:51+0000"
        },
        {
          "moonPhase" : "newMoon",
          "timeZone" : 2,
          "age" : 29,
          "moonPhaseDate" : "2019-08-30T10:37+0000",
          "date" : "2019-08-30T03:24+0000",
          "sign" : "virgo",
          "signDate" : "2019-08-29T23:57+0000"
        },
        {
          "moonPhase" : "newMoon",
          "timeZone" : 2,
          "moonPhaseDate" : "2019-08-30T10:37+0000",
          "age" : 1,
          "date" : "2019-08-30T10:37+0000",
          "sign" : "virgo",
          "signDate" : "2019-08-29T23:57+0000"
        },
        {
          "moonPhase" : "phase1",
          "timeZone" : 2,
          "moonPhaseDate" : "2019-08-30T10:37+0000",
          "age" : 2,
          "date" : "2019-08-31T05:04+0000",
          "sign" : "virgo",
          "signDate" : "2019-08-29T23:57+0000"
        },
        {
          "moonPhase" : "phase1",
          "timeZone" : 2,
          "moonPhaseDate" : null,
          "age" : 3,
          "sign" : "libra",
          "date" : "2019-09-01T06:43+0000",
          "signDate" : "2019-08-31T23:12+0000"
        },
        {
          "moonPhase" : "phase1",
          "timeZone" : 2,
          "moonPhaseDate" : null,
          "age" : 4,
          "date" : "2019-09-02T08:20+0000",
          "sign" : "libra",
          "signDate" : "2019-08-31T23:12+0000"
        },
        {
          "moonPhase" : "phase1",
          "timeZone" : 2,
          "moonPhaseDate" : null,
          "age" : 5,
          "date" : "2019-09-03T09:54+0000",
          "sign" : "scorpio",
          "signDate" : "2019-09-02T23:38+0000"
        },
        {
          "moonPhase" : "phase1",
          "timeZone" : 2,
          "moonPhaseDate" : null,
          "age" : 6,
          "date" : "2019-09-04T11:25+0000",
          "sign" : "scorpio",
          "signDate" : "2019-09-02T23:38+0000"
        },
        {
          "moonPhase" : "phase1",
          "timeZone" : 2,
          "moonPhaseDate" : null,
          "age" : 7,
          "date" : "2019-09-05T12:52+0000",
          "sign" : "sagittarius",
          "signDate" : "2019-09-05T03:06+0000"
        },
        {
          "moonPhase" : "phase2",
          "moonPhaseDate" : "2019-09-06T03:10+0000",
          "age" : 8,
          "timeZone" : 2,
          "date" : "2019-09-06T14:13+0000",
          "sign" : "sagittarius",
          "signDate" : "2019-09-05T03:06+0000"
        },
        {
          "moonPhase" : "phase2",
          "timeZone" : 2,
          "moonPhaseDate" : "2019-09-06T03:10+0000",
          "age" : 9,
          "date" : "2019-09-07T15:22+0000",
          "sign" : "capricorn",
          "signDate" : "2019-09-07T10:35+0000"
        },
        {
          "moonPhase" : "phase2",
          "timeZone" : 2,
          "moonPhaseDate" : "2019-09-06T03:10+0000",
          "age" : 10,
          "date" : "2019-09-08T16:17+0000",
          "sign" : "capricorn",
          "signDate" : "2019-09-07T10:35+0000"
        },
        {
          "moonPhase" : "phase2",
          "timeZone" : 2,
          "moonPhaseDate" : "2019-09-06T03:10+0000",
          "age" : 11,
          "date" : "2019-09-09T16:57+0000",
          "sign" : "aquarius",
          "signDate" : "2019-09-09T21:25+0000"
        },
        {
          "moonPhase" : "phase2",
          "timeZone" : 2,
          "moonPhaseDate" : "2019-09-06T03:10+0000",
          "age" : 12,
          "date" : "2019-09-10T17:25+0000",
          "sign" : "aquarius",
          "signDate" : "2019-09-09T21:25+0000"
        },
        {
          "moonPhase" : "phase2",
          "timeZone" : 2,
          "moonPhaseDate" : "2019-09-06T03:10+0000",
          "age" : 13,
          "sign" : "aquarius",
          "date" : "2019-09-11T17:45+0000",
          "signDate" : "2019-09-09T21:25+0000"
        },
        {
          "moonPhase" : "phase2",
          "timeZone" : 2,
          "moonPhaseDate" : "2019-09-06T03:10+0000",
          "age" : 14,
          "date" : "2019-09-12T17:59+0000",
          "sign" : "pisces",
          "signDate" : "2019-09-12T09:53+0000"
        },
        {
          "moonPhase" : "phase2",
          "timeZone" : 2,
          "moonPhaseDate" : "2019-09-06T03:10+0000",
          "age" : 15,
          "date" : "2019-09-13T18:10+0000",
          "sign" : "pisces",
          "signDate" : "2019-09-12T09:53+0000"
        },
        {
          "moonPhase" : "fullMoon",
          "timeZone" : 2,
          "moonPhaseDate" : "2019-09-14T04:33+0000",
          "age" : 16,
          "date" : "2019-09-14T18:20+0000",
          "sign" : "pisces",
          "signDate" : "2019-09-12T09:53+0000"
        },
        {
          "moonPhase" : "phase3",
          "timeZone" : 2,
          "age" : 17,
          "moonPhaseDate" : "2019-09-14T04:33+0000",
          "date" : "2019-09-15T18:28+0000",
          "sign" : "aries",
          "signDate" : "2019-09-14T22:32+0000"
        },
        {
          "moonPhase" : "phase3",
          "timeZone" : 2,
          "moonPhaseDate" : "2019-09-14T04:33+0000",
          "age" : 18,
          "date" : "2019-09-16T18:37+0000",
          "sign" : "aries",
          "signDate" : "2019-09-14T22:32+0000"
        },
        {
          "moonPhase" : "phase3",
          "timeZone" : 2,
          "moonPhaseDate" : "2019-09-14T04:33+0000",
          "age" : 19,
          "sign" : "taurus",
          "date" : "2019-09-17T18:46+0000",
          "signDate" : "2019-09-17T10:30+0000"
        },
        {
          "moonPhase" : "phase3",
          "moonPhaseDate" : "2019-09-14T04:33+0000",
          "age" : 20,
          "timeZone" : 2,
          "date" : "2019-09-18T18:57+0000",
          "sign" : "taurus",
          "signDate" : "2019-09-17T10:30+0000"
        },
        {
          "moonPhase" : "phase3",
          "timeZone" : 2,
          "moonPhaseDate" : "2019-09-14T04:33+0000",
          "age" : 21,
          "date" : "2019-09-19T19:11+0000",
          "sign" : "gemini",
          "signDate" : "2019-09-19T20:58+0000"
        },
        {
          "moonPhase" : "phase3",
          "timeZone" : 2,
          "moonPhaseDate" : "2019-09-14T04:33+0000",
          "age" : 22,
          "date" : "2019-09-20T19:31+0000",
          "sign" : "gemini",
          "signDate" : "2019-09-19T20:58+0000"
        },
        {
          "moonPhase" : "phase3",
          "timeZone" : 2,
          "moonPhaseDate" : "2019-09-14T04:33+0000",
          "age" : 23,
          "date" : "2019-09-21T20:01+0000",
          "sign" : "gemini",
          "signDate" : "2019-09-19T20:58+0000"
        },
        {
          "moonPhase" : "phase4",
          "moonPhaseDate" : "2019-09-22T02:41+0000",
          "age" : 24,
          "timeZone" : 2,
          "date" : "2019-09-22T20:45+0000",
          "sign" : "cancer",
          "signDate" : "2019-09-22T04:52+0000"
        },
        {
          "moonPhase" : "phase4",
          "timeZone" : 2,
          "age" : 25,
          "moonPhaseDate" : "2019-09-22T02:41+0000",
          "date" : "2019-09-23T21:48+0000",
          "sign" : "cancer",
          "signDate" : "2019-09-22T04:52+0000"
        },
        {
          "moonPhase" : "phase4",
          "timeZone" : 2,
          "moonPhaseDate" : "2019-09-22T02:41+0000",
          "age" : 26,
          "date" : "2019-09-24T23:10+0000",
          "sign" : "leo",
          "signDate" : "2019-09-22T04:52+0000"
        },
        {
          "moonPhase" : "phase4",
          "timeZone" : 2,
          "moonPhaseDate" : "2019-09-22T02:41+0000",
          "age" : 27,
          "date" : "2019-09-26T00:44+0000",
          "sign" : "virgo",
          "signDate" : "2019-09-26T10:35+0000"
        },
        {
          "moonPhase" : "phase4",
          "timeZone" : 2,
          "moonPhaseDate" : "2019-09-22T02:41+0000",
          "age" : 28,
          "date" : "2019-09-27T02:23+0000",
          "sign" : "virgo",
          "signDate" : "2019-09-26T10:35+0000"
        },
        {
          "moonPhase" : "newMoon",
          "timeZone" : 2,
          "moonPhaseDate" : "2019-09-28T18:26+0000",
          "age" : 29,
          "date" : "2019-09-28T04:03+0000",
          "sign" : "libra",
          "signDate" : "2019-09-28T10:04+0000"
        },
        {
          "moonPhase" : "newMoon",
          "moonPhaseDate" : "2019-09-28T18:26+0000",
          "age" : 1,
          "timeZone" : 2,
          "date" : "2019-09-28T18:26+0000",
          "sign" : "libra",
          "signDate" : "2019-09-28T10:04+0000"
        },
        {
          "moonPhase" : "phase1",
          "timeZone" : 2,
          "moonPhaseDate" : "2019-09-28T18:26+0000",
          "age" : 2,
          "date" : "2019-09-29T05:42+0000",
          "sign" : "libra",
          "signDate" : "2019-09-28T10:04+0000"
        },
        {
          "moonPhase" : "phase1",
          "timeZone" : 2,
          "age" : 3,
          "moonPhaseDate" : "2019-09-28T18:26+0000",
          "date" : "2019-09-30T07:20+0000",
          "sign" : "scorpio",
          "signDate" : "2019-09-30T09:45+0000"
        },
        {
          "moonPhase" : "phase1",
          "timeZone" : 2,
          "moonPhaseDate" : null,
          "age" : 4,
          "date" : "2019-10-01T08:56+0000",
          "sign" : "scorpio",
          "signDate" : "2019-09-30T09:45+0000"
        },
        {
          "moonPhase" : "phase1",
          "moonPhaseDate" : null,
          "age" : 5,
          "timeZone" : 2,
          "date" : "2019-10-02T10:29+0000",
          "sign" : "sagittarius",
          "signDate" : "2019-10-02T11:45+0000"
        },
        {
          "moonPhase" : "phase1",
          "timeZone" : 2,
          "moonPhaseDate" : null,
          "age" : 6,
          "date" : "2019-10-03T11:55+0000",
          "sign" : "sagittarius",
          "signDate" : "2019-10-02T11:45+0000"
        },
        {
          "moonPhase" : "phase1",
          "timeZone" : 2,
          "moonPhaseDate" : null,
          "age" : 7,
          "date" : "2019-10-04T13:13+0000",
          "sign" : "capricorn",
          "signDate" : "2019-10-04T17:41+0000"
        },
        {
          "moonPhase" : "phase2",
          "moonPhaseDate" : "2019-10-05T16:47+0000",
          "age" : 8,
          "timeZone" : 2,
          "date" : "2019-10-05T14:15+0000",
          "sign" : "capricorn",
          "signDate" : "2019-10-04T17:41+0000"
        },
        {
          "moonPhase" : "phase2",
          "timeZone" : 2,
          "moonPhaseDate" : "2019-10-05T16:47+0000",
          "age" : 9,
          "date" : "2019-10-06T15:00+0000",
          "sign" : "capricorn",
          "signDate" : "2019-10-04T17:41+0000"
        },
        {
          "moonPhase" : "phase2",
          "timeZone" : 2,
          "moonPhaseDate" : "2019-10-05T16:47+0000",
          "age" : 10,
          "date" : "2019-10-07T15:31+0000",
          "sign" : "aquarius",
          "signDate" : "2019-10-07T03:43+0000"
        },
        {
          "moonPhase" : "phase2",
          "timeZone" : 2,
          "moonPhaseDate" : "2019-10-05T16:47+0000",
          "age" : 11,
          "date" : "2019-10-08T15:53+0000",
          "sign" : "aquarius",
          "signDate" : "2019-10-07T03:43+0000"
        },
        {
          "moonPhase" : "phase2",
          "timeZone" : 2,
          "age" : 12,
          "moonPhaseDate" : "2019-10-05T16:47+0000",
          "date" : "2019-10-09T16:09+0000",
          "sign" : "pisces",
          "signDate" : "2019-10-09T16:08+0000"
        },
        {
          "moonPhase" : "phase2",
          "moonPhaseDate" : "2019-10-05T16:47+0000",
          "age" : 13,
          "timeZone" : 2,
          "sign" : "pisces",
          "date" : "2019-10-10T16:20+0000",
          "signDate" : "2019-10-09T16:08+0000"
        },
        {
          "moonPhase" : "phase2",
          "timeZone" : 2,
          "moonPhaseDate" : "2019-10-05T16:47+0000",
          "age" : 14,
          "date" : "2019-10-11T16:30+0000",
          "sign" : "pisces",
          "signDate" : "2019-10-09T16:08+0000"
        },
        {
          "moonPhase" : "phase2",
          "timeZone" : 2,
          "moonPhaseDate" : "2019-10-05T16:47+0000",
          "age" : 15,
          "date" : "2019-10-12T16:38+0000",
          "sign" : "aries",
          "signDate" : "2019-10-12T04:46+0000"
        },
        {
          "moonPhase" : "fullMoon",
          "timeZone" : 2,
          "moonPhaseDate" : "2019-10-13T21:08+0000",
          "age" : 16,
          "date" : "2019-10-13T16:46+0000",
          "sign" : "aries",
          "signDate" : "2019-10-12T04:46+0000"
        },
        {
          "moonPhase" : "phase3",
          "timeZone" : 2,
          "moonPhaseDate" : "2019-10-13T21:08+0000",
          "age" : 17,
          "sign" : "taurus",
          "date" : "2019-10-14T16:55+0000",
          "signDate" : "2019-10-14T16:23+0000"
        },
        {
          "moonPhase" : "phase3",
          "moonPhaseDate" : "2019-10-13T21:08+0000",
          "age" : 18,
          "timeZone" : 2,
          "date" : "2019-10-15T17:05+0000",
          "sign" : "taurus",
          "signDate" : "2019-10-14T16:23+0000"
        },
        {
          "moonPhase" : "phase3",
          "timeZone" : 2,
          "moonPhaseDate" : "2019-10-13T21:08+0000",
          "age" : 19,
          "date" : "2019-10-16T17:17+0000",
          "sign" : "taurus",
          "signDate" : "2019-10-14T16:23+0000"
        },
        {
          "moonPhase" : "phase3",
          "moonPhaseDate" : "2019-10-13T21:08+0000",
          "age" : 20,
          "timeZone" : 2,
          "date" : "2019-10-17T17:35+0000",
          "sign" : "gemini",
          "signDate" : "2019-10-17T02:29+0000"
        },
        {
          "moonPhase" : "phase3",
          "timeZone" : 2,
          "moonPhaseDate" : "2019-10-13T21:08+0000",
          "age" : 21,
          "sign" : "gemini",
          "date" : "2019-10-18T18:00+0000",
          "signDate" : "2019-10-17T02:29+0000"
        },
        {
          "moonPhase" : "phase3",
          "timeZone" : 2,
          "moonPhaseDate" : "2019-10-13T21:08+0000",
          "age" : 22,
          "date" : "2019-10-19T18:38+0000",
          "sign" : "cancer",
          "signDate" : "2019-10-19T10:42+0000"
        },
        {
          "moonPhase" : "phase3",
          "timeZone" : 2,
          "age" : 23,
          "moonPhaseDate" : "2019-10-13T21:08+0000",
          "date" : "2019-10-20T19:34+0000",
          "sign" : "cancer",
          "signDate" : "2019-10-19T10:42+0000"
        },
        {
          "moonPhase" : "phase4",
          "timeZone" : 2,
          "moonPhaseDate" : "2019-10-21T12:39+0000",
          "age" : 24,
          "date" : "2019-10-21T20:47+0000",
          "sign" : "leo",
          "signDate" : "2019-10-21T16:30+0000"
        },
        {
          "moonPhase" : "phase4",
          "timeZone" : 2,
          "moonPhaseDate" : "2019-10-21T12:39+0000",
          "age" : 25,
          "date" : "2019-10-22T22:14+0000",
          "sign" : "virgo",
          "signDate" : "2019-10-23T19:30+0000"
        },
        {
          "moonPhase" : "phase4",
          "timeZone" : 2,
          "moonPhaseDate" : "2019-10-21T12:39+0000",
          "age" : 26,
          "date" : "2019-10-23T23:49+0000",
          "sign" : "virgo",
          "signDate" : "2019-10-23T19:30+0000"
        },
        {
          "moonPhase" : "phase4",
          "timeZone" : 2,
          "age" : 27,
          "moonPhaseDate" : "2019-10-21T12:39+0000",
          "date" : "2019-10-25T01:26+0000",
          "sign" : "libra",
          "signDate" : "2019-10-25T20:20+0000"
        },
        {
          "moonPhase" : "phase4",
          "timeZone" : 2,
          "moonPhaseDate" : "2019-10-21T12:39+0000",
          "age" : 28,
          "date" : "2019-10-26T03:03+0000",
          "sign" : "libra",
          "signDate" : "2019-10-25T20:20+0000"
        },
        {
          "moonPhase" : "phase4",
          "timeZone" : 2,
          "moonPhaseDate" : "2019-10-21T12:39+0000",
          "age" : 29,
          "date" : "2019-10-27T03:41+0000",
          "sign" : "scorpio",
          "signDate" : "2019-10-27T19:31+0000"
        },
        {
          "moonPhase" : "newMoon",
          "moonPhaseDate" : "2019-10-28T02:38+0000",
          "age" : 1,
          "timeZone" : 2,
          "date" : "2019-10-28T02:38+0000",
          "sign" : "scorpio",
          "signDate" : "2019-10-27T19:31+0000"
        },
        {
          "moonPhase" : "newMoon",
          "timeZone" : 2,
          "moonPhaseDate" : "2019-10-28T02:38+0000",
          "age" : 2,
          "date" : "2019-10-28T05:18+0000",
          "sign" : "scorpio",
          "signDate" : "2019-10-27T19:31+0000"
        },
        {
          "moonPhase" : "phase1",
          "timeZone" : 2,
          "moonPhaseDate" : "2019-10-28T02:38+0000",
          "age" : 3,
          "date" : "2019-10-29T06:55+0000",
          "sign" : "sagittarius",
          "signDate" : "2019-10-29T21:00+0000"
        },
        {
          "moonPhase" : "phase1",
          "timeZone" : 2,
          "age" : 4,
          "moonPhaseDate" : "2019-10-28T02:38+0000",
          "date" : "2019-10-30T08:28+0000",
          "sign" : "sagittarius",
          "signDate" : "2019-10-29T21:00+0000"
        },
        {
          "moonPhase" : "phase1",
          "timeZone" : 2,
          "moonPhaseDate" : "2019-10-28T02:38+0000",
          "age" : 5,
          "date" : "2019-10-31T09:53+0000",
          "sign" : "sagittarius",
          "signDate" : "2019-10-29T21:00+0000"
        },
        {
          "moonPhase" : "phase1",
          "timeZone" : 2,
          "moonPhaseDate" : null,
          "age" : 6,
          "date" : "2019-11-01T11:05+0000",
          "sign" : "capricorn",
          "signDate" : "2019-11-01T01:38+0000"
        },
        {
          "moonPhase" : "phase1",
          "timeZone" : 2,
          "moonPhaseDate" : null,
          "age" : 7,
          "date" : "2019-11-02T11:59+0000",
          "sign" : "capricorn",
          "signDate" : "2019-11-01T01:38+0000"
        },
        {
          "moonPhase" : "phase1",
          "timeZone" : 2,
          "age" : 8,
          "moonPhaseDate" : null,
          "date" : "2019-11-03T12:36+0000",
          "sign" : "aquarius",
          "signDate" : "2019-11-03T10:21+0000"
        },
        {
          "moonPhase" : "phase2",
          "timeZone" : 2,
          "age" : 9,
          "moonPhaseDate" : "2019-11-04T09:23+0000",
          "date" : "2019-11-04T13:01+0000",
          "sign" : "aquarius",
          "signDate" : "2019-11-03T10:21+0000"
        },
        {
          "moonPhase" : "phase2",
          "timeZone" : 2,
          "age" : 10,
          "moonPhaseDate" : "2019-11-04T09:23+0000",
          "sign" : "aquarius",
          "date" : "2019-11-05T13:18+0000",
          "signDate" : "2019-11-03T10:21+0000"
        },
        {
          "moonPhase" : "phase2",
          "timeZone" : 2,
          "age" : 11,
          "moonPhaseDate" : "2019-11-04T09:23+0000",
          "date" : "2019-11-06T13:30+0000",
          "sign" : "pisces",
          "signDate" : "2019-11-05T22:11+0000"
        },
        {
          "moonPhase" : "phase2",
          "moonPhaseDate" : "2019-11-04T09:23+0000",
          "age" : 12,
          "timeZone" : 2,
          "date" : "2019-11-07T13:40+0000",
          "sign" : "pisces",
          "signDate" : "2019-11-05T22:11+0000"
        },
        {
          "moonPhase" : "phase2",
          "timeZone" : 2,
          "moonPhaseDate" : "2019-11-04T09:23+0000",
          "age" : 13,
          "date" : "2019-11-08T13:49+0000",
          "sign" : "aries",
          "signDate" : "2019-11-08T10:50+0000"
        },
        {
          "moonPhase" : "phase2",
          "timeZone" : 2,
          "moonPhaseDate" : "2019-11-04T09:23+0000",
          "age" : 14,
          "date" : "2019-11-09T13:56+0000",
          "sign" : "aries",
          "signDate" : "2019-11-08T10:50+0000"
        },
        {
          "moonPhase" : "phase2",
          "timeZone" : 2,
          "moonPhaseDate" : "2019-11-04T09:23+0000",
          "age" : 15,
          "date" : "2019-11-10T14:04+0000",
          "sign" : "aries",
          "signDate" : "2019-11-08T10:50+0000"
        },
        {
          "moonPhase" : "phase2",
          "moonPhaseDate" : "2019-11-04T09:23+0000",
          "age" : 16,
          "timeZone" : 2,
          "sign" : "taurus",
          "date" : "2019-11-11T14:13+0000",
          "signDate" : "2019-11-10T22:19+0000"
        },
        {
          "moonPhase" : "fullMoon",
          "timeZone" : 2,
          "age" : 17,
          "moonPhaseDate" : "2019-11-12T12:35+0000",
          "date" : "2019-11-12T14:25+0000",
          "sign" : "taurus",
          "signDate" : "2019-11-10T22:19+0000"
        },
        {
          "moonPhase" : "phase3",
          "timeZone" : 2,
          "age" : 18,
          "moonPhaseDate" : "2019-11-12T12:35+0000",
          "date" : "2019-11-13T14:40+0000",
          "sign" : "gemini",
          "signDate" : "2019-11-13T07:45+0000"
        },
        {
          "moonPhase" : "phase3",
          "timeZone" : 2,
          "moonPhaseDate" : "2019-11-12T12:35+0000",
          "age" : 19,
          "date" : "2019-11-14T15:02+0000",
          "sign" : "gemini",
          "signDate" : "2019-11-13T07:45+0000"
        },
        {
          "moonPhase" : "phase3",
          "moonPhaseDate" : "2019-11-12T12:35+0000",
          "age" : 20,
          "timeZone" : 2,
          "date" : "2019-11-15T15:35+0000",
          "sign" : "cancer",
          "signDate" : "2019-11-15T15:12+0000"
        },
        {
          "moonPhase" : "phase3",
          "timeZone" : 2,
          "age" : 21,
          "moonPhaseDate" : "2019-11-12T12:35+0000",
          "date" : "2019-11-16T16:25+0000",
          "sign" : "cancer",
          "signDate" : "2019-11-15T15:12+0000"
        },
        {
          "moonPhase" : "phase3",
          "timeZone" : 2,
          "age" : 22,
          "moonPhaseDate" : "2019-11-12T12:35+0000",
          "date" : "2019-11-17T17:34+0000",
          "sign" : "leo",
          "signDate" : "2019-11-17T20:54+0000"
        },
        {
          "moonPhase" : "phase3",
          "timeZone" : 2,
          "moonPhaseDate" : "2019-11-12T12:35+0000",
          "age" : 23,
          "date" : "2019-11-18T18:57+0000",
          "sign" : "leo",
          "signDate" : "2019-11-17T20:54+0000"
        },
        {
          "moonPhase" : "phase4",
          "timeZone" : 2,
          "moonPhaseDate" : "2019-11-19T20:11+0000",
          "age" : 24,
          "date" : "2019-11-19T20:28+0000",
          "sign" : "leo",
          "signDate" : "2019-11-17T20:54+0000"
        },
        {
          "moonPhase" : "phase4",
          "timeZone" : 2,
          "moonPhaseDate" : "2019-11-19T20:11+0000",
          "age" : 25,
          "date" : "2019-11-20T22:01+0000",
          "sign" : "virgo",
          "signDate" : "2019-11-17T20:54+0000"
        },
        {
          "moonPhase" : "phase4",
          "timeZone" : 2,
          "moonPhaseDate" : "2019-11-19T20:11+0000",
          "age" : 26,
          "date" : "2019-11-21T23:35+0000",
          "sign" : "libra",
          "signDate" : "2019-11-22T03:22+0000"
        },
        {
          "moonPhase" : "phase4",
          "timeZone" : 2,
          "moonPhaseDate" : "2019-11-19T20:11+0000",
          "age" : 27,
          "date" : "2019-11-23T01:10+0000",
          "sign" : "libra",
          "signDate" : "2019-11-22T03:22+0000"
        },
        {
          "moonPhase" : "phase4",
          "timeZone" : 2,
          "moonPhaseDate" : "2019-11-19T20:11+0000",
          "age" : 28,
          "date" : "2019-11-24T02:44+0000",
          "sign" : "scorpio",
          "signDate" : "2019-11-24T05:01+0000"
        },
        {
          "moonPhase" : "phase4",
          "timeZone" : 2,
          "moonPhaseDate" : "2019-11-19T20:11+0000",
          "age" : 29,
          "date" : "2019-11-25T04:19+0000",
          "sign" : "scorpio",
          "signDate" : "2019-11-24T05:01+0000"
        },
        {
          "moonPhase" : "newMoon",
          "timeZone" : 2,
          "moonPhaseDate" : "2019-11-26T14:06+0000",
          "age" : 30,
          "date" : "2019-11-26T05:54+0000",
          "sign" : "sagittarius",
          "signDate" : "2019-11-26T07:12+0000"
        },
        {
          "moonPhase" : "newMoon",
          "timeZone" : 2,
          "moonPhaseDate" : "2019-11-26T14:06+0000",
          "age" : 1,
          "date" : "2019-11-26T14:06+0000",
          "sign" : "sagittarius",
          "signDate" : "2019-11-26T07:12+0000"
        },
        {
          "moonPhase" : "phase1",
          "timeZone" : 2,
          "age" : 2,
          "moonPhaseDate" : "2019-11-26T14:06+0000",
          "date" : "2019-11-27T07:25+0000",
          "sign" : "sagittarius",
          "signDate" : "2019-11-26T07:12+0000"
        },
        {
          "moonPhase" : "phase1",
          "timeZone" : 2,
          "age" : 3,
          "moonPhaseDate" : "2019-11-26T14:06+0000",
          "date" : "2019-11-28T08:46+0000",
          "sign" : "capricorn",
          "signDate" : "2019-11-28T11:32+0000"
        },
        {
          "moonPhase" : "phase1",
          "timeZone" : 2,
          "age" : 4,
          "moonPhaseDate" : "2019-11-26T14:06+0000",
          "date" : "2019-11-29T09:50+0000",
          "sign" : "capricorn",
          "signDate" : "2019-11-28T11:32+0000"
        },
        {
          "moonPhase" : "phase1",
          "moonPhaseDate" : "2019-11-26T14:06+0000",
          "age" : 5,
          "timeZone" : 2,
          "date" : "2019-11-30T10:35+0000",
          "sign" : "aquarius",
          "signDate" : "2019-11-30T19:15+0000"
        },
        {
          "moonPhase" : "phase1",
          "timeZone" : 2,
          "age" : 6,
          "moonPhaseDate" : null,
          "date" : "2019-12-01T11:05+0000",
          "sign" : "aquarius",
          "signDate" : "2019-11-30T19:15+0000"
        },
        {
          "moonPhase" : "phase1",
          "timeZone" : 2,
          "moonPhaseDate" : null,
          "age" : 7,
          "date" : "2019-12-02T11:26+0000",
          "sign" : "aquarius",
          "signDate" : "2019-11-30T19:15+0000"
        },
        {
          "moonPhase" : "phase1",
          "timeZone" : 2,
          "moonPhaseDate" : null,
          "age" : 8,
          "date" : "2019-12-03T11:40+0000",
          "sign" : "pisces",
          "signDate" : "2019-12-03T06:14+0000"
        },
        {
          "moonPhase" : "phase2",
          "timeZone" : 2,
          "moonPhaseDate" : "2019-12-04T05:58+0000",
          "age" : 9,
          "date" : "2019-12-04T11:50+0000",
          "sign" : "pisces",
          "signDate" : "2019-12-03T06:14+0000"
        },
        {
          "moonPhase" : "phase2",
          "timeZone" : 2,
          "moonPhaseDate" : "2019-12-04T05:58+0000",
          "age" : 10,
          "date" : "2019-12-05T11:59+0000",
          "sign" : "aries",
          "signDate" : "2019-12-05T18:46+0000"
        },
        {
          "moonPhase" : "phase2",
          "timeZone" : 2,
          "moonPhaseDate" : "2019-12-04T05:58+0000",
          "age" : 11,
          "date" : "2019-12-06T12:06+0000",
          "sign" : "aries",
          "signDate" : "2019-12-05T18:46+0000"
        },
        {
          "moonPhase" : "phase2",
          "timeZone" : 2,
          "moonPhaseDate" : "2019-12-04T05:58+0000",
          "age" : 12,
          "sign" : "aries",
          "date" : "2019-12-07T12:14+0000",
          "signDate" : "2019-12-05T18:46+0000"
        },
        {
          "moonPhase" : "phase2",
          "timeZone" : 2,
          "age" : 13,
          "moonPhaseDate" : "2019-12-04T05:58+0000",
          "sign" : "taurus",
          "date" : "2019-12-08T12:22+0000",
          "signDate" : "2019-12-08T06:31+0000"
        },
        {
          "moonPhase" : "phase2",
          "timeZone" : 2,
          "age" : 14,
          "moonPhaseDate" : "2019-12-04T05:58+0000",
          "date" : "2019-12-09T12:32+0000",
          "sign" : "taurus",
          "signDate" : "2019-12-08T06:31+0000"
        },
        {
          "moonPhase" : "phase2",
          "moonPhaseDate" : "2019-12-04T05:58+0000",
          "age" : 15,
          "timeZone" : 2,
          "date" : "2019-12-10T12:45+0000",
          "sign" : "gemini",
          "signDate" : "2019-12-10T15:49+0000"
        },
        {
          "moonPhase" : "phase2",
          "timeZone" : 2,
          "age" : 16,
          "moonPhaseDate" : "2019-12-04T05:58+0000",
          "sign" : "gemini",
          "date" : "2019-12-11T13:04+0000",
          "signDate" : "2019-12-10T15:49+0000"
        },
        {
          "moonPhase" : "fullMoon",
          "timeZone" : 2,
          "moonPhaseDate" : "2019-12-12T04:12+0000",
          "age" : 17,
          "date" : "2019-12-12T13:33+0000",
          "sign" : "gemini",
          "signDate" : "2019-12-10T15:49+0000"
        },
        {
          "moonPhase" : "phase3",
          "timeZone" : 2,
          "moonPhaseDate" : "2019-12-12T04:12+0000",
          "age" : 18,
          "date" : "2019-12-13T14:17+0000",
          "sign" : "cancer",
          "signDate" : "2019-12-12T22:24+0000"
        },
        {
          "moonPhase" : "phase3",
          "timeZone" : 2,
          "age" : 19,
          "moonPhaseDate" : "2019-12-12T04:12+0000",
          "date" : "2019-12-14T15:20+0000",
          "sign" : "cancer",
          "signDate" : "2019-12-12T22:24+0000"
        },
        {
          "moonPhase" : "phase3",
          "timeZone" : 2,
          "age" : 20,
          "moonPhaseDate" : "2019-12-12T04:12+0000",
          "date" : "2019-12-15T16:41+0000",
          "sign" : "leo",
          "signDate" : "2019-12-15T02:53+0000"
        },
        {
          "moonPhase" : "phase3",
          "timeZone" : 2,
          "moonPhaseDate" : "2019-12-12T04:12+0000",
          "age" : 21,
          "date" : "2019-12-16T18:11+0000",
          "sign" : "leo",
          "signDate" : "2019-12-15T02:53+0000"
        },
        {
          "moonPhase" : "phase3",
          "timeZone" : 2,
          "moonPhaseDate" : "2019-12-12T04:12+0000",
          "age" : 22,
          "date" : "2019-12-17T19:44+0000",
          "sign" : "virgo",
          "signDate" : "2019-12-17T06:13+0000"
        },
        {
          "moonPhase" : "phase3",
          "timeZone" : 2,
          "moonPhaseDate" : "2019-12-12T04:12+0000",
          "age" : 23,
          "date" : "2019-12-18T21:18+0000",
          "sign" : "virgo",
          "signDate" : "2019-12-17T06:13+0000"
        },
        {
          "moonPhase" : "phase4",
          "timeZone" : 2,
          "moonPhaseDate" : "2019-12-19T03:57+0000",
          "age" : 24,
          "date" : "2019-12-19T22:51+0000",
          "sign" : "libra",
          "signDate" : "2019-12-17T06:13+0000"
        },
        {
          "moonPhase" : "phase4",
          "moonPhaseDate" : "2019-12-19T03:57+0000",
          "age" : 25,
          "timeZone" : 2,
          "sign" : "scorpio",
          "date" : "2019-12-21T00:23+0000",
          "signDate" : "2019-12-21T12:01+0000"
        },
        {
          "moonPhase" : "phase4",
          "timeZone" : 2,
          "moonPhaseDate" : "2019-12-19T03:57+0000",
          "age" : 26,
          "date" : "2019-12-22T01:55+0000",
          "sign" : "scorpio",
          "signDate" : "2019-12-21T12:01+0000"
        },
        {
          "moonPhase" : "phase4",
          "timeZone" : 2,
          "age" : 27,
          "moonPhaseDate" : "2019-12-19T03:57+0000",
          "date" : "2019-12-23T03:27+0000",
          "sign" : "sagittarius",
          "signDate" : "2019-12-23T15:37+0000"
        },
        {
          "moonPhase" : "phase4",
          "moonPhaseDate" : "2019-12-19T03:57+0000",
          "age" : 28,
          "timeZone" : 2,
          "date" : "2019-12-24T04:58+0000",
          "sign" : "sagittarius",
          "signDate" : "2019-12-23T15:37+0000"
        },
        {
          "moonPhase" : "phase4",
          "timeZone" : 2,
          "moonPhaseDate" : "2019-12-19T03:57+0000",
          "age" : 29,
          "date" : "2019-12-25T06:23+0000",
          "sign" : "capricorn",
          "signDate" : "2019-12-25T20:46+0000"
        },
        {
          "moonPhase" : "newMoon",
          "timeZone" : 2,
          "moonPhaseDate" : "2019-12-26T04:13+0000",
          "age" : 1,
          "date" : "2019-12-26T04:13+0000",
          "sign" : "capricorn",
          "signDate" : "2019-12-25T20:46+0000"
        },
        {
          "moonPhase" : "newMoon",
          "timeZone" : 2,
          "moonPhaseDate" : "2019-12-26T04:13+0000",
          "age" : 2,
          "date" : "2019-12-26T07:35+0000",
          "sign" : "capricorn",
          "signDate" : "2019-12-25T20:46+0000"
        },
        {
          "moonPhase" : "phase1",
          "timeZone" : 2,
          "moonPhaseDate" : "2019-12-26T04:13+0000",
          "age" : 3,
          "date" : "2019-12-27T08:29+0000",
          "sign" : "capricorn",
          "signDate" : "2019-12-25T20:46+0000"
        },
        {
          "moonPhase" : "phase1",
          "timeZone" : 2,
          "moonPhaseDate" : "2019-12-26T04:13+0000",
          "age" : 4,
          "date" : "2019-12-28T09:06+0000",
          "sign" : "aquarius",
          "signDate" : "2019-12-28T04:21+0000"
        },
        {
          "moonPhase" : "phase1",
          "timeZone" : 2,
          "moonPhaseDate" : "2019-12-26T04:13+0000",
          "age" : 5,
          "date" : "2019-12-29T09:30+0000",
          "sign" : "aquarius",
          "signDate" : "2019-12-28T04:21+0000"
        },
        {
          "moonPhase" : "phase1",
          "timeZone" : 2,
          "moonPhaseDate" : "2019-12-26T04:13+0000",
          "age" : 6,
          "date" : "2019-12-30T09:47+0000",
          "sign" : "pisces",
          "signDate" : "2019-12-30T14:43+0000"
        },
        {
          "moonPhase" : "phase1",
          "timeZone" : 2,
          "moonPhaseDate" : "2019-12-26T04:13+0000",
          "age" : 7,
          "date" : "2019-12-31T09:59+0000",
          "sign" : "pisces",
          "signDate" : "2019-12-30T14:43+0000"
        },
        {
          "moonPhase" : "phase1",
          "timeZone" : 2,
          "moonPhaseDate" : null,
          "age" : 8,
          "date" : "2020-01-01T10:08+0000",
          "sign" : "pisces",
          "signDate" : "2019-12-30T14:43+0000"
        },
        {
          "moonPhase" : "phase1",
          "timeZone" : 2,
          "moonPhaseDate" : null,
          "age" : 9,
          "date" : "2020-01-02T10:15+0000",
          "sign" : "aries",
          "signDate" : "2020-01-02T03:01+0000"
        },
        {
          "moonPhase" : "phase2",
          "timeZone" : 2,
          "moonPhaseDate" : "2020-01-03T03:45+0000",
          "age" : 10,
          "date" : "2020-01-03T10:23+0000",
          "sign" : "aries",
          "signDate" : "2020-01-02T03:01+0000"
        },
        {
          "moonPhase" : "phase2",
          "timeZone" : 2,
          "age" : 11,
          "moonPhaseDate" : "2020-01-03T03:45+0000",
          "date" : "2020-01-04T10:31+0000",
          "sign" : "taurus",
          "signDate" : "2020-01-04T15:15+0000"
        },
        {
          "moonPhase" : "phase2",
          "timeZone" : 2,
          "moonPhaseDate" : "2020-01-03T03:45+0000",
          "age" : 12,
          "sign" : "taurus",
          "date" : "2020-01-05T10:40+0000",
          "signDate" : "2020-01-04T15:15+0000"
        },
        {
          "moonPhase" : "phase2",
          "timeZone" : 2,
          "moonPhaseDate" : "2020-01-03T03:45+0000",
          "age" : 13,
          "date" : "2020-01-06T10:51+0000",
          "sign" : "taurus",
          "signDate" : "2020-01-04T15:15+0000"
        },
        {
          "moonPhase" : "phase2",
          "timeZone" : 2,
          "moonPhaseDate" : "2020-01-03T03:45+0000",
          "age" : 14,
          "date" : "2020-01-07T11:07+0000",
          "sign" : "gemini",
          "signDate" : "2020-01-07T01:13+0000"
        },
        {
          "moonPhase" : "phase2",
          "timeZone" : 2,
          "age" : 15,
          "moonPhaseDate" : "2020-01-03T03:45+0000",
          "date" : "2020-01-08T11:30+0000",
          "sign" : "gemini",
          "signDate" : "2020-01-07T01:13+0000"
        },
        {
          "moonPhase" : "phase2",
          "timeZone" : 2,
          "moonPhaseDate" : "2020-01-03T03:45+0000",
          "age" : 16,
          "sign" : "cancer",
          "date" : "2020-01-09T12:06+0000",
          "signDate" : "2020-01-09T07:45+0000"
        },
        {
          "moonPhase" : "fullMoon",
          "timeZone" : 2,
          "age" : 17,
          "moonPhaseDate" : "2020-01-10T18:21+0000",
          "date" : "2020-01-10T13:02+0000",
          "sign" : "cancer",
          "signDate" : "2020-01-09T07:45+0000"
        },
        {
          "moonPhase" : "phase3",
          "timeZone" : 2,
          "moonPhaseDate" : "2020-01-10T18:21+0000",
          "age" : 18,
          "date" : "2020-01-11T14:18+0000",
          "sign" : "leo",
          "signDate" : "2020-01-11T11:16+0000"
        },
        {
          "moonPhase" : "phase3",
          "timeZone" : 2,
          "age" : 19,
          "moonPhaseDate" : "2020-01-10T18:21+0000",
          "date" : "2020-01-12T15:47+0000",
          "sign" : "leo",
          "signDate" : "2020-01-11T11:16+0000"
        },
        {
          "moonPhase" : "phase3",
          "timeZone" : 2,
          "moonPhaseDate" : "2020-01-10T18:21+0000",
          "age" : 20,
          "date" : "2020-01-13T17:24+0000",
          "sign" : "virgo",
          "signDate" : "2020-01-13T13:05+0000"
        },
        {
          "moonPhase" : "phase3",
          "timeZone" : 2,
          "moonPhaseDate" : "2020-01-10T18:21+0000",
          "age" : 21,
          "date" : "2020-01-14T19:01+0000",
          "sign" : "virgo",
          "signDate" : "2020-01-13T13:05+0000"
        },
        {
          "moonPhase" : "phase3",
          "timeZone" : 2,
          "moonPhaseDate" : "2020-01-10T18:21+0000",
          "age" : 22,
          "date" : "2020-01-15T20:35+0000",
          "sign" : "libra",
          "signDate" : "2020-01-15T14:42+0000"
        },
        {
          "moonPhase" : "phase4",
          "moonPhaseDate" : "2020-01-17T11:58+0000",
          "age" : 23,
          "timeZone" : 2,
          "date" : "2020-01-16T22:08+0000",
          "sign" : "scorpio",
          "signDate" : "2020-01-17T17:21+0000"
        },
        {
          "moonPhase" : "phase4",
          "timeZone" : 2,
          "moonPhaseDate" : "2020-01-17T11:58+0000",
          "age" : 24,
          "sign" : "scorpio",
          "date" : "2020-01-17T23:40+0000",
          "signDate" : "2020-01-17T17:21+0000"
        },
        {
          "moonPhase" : "phase4",
          "timeZone" : 2,
          "moonPhaseDate" : "2020-01-17T11:58+0000",
          "age" : 25,
          "date" : "2020-01-19T01:11+0000",
          "sign" : "sagittarius",
          "signDate" : "2020-01-19T21:43+0000"
        },
        {
          "moonPhase" : "phase4",
          "timeZone" : 2,
          "moonPhaseDate" : "2020-01-17T11:58+0000",
          "age" : 26,
          "sign" : "sagittarius",
          "date" : "2020-01-20T02:41+0000",
          "signDate" : "2020-01-19T21:43+0000"
        },
        {
          "moonPhase" : "phase4",
          "timeZone" : 2,
          "moonPhaseDate" : "2020-01-17T11:58+0000",
          "age" : 27,
          "date" : "2020-01-21T04:06+0000",
          "sign" : "sagittarius",
          "signDate" : "2020-01-19T21:43+0000"
        },
        {
          "moonPhase" : "phase4",
          "timeZone" : 2,
          "moonPhaseDate" : "2020-01-17T11:58+0000",
          "age" : 28,
          "sign" : "capricorn",
          "date" : "2020-01-22T05:22+0000",
          "signDate" : "2020-01-22T04:02+0000"
        },
        {
          "moonPhase" : "phase4",
          "timeZone" : 2,
          "moonPhaseDate" : "2020-01-17T11:58+0000",
          "age" : 29,
          "sign" : "capricorn",
          "date" : "2020-01-23T06:22+0000",
          "signDate" : "2020-01-22T04:02+0000"
        },
        {
          "moonPhase" : "newMoon",
          "timeZone" : 2,
          "moonPhaseDate" : "2020-01-24T20:42+0000",
          "age" : 30,
          "sign" : "aquarius",
          "date" : "2020-01-24T07:05+0000",
          "signDate" : "2020-01-24T12:22+0000"
        },
        {
          "moonPhase" : "newMoon",
          "timeZone" : 2,
          "moonPhaseDate" : "2020-01-24T20:42+0000",
          "age" : 1,
          "date" : "2020-01-24T20:42+0000",
          "sign" : "aquarius",
          "signDate" : "2020-01-24T12:22+0000"
        },
        {
          "moonPhase" : "phase1",
          "moonPhaseDate" : "2020-01-24T20:42+0000",
          "age" : 2,
          "timeZone" : 2,
          "date" : "2020-01-25T07:33+0000",
          "sign" : "aquarius",
          "signDate" : "2020-01-24T12:22+0000"
        },
        {
          "moonPhase" : "phase1",
          "moonPhaseDate" : "2020-01-24T20:42+0000",
          "age" : 3,
          "timeZone" : 2,
          "sign" : "aquarius",
          "date" : "2020-01-26T07:53+0000",
          "signDate" : "2020-01-24T12:22+0000"
        },
        {
          "moonPhase" : "phase1",
          "timeZone" : 2,
          "moonPhaseDate" : "2020-01-24T20:42+0000",
          "age" : 4,
          "date" : "2020-01-27T08:06+0000",
          "sign" : "pisces",
          "signDate" : "2020-01-26T22:45+0000"
        },
        {
          "moonPhase" : "phase1",
          "timeZone" : 2,
          "moonPhaseDate" : "2020-01-24T20:42+0000",
          "age" : 5,
          "date" : "2020-01-28T08:16+0000",
          "sign" : "pisces",
          "signDate" : "2020-01-26T22:45+0000"
        },
        {
          "moonPhase" : "phase1",
          "timeZone" : 2,
          "moonPhaseDate" : "2020-01-24T20:42+0000",
          "age" : 6,
          "date" : "2020-01-29T08:25+0000",
          "sign" : "aries",
          "signDate" : "2020-01-29T10:51+0000"
        },
        {
          "moonPhase" : "phase1",
          "moonPhaseDate" : "2020-01-24T20:42+0000",
          "age" : 7,
          "timeZone" : 2,
          "date" : "2020-01-30T08:32+0000",
          "sign" : "aries",
          "signDate" : "2020-01-29T10:51+0000"
        },
        {
          "moonPhase" : "phase1",
          "moonPhaseDate" : "2020-01-24T20:42+0000",
          "age" : 8,
          "timeZone" : 2,
          "date" : "2020-01-31T08:39+0000",
          "sign" : "aries",
          "signDate" : "2020-01-29T10:51+0000"
        },
        {
          "moonPhase" : "phase1",
          "timeZone" : 2,
          "moonPhaseDate" : "2020-01-24T20:42+0000",
          "age" : 8,
          "date" : "2020-01-31T08:39+0000",
          "sign" : "aries",
          "signDate" : "2020-01-29T10:51+0000"
        }
      ]
    }
  ]
}