{
  "countryName" : "Нигерия",
  "cities" : [
    {
      "moonDays" : [
        {
          "date" : "2019-05-01T03:08+0000",
          "moonPhaseDate" : null,
          "age" : 26,
          "sign" : "aries",
          "timeZone" : 1,
          "moonPhase" : null,
          "signDate" : "2019-05-01T10:23+0000"
        },
        {
          "date" : "2019-05-02T03:48+0000",
          "moonPhaseDate" : null,
          "age" : 27,
          "sign" : "aries",
          "timeZone" : 1,
          "moonPhase" : null,
          "signDate" : "2019-05-01T10:23+0000"
        },
        {
          "date" : "2019-05-03T04:29+0000",
          "moonPhaseDate" : null,
          "age" : 28,
          "sign" : "taurus",
          "timeZone" : 1,
          "moonPhase" : null,
          "signDate" : "2019-05-03T20:21+0000"
        },
        {
          "date" : "2019-05-04T05:12+0000",
          "moonPhaseDate" : "2019-05-04T22:45+0000",
          "age" : 29,
          "sign" : "taurus",
          "timeZone" : 1,
          "moonPhase" : "newMoon",
          "signDate" : "2019-05-03T20:21+0000"
        },
        {
          "date" : "2019-05-04T22:45+0000",
          "moonPhaseDate" : "2019-05-04T22:45+0000",
          "age" : 1,
          "sign" : "taurus",
          "timeZone" : 1,
          "moonPhase" : "newMoon",
          "signDate" : "2019-05-03T20:21+0000"
        },
        {
          "date" : "2019-05-05T05:57+0000",
          "moonPhaseDate" : "2019-05-04T22:45+0000",
          "age" : 2,
          "sign" : "taurus",
          "timeZone" : 1,
          "moonPhase" : "phase1",
          "signDate" : "2019-05-03T20:21+0000"
        },
        {
          "date" : "2019-05-06T06:45+0000",
          "moonPhaseDate" : "2019-05-04T22:45+0000",
          "age" : 3,
          "sign" : "gemini",
          "timeZone" : 1,
          "moonPhase" : "phase1",
          "signDate" : "2019-05-06T03:42+0000"
        },
        {
          "date" : "2019-05-07T07:36+0000",
          "moonPhaseDate" : "2019-05-04T22:45+0000",
          "age" : 4,
          "sign" : "gemini",
          "timeZone" : 1,
          "moonPhase" : "phase1",
          "signDate" : "2019-05-06T03:42+0000"
        },
        {
          "date" : "2019-05-08T08:31+0000",
          "moonPhaseDate" : "2019-05-04T22:45+0000",
          "age" : 5,
          "sign" : "cancer",
          "timeZone" : 1,
          "moonPhase" : "phase1",
          "signDate" : "2019-05-08T09:05+0000"
        },
        {
          "date" : "2019-05-09T09:28+0000",
          "moonPhaseDate" : "2019-05-04T22:45+0000",
          "age" : 6,
          "sign" : "cancer",
          "timeZone" : 1,
          "moonPhase" : "phase1",
          "signDate" : "2019-05-08T09:05+0000"
        },
        {
          "date" : "2019-05-10T10:27+0000",
          "moonPhaseDate" : "2019-05-04T22:45+0000",
          "age" : 7,
          "sign" : "leo",
          "timeZone" : 1,
          "moonPhase" : "phase1",
          "signDate" : "2019-05-10T13:12+0000"
        },
        {
          "date" : "2019-05-11T11:26+0000",
          "moonPhaseDate" : "2019-05-04T22:45+0000",
          "age" : 8,
          "sign" : "leo",
          "timeZone" : 1,
          "moonPhase" : "phase1",
          "signDate" : "2019-05-10T13:12+0000"
        },
        {
          "date" : "2019-05-12T12:23+0000",
          "moonPhaseDate" : "2019-05-12T01:12+0000",
          "age" : 9,
          "sign" : "virgo",
          "timeZone" : 1,
          "moonPhase" : "phase2",
          "signDate" : "2019-05-12T16:23+0000"
        },
        {
          "date" : "2019-05-13T13:19+0000",
          "moonPhaseDate" : "2019-05-12T01:12+0000",
          "age" : 10,
          "sign" : "virgo",
          "timeZone" : 1,
          "moonPhase" : "phase2",
          "signDate" : "2019-05-12T16:23+0000"
        },
        {
          "date" : "2019-05-14T14:13+0000",
          "moonPhaseDate" : "2019-05-12T01:12+0000",
          "age" : 11,
          "sign" : "libra",
          "timeZone" : 1,
          "moonPhase" : "phase2",
          "signDate" : "2019-05-14T18:53+0000"
        },
        {
          "date" : "2019-05-15T15:06+0000",
          "moonPhaseDate" : "2019-05-12T01:12+0000",
          "age" : 12,
          "sign" : "libra",
          "timeZone" : 1,
          "moonPhase" : "phase2",
          "signDate" : "2019-05-14T18:53+0000"
        },
        {
          "date" : "2019-05-16T15:59+0000",
          "moonPhaseDate" : "2019-05-12T01:12+0000",
          "age" : 13,
          "sign" : "scorpio",
          "timeZone" : 1,
          "moonPhase" : "phase2",
          "signDate" : "2019-05-16T21:25+0000"
        },
        {
          "date" : "2019-05-17T16:53+0000",
          "moonPhaseDate" : "2019-05-12T01:12+0000",
          "age" : 14,
          "sign" : "scorpio",
          "timeZone" : 1,
          "moonPhase" : "phase2",
          "signDate" : "2019-05-16T21:25+0000"
        },
        {
          "date" : "2019-05-18T17:46+0000",
          "moonPhaseDate" : "2019-05-18T21:11+0000",
          "age" : 15,
          "sign" : "scorpio",
          "timeZone" : 1,
          "moonPhase" : "fullMoon",
          "signDate" : "2019-05-16T21:25+0000"
        },
        {
          "date" : "2019-05-19T18:41+0000",
          "moonPhaseDate" : "2019-05-18T21:11+0000",
          "age" : 16,
          "sign" : "sagittarius",
          "timeZone" : 1,
          "moonPhase" : "phase3",
          "signDate" : "2019-05-19T01:19+0000"
        },
        {
          "date" : "2019-05-20T19:35+0000",
          "moonPhaseDate" : "2019-05-18T21:11+0000",
          "age" : 17,
          "sign" : "sagittarius",
          "timeZone" : 1,
          "moonPhase" : "phase3",
          "signDate" : "2019-05-19T01:19+0000"
        },
        {
          "date" : "2019-05-21T20:29+0000",
          "moonPhaseDate" : "2019-05-18T21:11+0000",
          "age" : 18,
          "sign" : "capricorn",
          "timeZone" : 1,
          "moonPhase" : "phase3",
          "signDate" : "2019-05-21T07:56+0000"
        },
        {
          "date" : "2019-05-22T21:21+0000",
          "moonPhaseDate" : "2019-05-18T21:11+0000",
          "age" : 19,
          "sign" : "capricorn",
          "timeZone" : 1,
          "moonPhase" : "phase3",
          "signDate" : "2019-05-21T07:56+0000"
        },
        {
          "date" : "2019-05-23T22:10+0000",
          "moonPhaseDate" : "2019-05-18T21:11+0000",
          "age" : 20,
          "sign" : "aquarius",
          "timeZone" : 1,
          "moonPhase" : "phase3",
          "signDate" : "2019-05-23T17:51+0000"
        },
        {
          "date" : "2019-05-24T22:57+0000",
          "moonPhaseDate" : "2019-05-18T21:11+0000",
          "age" : 21,
          "sign" : "aquarius",
          "timeZone" : 1,
          "moonPhase" : "phase3",
          "signDate" : "2019-05-23T17:51+0000"
        },
        {
          "date" : "2019-05-25T23:41+0000",
          "moonPhaseDate" : "2019-05-26T16:33+0000",
          "age" : 22,
          "sign" : "pisces",
          "timeZone" : 1,
          "moonPhase" : "phase4",
          "signDate" : "2019-05-26T06:07+0000"
        },
        {
          "date" : "2019-05-27T00:23+0000",
          "moonPhaseDate" : "2019-05-26T16:33+0000",
          "age" : 23,
          "sign" : "pisces",
          "timeZone" : 1,
          "moonPhase" : "phase4",
          "signDate" : "2019-05-26T06:07+0000"
        },
        {
          "date" : "2019-05-28T01:04+0000",
          "moonPhaseDate" : "2019-05-26T16:33+0000",
          "age" : 24,
          "sign" : "aries",
          "timeZone" : 1,
          "moonPhase" : "phase4",
          "signDate" : "2019-05-28T18:29+0000"
        },
        {
          "date" : "2019-05-29T01:44+0000",
          "moonPhaseDate" : "2019-05-26T16:33+0000",
          "age" : 25,
          "sign" : "aries",
          "timeZone" : 1,
          "moonPhase" : "phase4",
          "signDate" : "2019-05-28T18:29+0000"
        },
        {
          "date" : "2019-05-30T02:24+0000",
          "moonPhaseDate" : "2019-05-26T16:33+0000",
          "age" : 26,
          "sign" : "aries",
          "timeZone" : 1,
          "moonPhase" : "phase4",
          "signDate" : "2019-05-28T18:29+0000"
        },
        {
          "date" : "2019-05-31T03:06+0000",
          "moonPhaseDate" : "2019-05-26T16:33+0000",
          "age" : 27,
          "sign" : "taurus",
          "timeZone" : 1,
          "moonPhase" : "phase4",
          "signDate" : "2019-05-31T04:44+0000"
        },
        {
          "date" : "2019-06-01T03:50+0000",
          "moonPhaseDate" : null,
          "age" : 28,
          "sign" : "taurus",
          "timeZone" : 1,
          "moonPhase" : "phase4",
          "signDate" : "2019-05-31T04:44+0000"
        },
        {
          "date" : "2019-06-02T04:36+0000",
          "moonPhaseDate" : null,
          "age" : 29,
          "sign" : "gemini",
          "timeZone" : 1,
          "moonPhase" : "phase4",
          "signDate" : "2019-06-02T11:51+0000"
        },
        {
          "date" : "2019-06-03T05:27+0000",
          "moonPhaseDate" : "2019-06-03T10:02+0000",
          "age" : 30,
          "sign" : "gemini",
          "timeZone" : 1,
          "moonPhase" : "newMoon",
          "signDate" : "2019-06-02T11:51+0000"
        },
        {
          "date" : "2019-06-03T10:02+0000",
          "moonPhaseDate" : "2019-06-03T10:02+0000",
          "age" : 1,
          "sign" : "gemini",
          "timeZone" : 1,
          "moonPhase" : "newMoon",
          "signDate" : "2019-06-02T11:51+0000"
        },
        {
          "date" : "2019-06-04T06:22+0000",
          "moonPhaseDate" : "2019-06-03T10:02+0000",
          "age" : 2,
          "sign" : "cancer",
          "timeZone" : 1,
          "moonPhase" : "phase1",
          "signDate" : "2019-06-04T16:18+0000"
        },
        {
          "date" : "2019-06-05T07:20+0000",
          "moonPhaseDate" : "2019-06-03T10:02+0000",
          "age" : 3,
          "sign" : "cancer",
          "timeZone" : 1,
          "moonPhase" : "phase1",
          "signDate" : "2019-06-04T16:18+0000"
        },
        {
          "date" : "2019-06-06T08:19+0000",
          "moonPhaseDate" : "2019-06-03T10:02+0000",
          "age" : 4,
          "sign" : "leo",
          "timeZone" : 1,
          "moonPhase" : "phase1",
          "signDate" : "2019-06-06T19:14+0000"
        },
        {
          "date" : "2019-06-07T09:20+0000",
          "moonPhaseDate" : "2019-06-03T10:02+0000",
          "age" : 5,
          "sign" : "leo",
          "timeZone" : 1,
          "moonPhase" : "phase1",
          "signDate" : "2019-06-06T19:14+0000"
        },
        {
          "date" : "2019-06-08T10:19+0000",
          "moonPhaseDate" : "2019-06-03T10:02+0000",
          "age" : 6,
          "sign" : "virgo",
          "timeZone" : 1,
          "moonPhase" : "phase1",
          "signDate" : "2019-06-08T21:43+0000"
        },
        {
          "date" : "2019-06-09T11:15+0000",
          "moonPhaseDate" : "2019-06-03T10:02+0000",
          "age" : 7,
          "sign" : "virgo",
          "timeZone" : 1,
          "moonPhase" : "phase1",
          "signDate" : "2019-06-08T21:43+0000"
        },
        {
          "date" : "2019-06-10T12:10+0000",
          "moonPhaseDate" : "2019-06-10T05:59+0000",
          "age" : 8,
          "sign" : "virgo",
          "timeZone" : 1,
          "moonPhase" : "phase2",
          "signDate" : "2019-06-08T21:43+0000"
        },
        {
          "date" : "2019-06-11T13:02+0000",
          "moonPhaseDate" : "2019-06-10T05:59+0000",
          "age" : 9,
          "sign" : "libra",
          "timeZone" : 1,
          "moonPhase" : "phase2",
          "signDate" : "2019-06-11T00:30+0000"
        },
        {
          "date" : "2019-06-12T13:54+0000",
          "moonPhaseDate" : "2019-06-10T05:59+0000",
          "age" : 10,
          "sign" : "libra",
          "timeZone" : 1,
          "moonPhase" : "phase2",
          "signDate" : "2019-06-11T00:30+0000"
        },
        {
          "date" : "2019-06-13T14:46+0000",
          "moonPhaseDate" : "2019-06-10T05:59+0000",
          "age" : 11,
          "sign" : "scorpio",
          "timeZone" : 1,
          "moonPhase" : "phase2",
          "signDate" : "2019-06-13T04:03+0000"
        },
        {
          "date" : "2019-06-14T15:38+0000",
          "moonPhaseDate" : "2019-06-10T05:59+0000",
          "age" : 12,
          "sign" : "scorpio",
          "timeZone" : 1,
          "moonPhase" : "phase2",
          "signDate" : "2019-06-13T04:03+0000"
        },
        {
          "date" : "2019-06-15T16:31+0000",
          "moonPhaseDate" : "2019-06-10T05:59+0000",
          "age" : 13,
          "sign" : "sagittarius",
          "timeZone" : 1,
          "moonPhase" : "phase2",
          "signDate" : "2019-06-15T09:01+0000"
        },
        {
          "date" : "2019-06-16T17:25+0000",
          "moonPhaseDate" : "2019-06-10T05:59+0000",
          "age" : 14,
          "sign" : "sagittarius",
          "timeZone" : 1,
          "moonPhase" : "phase2",
          "signDate" : "2019-06-15T09:01+0000"
        },
        {
          "date" : "2019-06-17T18:19+0000",
          "moonPhaseDate" : "2019-06-17T08:31+0000",
          "age" : 15,
          "sign" : "capricorn",
          "timeZone" : 1,
          "moonPhase" : "fullMoon",
          "signDate" : "2019-06-17T16:11+0000"
        },
        {
          "date" : "2019-06-18T19:12+0000",
          "moonPhaseDate" : "2019-06-17T08:31+0000",
          "age" : 16,
          "sign" : "capricorn",
          "timeZone" : 1,
          "moonPhase" : "phase3",
          "signDate" : "2019-06-17T16:11+0000"
        },
        {
          "date" : "2019-06-19T20:02+0000",
          "moonPhaseDate" : "2019-06-17T08:31+0000",
          "age" : 17,
          "sign" : "capricorn",
          "timeZone" : 1,
          "moonPhase" : "phase3",
          "signDate" : "2019-06-17T16:11+0000"
        },
        {
          "date" : "2019-06-20T20:51+0000",
          "moonPhaseDate" : "2019-06-17T08:31+0000",
          "age" : 18,
          "sign" : "aquarius",
          "timeZone" : 1,
          "moonPhase" : "phase3",
          "signDate" : "2019-06-20T02:01+0000"
        },
        {
          "date" : "2019-06-21T21:36+0000",
          "moonPhaseDate" : "2019-06-17T08:31+0000",
          "age" : 19,
          "sign" : "aquarius",
          "timeZone" : 1,
          "moonPhase" : "phase3",
          "signDate" : "2019-06-20T02:01+0000"
        },
        {
          "date" : "2019-06-22T22:19+0000",
          "moonPhaseDate" : "2019-06-17T08:31+0000",
          "age" : 20,
          "sign" : "pisces",
          "timeZone" : 1,
          "moonPhase" : "phase3",
          "signDate" : "2019-06-22T14:01+0000"
        },
        {
          "date" : "2019-06-23T23:00+0000",
          "moonPhaseDate" : "2019-06-17T08:31+0000",
          "age" : 21,
          "sign" : "pisces",
          "timeZone" : 1,
          "moonPhase" : "phase3",
          "signDate" : "2019-06-22T14:01+0000"
        },
        {
          "date" : "2019-06-24T23:40+0000",
          "moonPhaseDate" : "2019-06-25T09:46+0000",
          "age" : 22,
          "sign" : "aries",
          "timeZone" : 1,
          "moonPhase" : "phase4",
          "signDate" : "2019-06-25T02:34+0000"
        },
        {
          "date" : "2019-06-26T00:19+0000",
          "moonPhaseDate" : "2019-06-25T09:46+0000",
          "age" : 23,
          "sign" : "aries",
          "timeZone" : 1,
          "moonPhase" : "phase4",
          "signDate" : "2019-06-25T02:34+0000"
        },
        {
          "date" : "2019-06-27T01:00+0000",
          "moonPhaseDate" : "2019-06-25T09:46+0000",
          "age" : 24,
          "sign" : "taurus",
          "timeZone" : 1,
          "moonPhase" : "phase4",
          "signDate" : "2019-06-27T13:30+0000"
        },
        {
          "date" : "2019-06-28T01:42+0000",
          "moonPhaseDate" : "2019-06-25T09:46+0000",
          "age" : 25,
          "sign" : "taurus",
          "timeZone" : 1,
          "moonPhase" : "phase4",
          "signDate" : "2019-06-27T13:30+0000"
        },
        {
          "date" : "2019-06-29T02:27+0000",
          "moonPhaseDate" : "2019-06-25T09:46+0000",
          "age" : 26,
          "sign" : "gemini",
          "timeZone" : 1,
          "moonPhase" : "phase4",
          "signDate" : "2019-06-29T21:10+0000"
        },
        {
          "date" : "2019-06-30T03:15+0000",
          "moonPhaseDate" : "2019-06-25T09:46+0000",
          "age" : 27,
          "sign" : "gemini",
          "timeZone" : 1,
          "moonPhase" : "phase4",
          "signDate" : "2019-06-29T21:10+0000"
        },
        {
          "date" : "2019-07-01T04:08+0000",
          "moonPhaseDate" : null,
          "age" : 28,
          "sign" : "gemini",
          "timeZone" : 1,
          "moonPhase" : "phase4",
          "signDate" : "2019-06-29T21:10+0000"
        },
        {
          "date" : "2019-07-02T05:05+0000",
          "moonPhaseDate" : "2019-07-02T19:16+0000",
          "age" : 29,
          "sign" : "cancer",
          "timeZone" : 1,
          "moonPhase" : "newMoon",
          "signDate" : "2019-07-02T01:26+0000"
        },
        {
          "date" : "2019-07-02T19:16+0000",
          "moonPhaseDate" : "2019-07-02T19:16+0000",
          "age" : 1,
          "sign" : "cancer",
          "timeZone" : 1,
          "moonPhase" : "newMoon",
          "signDate" : "2019-07-02T01:26+0000"
        },
        {
          "date" : "2019-07-03T06:06+0000",
          "moonPhaseDate" : "2019-07-02T19:16+0000",
          "age" : 2,
          "sign" : "cancer",
          "timeZone" : 1,
          "moonPhase" : "phase1",
          "signDate" : "2019-07-02T01:26+0000"
        },
        {
          "date" : "2019-07-04T07:08+0000",
          "moonPhaseDate" : "2019-07-02T19:16+0000",
          "age" : 3,
          "sign" : "leo",
          "timeZone" : 1,
          "moonPhase" : "phase1",
          "signDate" : "2019-07-04T03:21+0000"
        },
        {
          "date" : "2019-07-05T08:09+0000",
          "moonPhaseDate" : "2019-07-02T19:16+0000",
          "age" : 4,
          "sign" : "leo",
          "timeZone" : 1,
          "moonPhase" : "phase1",
          "signDate" : "2019-07-04T03:21+0000"
        },
        {
          "date" : "2019-07-06T09:09+0000",
          "moonPhaseDate" : "2019-07-02T19:16+0000",
          "age" : 5,
          "sign" : "virgo",
          "timeZone" : 1,
          "moonPhase" : "phase1",
          "signDate" : "2019-07-06T04:25+0000"
        },
        {
          "date" : "2019-07-07T10:05+0000",
          "moonPhaseDate" : "2019-07-02T19:16+0000",
          "age" : 6,
          "sign" : "virgo",
          "timeZone" : 1,
          "moonPhase" : "phase1",
          "signDate" : "2019-07-06T04:25+0000"
        },
        {
          "date" : "2019-07-08T10:59+0000",
          "moonPhaseDate" : "2019-07-02T19:16+0000",
          "age" : 7,
          "sign" : "libra",
          "timeZone" : 1,
          "moonPhase" : "phase1",
          "signDate" : "2019-07-08T06:07+0000"
        },
        {
          "date" : "2019-07-09T11:51+0000",
          "moonPhaseDate" : "2019-07-09T10:55+0000",
          "age" : 8,
          "sign" : "libra",
          "timeZone" : 1,
          "moonPhase" : "phase2",
          "signDate" : "2019-07-08T06:07+0000"
        },
        {
          "date" : "2019-07-10T12:43+0000",
          "moonPhaseDate" : "2019-07-09T10:55+0000",
          "age" : 9,
          "sign" : "scorpio",
          "timeZone" : 1,
          "moonPhase" : "phase2",
          "signDate" : "2019-07-10T09:28+0000"
        },
        {
          "date" : "2019-07-11T13:34+0000",
          "moonPhaseDate" : "2019-07-09T10:55+0000",
          "age" : 10,
          "sign" : "scorpio",
          "timeZone" : 1,
          "moonPhase" : "phase2",
          "signDate" : "2019-07-10T09:28+0000"
        },
        {
          "date" : "2019-07-12T14:26+0000",
          "moonPhaseDate" : "2019-07-09T10:55+0000",
          "age" : 11,
          "sign" : "sagittarius",
          "timeZone" : 1,
          "moonPhase" : "phase2",
          "signDate" : "2019-07-12T15:04+0000"
        },
        {
          "date" : "2019-07-13T15:19+0000",
          "moonPhaseDate" : "2019-07-09T10:55+0000",
          "age" : 12,
          "sign" : "sagittarius",
          "timeZone" : 1,
          "moonPhase" : "phase2",
          "signDate" : "2019-07-12T15:04+0000"
        },
        {
          "date" : "2019-07-14T16:12+0000",
          "moonPhaseDate" : "2019-07-09T10:55+0000",
          "age" : 13,
          "sign" : "sagittarius",
          "timeZone" : 1,
          "moonPhase" : "phase2",
          "signDate" : "2019-07-12T15:04+0000"
        },
        {
          "date" : "2019-07-15T17:05+0000",
          "moonPhaseDate" : "2019-07-09T10:55+0000",
          "age" : 14,
          "sign" : "capricorn",
          "timeZone" : 1,
          "moonPhase" : "phase2",
          "signDate" : "2019-07-14T23:03+0000"
        },
        {
          "date" : "2019-07-16T17:56+0000",
          "moonPhaseDate" : "2019-07-16T21:38+0000",
          "age" : 15,
          "sign" : "capricorn",
          "timeZone" : 1,
          "moonPhase" : "fullMoon",
          "signDate" : "2019-07-14T23:03+0000"
        },
        {
          "date" : "2019-07-17T18:45+0000",
          "moonPhaseDate" : "2019-07-16T21:38+0000",
          "age" : 16,
          "sign" : "aquarius",
          "timeZone" : 1,
          "moonPhase" : "phase3",
          "signDate" : "2019-07-17T09:18+0000"
        },
        {
          "date" : "2019-07-18T19:31+0000",
          "moonPhaseDate" : "2019-07-16T21:38+0000",
          "age" : 17,
          "sign" : "aquarius",
          "timeZone" : 1,
          "moonPhase" : "phase3",
          "signDate" : "2019-07-17T09:18+0000"
        },
        {
          "date" : "2019-07-19T20:15+0000",
          "moonPhaseDate" : "2019-07-16T21:38+0000",
          "age" : 18,
          "sign" : "pisces",
          "timeZone" : 1,
          "moonPhase" : "phase3",
          "signDate" : "2019-07-19T21:19+0000"
        },
        {
          "date" : "2019-07-20T20:57+0000",
          "moonPhaseDate" : "2019-07-16T21:38+0000",
          "age" : 19,
          "sign" : "pisces",
          "timeZone" : 1,
          "moonPhase" : "phase3",
          "signDate" : "2019-07-19T21:19+0000"
        },
        {
          "date" : "2019-07-21T21:37+0000",
          "moonPhaseDate" : "2019-07-16T21:38+0000",
          "age" : 20,
          "sign" : "pisces",
          "timeZone" : 1,
          "moonPhase" : "phase3",
          "signDate" : "2019-07-19T21:19+0000"
        },
        {
          "date" : "2019-07-22T22:16+0000",
          "moonPhaseDate" : "2019-07-16T21:38+0000",
          "age" : 21,
          "sign" : "aries",
          "timeZone" : 1,
          "moonPhase" : "phase3",
          "signDate" : "2019-07-22T10:01+0000"
        },
        {
          "date" : "2019-07-23T22:56+0000",
          "moonPhaseDate" : "2019-07-16T21:38+0000",
          "age" : 22,
          "sign" : "aries",
          "timeZone" : 1,
          "moonPhase" : "phase3",
          "signDate" : "2019-07-22T10:01+0000"
        },
        {
          "date" : "2019-07-24T23:36+0000",
          "moonPhaseDate" : "2019-07-25T01:18+0000",
          "age" : 23,
          "sign" : "taurus",
          "timeZone" : 1,
          "moonPhase" : "phase4",
          "signDate" : "2019-07-22T10:01+0000"
        },
        {
          "date" : "2019-07-26T00:19+0000",
          "moonPhaseDate" : "2019-07-25T01:18+0000",
          "age" : 24,
          "sign" : "taurus",
          "timeZone" : 1,
          "moonPhase" : "phase4",
          "signDate" : "2019-07-22T10:01+0000"
        },
        {
          "date" : "2019-07-27T01:04+0000",
          "moonPhaseDate" : "2019-07-25T01:18+0000",
          "age" : 25,
          "sign" : "gemini",
          "timeZone" : 1,
          "moonPhase" : "phase4",
          "signDate" : "2019-07-27T06:28+0000"
        },
        {
          "date" : "2019-07-28T01:54+0000",
          "moonPhaseDate" : "2019-07-25T01:18+0000",
          "age" : 26,
          "sign" : "gemini",
          "timeZone" : 1,
          "moonPhase" : "phase4",
          "signDate" : "2019-07-27T06:28+0000"
        },
        {
          "date" : "2019-07-29T02:49+0000",
          "moonPhaseDate" : "2019-07-25T01:18+0000",
          "age" : 27,
          "sign" : "cancer",
          "timeZone" : 1,
          "moonPhase" : "phase4",
          "signDate" : "2019-07-29T11:30+0000"
        },
        {
          "date" : "2019-07-30T03:47+0000",
          "moonPhaseDate" : "2019-07-25T01:18+0000",
          "age" : 28,
          "sign" : "cancer",
          "timeZone" : 1,
          "moonPhase" : "phase4",
          "signDate" : "2019-07-29T11:30+0000"
        },
        {
          "date" : "2019-07-31T04:49+0000",
          "moonPhaseDate" : "2019-07-25T01:18+0000",
          "age" : 29,
          "sign" : "leo",
          "timeZone" : 1,
          "moonPhase" : "phase4",
          "signDate" : "2019-07-31T13:18+0000"
        },
        {
          "date" : "2019-08-01T03:12+0000",
          "moonPhaseDate" : "2019-08-01T03:12+0000",
          "age" : 1,
          "sign" : "leo",
          "timeZone" : 1,
          "moonPhase" : "newMoon",
          "signDate" : "2019-07-31T13:18+0000"
        },
        {
          "date" : "2019-08-01T05:52+0000",
          "moonPhaseDate" : "2019-08-01T03:12+0000",
          "age" : 2,
          "sign" : "leo",
          "timeZone" : 1,
          "moonPhase" : "newMoon",
          "signDate" : "2019-07-31T13:18+0000"
        },
        {
          "date" : "2019-08-02T06:54+0000",
          "moonPhaseDate" : "2019-08-01T03:12+0000",
          "age" : 3,
          "sign" : "virgo",
          "timeZone" : 1,
          "moonPhase" : "phase1",
          "signDate" : "2019-08-02T13:23+0000"
        },
        {
          "date" : "2019-08-03T07:54+0000",
          "moonPhaseDate" : "2019-08-01T03:12+0000",
          "age" : 4,
          "sign" : "virgo",
          "timeZone" : 1,
          "moonPhase" : "phase1",
          "signDate" : "2019-08-02T13:23+0000"
        },
        {
          "date" : "2019-08-04T08:51+0000",
          "moonPhaseDate" : "2019-08-01T03:12+0000",
          "age" : 5,
          "sign" : "libra",
          "timeZone" : 1,
          "moonPhase" : "phase1",
          "signDate" : "2019-08-04T13:32+0000"
        },
        {
          "date" : "2019-08-05T09:45+0000",
          "moonPhaseDate" : "2019-08-01T03:12+0000",
          "age" : 6,
          "sign" : "libra",
          "timeZone" : 1,
          "moonPhase" : "phase1",
          "signDate" : "2019-08-04T13:32+0000"
        },
        {
          "date" : "2019-08-06T10:38+0000",
          "moonPhaseDate" : "2019-08-01T03:12+0000",
          "age" : 7,
          "sign" : "scorpio",
          "timeZone" : 1,
          "moonPhase" : "phase1",
          "signDate" : "2019-08-06T15:31+0000"
        },
        {
          "date" : "2019-08-07T11:31+0000",
          "moonPhaseDate" : "2019-08-07T17:31+0000",
          "age" : 8,
          "sign" : "scorpio",
          "timeZone" : 1,
          "moonPhase" : "phase2",
          "signDate" : "2019-08-06T15:31+0000"
        },
        {
          "date" : "2019-08-08T12:23+0000",
          "moonPhaseDate" : "2019-08-07T17:31+0000",
          "age" : 9,
          "sign" : "sagittarius",
          "timeZone" : 1,
          "moonPhase" : "phase2",
          "signDate" : "2019-08-08T20:32+0000"
        },
        {
          "date" : "2019-08-09T13:16+0000",
          "moonPhaseDate" : "2019-08-07T17:31+0000",
          "age" : 10,
          "sign" : "sagittarius",
          "timeZone" : 1,
          "moonPhase" : "phase2",
          "signDate" : "2019-08-08T20:32+0000"
        },
        {
          "date" : "2019-08-10T14:08+0000",
          "moonPhaseDate" : "2019-08-07T17:31+0000",
          "age" : 11,
          "sign" : "sagittarius",
          "timeZone" : 1,
          "moonPhase" : "phase2",
          "signDate" : "2019-08-08T20:32+0000"
        },
        {
          "date" : "2019-08-11T15:01+0000",
          "moonPhaseDate" : "2019-08-07T17:31+0000",
          "age" : 12,
          "sign" : "capricorn",
          "timeZone" : 1,
          "moonPhase" : "phase2",
          "signDate" : "2019-08-11T04:48+0000"
        },
        {
          "date" : "2019-08-12T15:52+0000",
          "moonPhaseDate" : "2019-08-07T17:31+0000",
          "age" : 13,
          "sign" : "capricorn",
          "timeZone" : 1,
          "moonPhase" : "phase2",
          "signDate" : "2019-08-11T04:48+0000"
        },
        {
          "date" : "2019-08-13T16:41+0000",
          "moonPhaseDate" : "2019-08-07T17:31+0000",
          "age" : 14,
          "sign" : "aquarius",
          "timeZone" : 1,
          "moonPhase" : "phase2",
          "signDate" : "2019-08-13T15:36+0000"
        },
        {
          "date" : "2019-08-14T17:28+0000",
          "moonPhaseDate" : "2019-08-07T17:31+0000",
          "age" : 15,
          "sign" : "aquarius",
          "timeZone" : 1,
          "moonPhase" : "phase2",
          "signDate" : "2019-08-13T15:36+0000"
        },
        {
          "date" : "2019-08-15T18:13+0000",
          "moonPhaseDate" : "2019-08-15T12:29+0000",
          "age" : 16,
          "sign" : "aquarius",
          "timeZone" : 1,
          "moonPhase" : "fullMoon",
          "signDate" : "2019-08-13T15:36+0000"
        },
        {
          "date" : "2019-08-16T18:55+0000",
          "moonPhaseDate" : "2019-08-15T12:29+0000",
          "age" : 17,
          "sign" : "pisces",
          "timeZone" : 1,
          "moonPhase" : "phase3",
          "signDate" : "2019-08-16T03:50+0000"
        },
        {
          "date" : "2019-08-17T19:36+0000",
          "moonPhaseDate" : "2019-08-15T12:29+0000",
          "age" : 18,
          "sign" : "pisces",
          "timeZone" : 1,
          "moonPhase" : "phase3",
          "signDate" : "2019-08-16T03:50+0000"
        },
        {
          "date" : "2019-08-18T20:15+0000",
          "moonPhaseDate" : "2019-08-15T12:29+0000",
          "age" : 19,
          "sign" : "aries",
          "timeZone" : 1,
          "moonPhase" : "phase3",
          "signDate" : "2019-08-18T16:32+0000"
        },
        {
          "date" : "2019-08-19T20:54+0000",
          "moonPhaseDate" : "2019-08-15T12:29+0000",
          "age" : 20,
          "sign" : "aries",
          "timeZone" : 1,
          "moonPhase" : "phase3",
          "signDate" : "2019-08-18T16:32+0000"
        },
        {
          "date" : "2019-08-20T21:34+0000",
          "moonPhaseDate" : "2019-08-15T12:29+0000",
          "age" : 21,
          "sign" : "aries",
          "timeZone" : 1,
          "moonPhase" : "phase3",
          "signDate" : "2019-08-18T16:32+0000"
        },
        {
          "date" : "2019-08-21T22:15+0000",
          "moonPhaseDate" : "2019-08-15T12:29+0000",
          "age" : 22,
          "sign" : "taurus",
          "timeZone" : 1,
          "moonPhase" : "phase3",
          "signDate" : "2019-08-21T04:36+0000"
        },
        {
          "date" : "2019-08-22T22:58+0000",
          "moonPhaseDate" : "2019-08-15T12:29+0000",
          "age" : 23,
          "sign" : "taurus",
          "timeZone" : 1,
          "moonPhase" : "phase3",
          "signDate" : "2019-08-21T04:36+0000"
        },
        {
          "date" : "2019-08-23T23:45+0000",
          "moonPhaseDate" : "2019-08-23T14:56+0000",
          "age" : 24,
          "sign" : "gemini",
          "timeZone" : 1,
          "moonPhase" : "phase4",
          "signDate" : "2019-08-21T04:36+0000"
        },
        {
          "date" : "2019-08-25T00:35+0000",
          "moonPhaseDate" : "2019-08-23T14:56+0000",
          "age" : 25,
          "sign" : "cancer",
          "timeZone" : 1,
          "moonPhase" : "phase4",
          "signDate" : "2019-08-25T21:05+0000"
        },
        {
          "date" : "2019-08-26T01:31+0000",
          "moonPhaseDate" : "2019-08-23T14:56+0000",
          "age" : 26,
          "sign" : "cancer",
          "timeZone" : 1,
          "moonPhase" : "phase4",
          "signDate" : "2019-08-25T21:05+0000"
        },
        {
          "date" : "2019-08-27T02:30+0000",
          "moonPhaseDate" : "2019-08-23T14:56+0000",
          "age" : 27,
          "sign" : "cancer",
          "timeZone" : 1,
          "moonPhase" : "phase4",
          "signDate" : "2019-08-25T21:05+0000"
        },
        {
          "date" : "2019-08-28T03:31+0000",
          "moonPhaseDate" : "2019-08-23T14:56+0000",
          "age" : 28,
          "sign" : "leo",
          "timeZone" : 1,
          "moonPhase" : "phase4",
          "signDate" : "2019-08-27T23:51+0000"
        },
        {
          "date" : "2019-08-29T04:34+0000",
          "moonPhaseDate" : "2019-08-23T14:56+0000",
          "age" : 29,
          "sign" : "leo",
          "timeZone" : 1,
          "moonPhase" : "phase4",
          "signDate" : "2019-08-27T23:51+0000"
        },
        {
          "date" : "2019-08-30T05:35+0000",
          "moonPhaseDate" : "2019-08-30T10:37+0000",
          "age" : 30,
          "sign" : "virgo",
          "timeZone" : 1,
          "moonPhase" : "newMoon",
          "signDate" : "2019-08-29T23:57+0000"
        },
        {
          "date" : "2019-08-30T10:37+0000",
          "moonPhaseDate" : "2019-08-30T10:37+0000",
          "age" : 1,
          "sign" : "virgo",
          "timeZone" : 1,
          "moonPhase" : "newMoon",
          "signDate" : "2019-08-29T23:57+0000"
        },
        {
          "date" : "2019-08-31T06:35+0000",
          "moonPhaseDate" : "2019-08-30T10:37+0000",
          "age" : 2,
          "sign" : "virgo",
          "timeZone" : 1,
          "moonPhase" : "phase1",
          "signDate" : "2019-08-29T23:57+0000"
        },
        {
          "date" : "2019-09-01T07:32+0000",
          "moonPhaseDate" : null,
          "age" : 3,
          "sign" : "libra",
          "timeZone" : 1,
          "moonPhase" : "phase1",
          "signDate" : "2019-08-31T23:12+0000"
        },
        {
          "date" : "2019-09-02T08:28+0000",
          "moonPhaseDate" : null,
          "age" : 4,
          "sign" : "libra",
          "timeZone" : 1,
          "moonPhase" : "phase1",
          "signDate" : "2019-08-31T23:12+0000"
        },
        {
          "date" : "2019-09-03T09:22+0000",
          "moonPhaseDate" : null,
          "age" : 5,
          "sign" : "scorpio",
          "timeZone" : 1,
          "moonPhase" : "phase1",
          "signDate" : "2019-09-02T23:38+0000"
        },
        {
          "date" : "2019-09-04T10:16+0000",
          "moonPhaseDate" : null,
          "age" : 6,
          "sign" : "scorpio",
          "timeZone" : 1,
          "moonPhase" : "phase1",
          "signDate" : "2019-09-02T23:38+0000"
        },
        {
          "date" : "2019-09-05T11:10+0000",
          "moonPhaseDate" : null,
          "age" : 7,
          "sign" : "sagittarius",
          "timeZone" : 1,
          "moonPhase" : "phase1",
          "signDate" : "2019-09-05T03:06+0000"
        },
        {
          "date" : "2019-09-06T12:04+0000",
          "moonPhaseDate" : "2019-09-06T03:10+0000",
          "age" : 8,
          "sign" : "sagittarius",
          "timeZone" : 1,
          "moonPhase" : "phase2",
          "signDate" : "2019-09-05T03:06+0000"
        },
        {
          "date" : "2019-09-07T12:57+0000",
          "moonPhaseDate" : "2019-09-06T03:10+0000",
          "age" : 9,
          "sign" : "capricorn",
          "timeZone" : 1,
          "moonPhase" : "phase2",
          "signDate" : "2019-09-07T10:35+0000"
        },
        {
          "date" : "2019-09-08T13:49+0000",
          "moonPhaseDate" : "2019-09-06T03:10+0000",
          "age" : 10,
          "sign" : "capricorn",
          "timeZone" : 1,
          "moonPhase" : "phase2",
          "signDate" : "2019-09-07T10:35+0000"
        },
        {
          "date" : "2019-09-09T14:39+0000",
          "moonPhaseDate" : "2019-09-06T03:10+0000",
          "age" : 11,
          "sign" : "aquarius",
          "timeZone" : 1,
          "moonPhase" : "phase2",
          "signDate" : "2019-09-09T21:25+0000"
        },
        {
          "date" : "2019-09-10T15:26+0000",
          "moonPhaseDate" : "2019-09-06T03:10+0000",
          "age" : 12,
          "sign" : "aquarius",
          "timeZone" : 1,
          "moonPhase" : "phase2",
          "signDate" : "2019-09-09T21:25+0000"
        },
        {
          "date" : "2019-09-11T16:11+0000",
          "moonPhaseDate" : "2019-09-06T03:10+0000",
          "age" : 13,
          "sign" : "aquarius",
          "timeZone" : 1,
          "moonPhase" : "phase2",
          "signDate" : "2019-09-09T21:25+0000"
        },
        {
          "date" : "2019-09-12T16:54+0000",
          "moonPhaseDate" : "2019-09-06T03:10+0000",
          "age" : 14,
          "sign" : "pisces",
          "timeZone" : 1,
          "moonPhase" : "phase2",
          "signDate" : "2019-09-12T09:53+0000"
        },
        {
          "date" : "2019-09-13T17:35+0000",
          "moonPhaseDate" : "2019-09-06T03:10+0000",
          "age" : 15,
          "sign" : "pisces",
          "timeZone" : 1,
          "moonPhase" : "phase2",
          "signDate" : "2019-09-12T09:53+0000"
        },
        {
          "date" : "2019-09-14T18:15+0000",
          "moonPhaseDate" : "2019-09-14T04:33+0000",
          "age" : 16,
          "sign" : "aries",
          "timeZone" : 1,
          "moonPhase" : "fullMoon",
          "signDate" : "2019-09-14T22:32+0000"
        },
        {
          "date" : "2019-09-15T18:54+0000",
          "moonPhaseDate" : "2019-09-14T04:33+0000",
          "age" : 17,
          "sign" : "aries",
          "timeZone" : 1,
          "moonPhase" : "phase3",
          "signDate" : "2019-09-14T22:32+0000"
        },
        {
          "date" : "2019-09-16T19:33+0000",
          "moonPhaseDate" : "2019-09-14T04:33+0000",
          "age" : 18,
          "sign" : "aries",
          "timeZone" : 1,
          "moonPhase" : "phase3",
          "signDate" : "2019-09-14T22:32+0000"
        },
        {
          "date" : "2019-09-17T20:13+0000",
          "moonPhaseDate" : "2019-09-14T04:33+0000",
          "age" : 19,
          "sign" : "taurus",
          "timeZone" : 1,
          "moonPhase" : "phase3",
          "signDate" : "2019-09-17T10:30+0000"
        },
        {
          "date" : "2019-09-18T20:56+0000",
          "moonPhaseDate" : "2019-09-14T04:33+0000",
          "age" : 20,
          "sign" : "taurus",
          "timeZone" : 1,
          "moonPhase" : "phase3",
          "signDate" : "2019-09-17T10:30+0000"
        },
        {
          "date" : "2019-09-19T21:40+0000",
          "moonPhaseDate" : "2019-09-14T04:33+0000",
          "age" : 21,
          "sign" : "gemini",
          "timeZone" : 1,
          "moonPhase" : "phase3",
          "signDate" : "2019-09-19T20:58+0000"
        },
        {
          "date" : "2019-09-20T22:29+0000",
          "moonPhaseDate" : "2019-09-14T04:33+0000",
          "age" : 22,
          "sign" : "gemini",
          "timeZone" : 1,
          "moonPhase" : "phase3",
          "signDate" : "2019-09-19T20:58+0000"
        },
        {
          "date" : "2019-09-21T23:21+0000",
          "moonPhaseDate" : "2019-09-22T02:41+0000",
          "age" : 23,
          "sign" : "cancer",
          "timeZone" : 1,
          "moonPhase" : "phase4",
          "signDate" : "2019-09-22T04:52+0000"
        },
        {
          "date" : "2019-09-23T00:16+0000",
          "moonPhaseDate" : "2019-09-22T02:41+0000",
          "age" : 24,
          "sign" : "cancer",
          "timeZone" : 1,
          "moonPhase" : "phase4",
          "signDate" : "2019-09-22T04:52+0000"
        },
        {
          "date" : "2019-09-24T01:15+0000",
          "moonPhaseDate" : "2019-09-22T02:41+0000",
          "age" : 25,
          "sign" : "leo",
          "timeZone" : 1,
          "moonPhase" : "phase4",
          "signDate" : "2019-09-24T09:19+0000"
        },
        {
          "date" : "2019-09-25T02:15+0000",
          "moonPhaseDate" : "2019-09-22T02:41+0000",
          "age" : 26,
          "sign" : "leo",
          "timeZone" : 1,
          "moonPhase" : "phase4",
          "signDate" : "2019-09-24T09:19+0000"
        },
        {
          "date" : "2019-09-26T03:16+0000",
          "moonPhaseDate" : "2019-09-22T02:41+0000",
          "age" : 27,
          "sign" : "virgo",
          "timeZone" : 1,
          "moonPhase" : "phase4",
          "signDate" : "2019-09-26T10:35+0000"
        },
        {
          "date" : "2019-09-27T04:15+0000",
          "moonPhaseDate" : "2019-09-22T02:41+0000",
          "age" : 28,
          "sign" : "virgo",
          "timeZone" : 1,
          "moonPhase" : "phase4",
          "signDate" : "2019-09-26T10:35+0000"
        },
        {
          "date" : "2019-09-28T05:13+0000",
          "moonPhaseDate" : "2019-09-28T18:26+0000",
          "age" : 29,
          "sign" : "libra",
          "timeZone" : 1,
          "moonPhase" : "newMoon",
          "signDate" : "2019-09-28T10:04+0000"
        },
        {
          "date" : "2019-09-28T18:26+0000",
          "moonPhaseDate" : "2019-09-28T18:26+0000",
          "age" : 1,
          "sign" : "libra",
          "timeZone" : 1,
          "moonPhase" : "newMoon",
          "signDate" : "2019-09-28T10:04+0000"
        },
        {
          "date" : "2019-09-29T06:10+0000",
          "moonPhaseDate" : "2019-09-28T18:26+0000",
          "age" : 2,
          "sign" : "libra",
          "timeZone" : 1,
          "moonPhase" : "phase1",
          "signDate" : "2019-09-28T10:04+0000"
        },
        {
          "date" : "2019-09-30T07:07+0000",
          "moonPhaseDate" : "2019-09-28T18:26+0000",
          "age" : 3,
          "sign" : "scorpio",
          "timeZone" : 1,
          "moonPhase" : "phase1",
          "signDate" : "2019-09-30T09:45+0000"
        },
        {
          "date" : "2019-10-01T08:03+0000",
          "moonPhaseDate" : null,
          "age" : 4,
          "sign" : "scorpio",
          "timeZone" : 1,
          "moonPhase" : "phase1",
          "signDate" : "2019-09-30T09:45+0000"
        },
        {
          "date" : "2019-10-02T08:59+0000",
          "moonPhaseDate" : null,
          "age" : 5,
          "sign" : "sagittarius",
          "timeZone" : 1,
          "moonPhase" : "phase1",
          "signDate" : "2019-10-02T11:45+0000"
        },
        {
          "date" : "2019-10-03T09:54+0000",
          "moonPhaseDate" : null,
          "age" : 6,
          "sign" : "sagittarius",
          "timeZone" : 1,
          "moonPhase" : "phase1",
          "signDate" : "2019-10-02T11:45+0000"
        },
        {
          "date" : "2019-10-04T10:49+0000",
          "moonPhaseDate" : null,
          "age" : 7,
          "sign" : "capricorn",
          "timeZone" : 1,
          "moonPhase" : "phase1",
          "signDate" : "2019-10-04T17:41+0000"
        },
        {
          "date" : "2019-10-05T11:43+0000",
          "moonPhaseDate" : "2019-10-05T16:47+0000",
          "age" : 8,
          "sign" : "capricorn",
          "timeZone" : 1,
          "moonPhase" : "phase2",
          "signDate" : "2019-10-04T17:41+0000"
        },
        {
          "date" : "2019-10-06T12:35+0000",
          "moonPhaseDate" : "2019-10-05T16:47+0000",
          "age" : 9,
          "sign" : "capricorn",
          "timeZone" : 1,
          "moonPhase" : "phase2",
          "signDate" : "2019-10-04T17:41+0000"
        },
        {
          "date" : "2019-10-07T13:23+0000",
          "moonPhaseDate" : "2019-10-05T16:47+0000",
          "age" : 10,
          "sign" : "aquarius",
          "timeZone" : 1,
          "moonPhase" : "phase2",
          "signDate" : "2019-10-07T03:43+0000"
        },
        {
          "date" : "2019-10-08T14:09+0000",
          "moonPhaseDate" : "2019-10-05T16:47+0000",
          "age" : 11,
          "sign" : "aquarius",
          "timeZone" : 1,
          "moonPhase" : "phase2",
          "signDate" : "2019-10-07T03:43+0000"
        },
        {
          "date" : "2019-10-09T14:53+0000",
          "moonPhaseDate" : "2019-10-05T16:47+0000",
          "age" : 12,
          "sign" : "pisces",
          "timeZone" : 1,
          "moonPhase" : "phase2",
          "signDate" : "2019-10-09T16:08+0000"
        },
        {
          "date" : "2019-10-10T15:34+0000",
          "moonPhaseDate" : "2019-10-05T16:47+0000",
          "age" : 13,
          "sign" : "pisces",
          "timeZone" : 1,
          "moonPhase" : "phase2",
          "signDate" : "2019-10-09T16:08+0000"
        },
        {
          "date" : "2019-10-11T16:14+0000",
          "moonPhaseDate" : "2019-10-05T16:47+0000",
          "age" : 14,
          "sign" : "pisces",
          "timeZone" : 1,
          "moonPhase" : "phase2",
          "signDate" : "2019-10-09T16:08+0000"
        },
        {
          "date" : "2019-10-12T16:54+0000",
          "moonPhaseDate" : "2019-10-05T16:47+0000",
          "age" : 15,
          "sign" : "aries",
          "timeZone" : 1,
          "moonPhase" : "phase2",
          "signDate" : "2019-10-12T04:46+0000"
        },
        {
          "date" : "2019-10-13T17:33+0000",
          "moonPhaseDate" : "2019-10-13T21:08+0000",
          "age" : 16,
          "sign" : "aries",
          "timeZone" : 1,
          "moonPhase" : "fullMoon",
          "signDate" : "2019-10-12T04:46+0000"
        },
        {
          "date" : "2019-10-14T18:13+0000",
          "moonPhaseDate" : "2019-10-13T21:08+0000",
          "age" : 17,
          "sign" : "taurus",
          "timeZone" : 1,
          "moonPhase" : "phase3",
          "signDate" : "2019-10-14T16:23+0000"
        },
        {
          "date" : "2019-10-15T18:55+0000",
          "moonPhaseDate" : "2019-10-13T21:08+0000",
          "age" : 18,
          "sign" : "taurus",
          "timeZone" : 1,
          "moonPhase" : "phase3",
          "signDate" : "2019-10-14T16:23+0000"
        },
        {
          "date" : "2019-10-16T19:39+0000",
          "moonPhaseDate" : "2019-10-13T21:08+0000",
          "age" : 19,
          "sign" : "taurus",
          "timeZone" : 1,
          "moonPhase" : "phase3",
          "signDate" : "2019-10-14T16:23+0000"
        },
        {
          "date" : "2019-10-17T20:26+0000",
          "moonPhaseDate" : "2019-10-13T21:08+0000",
          "age" : 20,
          "sign" : "gemini",
          "timeZone" : 1,
          "moonPhase" : "phase3",
          "signDate" : "2019-10-17T02:29+0000"
        },
        {
          "date" : "2019-10-18T21:16+0000",
          "moonPhaseDate" : "2019-10-13T21:08+0000",
          "age" : 21,
          "sign" : "gemini",
          "timeZone" : 1,
          "moonPhase" : "phase3",
          "signDate" : "2019-10-17T02:29+0000"
        },
        {
          "date" : "2019-10-19T22:10+0000",
          "moonPhaseDate" : "2019-10-13T21:08+0000",
          "age" : 22,
          "sign" : "cancer",
          "timeZone" : 1,
          "moonPhase" : "phase3",
          "signDate" : "2019-10-19T10:42+0000"
        },
        {
          "date" : "2019-10-20T23:07+0000",
          "moonPhaseDate" : "2019-10-21T12:39+0000",
          "age" : 23,
          "sign" : "leo",
          "timeZone" : 1,
          "moonPhase" : "phase4",
          "signDate" : "2019-10-21T16:30+0000"
        },
        {
          "date" : "2019-10-22T00:05+0000",
          "moonPhaseDate" : "2019-10-21T12:39+0000",
          "age" : 24,
          "sign" : "leo",
          "timeZone" : 1,
          "moonPhase" : "phase4",
          "signDate" : "2019-10-21T16:30+0000"
        },
        {
          "date" : "2019-10-23T01:03+0000",
          "moonPhaseDate" : "2019-10-21T12:39+0000",
          "age" : 25,
          "sign" : "virgo",
          "timeZone" : 1,
          "moonPhase" : "phase4",
          "signDate" : "2019-10-23T19:30+0000"
        },
        {
          "date" : "2019-10-24T02:01+0000",
          "moonPhaseDate" : "2019-10-21T12:39+0000",
          "age" : 26,
          "sign" : "virgo",
          "timeZone" : 1,
          "moonPhase" : "phase4",
          "signDate" : "2019-10-23T19:30+0000"
        },
        {
          "date" : "2019-10-25T02:57+0000",
          "moonPhaseDate" : "2019-10-21T12:39+0000",
          "age" : 27,
          "sign" : "libra",
          "timeZone" : 1,
          "moonPhase" : "phase4",
          "signDate" : "2019-10-25T20:20+0000"
        },
        {
          "date" : "2019-10-26T03:53+0000",
          "moonPhaseDate" : "2019-10-21T12:39+0000",
          "age" : 28,
          "sign" : "libra",
          "timeZone" : 1,
          "moonPhase" : "phase4",
          "signDate" : "2019-10-25T20:20+0000"
        },
        {
          "date" : "2019-10-27T04:49+0000",
          "moonPhaseDate" : "2019-10-21T12:39+0000",
          "age" : 29,
          "sign" : "scorpio",
          "timeZone" : 1,
          "moonPhase" : "phase4",
          "signDate" : "2019-10-27T20:31+0000"
        },
        {
          "date" : "2019-10-28T03:38+0000",
          "moonPhaseDate" : "2019-10-28T03:38+0000",
          "age" : 1,
          "sign" : "scorpio",
          "timeZone" : 1,
          "moonPhase" : "newMoon",
          "signDate" : "2019-10-27T20:31+0000"
        },
        {
          "date" : "2019-10-28T05:45+0000",
          "moonPhaseDate" : "2019-10-28T03:38+0000",
          "age" : 2,
          "sign" : "scorpio",
          "timeZone" : 1,
          "moonPhase" : "newMoon",
          "signDate" : "2019-10-27T20:31+0000"
        },
        {
          "date" : "2019-10-29T06:42+0000",
          "moonPhaseDate" : "2019-10-28T03:38+0000",
          "age" : 3,
          "sign" : "sagittarius",
          "timeZone" : 1,
          "moonPhase" : "phase1",
          "signDate" : "2019-10-29T22:00+0000"
        },
        {
          "date" : "2019-10-30T07:39+0000",
          "moonPhaseDate" : "2019-10-28T03:38+0000",
          "age" : 4,
          "sign" : "sagittarius",
          "timeZone" : 1,
          "moonPhase" : "phase1",
          "signDate" : "2019-10-29T22:00+0000"
        },
        {
          "date" : "2019-10-31T08:36+0000",
          "moonPhaseDate" : "2019-10-28T03:38+0000",
          "age" : 5,
          "sign" : "sagittarius",
          "timeZone" : 1,
          "moonPhase" : "phase1",
          "signDate" : "2019-10-29T22:00+0000"
        },
        {
          "date" : "2019-11-01T09:32+0000",
          "moonPhaseDate" : null,
          "age" : 6,
          "sign" : "capricorn",
          "timeZone" : 1,
          "moonPhase" : "phase1",
          "signDate" : "2019-11-01T02:38+0000"
        },
        {
          "date" : "2019-11-02T10:26+0000",
          "moonPhaseDate" : null,
          "age" : 7,
          "sign" : "capricorn",
          "timeZone" : 1,
          "moonPhase" : "phase1",
          "signDate" : "2019-11-01T02:38+0000"
        },
        {
          "date" : "2019-11-03T11:17+0000",
          "moonPhaseDate" : null,
          "age" : 8,
          "sign" : "aquarius",
          "timeZone" : 1,
          "moonPhase" : "phase1",
          "signDate" : "2019-11-03T11:21+0000"
        },
        {
          "date" : "2019-11-04T12:05+0000",
          "moonPhaseDate" : "2019-11-04T10:23+0000",
          "age" : 9,
          "sign" : "aquarius",
          "timeZone" : 1,
          "moonPhase" : "phase2",
          "signDate" : "2019-11-03T11:21+0000"
        },
        {
          "date" : "2019-11-05T12:49+0000",
          "moonPhaseDate" : "2019-11-04T10:23+0000",
          "age" : 10,
          "sign" : "aquarius",
          "timeZone" : 1,
          "moonPhase" : "phase2",
          "signDate" : "2019-11-03T11:21+0000"
        },
        {
          "date" : "2019-11-06T13:32+0000",
          "moonPhaseDate" : "2019-11-04T10:23+0000",
          "age" : 11,
          "sign" : "pisces",
          "timeZone" : 1,
          "moonPhase" : "phase2",
          "signDate" : "2019-11-05T23:11+0000"
        },
        {
          "date" : "2019-11-07T14:13+0000",
          "moonPhaseDate" : "2019-11-04T10:23+0000",
          "age" : 12,
          "sign" : "pisces",
          "timeZone" : 1,
          "moonPhase" : "phase2",
          "signDate" : "2019-11-05T23:11+0000"
        },
        {
          "date" : "2019-11-08T14:52+0000",
          "moonPhaseDate" : "2019-11-04T10:23+0000",
          "age" : 13,
          "sign" : "aries",
          "timeZone" : 1,
          "moonPhase" : "phase2",
          "signDate" : "2019-11-08T11:50+0000"
        },
        {
          "date" : "2019-11-09T15:31+0000",
          "moonPhaseDate" : "2019-11-04T10:23+0000",
          "age" : 14,
          "sign" : "aries",
          "timeZone" : 1,
          "moonPhase" : "phase2",
          "signDate" : "2019-11-08T11:50+0000"
        },
        {
          "date" : "2019-11-10T16:11+0000",
          "moonPhaseDate" : "2019-11-04T10:23+0000",
          "age" : 15,
          "sign" : "aries",
          "timeZone" : 1,
          "moonPhase" : "phase2",
          "signDate" : "2019-11-08T11:50+0000"
        },
        {
          "date" : "2019-11-11T16:52+0000",
          "moonPhaseDate" : "2019-11-04T10:23+0000",
          "age" : 16,
          "sign" : "taurus",
          "timeZone" : 1,
          "moonPhase" : "phase2",
          "signDate" : "2019-11-10T23:19+0000"
        },
        {
          "date" : "2019-11-12T17:36+0000",
          "moonPhaseDate" : "2019-11-12T13:35+0000",
          "age" : 17,
          "sign" : "taurus",
          "timeZone" : 1,
          "moonPhase" : "fullMoon",
          "signDate" : "2019-11-10T23:19+0000"
        },
        {
          "date" : "2019-11-13T18:22+0000",
          "moonPhaseDate" : "2019-11-12T13:35+0000",
          "age" : 18,
          "sign" : "gemini",
          "timeZone" : 1,
          "moonPhase" : "phase3",
          "signDate" : "2019-11-13T08:45+0000"
        },
        {
          "date" : "2019-11-14T19:13+0000",
          "moonPhaseDate" : "2019-11-12T13:35+0000",
          "age" : 19,
          "sign" : "gemini",
          "timeZone" : 1,
          "moonPhase" : "phase3",
          "signDate" : "2019-11-13T08:45+0000"
        },
        {
          "date" : "2019-11-15T20:06+0000",
          "moonPhaseDate" : "2019-11-12T13:35+0000",
          "age" : 20,
          "sign" : "cancer",
          "timeZone" : 1,
          "moonPhase" : "phase3",
          "signDate" : "2019-11-15T16:12+0000"
        },
        {
          "date" : "2019-11-16T21:02+0000",
          "moonPhaseDate" : "2019-11-12T13:35+0000",
          "age" : 21,
          "sign" : "cancer",
          "timeZone" : 1,
          "moonPhase" : "phase3",
          "signDate" : "2019-11-15T16:12+0000"
        },
        {
          "date" : "2019-11-17T22:00+0000",
          "moonPhaseDate" : "2019-11-12T13:35+0000",
          "age" : 22,
          "sign" : "leo",
          "timeZone" : 1,
          "moonPhase" : "phase3",
          "signDate" : "2019-11-17T21:54+0000"
        },
        {
          "date" : "2019-11-18T22:57+0000",
          "moonPhaseDate" : "2019-11-12T13:35+0000",
          "age" : 23,
          "sign" : "leo",
          "timeZone" : 1,
          "moonPhase" : "phase3",
          "signDate" : "2019-11-17T21:54+0000"
        },
        {
          "date" : "2019-11-19T23:54+0000",
          "moonPhaseDate" : "2019-11-19T21:11+0000",
          "age" : 24,
          "sign" : "virgo",
          "timeZone" : 1,
          "moonPhase" : "phase4",
          "signDate" : "2019-11-20T01:54+0000"
        },
        {
          "date" : "2019-11-21T00:49+0000",
          "moonPhaseDate" : "2019-11-19T21:11+0000",
          "age" : 25,
          "sign" : "virgo",
          "timeZone" : 1,
          "moonPhase" : "phase4",
          "signDate" : "2019-11-20T01:54+0000"
        },
        {
          "date" : "2019-11-22T01:43+0000",
          "moonPhaseDate" : "2019-11-19T21:11+0000",
          "age" : 26,
          "sign" : "libra",
          "timeZone" : 1,
          "moonPhase" : "phase4",
          "signDate" : "2019-11-22T04:22+0000"
        },
        {
          "date" : "2019-11-23T02:36+0000",
          "moonPhaseDate" : "2019-11-19T21:11+0000",
          "age" : 27,
          "sign" : "libra",
          "timeZone" : 1,
          "moonPhase" : "phase4",
          "signDate" : "2019-11-22T04:22+0000"
        },
        {
          "date" : "2019-11-24T03:30+0000",
          "moonPhaseDate" : "2019-11-19T21:11+0000",
          "age" : 28,
          "sign" : "scorpio",
          "timeZone" : 1,
          "moonPhase" : "phase4",
          "signDate" : "2019-11-24T06:01+0000"
        },
        {
          "date" : "2019-11-25T04:26+0000",
          "moonPhaseDate" : "2019-11-19T21:11+0000",
          "age" : 29,
          "sign" : "scorpio",
          "timeZone" : 1,
          "moonPhase" : "phase4",
          "signDate" : "2019-11-24T06:01+0000"
        },
        {
          "date" : "2019-11-26T05:22+0000",
          "moonPhaseDate" : "2019-11-26T15:06+0000",
          "age" : 30,
          "sign" : "sagittarius",
          "timeZone" : 1,
          "moonPhase" : "newMoon",
          "signDate" : "2019-11-26T08:12+0000"
        },
        {
          "date" : "2019-11-26T15:06+0000",
          "moonPhaseDate" : "2019-11-26T15:06+0000",
          "age" : 1,
          "sign" : "sagittarius",
          "timeZone" : 1,
          "moonPhase" : "newMoon",
          "signDate" : "2019-11-26T08:12+0000"
        },
        {
          "date" : "2019-11-27T06:19+0000",
          "moonPhaseDate" : "2019-11-26T15:06+0000",
          "age" : 2,
          "sign" : "sagittarius",
          "timeZone" : 1,
          "moonPhase" : "phase1",
          "signDate" : "2019-11-26T08:12+0000"
        },
        {
          "date" : "2019-11-28T07:17+0000",
          "moonPhaseDate" : "2019-11-26T15:06+0000",
          "age" : 3,
          "sign" : "capricorn",
          "timeZone" : 1,
          "moonPhase" : "phase1",
          "signDate" : "2019-11-28T12:32+0000"
        },
        {
          "date" : "2019-11-29T08:13+0000",
          "moonPhaseDate" : "2019-11-26T15:06+0000",
          "age" : 4,
          "sign" : "capricorn",
          "timeZone" : 1,
          "moonPhase" : "phase1",
          "signDate" : "2019-11-28T12:32+0000"
        },
        {
          "date" : "2019-11-30T09:07+0000",
          "moonPhaseDate" : "2019-11-26T15:06+0000",
          "age" : 5,
          "sign" : "aquarius",
          "timeZone" : 1,
          "moonPhase" : "phase1",
          "signDate" : "2019-11-30T20:15+0000"
        },
        {
          "date" : "2019-12-01T09:57+0000",
          "moonPhaseDate" : null,
          "age" : 6,
          "sign" : "aquarius",
          "timeZone" : 1,
          "moonPhase" : "phase1",
          "signDate" : "2019-11-30T20:15+0000"
        },
        {
          "date" : "2019-12-02T10:44+0000",
          "moonPhaseDate" : null,
          "age" : 7,
          "sign" : "aquarius",
          "timeZone" : 1,
          "moonPhase" : "phase1",
          "signDate" : "2019-11-30T20:15+0000"
        },
        {
          "date" : "2019-12-03T11:28+0000",
          "moonPhaseDate" : null,
          "age" : 8,
          "sign" : "pisces",
          "timeZone" : 1,
          "moonPhase" : "phase1",
          "signDate" : "2019-12-03T07:14+0000"
        },
        {
          "date" : "2019-12-04T12:09+0000",
          "moonPhaseDate" : "2019-12-04T06:58+0000",
          "age" : 9,
          "sign" : "pisces",
          "timeZone" : 1,
          "moonPhase" : "phase2",
          "signDate" : "2019-12-03T07:14+0000"
        },
        {
          "date" : "2019-12-05T12:49+0000",
          "moonPhaseDate" : "2019-12-04T06:58+0000",
          "age" : 10,
          "sign" : "aries",
          "timeZone" : 1,
          "moonPhase" : "phase2",
          "signDate" : "2019-12-05T19:46+0000"
        },
        {
          "date" : "2019-12-06T13:27+0000",
          "moonPhaseDate" : "2019-12-04T06:58+0000",
          "age" : 11,
          "sign" : "aries",
          "timeZone" : 1,
          "moonPhase" : "phase2",
          "signDate" : "2019-12-05T19:46+0000"
        },
        {
          "date" : "2019-12-07T14:06+0000",
          "moonPhaseDate" : "2019-12-04T06:58+0000",
          "age" : 12,
          "sign" : "aries",
          "timeZone" : 1,
          "moonPhase" : "phase2",
          "signDate" : "2019-12-05T19:46+0000"
        },
        {
          "date" : "2019-12-08T14:47+0000",
          "moonPhaseDate" : "2019-12-04T06:58+0000",
          "age" : 13,
          "sign" : "taurus",
          "timeZone" : 1,
          "moonPhase" : "phase2",
          "signDate" : "2019-12-08T07:31+0000"
        },
        {
          "date" : "2019-12-09T15:29+0000",
          "moonPhaseDate" : "2019-12-04T06:58+0000",
          "age" : 14,
          "sign" : "taurus",
          "timeZone" : 1,
          "moonPhase" : "phase2",
          "signDate" : "2019-12-08T07:31+0000"
        },
        {
          "date" : "2019-12-10T16:15+0000",
          "moonPhaseDate" : "2019-12-04T06:58+0000",
          "age" : 15,
          "sign" : "gemini",
          "timeZone" : 1,
          "moonPhase" : "phase2",
          "signDate" : "2019-12-10T16:49+0000"
        },
        {
          "date" : "2019-12-11T17:05+0000",
          "moonPhaseDate" : "2019-12-04T06:58+0000",
          "age" : 16,
          "sign" : "gemini",
          "timeZone" : 1,
          "moonPhase" : "phase2",
          "signDate" : "2019-12-10T16:49+0000"
        },
        {
          "date" : "2019-12-12T17:57+0000",
          "moonPhaseDate" : "2019-12-12T05:12+0000",
          "age" : 17,
          "sign" : "gemini",
          "timeZone" : 1,
          "moonPhase" : "fullMoon",
          "signDate" : "2019-12-10T16:49+0000"
        },
        {
          "date" : "2019-12-13T18:55+0000",
          "moonPhaseDate" : "2019-12-12T05:12+0000",
          "age" : 18,
          "sign" : "cancer",
          "timeZone" : 1,
          "moonPhase" : "phase3",
          "signDate" : "2019-12-12T23:24+0000"
        },
        {
          "date" : "2019-12-14T19:53+0000",
          "moonPhaseDate" : "2019-12-12T05:12+0000",
          "age" : 19,
          "sign" : "cancer",
          "timeZone" : 1,
          "moonPhase" : "phase3",
          "signDate" : "2019-12-12T23:24+0000"
        },
        {
          "date" : "2019-12-15T20:52+0000",
          "moonPhaseDate" : "2019-12-12T05:12+0000",
          "age" : 20,
          "sign" : "leo",
          "timeZone" : 1,
          "moonPhase" : "phase3",
          "signDate" : "2019-12-15T03:53+0000"
        },
        {
          "date" : "2019-12-16T21:50+0000",
          "moonPhaseDate" : "2019-12-12T05:12+0000",
          "age" : 21,
          "sign" : "leo",
          "timeZone" : 1,
          "moonPhase" : "phase3",
          "signDate" : "2019-12-15T03:53+0000"
        },
        {
          "date" : "2019-12-17T22:46+0000",
          "moonPhaseDate" : "2019-12-12T05:12+0000",
          "age" : 22,
          "sign" : "virgo",
          "timeZone" : 1,
          "moonPhase" : "phase3",
          "signDate" : "2019-12-17T07:13+0000"
        },
        {
          "date" : "2019-12-18T23:39+0000",
          "moonPhaseDate" : "2019-12-19T04:57+0000",
          "age" : 23,
          "sign" : "libra",
          "timeZone" : 1,
          "moonPhase" : "phase4",
          "signDate" : "2019-12-19T10:05+0000"
        },
        {
          "date" : "2019-12-20T00:32+0000",
          "moonPhaseDate" : "2019-12-19T04:57+0000",
          "age" : 24,
          "sign" : "libra",
          "timeZone" : 1,
          "moonPhase" : "phase4",
          "signDate" : "2019-12-19T10:05+0000"
        },
        {
          "date" : "2019-12-21T01:24+0000",
          "moonPhaseDate" : "2019-12-19T04:57+0000",
          "age" : 25,
          "sign" : "scorpio",
          "timeZone" : 1,
          "moonPhase" : "phase4",
          "signDate" : "2019-12-21T13:01+0000"
        },
        {
          "date" : "2019-12-22T02:17+0000",
          "moonPhaseDate" : "2019-12-19T04:57+0000",
          "age" : 26,
          "sign" : "scorpio",
          "timeZone" : 1,
          "moonPhase" : "phase4",
          "signDate" : "2019-12-21T13:01+0000"
        },
        {
          "date" : "2019-12-23T03:11+0000",
          "moonPhaseDate" : "2019-12-19T04:57+0000",
          "age" : 27,
          "sign" : "sagittarius",
          "timeZone" : 1,
          "moonPhase" : "phase4",
          "signDate" : "2019-12-23T16:37+0000"
        },
        {
          "date" : "2019-12-24T04:07+0000",
          "moonPhaseDate" : "2019-12-19T04:57+0000",
          "age" : 28,
          "sign" : "sagittarius",
          "timeZone" : 1,
          "moonPhase" : "phase4",
          "signDate" : "2019-12-23T16:37+0000"
        },
        {
          "date" : "2019-12-25T05:03+0000",
          "moonPhaseDate" : "2019-12-19T04:57+0000",
          "age" : 29,
          "sign" : "capricorn",
          "timeZone" : 1,
          "moonPhase" : "phase4",
          "signDate" : "2019-12-25T21:46+0000"
        },
        {
          "date" : "2019-12-26T05:13+0000",
          "moonPhaseDate" : "2019-12-26T05:13+0000",
          "age" : 1,
          "sign" : "capricorn",
          "timeZone" : 1,
          "moonPhase" : "newMoon",
          "signDate" : "2019-12-25T21:46+0000"
        },
        {
          "date" : "2019-12-26T05:59+0000",
          "moonPhaseDate" : "2019-12-26T05:13+0000",
          "age" : 2,
          "sign" : "capricorn",
          "timeZone" : 1,
          "moonPhase" : "newMoon",
          "signDate" : "2019-12-25T21:46+0000"
        },
        {
          "date" : "2019-12-27T06:54+0000",
          "moonPhaseDate" : "2019-12-26T05:13+0000",
          "age" : 3,
          "sign" : "capricorn",
          "timeZone" : 1,
          "moonPhase" : "phase1",
          "signDate" : "2019-12-25T21:46+0000"
        },
        {
          "date" : "2019-12-28T07:47+0000",
          "moonPhaseDate" : "2019-12-26T05:13+0000",
          "age" : 4,
          "sign" : "aquarius",
          "timeZone" : 1,
          "moonPhase" : "phase1",
          "signDate" : "2019-12-28T05:21+0000"
        },
        {
          "date" : "2019-12-29T08:36+0000",
          "moonPhaseDate" : "2019-12-26T05:13+0000",
          "age" : 5,
          "sign" : "aquarius",
          "timeZone" : 1,
          "moonPhase" : "phase1",
          "signDate" : "2019-12-28T05:21+0000"
        },
        {
          "date" : "2019-12-30T09:22+0000",
          "moonPhaseDate" : "2019-12-26T05:13+0000",
          "age" : 6,
          "sign" : "pisces",
          "timeZone" : 1,
          "moonPhase" : "phase1",
          "signDate" : "2019-12-30T15:43+0000"
        },
        {
          "date" : "2019-12-31T10:04+0000",
          "moonPhaseDate" : "2019-12-26T05:13+0000",
          "age" : 7,
          "sign" : "pisces",
          "timeZone" : 1,
          "moonPhase" : "phase1",
          "signDate" : "2019-12-30T15:43+0000"
        },
        {
          "date" : "2020-01-01T10:44+0000",
          "moonPhaseDate" : null,
          "age" : 8,
          "sign" : "pisces",
          "timeZone" : 1,
          "moonPhase" : "phase1",
          "signDate" : "2019-12-30T15:43+0000"
        },
        {
          "date" : "2020-01-02T11:23+0000",
          "moonPhaseDate" : null,
          "age" : 9,
          "sign" : "aries",
          "timeZone" : 1,
          "moonPhase" : "phase1",
          "signDate" : "2020-01-02T04:01+0000"
        },
        {
          "date" : "2020-01-03T12:02+0000",
          "moonPhaseDate" : "2020-01-03T04:45+0000",
          "age" : 10,
          "sign" : "aries",
          "timeZone" : 1,
          "moonPhase" : "phase2",
          "signDate" : "2020-01-02T04:01+0000"
        },
        {
          "date" : "2020-01-04T12:41+0000",
          "moonPhaseDate" : "2020-01-03T04:45+0000",
          "age" : 11,
          "sign" : "taurus",
          "timeZone" : 1,
          "moonPhase" : "phase2",
          "signDate" : "2020-01-04T16:15+0000"
        },
        {
          "date" : "2020-01-05T13:22+0000",
          "moonPhaseDate" : "2020-01-03T04:45+0000",
          "age" : 12,
          "sign" : "taurus",
          "timeZone" : 1,
          "moonPhase" : "phase2",
          "signDate" : "2020-01-04T16:15+0000"
        },
        {
          "date" : "2020-01-06T14:06+0000",
          "moonPhaseDate" : "2020-01-03T04:45+0000",
          "age" : 13,
          "sign" : "taurus",
          "timeZone" : 1,
          "moonPhase" : "phase2",
          "signDate" : "2020-01-04T16:15+0000"
        },
        {
          "date" : "2020-01-07T14:53+0000",
          "moonPhaseDate" : "2020-01-03T04:45+0000",
          "age" : 14,
          "sign" : "gemini",
          "timeZone" : 1,
          "moonPhase" : "phase2",
          "signDate" : "2020-01-07T02:13+0000"
        },
        {
          "date" : "2020-01-08T15:44+0000",
          "moonPhaseDate" : "2020-01-03T04:45+0000",
          "age" : 15,
          "sign" : "gemini",
          "timeZone" : 1,
          "moonPhase" : "phase2",
          "signDate" : "2020-01-07T02:13+0000"
        },
        {
          "date" : "2020-01-09T16:40+0000",
          "moonPhaseDate" : "2020-01-03T04:45+0000",
          "age" : 16,
          "sign" : "cancer",
          "timeZone" : 1,
          "moonPhase" : "phase2",
          "signDate" : "2020-01-09T08:45+0000"
        },
        {
          "date" : "2020-01-10T17:39+0000",
          "moonPhaseDate" : "2020-01-10T19:21+0000",
          "age" : 17,
          "sign" : "cancer",
          "timeZone" : 1,
          "moonPhase" : "fullMoon",
          "signDate" : "2020-01-09T08:45+0000"
        },
        {
          "date" : "2020-01-11T18:40+0000",
          "moonPhaseDate" : "2020-01-10T19:21+0000",
          "age" : 18,
          "sign" : "leo",
          "timeZone" : 1,
          "moonPhase" : "phase3",
          "signDate" : "2020-01-11T12:16+0000"
        },
        {
          "date" : "2020-01-12T19:40+0000",
          "moonPhaseDate" : "2020-01-10T19:21+0000",
          "age" : 19,
          "sign" : "leo",
          "timeZone" : 1,
          "moonPhase" : "phase3",
          "signDate" : "2020-01-11T12:16+0000"
        },
        {
          "date" : "2020-01-13T20:39+0000",
          "moonPhaseDate" : "2020-01-10T19:21+0000",
          "age" : 20,
          "sign" : "virgo",
          "timeZone" : 1,
          "moonPhase" : "phase3",
          "signDate" : "2020-01-13T14:05+0000"
        },
        {
          "date" : "2020-01-14T21:35+0000",
          "moonPhaseDate" : "2020-01-10T19:21+0000",
          "age" : 21,
          "sign" : "virgo",
          "timeZone" : 1,
          "moonPhase" : "phase3",
          "signDate" : "2020-01-13T14:05+0000"
        },
        {
          "date" : "2020-01-15T22:29+0000",
          "moonPhaseDate" : "2020-01-10T19:21+0000",
          "age" : 22,
          "sign" : "libra",
          "timeZone" : 1,
          "moonPhase" : "phase3",
          "signDate" : "2020-01-15T15:42+0000"
        },
        {
          "date" : "2020-01-16T23:22+0000",
          "moonPhaseDate" : "2020-01-17T12:58+0000",
          "age" : 23,
          "sign" : "scorpio",
          "timeZone" : 1,
          "moonPhase" : "phase4",
          "signDate" : "2020-01-17T18:21+0000"
        },
        {
          "date" : "2020-01-18T00:14+0000",
          "moonPhaseDate" : "2020-01-17T12:58+0000",
          "age" : 24,
          "sign" : "scorpio",
          "timeZone" : 1,
          "moonPhase" : "phase4",
          "signDate" : "2020-01-17T18:21+0000"
        },
        {
          "date" : "2020-01-19T01:07+0000",
          "moonPhaseDate" : "2020-01-17T12:58+0000",
          "age" : 25,
          "sign" : "sagittarius",
          "timeZone" : 1,
          "moonPhase" : "phase4",
          "signDate" : "2020-01-19T22:43+0000"
        },
        {
          "date" : "2020-01-20T02:01+0000",
          "moonPhaseDate" : "2020-01-17T12:58+0000",
          "age" : 26,
          "sign" : "sagittarius",
          "timeZone" : 1,
          "moonPhase" : "phase4",
          "signDate" : "2020-01-19T22:43+0000"
        },
        {
          "date" : "2020-01-21T02:55+0000",
          "moonPhaseDate" : "2020-01-17T12:58+0000",
          "age" : 27,
          "sign" : "sagittarius",
          "timeZone" : 1,
          "moonPhase" : "phase4",
          "signDate" : "2020-01-19T22:43+0000"
        },
        {
          "date" : "2020-01-22T03:51+0000",
          "moonPhaseDate" : "2020-01-17T12:58+0000",
          "age" : 28,
          "sign" : "capricorn",
          "timeZone" : 1,
          "moonPhase" : "phase4",
          "signDate" : "2020-01-22T05:02+0000"
        },
        {
          "date" : "2020-01-23T04:45+0000",
          "moonPhaseDate" : "2020-01-17T12:58+0000",
          "age" : 29,
          "sign" : "capricorn",
          "timeZone" : 1,
          "moonPhase" : "phase4",
          "signDate" : "2020-01-22T05:02+0000"
        },
        {
          "date" : "2020-01-24T05:38+0000",
          "moonPhaseDate" : "2020-01-24T21:42+0000",
          "age" : 30,
          "sign" : "aquarius",
          "timeZone" : 1,
          "moonPhase" : "newMoon",
          "signDate" : "2020-01-24T13:22+0000"
        },
        {
          "date" : "2020-01-24T21:42+0000",
          "moonPhaseDate" : "2020-01-24T21:42+0000",
          "age" : 1,
          "sign" : "aquarius",
          "timeZone" : 1,
          "moonPhase" : "newMoon",
          "signDate" : "2020-01-24T13:22+0000"
        },
        {
          "date" : "2020-01-25T06:28+0000",
          "moonPhaseDate" : "2020-01-24T21:42+0000",
          "age" : 2,
          "sign" : "aquarius",
          "timeZone" : 1,
          "moonPhase" : "phase1",
          "signDate" : "2020-01-24T13:22+0000"
        },
        {
          "date" : "2020-01-26T07:15+0000",
          "age" : 3,
          "timeZone" : 1,
          "moonPhase" : "phase1",
          "moonPhaseDate" : "2020-01-24T21:42+0000",
          "signDate" : "2020-01-24T13:22+0000",
          "sign" : "aquarius"
        },
        {
          "date" : "2020-01-27T07:59+0000",
          "age" : 4,
          "timeZone" : 1,
          "moonPhase" : "phase1",
          "moonPhaseDate" : "2020-01-24T21:42+0000",
          "signDate" : "2020-01-26T23:45+0000",
          "sign" : "pisces"
        },
        {
          "date" : "2020-01-28T08:41+0000",
          "age" : 5,
          "timeZone" : 1,
          "moonPhase" : "phase1",
          "moonPhaseDate" : "2020-01-24T21:42+0000",
          "signDate" : "2020-01-26T23:45+0000",
          "sign" : "pisces"
        },
        {
          "date" : "2020-01-29T09:20+0000",
          "age" : 6,
          "timeZone" : 1,
          "moonPhase" : "phase1",
          "moonPhaseDate" : "2020-01-24T21:42+0000",
          "signDate" : "2020-01-29T11:51+0000",
          "sign" : "aries"
        },
        {
          "date" : "2020-01-30T09:58+0000",
          "age" : 7,
          "timeZone" : 1,
          "moonPhase" : "phase1",
          "moonPhaseDate" : "2020-01-24T21:42+0000",
          "signDate" : "2020-01-29T11:51+0000",
          "sign" : "aries"
        },
        {
          "date" : "2020-01-31T10:37+0000",
          "age" : 8,
          "timeZone" : 1,
          "moonPhase" : "phase1",
          "moonPhaseDate" : "2020-01-24T21:42+0000",
          "signDate" : "2020-01-29T11:51+0000",
          "sign" : "aries"
        },
        {
          "date" : "2020-01-31T10:37+0000",
          "age" : 8,
          "timeZone" : 1,
          "moonPhase" : "phase1",
          "moonPhaseDate" : "2020-01-24T21:42+0000",
          "signDate" : "2020-01-29T11:51+0000",
          "sign" : "aries"
        }
      ],
      "cityName" : "Лагос",
      "timeZone" : 1
    }
  ]
}