{
  "countryName" : "Филиппины",
  "cities" : [
    {
      "moonDays" : [
        {
          "date" : "2019-04-30T19:09+0000",
          "sign" : "aries",
          "signDate" : "2019-05-01T10:23+0000",
          "age" : 26,
          "moonPhase" : null,
          "moonPhaseDate" : null,
          "timeZone" : 8
        },
        {
          "sign" : "aries",
          "date" : "2019-05-01T19:46+0000",
          "signDate" : "2019-05-01T10:23+0000",
          "age" : 27,
          "moonPhaseDate" : null,
          "moonPhase" : null,
          "timeZone" : 8
        },
        {
          "sign" : "aries",
          "signDate" : "2019-05-01T10:23+0000",
          "date" : "2019-05-02T20:24+0000",
          "age" : 28,
          "moonPhaseDate" : null,
          "moonPhase" : null,
          "timeZone" : 8
        },
        {
          "date" : "2019-05-03T21:03+0000",
          "signDate" : "2019-05-03T20:21+0000",
          "sign" : "taurus",
          "age" : 29,
          "moonPhaseDate" : null,
          "moonPhase" : null,
          "timeZone" : 8
        },
        {
          "date" : "2019-05-04T21:44+0000",
          "sign" : "taurus",
          "signDate" : "2019-05-03T20:21+0000",
          "age" : 30,
          "moonPhase" : "newMoon",
          "moonPhaseDate" : "2019-05-04T22:45+0000",
          "timeZone" : 8
        },
        {
          "sign" : "taurus",
          "date" : "2019-05-04T22:45+0000",
          "signDate" : "2019-05-03T20:21+0000",
          "age" : 1,
          "moonPhase" : "newMoon",
          "moonPhaseDate" : "2019-05-04T22:45+0000",
          "timeZone" : 8
        },
        {
          "sign" : "gemini",
          "date" : "2019-05-05T22:28+0000",
          "signDate" : "2019-05-06T03:42+0000",
          "age" : 2,
          "moonPhaseDate" : "2019-05-04T22:45+0000",
          "moonPhase" : "phase1",
          "timeZone" : 8
        },
        {
          "date" : "2019-05-06T23:17+0000",
          "sign" : "gemini",
          "signDate" : "2019-05-06T03:42+0000",
          "age" : 3,
          "moonPhaseDate" : "2019-05-04T22:45+0000",
          "moonPhase" : "phase1",
          "timeZone" : 8
        },
        {
          "sign" : "cancer",
          "date" : "2019-05-08T00:09+0000",
          "signDate" : "2019-05-08T09:05+0000",
          "age" : 4,
          "moonPhaseDate" : "2019-05-04T22:45+0000",
          "moonPhase" : "phase1",
          "timeZone" : 8
        },
        {
          "sign" : "cancer",
          "date" : "2019-05-09T01:05+0000",
          "signDate" : "2019-05-08T09:05+0000",
          "age" : 5,
          "moonPhaseDate" : "2019-05-04T22:45+0000",
          "moonPhase" : "phase1",
          "timeZone" : 8
        },
        {
          "date" : "2019-05-10T02:04+0000",
          "signDate" : "2019-05-10T13:12+0000",
          "sign" : "leo",
          "age" : 6,
          "moonPhaseDate" : "2019-05-04T22:45+0000",
          "moonPhase" : "phase1",
          "timeZone" : 8
        },
        {
          "date" : "2019-05-11T03:04+0000",
          "sign" : "leo",
          "signDate" : "2019-05-10T13:12+0000",
          "age" : 7,
          "moonPhaseDate" : "2019-05-04T22:45+0000",
          "moonPhase" : "phase1",
          "timeZone" : 8
        },
        {
          "date" : "2019-05-12T04:04+0000",
          "sign" : "leo",
          "signDate" : "2019-05-10T13:12+0000",
          "age" : 8,
          "moonPhase" : "phase2",
          "moonPhaseDate" : "2019-05-12T01:12+0000",
          "timeZone" : 8
        },
        {
          "date" : "2019-05-13T05:03+0000",
          "signDate" : "2019-05-12T16:23+0000",
          "sign" : "virgo",
          "age" : 9,
          "moonPhaseDate" : "2019-05-12T01:12+0000",
          "moonPhase" : "phase2",
          "timeZone" : 8
        },
        {
          "date" : "2019-05-14T06:01+0000",
          "signDate" : "2019-05-12T16:23+0000",
          "sign" : "virgo",
          "age" : 10,
          "moonPhaseDate" : "2019-05-12T01:12+0000",
          "moonPhase" : "phase2",
          "timeZone" : 8
        },
        {
          "sign" : "libra",
          "signDate" : "2019-05-14T18:53+0000",
          "date" : "2019-05-15T06:58+0000",
          "age" : 11,
          "moonPhaseDate" : "2019-05-12T01:12+0000",
          "moonPhase" : "phase2",
          "timeZone" : 8
        },
        {
          "date" : "2019-05-16T07:54+0000",
          "sign" : "libra",
          "signDate" : "2019-05-14T18:53+0000",
          "age" : 12,
          "moonPhase" : "phase2",
          "moonPhaseDate" : "2019-05-12T01:12+0000",
          "timeZone" : 8
        },
        {
          "date" : "2019-05-17T08:50+0000",
          "sign" : "scorpio",
          "signDate" : "2019-05-16T21:25+0000",
          "age" : 13,
          "moonPhaseDate" : "2019-05-12T01:12+0000",
          "moonPhase" : "phase2",
          "timeZone" : 8
        },
        {
          "date" : "2019-05-18T09:47+0000",
          "sign" : "scorpio",
          "signDate" : "2019-05-16T21:25+0000",
          "age" : 14,
          "moonPhaseDate" : "2019-05-12T01:12+0000",
          "moonPhase" : "phase2",
          "timeZone" : 8
        },
        {
          "date" : "2019-05-19T10:44+0000",
          "sign" : "sagittarius",
          "signDate" : "2019-05-19T01:19+0000",
          "age" : 15,
          "moonPhase" : "fullMoon",
          "moonPhaseDate" : "2019-05-18T21:11+0000",
          "timeZone" : 8
        },
        {
          "date" : "2019-05-20T11:40+0000",
          "sign" : "sagittarius",
          "signDate" : "2019-05-19T01:19+0000",
          "age" : 16,
          "moonPhaseDate" : "2019-05-18T21:11+0000",
          "moonPhase" : "phase3",
          "timeZone" : 8
        },
        {
          "sign" : "capricorn",
          "signDate" : "2019-05-21T07:56+0000",
          "date" : "2019-05-21T12:35+0000",
          "age" : 17,
          "moonPhaseDate" : "2019-05-18T21:11+0000",
          "moonPhase" : "phase3",
          "timeZone" : 8
        },
        {
          "date" : "2019-05-22T13:28+0000",
          "sign" : "capricorn",
          "signDate" : "2019-05-21T07:56+0000",
          "age" : 18,
          "moonPhaseDate" : "2019-05-18T21:11+0000",
          "moonPhase" : "phase3",
          "timeZone" : 8
        },
        {
          "date" : "2019-05-23T14:18+0000",
          "sign" : "capricorn",
          "signDate" : "2019-05-21T07:56+0000",
          "age" : 19,
          "moonPhase" : "phase3",
          "moonPhaseDate" : "2019-05-18T21:11+0000",
          "timeZone" : 8
        },
        {
          "date" : "2019-05-24T15:04+0000",
          "sign" : "aquarius",
          "signDate" : "2019-05-23T17:51+0000",
          "age" : 20,
          "moonPhaseDate" : "2019-05-18T21:11+0000",
          "moonPhase" : "phase3",
          "timeZone" : 8
        },
        {
          "sign" : "aquarius",
          "signDate" : "2019-05-23T17:51+0000",
          "date" : "2019-05-25T15:47+0000",
          "age" : 21,
          "moonPhaseDate" : "2019-05-18T21:11+0000",
          "moonPhase" : "phase3",
          "timeZone" : 8
        },
        {
          "date" : "2019-05-26T16:27+0000",
          "signDate" : "2019-05-23T17:51+0000",
          "sign" : "pisces",
          "age" : 22,
          "moonPhaseDate" : "2019-05-26T16:33+0000",
          "moonPhase" : "phase4",
          "timeZone" : 8
        },
        {
          "sign" : "pisces",
          "date" : "2019-05-27T17:06+0000",
          "signDate" : "2019-05-23T17:51+0000",
          "age" : 23,
          "moonPhaseDate" : "2019-05-26T16:33+0000",
          "moonPhase" : "phase4",
          "timeZone" : 8
        },
        {
          "date" : "2019-05-28T17:43+0000",
          "sign" : "aries",
          "signDate" : "2019-05-28T18:29+0000",
          "age" : 24,
          "moonPhaseDate" : "2019-05-26T16:33+0000",
          "moonPhase" : "phase4",
          "timeZone" : 8
        },
        {
          "date" : "2019-05-29T18:20+0000",
          "signDate" : "2019-05-28T18:29+0000",
          "sign" : "aries",
          "age" : 25,
          "moonPhaseDate" : "2019-05-26T16:33+0000",
          "moonPhase" : "phase4",
          "timeZone" : 8
        },
        {
          "date" : "2019-05-30T18:59+0000",
          "sign" : "taurus",
          "signDate" : "2019-05-31T04:44+0000",
          "age" : 26,
          "moonPhaseDate" : "2019-05-26T16:33+0000",
          "moonPhase" : "phase4",
          "timeZone" : 8
        },
        {
          "sign" : "taurus",
          "date" : "2019-05-31T19:39+0000",
          "signDate" : "2019-05-31T04:44+0000",
          "age" : 27,
          "moonPhase" : "phase4",
          "moonPhaseDate" : null,
          "timeZone" : 8
        },
        {
          "date" : "2019-06-01T20:22+0000",
          "sign" : "gemini",
          "signDate" : "2019-06-02T11:51+0000",
          "age" : 28,
          "moonPhaseDate" : null,
          "moonPhase" : "phase4",
          "timeZone" : 8
        },
        {
          "sign" : "gemini",
          "signDate" : "2019-06-02T11:51+0000",
          "date" : "2019-06-02T21:09+0000",
          "age" : 29,
          "moonPhaseDate" : "2019-06-03T10:02+0000",
          "moonPhase" : "newMoon",
          "timeZone" : 8
        },
        {
          "date" : "2019-06-03T10:02+0000",
          "sign" : "gemini",
          "signDate" : "2019-06-02T11:51+0000",
          "age" : 1,
          "moonPhaseDate" : "2019-06-03T10:02+0000",
          "moonPhase" : "newMoon",
          "timeZone" : 8
        },
        {
          "date" : "2019-06-03T22:00+0000",
          "sign" : "gemini",
          "signDate" : "2019-06-02T11:51+0000",
          "age" : 2,
          "moonPhaseDate" : "2019-06-03T10:02+0000",
          "moonPhase" : "phase1",
          "timeZone" : 8
        },
        {
          "date" : "2019-06-04T22:56+0000",
          "sign" : "cancer",
          "signDate" : "2019-06-04T16:18+0000",
          "age" : 3,
          "moonPhaseDate" : "2019-06-03T10:02+0000",
          "moonPhase" : "phase1",
          "timeZone" : 8
        },
        {
          "date" : "2019-06-05T23:56+0000",
          "signDate" : "2019-06-04T16:18+0000",
          "sign" : "cancer",
          "age" : 4,
          "moonPhaseDate" : "2019-06-03T10:02+0000",
          "moonPhase" : "phase1",
          "timeZone" : 8
        },
        {
          "sign" : "leo",
          "date" : "2019-06-07T00:57+0000",
          "signDate" : "2019-06-06T19:14+0000",
          "age" : 5,
          "moonPhase" : "phase1",
          "moonPhaseDate" : "2019-06-03T10:02+0000",
          "timeZone" : 8
        },
        {
          "sign" : "leo",
          "date" : "2019-06-08T01:58+0000",
          "signDate" : "2019-06-06T19:14+0000",
          "age" : 6,
          "moonPhase" : "phase1",
          "moonPhaseDate" : "2019-06-03T10:02+0000",
          "timeZone" : 8
        },
        {
          "date" : "2019-06-09T02:58+0000",
          "sign" : "virgo",
          "signDate" : "2019-06-08T21:43+0000",
          "age" : 7,
          "moonPhaseDate" : "2019-06-03T10:02+0000",
          "moonPhase" : "phase1",
          "timeZone" : 8
        },
        {
          "sign" : "virgo",
          "date" : "2019-06-10T03:56+0000",
          "signDate" : "2019-06-08T21:43+0000",
          "age" : 8,
          "moonPhaseDate" : "2019-06-10T05:59+0000",
          "moonPhase" : "phase2",
          "timeZone" : 8
        },
        {
          "sign" : "libra",
          "date" : "2019-06-11T04:53+0000",
          "signDate" : "2019-06-11T00:30+0000",
          "age" : 9,
          "moonPhaseDate" : "2019-06-10T05:59+0000",
          "moonPhase" : "phase2",
          "timeZone" : 8
        },
        {
          "date" : "2019-06-12T05:48+0000",
          "signDate" : "2019-06-11T00:30+0000",
          "sign" : "libra",
          "age" : 10,
          "moonPhaseDate" : "2019-06-10T05:59+0000",
          "moonPhase" : "phase2",
          "timeZone" : 8
        },
        {
          "sign" : "scorpio",
          "date" : "2019-06-13T06:42+0000",
          "signDate" : "2019-06-13T04:03+0000",
          "age" : 11,
          "moonPhaseDate" : "2019-06-10T05:59+0000",
          "moonPhase" : "phase2",
          "timeZone" : 8
        },
        {
          "sign" : "scorpio",
          "date" : "2019-06-14T07:38+0000",
          "signDate" : "2019-06-13T04:03+0000",
          "age" : 12,
          "moonPhaseDate" : "2019-06-10T05:59+0000",
          "moonPhase" : "phase2",
          "timeZone" : 8
        },
        {
          "sign" : "sagittarius",
          "date" : "2019-06-15T08:34+0000",
          "signDate" : "2019-06-15T09:01+0000",
          "age" : 13,
          "moonPhaseDate" : "2019-06-10T05:59+0000",
          "moonPhase" : "phase2",
          "timeZone" : 8
        },
        {
          "date" : "2019-06-16T09:29+0000",
          "sign" : "sagittarius",
          "signDate" : "2019-06-15T09:01+0000",
          "age" : 14,
          "moonPhase" : "phase2",
          "moonPhaseDate" : "2019-06-10T05:59+0000",
          "timeZone" : 8
        },
        {
          "date" : "2019-06-17T10:25+0000",
          "sign" : "sagittarius",
          "signDate" : "2019-06-15T09:01+0000",
          "age" : 15,
          "moonPhaseDate" : "2019-06-17T08:31+0000",
          "moonPhase" : "fullMoon",
          "timeZone" : 8
        },
        {
          "date" : "2019-06-18T11:19+0000",
          "sign" : "capricorn",
          "signDate" : "2019-06-17T16:11+0000",
          "age" : 16,
          "moonPhaseDate" : "2019-06-17T08:31+0000",
          "moonPhase" : "phase3",
          "timeZone" : 8
        },
        {
          "sign" : "capricorn",
          "date" : "2019-06-19T12:10+0000",
          "signDate" : "2019-06-17T16:11+0000",
          "age" : 17,
          "moonPhaseDate" : "2019-06-17T08:31+0000",
          "moonPhase" : "phase3",
          "timeZone" : 8
        },
        {
          "sign" : "aquarius",
          "signDate" : "2019-06-20T02:01+0000",
          "date" : "2019-06-20T12:58+0000",
          "age" : 18,
          "moonPhaseDate" : "2019-06-17T08:31+0000",
          "moonPhase" : "phase3",
          "timeZone" : 8
        },
        {
          "sign" : "aquarius",
          "signDate" : "2019-06-20T02:01+0000",
          "date" : "2019-06-21T13:42+0000",
          "age" : 19,
          "moonPhaseDate" : "2019-06-17T08:31+0000",
          "moonPhase" : "phase3",
          "timeZone" : 8
        },
        {
          "date" : "2019-06-22T14:24+0000",
          "sign" : "pisces",
          "signDate" : "2019-06-22T14:01+0000",
          "age" : 20,
          "moonPhase" : "phase3",
          "moonPhaseDate" : "2019-06-17T08:31+0000",
          "timeZone" : 8
        },
        {
          "sign" : "pisces",
          "signDate" : "2019-06-22T14:01+0000",
          "date" : "2019-06-23T15:03+0000",
          "age" : 21,
          "moonPhaseDate" : "2019-06-17T08:31+0000",
          "moonPhase" : "phase3",
          "timeZone" : 8
        },
        {
          "sign" : "pisces",
          "date" : "2019-06-24T15:41+0000",
          "signDate" : "2019-06-22T14:01+0000",
          "age" : 22,
          "moonPhaseDate" : "2019-06-17T08:31+0000",
          "moonPhase" : "phase3",
          "timeZone" : 8
        },
        {
          "sign" : "aries",
          "signDate" : "2019-06-22T14:01+0000",
          "date" : "2019-06-25T16:17+0000",
          "age" : 23,
          "moonPhaseDate" : "2019-06-25T09:46+0000",
          "moonPhase" : "phase4",
          "timeZone" : 8
        },
        {
          "sign" : "taurus",
          "date" : "2019-06-26T16:54+0000",
          "signDate" : "2019-06-27T13:30+0000",
          "age" : 24,
          "moonPhaseDate" : "2019-06-25T09:46+0000",
          "moonPhase" : "phase4",
          "timeZone" : 8
        },
        {
          "date" : "2019-06-27T17:33+0000",
          "sign" : "taurus",
          "signDate" : "2019-06-27T13:30+0000",
          "age" : 25,
          "moonPhaseDate" : "2019-06-25T09:46+0000",
          "moonPhase" : "phase4",
          "timeZone" : 8
        },
        {
          "date" : "2019-06-28T18:14+0000",
          "sign" : "taurus",
          "signDate" : "2019-06-27T13:30+0000",
          "age" : 26,
          "moonPhaseDate" : "2019-06-25T09:46+0000",
          "moonPhase" : "phase4",
          "timeZone" : 8
        },
        {
          "date" : "2019-06-29T18:58+0000",
          "signDate" : "2019-06-29T21:10+0000",
          "sign" : "gemini",
          "age" : 27,
          "moonPhaseDate" : "2019-06-25T09:46+0000",
          "moonPhase" : "phase4",
          "timeZone" : 8
        },
        {
          "date" : "2019-06-30T19:48+0000",
          "sign" : "gemini",
          "signDate" : "2019-06-29T21:10+0000",
          "age" : 28,
          "moonPhaseDate" : null,
          "moonPhase" : "phase4",
          "timeZone" : 8
        },
        {
          "sign" : "cancer",
          "signDate" : "2019-07-02T01:26+0000",
          "date" : "2019-07-01T20:41+0000",
          "age" : 29,
          "moonPhaseDate" : null,
          "moonPhase" : "phase4",
          "timeZone" : 8
        },
        {
          "date" : "2019-07-02T19:16+0000",
          "sign" : "cancer",
          "signDate" : "2019-07-02T01:26+0000",
          "age" : 1,
          "moonPhaseDate" : "2019-07-02T19:16+0000",
          "moonPhase" : "newMoon",
          "timeZone" : 8
        },
        {
          "date" : "2019-07-02T21:41+0000",
          "signDate" : "2019-07-02T01:26+0000",
          "sign" : "cancer",
          "age" : 2,
          "moonPhaseDate" : "2019-07-02T19:16+0000",
          "moonPhase" : "newMoon",
          "timeZone" : 8
        },
        {
          "date" : "2019-07-03T22:43+0000",
          "sign" : "leo",
          "signDate" : "2019-07-04T03:21+0000",
          "age" : 3,
          "moonPhaseDate" : "2019-07-02T19:16+0000",
          "moonPhase" : "phase1",
          "timeZone" : 8
        },
        {
          "moonPhaseDate" : "2019-07-02T19:16+0000",
          "signDate" : "2019-07-04T03:21+0000",
          "date" : "2019-07-04T23:47+0000",
          "moonPhase" : "phase1",
          "sign" : "leo",
          "timeZone" : 8,
          "age" : 4
        },
        {
          "moonPhaseDate" : "2019-07-02T19:16+0000",
          "signDate" : "2019-07-06T04:25+0000",
          "date" : "2019-07-06T00:49+0000",
          "moonPhase" : "phase1",
          "sign" : "virgo",
          "timeZone" : 8,
          "age" : 5
        },
        {
          "moonPhaseDate" : "2019-07-02T19:16+0000",
          "signDate" : "2019-07-06T04:25+0000",
          "date" : "2019-07-07T01:50+0000",
          "moonPhase" : "phase1",
          "sign" : "virgo",
          "timeZone" : 8,
          "age" : 6
        },
        {
          "moonPhaseDate" : "2019-07-02T19:16+0000",
          "signDate" : "2019-07-08T06:07+0000",
          "date" : "2019-07-08T02:48+0000",
          "moonPhase" : "phase1",
          "sign" : "libra",
          "timeZone" : 8,
          "age" : 7
        },
        {
          "moonPhaseDate" : "2019-07-09T10:55+0000",
          "signDate" : "2019-07-08T06:07+0000",
          "date" : "2019-07-09T03:44+0000",
          "moonPhase" : "phase2",
          "sign" : "libra",
          "timeZone" : 8,
          "age" : 8
        },
        {
          "moonPhaseDate" : "2019-07-09T10:55+0000",
          "signDate" : "2019-07-10T09:28+0000",
          "date" : "2019-07-10T04:39+0000",
          "moonPhase" : "phase2",
          "sign" : "scorpio",
          "timeZone" : 8,
          "age" : 9
        },
        {
          "moonPhaseDate" : "2019-07-09T10:55+0000",
          "signDate" : "2019-07-10T09:28+0000",
          "date" : "2019-07-11T05:34+0000",
          "moonPhase" : "phase2",
          "sign" : "scorpio",
          "timeZone" : 8,
          "age" : 10
        },
        {
          "moonPhaseDate" : "2019-07-09T10:55+0000",
          "signDate" : "2019-07-12T15:04+0000",
          "date" : "2019-07-12T06:28+0000",
          "moonPhase" : "phase2",
          "sign" : "sagittarius",
          "timeZone" : 8,
          "age" : 11
        },
        {
          "moonPhaseDate" : "2019-07-09T10:55+0000",
          "signDate" : "2019-07-12T15:04+0000",
          "date" : "2019-07-13T07:23+0000",
          "moonPhase" : "phase2",
          "sign" : "sagittarius",
          "timeZone" : 8,
          "age" : 12
        },
        {
          "moonPhaseDate" : "2019-07-09T10:55+0000",
          "signDate" : "2019-07-12T15:04+0000",
          "date" : "2019-07-14T08:18+0000",
          "moonPhase" : "phase2",
          "sign" : "sagittarius",
          "timeZone" : 8,
          "age" : 13
        },
        {
          "moonPhaseDate" : "2019-07-09T10:55+0000",
          "signDate" : "2019-07-14T23:03+0000",
          "date" : "2019-07-15T09:12+0000",
          "moonPhase" : "phase2",
          "sign" : "capricorn",
          "timeZone" : 8,
          "age" : 14
        },
        {
          "moonPhaseDate" : "2019-07-09T10:55+0000",
          "signDate" : "2019-07-14T23:03+0000",
          "date" : "2019-07-16T10:03+0000",
          "moonPhase" : "phase2",
          "sign" : "capricorn",
          "timeZone" : 8,
          "age" : 15
        },
        {
          "sign" : "aquarius",
          "signDate" : "2019-07-17T09:18+0000",
          "date" : "2019-07-17T10:52+0000",
          "age" : 16,
          "moonPhaseDate" : "2019-07-16T21:38+0000",
          "moonPhase" : "fullMoon",
          "timeZone" : 8
        },
        {
          "moonPhaseDate" : "2019-07-16T21:38+0000",
          "signDate" : "2019-07-17T09:18+0000",
          "date" : "2019-07-18T11:38+0000",
          "moonPhase" : "phase3",
          "sign" : "aquarius",
          "timeZone" : 8,
          "age" : 17
        },
        {
          "moonPhaseDate" : "2019-07-16T21:38+0000",
          "signDate" : "2019-07-17T09:18+0000",
          "date" : "2019-07-19T12:21+0000",
          "moonPhase" : "phase3",
          "sign" : "aquarius",
          "timeZone" : 8,
          "age" : 18
        },
        {
          "moonPhaseDate" : "2019-07-16T21:38+0000",
          "signDate" : "2019-07-19T21:19+0000",
          "date" : "2019-07-20T13:01+0000",
          "moonPhase" : "phase3",
          "sign" : "pisces",
          "timeZone" : 8,
          "age" : 19
        },
        {
          "moonPhaseDate" : "2019-07-16T21:38+0000",
          "signDate" : "2019-07-19T21:19+0000",
          "date" : "2019-07-21T13:39+0000",
          "moonPhase" : "phase3",
          "sign" : "pisces",
          "timeZone" : 8,
          "age" : 20
        },
        {
          "moonPhaseDate" : "2019-07-16T21:38+0000",
          "signDate" : "2019-07-22T10:01+0000",
          "date" : "2019-07-22T14:16+0000",
          "moonPhase" : "phase3",
          "sign" : "aries",
          "timeZone" : 8,
          "age" : 21
        },
        {
          "moonPhaseDate" : "2019-07-16T21:38+0000",
          "signDate" : "2019-07-22T10:01+0000",
          "date" : "2019-07-23T14:52+0000",
          "moonPhase" : "phase3",
          "sign" : "aries",
          "timeZone" : 8,
          "age" : 22
        },
        {
          "moonPhaseDate" : "2019-07-16T21:38+0000",
          "signDate" : "2019-07-22T10:01+0000",
          "date" : "2019-07-24T15:29+0000",
          "moonPhase" : "phase3",
          "sign" : "aries",
          "timeZone" : 8,
          "age" : 23
        },
        {
          "moonPhaseDate" : "2019-07-25T01:18+0000",
          "signDate" : "2019-07-22T10:01+0000",
          "date" : "2019-07-25T16:08+0000",
          "moonPhase" : "phase4",
          "sign" : "taurus",
          "timeZone" : 8,
          "age" : 24
        },
        {
          "moonPhaseDate" : "2019-07-25T01:18+0000",
          "signDate" : "2019-07-27T06:28+0000",
          "date" : "2019-07-26T16:50+0000",
          "moonPhase" : "phase4",
          "sign" : "gemini",
          "timeZone" : 8,
          "age" : 25
        },
        {
          "moonPhaseDate" : "2019-07-25T01:18+0000",
          "signDate" : "2019-07-27T06:28+0000",
          "date" : "2019-07-27T17:36+0000",
          "moonPhase" : "phase4",
          "sign" : "gemini",
          "timeZone" : 8,
          "age" : 26
        },
        {
          "moonPhaseDate" : "2019-07-25T01:18+0000",
          "signDate" : "2019-07-29T11:30+0000",
          "date" : "2019-07-28T18:27+0000",
          "moonPhase" : "phase4",
          "sign" : "cancer",
          "timeZone" : 8,
          "age" : 27
        },
        {
          "moonPhaseDate" : "2019-07-25T01:18+0000",
          "signDate" : "2019-07-29T11:30+0000",
          "date" : "2019-07-29T19:23+0000",
          "moonPhase" : "phase4",
          "sign" : "cancer",
          "timeZone" : 8,
          "age" : 28
        },
        {
          "moonPhaseDate" : "2019-07-25T01:18+0000",
          "signDate" : "2019-07-31T13:18+0000",
          "date" : "2019-07-30T20:24+0000",
          "moonPhase" : "phase4",
          "sign" : "leo",
          "timeZone" : 8,
          "age" : 29
        },
        {
          "moonPhaseDate" : "2019-08-01T03:12+0000",
          "signDate" : "2019-07-31T13:18+0000",
          "date" : "2019-07-31T21:28+0000",
          "moonPhase" : "newMoon",
          "sign" : "leo",
          "timeZone" : 8,
          "age" : 30
        },
        {
          "moonPhaseDate" : "2019-08-01T03:12+0000",
          "signDate" : "2019-07-31T13:18+0000",
          "date" : "2019-08-01T03:12+0000",
          "moonPhase" : "newMoon",
          "sign" : "leo",
          "timeZone" : 8,
          "age" : 1
        },
        {
          "moonPhaseDate" : "2019-08-01T03:12+0000",
          "signDate" : "2019-08-02T13:23+0000",
          "date" : "2019-08-01T22:33+0000",
          "moonPhase" : "phase1",
          "sign" : "virgo",
          "timeZone" : 8,
          "age" : 2
        },
        {
          "moonPhaseDate" : "2019-08-01T03:12+0000",
          "signDate" : "2019-08-02T13:23+0000",
          "date" : "2019-08-02T23:36+0000",
          "moonPhase" : "phase1",
          "sign" : "virgo",
          "timeZone" : 8,
          "age" : 3
        },
        {
          "moonPhaseDate" : "2019-08-01T03:12+0000",
          "signDate" : "2019-08-04T13:32+0000",
          "date" : "2019-08-04T00:37+0000",
          "moonPhase" : "phase1",
          "sign" : "libra",
          "timeZone" : 8,
          "age" : 4
        },
        {
          "moonPhaseDate" : "2019-08-01T03:12+0000",
          "signDate" : "2019-08-04T13:32+0000",
          "date" : "2019-08-05T01:36+0000",
          "moonPhase" : "phase1",
          "sign" : "libra",
          "timeZone" : 8,
          "age" : 5
        },
        {
          "moonPhaseDate" : "2019-08-01T03:12+0000",
          "signDate" : "2019-08-06T15:31+0000",
          "date" : "2019-08-06T02:33+0000",
          "moonPhase" : "phase1",
          "sign" : "scorpio",
          "timeZone" : 8,
          "age" : 6
        },
        {
          "moonPhaseDate" : "2019-08-01T03:12+0000",
          "signDate" : "2019-08-06T15:31+0000",
          "date" : "2019-08-07T03:28+0000",
          "moonPhase" : "phase1",
          "sign" : "scorpio",
          "timeZone" : 8,
          "age" : 7
        },
        {
          "moonPhaseDate" : "2019-08-07T17:31+0000",
          "signDate" : "2019-08-06T15:31+0000",
          "date" : "2019-08-08T04:24+0000",
          "moonPhase" : "phase2",
          "sign" : "scorpio",
          "timeZone" : 8,
          "age" : 8
        },
        {
          "moonPhaseDate" : "2019-08-07T17:31+0000",
          "signDate" : "2019-08-08T20:32+0000",
          "date" : "2019-08-09T05:19+0000",
          "moonPhase" : "phase2",
          "sign" : "sagittarius",
          "timeZone" : 8,
          "age" : 9
        },
        {
          "moonPhaseDate" : "2019-08-07T17:31+0000",
          "signDate" : "2019-08-08T20:32+0000",
          "date" : "2019-08-10T06:14+0000",
          "moonPhase" : "phase2",
          "sign" : "sagittarius",
          "timeZone" : 8,
          "age" : 10
        },
        {
          "moonPhaseDate" : "2019-08-07T17:31+0000",
          "signDate" : "2019-08-11T04:48+0000",
          "date" : "2019-08-11T07:07+0000",
          "moonPhase" : "phase2",
          "sign" : "capricorn",
          "timeZone" : 8,
          "age" : 11
        },
        {
          "moonPhaseDate" : "2019-08-07T17:31+0000",
          "signDate" : "2019-08-11T04:48+0000",
          "date" : "2019-08-12T07:59+0000",
          "moonPhase" : "phase2",
          "sign" : "capricorn",
          "timeZone" : 8,
          "age" : 12
        },
        {
          "moonPhaseDate" : "2019-08-07T17:31+0000",
          "signDate" : "2019-08-13T15:36+0000",
          "date" : "2019-08-13T08:49+0000",
          "moonPhase" : "phase2",
          "sign" : "aquarius",
          "timeZone" : 8,
          "age" : 13
        },
        {
          "moonPhaseDate" : "2019-08-07T17:31+0000",
          "signDate" : "2019-08-13T15:36+0000",
          "date" : "2019-08-14T09:35+0000",
          "moonPhase" : "phase2",
          "sign" : "aquarius",
          "timeZone" : 8,
          "age" : 14
        },
        {
          "moonPhaseDate" : "2019-08-15T12:29+0000",
          "signDate" : "2019-08-13T15:36+0000",
          "date" : "2019-08-15T10:18+0000",
          "moonPhase" : "fullMoon",
          "sign" : "aquarius",
          "timeZone" : 8,
          "age" : 15
        },
        {
          "moonPhaseDate" : "2019-08-15T12:29+0000",
          "signDate" : "2019-08-16T03:50+0000",
          "date" : "2019-08-16T11:00+0000",
          "moonPhase" : "phase3",
          "sign" : "pisces",
          "timeZone" : 8,
          "age" : 16
        },
        {
          "moonPhaseDate" : "2019-08-15T12:29+0000",
          "signDate" : "2019-08-16T03:50+0000",
          "date" : "2019-08-17T11:38+0000",
          "moonPhase" : "phase3",
          "sign" : "pisces",
          "timeZone" : 8,
          "age" : 17
        },
        {
          "moonPhaseDate" : "2019-08-15T12:29+0000",
          "signDate" : "2019-08-16T03:50+0000",
          "date" : "2019-08-18T12:15+0000",
          "moonPhase" : "phase3",
          "sign" : "pisces",
          "timeZone" : 8,
          "age" : 18
        },
        {
          "moonPhaseDate" : "2019-08-15T12:29+0000",
          "signDate" : "2019-08-18T16:32+0000",
          "date" : "2019-08-19T12:51+0000",
          "moonPhase" : "phase3",
          "sign" : "aries",
          "timeZone" : 8,
          "age" : 19
        },
        {
          "moonPhaseDate" : "2019-08-15T12:29+0000",
          "signDate" : "2019-08-18T16:32+0000",
          "date" : "2019-08-20T13:28+0000",
          "moonPhase" : "phase3",
          "sign" : "aries",
          "timeZone" : 8,
          "age" : 20
        },
        {
          "moonPhaseDate" : "2019-08-15T12:29+0000",
          "signDate" : "2019-08-21T04:36+0000",
          "date" : "2019-08-21T14:05+0000",
          "moonPhase" : "phase3",
          "sign" : "taurus",
          "timeZone" : 8,
          "age" : 21
        },
        {
          "moonPhaseDate" : "2019-08-15T12:29+0000",
          "signDate" : "2019-08-21T04:36+0000",
          "date" : "2019-08-22T14:45+0000",
          "moonPhase" : "phase3",
          "sign" : "taurus",
          "timeZone" : 8,
          "age" : 22
        },
        {
          "moonPhaseDate" : "2019-08-23T14:56+0000",
          "signDate" : "2019-08-23T14:34+0000",
          "date" : "2019-08-23T15:28+0000",
          "moonPhase" : "phase4",
          "sign" : "gemini",
          "timeZone" : 8,
          "age" : 23
        },
        {
          "moonPhaseDate" : "2019-08-23T14:56+0000",
          "signDate" : "2019-08-23T14:34+0000",
          "date" : "2019-08-24T16:15+0000",
          "moonPhase" : "phase4",
          "sign" : "gemini",
          "timeZone" : 8,
          "age" : 24
        },
        {
          "moonPhaseDate" : "2019-08-23T14:56+0000",
          "signDate" : "2019-08-25T21:05+0000",
          "date" : "2019-08-25T17:08+0000",
          "moonPhase" : "phase4",
          "sign" : "cancer",
          "timeZone" : 8,
          "age" : 25
        },
        {
          "moonPhaseDate" : "2019-08-23T14:56+0000",
          "signDate" : "2019-08-25T21:05+0000",
          "date" : "2019-08-26T18:05+0000",
          "moonPhase" : "phase4",
          "sign" : "cancer",
          "timeZone" : 8,
          "age" : 26
        },
        {
          "moonPhaseDate" : "2019-08-23T14:56+0000",
          "signDate" : "2019-08-27T23:51+0000",
          "date" : "2019-08-27T19:07+0000",
          "moonPhase" : "phase4",
          "sign" : "leo",
          "timeZone" : 8,
          "age" : 27
        },
        {
          "moonPhaseDate" : "2019-08-23T14:56+0000",
          "signDate" : "2019-08-27T23:51+0000",
          "date" : "2019-08-28T20:11+0000",
          "moonPhase" : "phase4",
          "sign" : "leo",
          "timeZone" : 8,
          "age" : 28
        },
        {
          "moonPhaseDate" : "2019-08-30T10:37+0000",
          "signDate" : "2019-08-29T23:57+0000",
          "date" : "2019-08-29T21:15+0000",
          "moonPhase" : "newMoon",
          "sign" : "virgo",
          "timeZone" : 8,
          "age" : 29
        },
        {
          "moonPhaseDate" : "2019-08-30T10:37+0000",
          "signDate" : "2019-08-29T23:57+0000",
          "date" : "2019-08-30T10:37+0000",
          "moonPhase" : "newMoon",
          "sign" : "virgo",
          "timeZone" : 8,
          "age" : 1
        },
        {
          "moonPhaseDate" : "2019-08-30T10:37+0000",
          "signDate" : "2019-08-29T23:57+0000",
          "date" : "2019-08-30T22:19+0000",
          "moonPhase" : "phase1",
          "sign" : "virgo",
          "timeZone" : 8,
          "age" : 2
        },
        {
          "moonPhaseDate" : null,
          "signDate" : "2019-08-31T23:12+0000",
          "date" : "2019-08-31T23:20+0000",
          "moonPhase" : "phase1",
          "sign" : "libra",
          "timeZone" : 8,
          "age" : 3
        },
        {
          "moonPhaseDate" : null,
          "signDate" : "2019-08-31T23:12+0000",
          "date" : "2019-09-02T00:20+0000",
          "moonPhase" : "phase1",
          "sign" : "libra",
          "timeZone" : 8,
          "age" : 4
        },
        {
          "moonPhaseDate" : null,
          "signDate" : "2019-09-02T23:38+0000",
          "date" : "2019-09-03T01:18+0000",
          "moonPhase" : "phase1",
          "sign" : "scorpio",
          "timeZone" : 8,
          "age" : 5
        },
        {
          "moonPhaseDate" : null,
          "signDate" : "2019-09-02T23:38+0000",
          "date" : "2019-09-04T02:16+0000",
          "moonPhase" : "phase1",
          "sign" : "scorpio",
          "timeZone" : 8,
          "age" : 6
        },
        {
          "moonPhaseDate" : null,
          "signDate" : "2019-09-05T03:06+0000",
          "date" : "2019-09-05T03:13+0000",
          "moonPhase" : "phase1",
          "sign" : "sagittarius",
          "timeZone" : 8,
          "age" : 7
        },
        {
          "moonPhaseDate" : "2019-09-06T03:10+0000",
          "signDate" : "2019-09-05T03:06+0000",
          "date" : "2019-09-06T04:09+0000",
          "moonPhase" : "phase2",
          "sign" : "sagittarius",
          "timeZone" : 8,
          "age" : 8
        },
        {
          "moonPhaseDate" : "2019-09-06T03:10+0000",
          "signDate" : "2019-09-07T10:35+0000",
          "date" : "2019-09-07T05:03+0000",
          "moonPhase" : "phase2",
          "sign" : "capricorn",
          "timeZone" : 8,
          "age" : 9
        },
        {
          "moonPhaseDate" : "2019-09-06T03:10+0000",
          "signDate" : "2019-09-07T10:35+0000",
          "date" : "2019-09-08T05:56+0000",
          "moonPhase" : "phase2",
          "sign" : "capricorn",
          "timeZone" : 8,
          "age" : 10
        },
        {
          "moonPhaseDate" : "2019-09-06T03:10+0000",
          "signDate" : "2019-09-07T10:35+0000",
          "date" : "2019-09-09T06:46+0000",
          "moonPhase" : "phase2",
          "sign" : "capricorn",
          "timeZone" : 8,
          "age" : 11
        },
        {
          "moonPhaseDate" : "2019-09-06T03:10+0000",
          "signDate" : "2019-09-09T21:25+0000",
          "date" : "2019-09-10T07:34+0000",
          "moonPhase" : "phase2",
          "sign" : "aquarius",
          "timeZone" : 8,
          "age" : 12
        },
        {
          "moonPhaseDate" : "2019-09-06T03:10+0000",
          "signDate" : "2019-09-09T21:25+0000",
          "date" : "2019-09-11T08:18+0000",
          "moonPhase" : "phase2",
          "sign" : "aquarius",
          "timeZone" : 8,
          "age" : 13
        },
        {
          "moonPhaseDate" : "2019-09-06T03:10+0000",
          "signDate" : "2019-09-12T09:53+0000",
          "date" : "2019-09-12T08:59+0000",
          "moonPhase" : "phase2",
          "sign" : "pisces",
          "timeZone" : 8,
          "age" : 14
        },
        {
          "moonPhaseDate" : "2019-09-06T03:10+0000",
          "signDate" : "2019-09-12T09:53+0000",
          "date" : "2019-09-13T09:38+0000",
          "moonPhase" : "phase2",
          "sign" : "pisces",
          "timeZone" : 8,
          "age" : 15
        },
        {
          "moonPhaseDate" : "2019-09-14T04:33+0000",
          "signDate" : "2019-09-12T09:53+0000",
          "date" : "2019-09-14T10:16+0000",
          "moonPhase" : "fullMoon",
          "sign" : "pisces",
          "timeZone" : 8,
          "age" : 16
        },
        {
          "moonPhaseDate" : "2019-09-14T04:33+0000",
          "signDate" : "2019-09-14T22:32+0000",
          "date" : "2019-09-15T10:52+0000",
          "moonPhase" : "phase3",
          "sign" : "aries",
          "timeZone" : 8,
          "age" : 17
        },
        {
          "moonPhaseDate" : "2019-09-14T04:33+0000",
          "signDate" : "2019-09-14T22:32+0000",
          "date" : "2019-09-16T11:28+0000",
          "moonPhase" : "phase3",
          "sign" : "aries",
          "timeZone" : 8,
          "age" : 18
        },
        {
          "moonPhaseDate" : "2019-09-14T04:33+0000",
          "signDate" : "2019-09-17T10:30+0000",
          "date" : "2019-09-17T12:05+0000",
          "moonPhase" : "phase3",
          "sign" : "taurus",
          "timeZone" : 8,
          "age" : 19
        },
        {
          "moonPhaseDate" : "2019-09-14T04:33+0000",
          "signDate" : "2019-09-17T10:30+0000",
          "date" : "2019-09-18T12:44+0000",
          "moonPhase" : "phase3",
          "sign" : "taurus",
          "timeZone" : 8,
          "age" : 20
        },
        {
          "moonPhaseDate" : "2019-09-14T04:33+0000",
          "signDate" : "2019-09-17T10:30+0000",
          "date" : "2019-09-19T13:25+0000",
          "moonPhase" : "phase3",
          "sign" : "taurus",
          "timeZone" : 8,
          "age" : 21
        },
        {
          "moonPhaseDate" : "2019-09-14T04:33+0000",
          "signDate" : "2019-09-19T20:58+0000",
          "date" : "2019-09-20T14:10+0000",
          "moonPhase" : "phase3",
          "sign" : "gemini",
          "timeZone" : 8,
          "age" : 22
        },
        {
          "moonPhaseDate" : "2019-09-14T04:33+0000",
          "signDate" : "2019-09-19T20:58+0000",
          "date" : "2019-09-21T14:59+0000",
          "moonPhase" : "phase3",
          "sign" : "gemini",
          "timeZone" : 8,
          "age" : 23
        },
        {
          "moonPhaseDate" : "2019-09-22T02:41+0000",
          "signDate" : "2019-09-22T04:52+0000",
          "date" : "2019-09-22T15:53+0000",
          "moonPhase" : "phase4",
          "sign" : "cancer",
          "timeZone" : 8,
          "age" : 24
        },
        {
          "moonPhaseDate" : "2019-09-22T02:41+0000",
          "signDate" : "2019-09-24T09:19+0000",
          "date" : "2019-09-23T16:51+0000",
          "moonPhase" : "phase4",
          "sign" : "leo",
          "timeZone" : 8,
          "age" : 25
        },
        {
          "moonPhaseDate" : "2019-09-22T02:41+0000",
          "signDate" : "2019-09-24T09:19+0000",
          "date" : "2019-09-24T17:52+0000",
          "moonPhase" : "phase4",
          "sign" : "leo",
          "timeZone" : 8,
          "age" : 26
        },
        {
          "moonPhaseDate" : "2019-09-22T02:41+0000",
          "signDate" : "2019-09-26T10:35+0000",
          "date" : "2019-09-25T18:54+0000",
          "moonPhase" : "phase4",
          "sign" : "virgo",
          "timeZone" : 8,
          "age" : 27
        },
        {
          "moonPhaseDate" : "2019-09-22T02:41+0000",
          "signDate" : "2019-09-26T10:35+0000",
          "date" : "2019-09-26T19:57+0000",
          "moonPhase" : "phase4",
          "sign" : "virgo",
          "timeZone" : 8,
          "age" : 28
        },
        {
          "moonPhaseDate" : "2019-09-22T02:41+0000",
          "signDate" : "2019-09-28T10:04+0000",
          "date" : "2019-09-27T20:59+0000",
          "moonPhase" : "phase4",
          "sign" : "libra",
          "timeZone" : 8,
          "age" : 29
        },
        {
          "moonPhaseDate" : "2019-09-28T18:26+0000",
          "signDate" : "2019-09-28T10:04+0000",
          "date" : "2019-09-28T18:26+0000",
          "moonPhase" : "newMoon",
          "sign" : "libra",
          "timeZone" : 8,
          "age" : 1
        },
        {
          "moonPhaseDate" : "2019-09-28T18:26+0000",
          "signDate" : "2019-09-28T10:04+0000",
          "date" : "2019-09-28T22:01+0000",
          "moonPhase" : "newMoon",
          "sign" : "libra",
          "timeZone" : 8,
          "age" : 2
        },
        {
          "moonPhaseDate" : "2019-09-28T18:26+0000",
          "signDate" : "2019-09-30T09:45+0000",
          "date" : "2019-09-29T23:01+0000",
          "moonPhase" : "phase1",
          "sign" : "scorpio",
          "timeZone" : 8,
          "age" : 3
        },
        {
          "moonPhaseDate" : null,
          "signDate" : "2019-09-30T09:45+0000",
          "date" : "2019-10-01T00:00+0000",
          "moonPhase" : "phase1",
          "sign" : "scorpio",
          "timeZone" : 8,
          "age" : 4
        },
        {
          "moonPhaseDate" : null,
          "signDate" : "2019-10-02T11:45+0000",
          "date" : "2019-10-02T00:59+0000",
          "moonPhase" : "phase1",
          "sign" : "sagittarius",
          "timeZone" : 8,
          "age" : 5
        },
        {
          "moonPhaseDate" : null,
          "signDate" : "2019-10-02T11:45+0000",
          "date" : "2019-10-03T01:58+0000",
          "moonPhase" : "phase1",
          "sign" : "sagittarius",
          "timeZone" : 8,
          "age" : 6
        },
        {
          "moonPhaseDate" : null,
          "signDate" : "2019-10-02T11:45+0000",
          "date" : "2019-10-04T02:55+0000",
          "moonPhase" : "phase1",
          "sign" : "sagittarius",
          "timeZone" : 8,
          "age" : 7
        },
        {
          "moonPhaseDate" : null,
          "signDate" : "2019-10-04T17:41+0000",
          "date" : "2019-10-05T03:50+0000",
          "moonPhase" : "phase1",
          "sign" : "capricorn",
          "timeZone" : 8,
          "age" : 8
        },
        {
          "moonPhaseDate" : "2019-10-05T16:47+0000",
          "signDate" : "2019-10-04T17:41+0000",
          "date" : "2019-10-06T04:42+0000",
          "moonPhase" : "phase2",
          "sign" : "capricorn",
          "timeZone" : 8,
          "age" : 9
        },
        {
          "moonPhaseDate" : "2019-10-05T16:47+0000",
          "signDate" : "2019-10-07T03:43+0000",
          "date" : "2019-10-07T05:31+0000",
          "moonPhase" : "phase2",
          "sign" : "aquarius",
          "timeZone" : 8,
          "age" : 10
        },
        {
          "moonPhaseDate" : "2019-10-05T16:47+0000",
          "signDate" : "2019-10-07T03:43+0000",
          "date" : "2019-10-08T06:17+0000",
          "moonPhase" : "phase2",
          "sign" : "aquarius",
          "timeZone" : 8,
          "age" : 11
        },
        {
          "moonPhaseDate" : "2019-10-05T16:47+0000",
          "signDate" : "2019-10-07T03:43+0000",
          "date" : "2019-10-09T06:59+0000",
          "moonPhase" : "phase2",
          "sign" : "aquarius",
          "timeZone" : 8,
          "age" : 12
        },
        {
          "moonPhaseDate" : "2019-10-05T16:47+0000",
          "signDate" : "2019-10-09T16:08+0000",
          "date" : "2019-10-10T07:38+0000",
          "moonPhase" : "phase2",
          "sign" : "pisces",
          "timeZone" : 8,
          "age" : 13
        },
        {
          "moonPhaseDate" : "2019-10-05T16:47+0000",
          "signDate" : "2019-10-09T16:08+0000",
          "date" : "2019-10-11T08:16+0000",
          "moonPhase" : "phase2",
          "sign" : "pisces",
          "timeZone" : 8,
          "age" : 14
        },
        {
          "moonPhaseDate" : "2019-10-05T16:47+0000",
          "signDate" : "2019-10-12T04:46+0000",
          "date" : "2019-10-12T08:53+0000",
          "moonPhase" : "phase2",
          "sign" : "aries",
          "timeZone" : 8,
          "age" : 15
        },
        {
          "moonPhaseDate" : "2019-10-05T16:47+0000",
          "signDate" : "2019-10-12T04:46+0000",
          "date" : "2019-10-13T09:29+0000",
          "moonPhase" : "phase2",
          "sign" : "aries",
          "timeZone" : 8,
          "age" : 16
        },
        {
          "moonPhaseDate" : "2019-10-13T21:08+0000",
          "signDate" : "2019-10-12T04:46+0000",
          "date" : "2019-10-14T10:06+0000",
          "moonPhase" : "fullMoon",
          "sign" : "aries",
          "timeZone" : 8,
          "age" : 17
        },
        {
          "moonPhaseDate" : "2019-10-13T21:08+0000",
          "signDate" : "2019-10-14T16:23+0000",
          "date" : "2019-10-15T10:44+0000",
          "moonPhase" : "phase3",
          "sign" : "taurus",
          "timeZone" : 8,
          "age" : 18
        },
        {
          "moonPhaseDate" : "2019-10-13T21:08+0000",
          "signDate" : "2019-10-14T16:23+0000",
          "date" : "2019-10-16T11:25+0000",
          "moonPhase" : "phase3",
          "sign" : "taurus",
          "timeZone" : 8,
          "age" : 19
        },
        {
          "moonPhaseDate" : "2019-10-13T21:08+0000",
          "signDate" : "2019-10-17T02:29+0000",
          "date" : "2019-10-17T12:08+0000",
          "moonPhase" : "phase3",
          "sign" : "gemini",
          "timeZone" : 8,
          "age" : 20
        },
        {
          "moonPhaseDate" : "2019-10-13T21:08+0000",
          "signDate" : "2019-10-17T02:29+0000",
          "date" : "2019-10-18T12:56+0000",
          "moonPhase" : "phase3",
          "sign" : "gemini",
          "timeZone" : 8,
          "age" : 21
        },
        {
          "moonPhaseDate" : "2019-10-13T21:08+0000",
          "signDate" : "2019-10-19T10:42+0000",
          "date" : "2019-10-19T13:47+0000",
          "moonPhase" : "phase3",
          "sign" : "cancer",
          "timeZone" : 8,
          "age" : 22
        },
        {
          "moonPhaseDate" : "2019-10-13T21:08+0000",
          "signDate" : "2019-10-19T10:42+0000",
          "date" : "2019-10-20T14:43+0000",
          "moonPhase" : "phase3",
          "sign" : "cancer",
          "timeZone" : 8,
          "age" : 23
        },
        {
          "moonPhaseDate" : "2019-10-21T12:39+0000",
          "signDate" : "2019-10-19T10:42+0000",
          "date" : "2019-10-21T15:41+0000",
          "moonPhase" : "phase4",
          "sign" : "cancer",
          "timeZone" : 8,
          "age" : 24
        },
        {
          "moonPhaseDate" : "2019-10-21T12:39+0000",
          "signDate" : "2019-10-19T10:42+0000",
          "date" : "2019-10-22T16:41+0000",
          "moonPhase" : "phase4",
          "sign" : "leo",
          "timeZone" : 8,
          "age" : 25
        },
        {
          "moonPhaseDate" : "2019-10-21T12:39+0000",
          "signDate" : "2019-10-23T19:30+0000",
          "date" : "2019-10-23T17:42+0000",
          "moonPhase" : "phase4",
          "sign" : "virgo",
          "timeZone" : 8,
          "age" : 26
        },
        {
          "moonPhaseDate" : "2019-10-21T12:39+0000",
          "signDate" : "2019-10-23T19:30+0000",
          "date" : "2019-10-24T18:42+0000",
          "moonPhase" : "phase4",
          "sign" : "virgo",
          "timeZone" : 8,
          "age" : 27
        },
        {
          "moonPhaseDate" : "2019-10-21T12:39+0000",
          "signDate" : "2019-10-25T20:20+0000",
          "date" : "2019-10-25T19:42+0000",
          "moonPhase" : "phase4",
          "sign" : "libra",
          "timeZone" : 8,
          "age" : 28
        },
        {
          "moonPhaseDate" : "2019-10-21T12:39+0000",
          "signDate" : "2019-10-25T20:20+0000",
          "date" : "2019-10-26T20:41+0000",
          "moonPhase" : "phase4",
          "sign" : "libra",
          "timeZone" : 8,
          "age" : 29
        },
        {
          "moonPhaseDate" : "2019-10-28T03:38+0000",
          "signDate" : "2019-10-27T20:31+0000",
          "date" : "2019-10-27T21:41+0000",
          "moonPhase" : "newMoon",
          "sign" : "scorpio",
          "timeZone" : 8,
          "age" : 30
        },
        {
          "moonPhaseDate" : "2019-10-28T03:38+0000",
          "signDate" : "2019-10-27T20:31+0000",
          "date" : "2019-10-28T03:38+0000",
          "moonPhase" : "newMoon",
          "sign" : "scorpio",
          "timeZone" : 8,
          "age" : 1
        },
        {
          "moonPhaseDate" : "2019-10-28T03:38+0000",
          "signDate" : "2019-10-27T20:31+0000",
          "date" : "2019-10-28T22:41+0000",
          "moonPhase" : "phase1",
          "sign" : "scorpio",
          "timeZone" : 8,
          "age" : 2
        },
        {
          "moonPhaseDate" : "2019-10-28T03:38+0000",
          "signDate" : "2019-10-29T22:00+0000",
          "date" : "2019-10-29T23:41+0000",
          "moonPhase" : "phase1",
          "sign" : "sagittarius",
          "timeZone" : 8,
          "age" : 3
        },
        {
          "moonPhaseDate" : "2019-10-28T03:38+0000",
          "signDate" : "2019-10-29T22:00+0000",
          "date" : "2019-10-31T00:40+0000",
          "moonPhase" : "phase1",
          "sign" : "sagittarius",
          "timeZone" : 8,
          "age" : 4
        },
        {
          "moonPhaseDate" : null,
          "signDate" : "2019-11-01T02:38+0000",
          "date" : "2019-11-01T01:38+0000",
          "moonPhase" : "phase1",
          "sign" : "capricorn",
          "timeZone" : 8,
          "age" : 5
        },
        {
          "moonPhaseDate" : null,
          "signDate" : "2019-11-01T02:38+0000",
          "date" : "2019-11-02T02:33+0000",
          "moonPhase" : "phase1",
          "sign" : "capricorn",
          "timeZone" : 8,
          "age" : 6
        },
        {
          "moonPhaseDate" : null,
          "signDate" : "2019-11-03T11:21+0000",
          "date" : "2019-11-03T03:25+0000",
          "moonPhase" : "phase1",
          "sign" : "aquarius",
          "timeZone" : 8,
          "age" : 7
        },
        {
          "moonPhaseDate" : "2019-11-04T10:23+0000",
          "signDate" : "2019-11-03T11:21+0000",
          "date" : "2019-11-04T04:13+0000",
          "moonPhase" : "phase2",
          "sign" : "aquarius",
          "timeZone" : 8,
          "age" : 8
        },
        {
          "moonPhaseDate" : "2019-11-04T10:23+0000",
          "signDate" : "2019-11-03T11:21+0000",
          "date" : "2019-11-05T04:56+0000",
          "moonPhase" : "phase2",
          "sign" : "aquarius",
          "timeZone" : 8,
          "age" : 9
        },
        {
          "moonPhaseDate" : "2019-11-04T10:23+0000",
          "signDate" : "2019-11-05T23:11+0000",
          "date" : "2019-11-06T05:37+0000",
          "moonPhase" : "phase2",
          "sign" : "pisces",
          "timeZone" : 8,
          "age" : 10
        },
        {
          "moonPhaseDate" : "2019-11-04T10:23+0000",
          "signDate" : "2019-11-05T23:11+0000",
          "date" : "2019-11-07T06:15+0000",
          "moonPhase" : "phase2",
          "sign" : "pisces",
          "timeZone" : 8,
          "age" : 11
        },
        {
          "moonPhaseDate" : "2019-11-04T10:23+0000",
          "signDate" : "2019-11-08T11:50+0000",
          "date" : "2019-11-08T06:52+0000",
          "moonPhase" : "phase2",
          "sign" : "aries",
          "timeZone" : 8,
          "age" : 12
        },
        {
          "moonPhaseDate" : "2019-11-04T10:23+0000",
          "signDate" : "2019-11-08T11:50+0000",
          "date" : "2019-11-09T07:28+0000",
          "moonPhase" : "phase2",
          "sign" : "aries",
          "timeZone" : 8,
          "age" : 13
        },
        {
          "moonPhaseDate" : "2019-11-04T10:23+0000",
          "signDate" : "2019-11-08T11:50+0000",
          "date" : "2019-11-10T08:05+0000",
          "moonPhase" : "phase2",
          "sign" : "aries",
          "timeZone" : 8,
          "age" : 14
        },
        {
          "moonPhaseDate" : "2019-11-04T10:23+0000",
          "signDate" : "2019-11-10T23:19+0000",
          "date" : "2019-11-11T08:42+0000",
          "moonPhase" : "phase2",
          "sign" : "taurus",
          "timeZone" : 8,
          "age" : 15
        },
        {
          "moonPhaseDate" : "2019-11-12T13:35+0000",
          "signDate" : "2019-11-10T23:19+0000",
          "date" : "2019-11-12T09:22+0000",
          "moonPhase" : "fullMoon",
          "sign" : "taurus",
          "timeZone" : 8,
          "age" : 16
        },
        {
          "moonPhaseDate" : "2019-11-12T13:35+0000",
          "signDate" : "2019-11-13T08:45+0000",
          "date" : "2019-11-13T10:06+0000",
          "moonPhase" : "phase3",
          "sign" : "gemini",
          "timeZone" : 8,
          "age" : 17
        },
        {
          "moonPhaseDate" : "2019-11-12T13:35+0000",
          "signDate" : "2019-11-13T08:45+0000",
          "date" : "2019-11-14T10:52+0000",
          "moonPhase" : "phase3",
          "sign" : "gemini",
          "timeZone" : 8,
          "age" : 18
        },
        {
          "moonPhaseDate" : "2019-11-12T13:35+0000",
          "signDate" : "2019-11-13T08:45+0000",
          "date" : "2019-11-15T11:43+0000",
          "moonPhase" : "phase3",
          "sign" : "gemini",
          "timeZone" : 8,
          "age" : 19
        },
        {
          "moonPhaseDate" : "2019-11-12T13:35+0000",
          "signDate" : "2019-11-15T16:12+0000",
          "date" : "2019-11-16T12:38+0000",
          "moonPhase" : "phase3",
          "sign" : "cancer",
          "timeZone" : 8,
          "age" : 20
        },
        {
          "moonPhaseDate" : "2019-11-12T13:35+0000",
          "signDate" : "2019-11-15T16:12+0000",
          "date" : "2019-11-17T13:36+0000",
          "moonPhase" : "phase3",
          "sign" : "cancer",
          "timeZone" : 8,
          "age" : 21
        },
        {
          "moonPhaseDate" : "2019-11-12T13:35+0000",
          "signDate" : "2019-11-17T21:54+0000",
          "date" : "2019-11-18T14:35+0000",
          "moonPhase" : "phase3",
          "sign" : "leo",
          "timeZone" : 8,
          "age" : 22
        },
        {
          "moonPhaseDate" : "2019-11-12T13:35+0000",
          "signDate" : "2019-11-17T21:54+0000",
          "date" : "2019-11-19T15:34+0000",
          "moonPhase" : "phase3",
          "sign" : "leo",
          "timeZone" : 8,
          "age" : 23
        },
        {
          "moonPhaseDate" : "2019-11-19T21:11+0000",
          "signDate" : "2019-11-17T21:54+0000",
          "date" : "2019-11-20T16:33+0000",
          "moonPhase" : "phase4",
          "sign" : "virgo",
          "timeZone" : 8,
          "age" : 24
        },
        {
          "moonPhaseDate" : "2019-11-19T21:11+0000",
          "signDate" : "2019-11-22T04:22+0000",
          "date" : "2019-11-21T17:31+0000",
          "moonPhase" : "phase4",
          "sign" : "libra",
          "timeZone" : 8,
          "age" : 25
        },
        {
          "moonPhaseDate" : "2019-11-19T21:11+0000",
          "signDate" : "2019-11-22T04:22+0000",
          "date" : "2019-11-22T18:28+0000",
          "moonPhase" : "phase4",
          "sign" : "libra",
          "timeZone" : 8,
          "age" : 26
        },
        {
          "moonPhaseDate" : "2019-11-19T21:11+0000",
          "signDate" : "2019-11-24T06:01+0000",
          "date" : "2019-11-23T19:26+0000",
          "moonPhase" : "phase4",
          "sign" : "scorpio",
          "timeZone" : 8,
          "age" : 27
        },
        {
          "moonPhaseDate" : "2019-11-19T21:11+0000",
          "signDate" : "2019-11-24T06:01+0000",
          "date" : "2019-11-24T20:24+0000",
          "moonPhase" : "phase4",
          "sign" : "scorpio",
          "timeZone" : 8,
          "age" : 28
        },
        {
          "moonPhaseDate" : "2019-11-26T15:06+0000",
          "signDate" : "2019-11-26T08:12+0000",
          "date" : "2019-11-25T21:23+0000",
          "moonPhase" : "newMoon",
          "sign" : "sagittarius",
          "timeZone" : 8,
          "age" : 29
        },
        {
          "moonPhaseDate" : "2019-11-26T15:06+0000",
          "signDate" : "2019-11-26T08:12+0000",
          "date" : "2019-11-26T15:06+0000",
          "moonPhase" : "newMoon",
          "sign" : "sagittarius",
          "timeZone" : 8,
          "age" : 1
        },
        {
          "moonPhaseDate" : "2019-11-26T15:06+0000",
          "signDate" : "2019-11-26T08:12+0000",
          "date" : "2019-11-26T22:22+0000",
          "moonPhase" : "phase1",
          "sign" : "sagittarius",
          "timeZone" : 8,
          "age" : 2
        },
        {
          "moonPhaseDate" : "2019-11-26T15:06+0000",
          "signDate" : "2019-11-28T12:32+0000",
          "date" : "2019-11-27T23:22+0000",
          "moonPhase" : "phase1",
          "sign" : "capricorn",
          "timeZone" : 8,
          "age" : 3
        },
        {
          "moonPhaseDate" : "2019-11-26T15:06+0000",
          "signDate" : "2019-11-28T12:32+0000",
          "date" : "2019-11-29T00:19+0000",
          "moonPhase" : "phase1",
          "sign" : "capricorn",
          "timeZone" : 8,
          "age" : 4
        },
        {
          "moonPhaseDate" : "2019-11-26T15:06+0000",
          "signDate" : "2019-11-28T12:32+0000",
          "date" : "2019-11-30T01:14+0000",
          "moonPhase" : "phase1",
          "sign" : "capricorn",
          "timeZone" : 8,
          "age" : 5
        },
        {
          "moonPhaseDate" : null,
          "signDate" : "2019-11-30T20:15+0000",
          "date" : "2019-12-01T02:05+0000",
          "moonPhase" : "phase1",
          "sign" : "aquarius",
          "timeZone" : 8,
          "age" : 6
        },
        {
          "moonPhaseDate" : null,
          "signDate" : "2019-11-30T20:15+0000",
          "date" : "2019-12-02T02:51+0000",
          "moonPhase" : "phase1",
          "sign" : "aquarius",
          "timeZone" : 8,
          "age" : 7
        },
        {
          "moonPhaseDate" : null,
          "signDate" : "2019-12-03T07:14+0000",
          "date" : "2019-12-03T03:33+0000",
          "moonPhase" : "phase1",
          "sign" : "pisces",
          "timeZone" : 8,
          "age" : 8
        },
        {
          "moonPhaseDate" : "2019-12-04T06:58+0000",
          "signDate" : "2019-12-03T07:14+0000",
          "date" : "2019-12-04T04:13+0000",
          "moonPhase" : "phase2",
          "sign" : "pisces",
          "timeZone" : 8,
          "age" : 9
        },
        {
          "moonPhaseDate" : "2019-12-04T06:58+0000",
          "signDate" : "2019-12-03T07:14+0000",
          "date" : "2019-12-05T04:50+0000",
          "moonPhase" : "phase2",
          "sign" : "pisces",
          "timeZone" : 8,
          "age" : 10
        },
        {
          "moonPhaseDate" : "2019-12-04T06:58+0000",
          "signDate" : "2019-12-05T19:46+0000",
          "date" : "2019-12-06T05:26+0000",
          "moonPhase" : "phase2",
          "sign" : "aries",
          "timeZone" : 8,
          "age" : 11
        },
        {
          "moonPhaseDate" : "2019-12-04T06:58+0000",
          "signDate" : "2019-12-05T19:46+0000",
          "date" : "2019-12-07T06:02+0000",
          "moonPhase" : "phase2",
          "sign" : "aries",
          "timeZone" : 8,
          "age" : 12
        },
        {
          "moonPhaseDate" : "2019-12-04T06:58+0000",
          "signDate" : "2019-12-08T07:31+0000",
          "date" : "2019-12-08T06:39+0000",
          "moonPhase" : "phase2",
          "sign" : "taurus",
          "timeZone" : 8,
          "age" : 13
        },
        {
          "moonPhaseDate" : "2019-12-04T06:58+0000",
          "signDate" : "2019-12-08T07:31+0000",
          "date" : "2019-12-09T07:18+0000",
          "moonPhase" : "phase2",
          "sign" : "taurus",
          "timeZone" : 8,
          "age" : 14
        },
        {
          "moonPhaseDate" : "2019-12-04T06:58+0000",
          "signDate" : "2019-12-08T07:31+0000",
          "date" : "2019-12-10T08:00+0000",
          "moonPhase" : "phase2",
          "sign" : "taurus",
          "timeZone" : 8,
          "age" : 15
        },
        {
          "moonPhaseDate" : "2019-12-04T06:58+0000",
          "signDate" : "2019-12-10T16:49+0000",
          "date" : "2019-12-11T08:45+0000",
          "moonPhase" : "phase2",
          "sign" : "gemini",
          "timeZone" : 8,
          "age" : 16
        },
        {
          "moonPhaseDate" : "2019-12-12T05:12+0000",
          "signDate" : "2019-12-10T16:49+0000",
          "date" : "2019-12-12T09:36+0000",
          "moonPhase" : "fullMoon",
          "sign" : "gemini",
          "timeZone" : 8,
          "age" : 17
        },
        {
          "moonPhaseDate" : "2019-12-12T05:12+0000",
          "signDate" : "2019-12-12T23:24+0000",
          "date" : "2019-12-13T10:30+0000",
          "moonPhase" : "phase3",
          "sign" : "cancer",
          "timeZone" : 8,
          "age" : 18
        },
        {
          "moonPhaseDate" : "2019-12-12T05:12+0000",
          "signDate" : "2019-12-12T23:24+0000",
          "date" : "2019-12-14T11:29+0000",
          "moonPhase" : "phase3",
          "sign" : "cancer",
          "timeZone" : 8,
          "age" : 19
        },
        {
          "moonPhaseDate" : "2019-12-12T05:12+0000",
          "signDate" : "2019-12-15T03:53+0000",
          "date" : "2019-12-15T12:29+0000",
          "moonPhase" : "phase3",
          "sign" : "leo",
          "timeZone" : 8,
          "age" : 20
        },
        {
          "moonPhaseDate" : "2019-12-12T05:12+0000",
          "signDate" : "2019-12-15T03:53+0000",
          "date" : "2019-12-16T13:29+0000",
          "moonPhase" : "phase3",
          "sign" : "leo",
          "timeZone" : 8,
          "age" : 21
        },
        {
          "moonPhaseDate" : "2019-12-12T05:12+0000",
          "signDate" : "2019-12-17T07:13+0000",
          "date" : "2019-12-17T14:28+0000",
          "moonPhase" : "phase3",
          "sign" : "virgo",
          "timeZone" : 8,
          "age" : 22
        },
        {
          "moonPhaseDate" : "2019-12-12T05:12+0000",
          "signDate" : "2019-12-17T07:13+0000",
          "date" : "2019-12-18T15:26+0000",
          "moonPhase" : "phase3",
          "sign" : "virgo",
          "timeZone" : 8,
          "age" : 23
        },
        {
          "moonPhaseDate" : "2019-12-19T04:57+0000",
          "signDate" : "2019-12-17T07:13+0000",
          "date" : "2019-12-19T16:23+0000",
          "moonPhase" : "phase4",
          "sign" : "libra",
          "timeZone" : 8,
          "age" : 24
        },
        {
          "moonPhaseDate" : "2019-12-19T04:57+0000",
          "signDate" : "2019-12-21T13:01+0000",
          "date" : "2019-12-20T17:18+0000",
          "moonPhase" : "phase4",
          "sign" : "scorpio",
          "timeZone" : 8,
          "age" : 25
        },
        {
          "moonPhaseDate" : "2019-12-19T04:57+0000",
          "signDate" : "2019-12-21T13:01+0000",
          "date" : "2019-12-21T18:14+0000",
          "moonPhase" : "phase4",
          "sign" : "scorpio",
          "timeZone" : 8,
          "age" : 26
        },
        {
          "moonPhaseDate" : "2019-12-19T04:57+0000",
          "signDate" : "2019-12-21T13:01+0000",
          "date" : "2019-12-22T19:11+0000",
          "moonPhase" : "phase4",
          "sign" : "scorpio",
          "timeZone" : 8,
          "age" : 27
        },
        {
          "moonPhaseDate" : "2019-12-19T04:57+0000",
          "signDate" : "2019-12-23T16:37+0000",
          "date" : "2019-12-23T20:09+0000",
          "moonPhase" : "phase4",
          "sign" : "sagittarius",
          "timeZone" : 8,
          "age" : 28
        },
        {
          "moonPhaseDate" : "2019-12-19T04:57+0000",
          "signDate" : "2019-12-23T16:37+0000",
          "date" : "2019-12-24T21:07+0000",
          "moonPhase" : "phase4",
          "sign" : "sagittarius",
          "timeZone" : 8,
          "age" : 29
        },
        {
          "moonPhaseDate" : "2019-12-26T05:13+0000",
          "signDate" : "2019-12-25T21:46+0000",
          "date" : "2019-12-25T22:05+0000",
          "moonPhase" : "newMoon",
          "sign" : "capricorn",
          "timeZone" : 8,
          "age" : 30
        },
        {
          "moonPhaseDate" : "2019-12-26T05:13+0000",
          "signDate" : "2019-12-25T21:46+0000",
          "date" : "2019-12-26T05:13+0000",
          "moonPhase" : "newMoon",
          "sign" : "capricorn",
          "timeZone" : 8,
          "age" : 1
        },
        {
          "moonPhaseDate" : "2019-12-26T05:13+0000",
          "signDate" : "2019-12-25T21:46+0000",
          "date" : "2019-12-26T23:01+0000",
          "moonPhase" : "phase1",
          "sign" : "capricorn",
          "timeZone" : 8,
          "age" : 2
        },
        {
          "moonPhaseDate" : "2019-12-26T05:13+0000",
          "signDate" : "2019-12-28T05:21+0000",
          "date" : "2019-12-27T23:54+0000",
          "moonPhase" : "phase1",
          "sign" : "aquarius",
          "timeZone" : 8,
          "age" : 3
        },
        {
          "moonPhaseDate" : "2019-12-26T05:13+0000",
          "signDate" : "2019-12-28T05:21+0000",
          "date" : "2019-12-29T00:43+0000",
          "moonPhase" : "phase1",
          "sign" : "aquarius",
          "timeZone" : 8,
          "age" : 4
        },
        {
          "moonPhaseDate" : "2019-12-26T05:13+0000",
          "signDate" : "2019-12-30T15:43+0000",
          "date" : "2019-12-30T01:28+0000",
          "moonPhase" : "phase1",
          "sign" : "pisces",
          "timeZone" : 8,
          "age" : 5
        },
        {
          "moonPhaseDate" : "2019-12-26T05:13+0000",
          "signDate" : "2019-12-30T15:43+0000",
          "date" : "2019-12-31T02:09+0000",
          "moonPhase" : "phase1",
          "sign" : "pisces",
          "timeZone" : 8,
          "age" : 6
        },
        {
          "moonPhaseDate" : null,
          "signDate" : "2019-12-30T15:43+0000",
          "date" : "2020-01-01T02:47+0000",
          "moonPhase" : "phase1",
          "sign" : "pisces",
          "timeZone" : 8,
          "age" : 7
        },
        {
          "moonPhaseDate" : null,
          "signDate" : "2020-01-02T04:01+0000",
          "date" : "2020-01-02T03:23+0000",
          "moonPhase" : "phase1",
          "sign" : "aries",
          "timeZone" : 8,
          "age" : 8
        },
        {
          "moonPhaseDate" : "2020-01-03T04:45+0000",
          "signDate" : "2020-01-02T04:01+0000",
          "date" : "2020-01-03T03:59+0000",
          "moonPhase" : "phase2",
          "sign" : "aries",
          "timeZone" : 8,
          "age" : 9
        },
        {
          "moonPhaseDate" : "2020-01-03T04:45+0000",
          "signDate" : "2020-01-02T04:01+0000",
          "date" : "2020-01-04T04:35+0000",
          "moonPhase" : "phase2",
          "sign" : "aries",
          "timeZone" : 8,
          "age" : 10
        },
        {
          "moonPhaseDate" : "2020-01-03T04:45+0000",
          "signDate" : "2020-01-04T16:15+0000",
          "date" : "2020-01-05T05:12+0000",
          "moonPhase" : "phase2",
          "sign" : "taurus",
          "timeZone" : 8,
          "age" : 11
        },
        {
          "moonPhaseDate" : "2020-01-03T04:45+0000",
          "signDate" : "2020-01-04T16:15+0000",
          "date" : "2020-01-06T05:52+0000",
          "moonPhase" : "phase2",
          "sign" : "taurus",
          "timeZone" : 8,
          "age" : 12
        },
        {
          "moonPhaseDate" : "2020-01-03T04:45+0000",
          "signDate" : "2020-01-07T02:13+0000",
          "date" : "2020-01-07T06:36+0000",
          "moonPhase" : "phase2",
          "sign" : "gemini",
          "timeZone" : 8,
          "age" : 13
        },
        {
          "moonPhaseDate" : "2020-01-03T04:45+0000",
          "signDate" : "2020-01-07T02:13+0000",
          "date" : "2020-01-08T07:24+0000",
          "moonPhase" : "phase2",
          "sign" : "gemini",
          "timeZone" : 8,
          "age" : 14
        },
        {
          "moonPhaseDate" : "2020-01-03T04:45+0000",
          "signDate" : "2020-01-09T08:45+0000",
          "date" : "2020-01-09T08:17+0000",
          "moonPhase" : "phase2",
          "sign" : "cancer",
          "timeZone" : 8,
          "age" : 15
        },
        {
          "moonPhaseDate" : "2020-01-03T04:45+0000",
          "signDate" : "2020-01-09T08:45+0000",
          "date" : "2020-01-10T09:14+0000",
          "moonPhase" : "phase2",
          "sign" : "cancer",
          "timeZone" : 8,
          "age" : 16
        },
        {
          "moonPhaseDate" : "2020-01-10T19:21+0000",
          "signDate" : "2020-01-11T12:16+0000",
          "date" : "2020-01-11T10:15+0000",
          "moonPhase" : "fullMoon",
          "sign" : "leo",
          "timeZone" : 8,
          "age" : 17
        },
        {
          "moonPhaseDate" : "2020-01-10T19:21+0000",
          "signDate" : "2020-01-11T12:16+0000",
          "date" : "2020-01-12T11:18+0000",
          "moonPhase" : "phase3",
          "sign" : "leo",
          "timeZone" : 8,
          "age" : 18
        },
        {
          "moonPhaseDate" : "2020-01-10T19:21+0000",
          "signDate" : "2020-01-13T14:05+0000",
          "date" : "2020-01-13T12:19+0000",
          "moonPhase" : "phase3",
          "sign" : "virgo",
          "timeZone" : 8,
          "age" : 19
        },
        {
          "moonPhaseDate" : "2020-01-10T19:21+0000",
          "signDate" : "2020-01-13T14:05+0000",
          "date" : "2020-01-14T13:20+0000",
          "moonPhase" : "phase3",
          "sign" : "virgo",
          "timeZone" : 8,
          "age" : 20
        },
        {
          "moonPhaseDate" : "2020-01-10T19:21+0000",
          "signDate" : "2020-01-15T15:42+0000",
          "date" : "2020-01-15T14:18+0000",
          "moonPhase" : "phase3",
          "sign" : "libra",
          "timeZone" : 8,
          "age" : 21
        },
        {
          "moonPhaseDate" : "2020-01-10T19:21+0000",
          "signDate" : "2020-01-15T15:42+0000",
          "date" : "2020-01-16T15:14+0000",
          "moonPhase" : "phase3",
          "sign" : "libra",
          "timeZone" : 8,
          "age" : 22
        },
        {
          "moonPhaseDate" : "2020-01-17T12:58+0000",
          "signDate" : "2020-01-17T18:21+0000",
          "date" : "2020-01-17T16:10+0000",
          "moonPhase" : "phase4",
          "sign" : "scorpio",
          "timeZone" : 8,
          "age" : 23
        },
        {
          "moonPhaseDate" : "2020-01-17T12:58+0000",
          "signDate" : "2020-01-17T18:21+0000",
          "date" : "2020-01-18T17:06+0000",
          "moonPhase" : "phase4",
          "sign" : "scorpio",
          "timeZone" : 8,
          "age" : 24
        },
        {
          "moonPhaseDate" : "2020-01-17T12:58+0000",
          "signDate" : "2020-01-19T22:43+0000",
          "date" : "2020-01-19T18:03+0000",
          "moonPhase" : "phase4",
          "sign" : "sagittarius",
          "timeZone" : 8,
          "age" : 25
        },
        {
          "moonPhaseDate" : "2020-01-17T12:58+0000",
          "signDate" : "2020-01-19T22:43+0000",
          "date" : "2020-01-20T19:00+0000",
          "moonPhase" : "phase4",
          "sign" : "sagittarius",
          "timeZone" : 8,
          "age" : 26
        },
        {
          "moonPhaseDate" : "2020-01-17T12:58+0000",
          "signDate" : "2020-01-22T05:02+0000",
          "date" : "2020-01-21T19:56+0000",
          "moonPhase" : "phase4",
          "sign" : "capricorn",
          "timeZone" : 8,
          "age" : 27
        },
        {
          "moonPhaseDate" : "2020-01-17T12:58+0000",
          "signDate" : "2020-01-22T05:02+0000",
          "date" : "2020-01-22T20:52+0000",
          "moonPhase" : "phase4",
          "sign" : "capricorn",
          "timeZone" : 8,
          "age" : 28
        },
        {
          "moonPhaseDate" : "2020-01-17T12:58+0000",
          "signDate" : "2020-01-24T13:22+0000",
          "date" : "2020-01-23T21:46+0000",
          "moonPhase" : "phase4",
          "sign" : "aquarius",
          "timeZone" : 8,
          "age" : 29
        },
        {
          "moonPhaseDate" : "2020-01-24T21:42+0000",
          "signDate" : "2020-01-24T13:22+0000",
          "date" : "2020-01-24T21:42+0000",
          "moonPhase" : "newMoon",
          "sign" : "aquarius",
          "timeZone" : 8,
          "age" : 1
        },
        {
          "moonPhaseDate" : "2020-01-24T21:42+0000",
          "signDate" : "2020-01-24T13:22+0000",
          "date" : "2020-01-24T22:36+0000",
          "moonPhase" : "newMoon",
          "sign" : "aquarius",
          "timeZone" : 8,
          "age" : 2
        },
        {
          "moonPhaseDate" : "2020-01-24T21:42+0000",
          "signDate" : "2020-01-24T13:22+0000",
          "date" : "2020-01-25T23:22+0000",
          "moonPhase" : "phase1",
          "sign" : "aquarius",
          "timeZone" : 8,
          "age" : 3
        },
        {
          "moonPhaseDate" : "2020-01-24T21:42+0000",
          "signDate" : "2020-01-26T23:45+0000",
          "date" : "2020-01-27T00:04+0000",
          "moonPhase" : "phase1",
          "sign" : "pisces",
          "timeZone" : 8,
          "age" : 4
        },
        {
          "moonPhaseDate" : "2020-01-24T21:42+0000",
          "signDate" : "2020-01-26T23:45+0000",
          "date" : "2020-01-28T00:44+0000",
          "moonPhase" : "phase1",
          "sign" : "pisces",
          "timeZone" : 8,
          "age" : 5
        },
        {
          "moonPhaseDate" : "2020-01-24T21:42+0000",
          "signDate" : "2020-01-29T11:51+0000",
          "date" : "2020-01-29T01:21+0000",
          "moonPhase" : "phase1",
          "sign" : "aries",
          "timeZone" : 8,
          "age" : 6
        },
        {
          "moonPhaseDate" : "2020-01-24T21:42+0000",
          "signDate" : "2020-01-29T11:51+0000",
          "date" : "2020-01-30T01:57+0000",
          "moonPhase" : "phase1",
          "sign" : "aries",
          "timeZone" : 8,
          "age" : 7
        },
        {
          "moonPhaseDate" : "2020-01-24T21:42+0000",
          "signDate" : "2020-01-29T11:51+0000",
          "date" : "2020-01-31T02:32+0000",
          "moonPhase" : "phase1",
          "sign" : "aries",
          "timeZone" : 8,
          "age" : 8
        },
        {
          "moonPhaseDate" : "2020-01-24T21:42+0000",
          "signDate" : "2020-01-29T11:51+0000",
          "date" : "2020-01-31T02:32+0000",
          "moonPhase" : "phase1",
          "sign" : "aries",
          "timeZone" : 8,
          "age" : 8
        }
      ],
      "cityName" : "Манила",
      "timeZone" : 8
    }
  ]
}