{
  "countryName" : "Чехия",
  "cities" : [
    {
      "timeZone" : 2,
      "moonDays" : [
        {
          "date" : "2019-05-01T02:48+0000",
          "timeZone" : 2,
          "moonPhaseDate" : null,
          "age" : 26,
          "sign" : "aries",
          "moonPhase" : null,
          "signDate" : "2019-05-01T10:23+0000"
        },
        {
          "date" : "2019-05-02T03:08+0000",
          "timeZone" : 2,
          "moonPhaseDate" : null,
          "age" : 27,
          "sign" : "aries",
          "moonPhase" : null,
          "signDate" : "2019-05-01T10:23+0000"
        },
        {
          "date" : "2019-05-03T03:28+0000",
          "timeZone" : 2,
          "moonPhaseDate" : null,
          "age" : 28,
          "sign" : "taurus",
          "moonPhase" : null,
          "signDate" : "2019-05-03T20:21+0000"
        },
        {
          "date" : "2019-05-04T03:49+0000",
          "timeZone" : 2,
          "moonPhaseDate" : null,
          "age" : 29,
          "sign" : "taurus",
          "moonPhase" : null,
          "signDate" : "2019-05-03T20:21+0000"
        },
        {
          "date" : "2019-05-04T22:45+0000",
          "timeZone" : 2,
          "moonPhaseDate" : "2019-05-04T22:45+0000",
          "age" : 1,
          "sign" : "taurus",
          "moonPhase" : "newMoon",
          "signDate" : "2019-05-03T20:21+0000"
        },
        {
          "date" : "2019-05-05T04:13+0000",
          "timeZone" : 2,
          "moonPhaseDate" : "2019-05-04T22:45+0000",
          "age" : 2,
          "sign" : "taurus",
          "moonPhase" : "newMoon",
          "signDate" : "2019-05-03T20:21+0000"
        },
        {
          "date" : "2019-05-06T04:41+0000",
          "timeZone" : 2,
          "moonPhaseDate" : "2019-05-04T22:45+0000",
          "age" : 3,
          "sign" : "gemini",
          "moonPhase" : "phase1",
          "signDate" : "2019-05-06T03:42+0000"
        },
        {
          "date" : "2019-05-07T05:15+0000",
          "timeZone" : 2,
          "age" : 4,
          "moonPhaseDate" : "2019-05-04T22:45+0000",
          "sign" : "gemini",
          "moonPhase" : "phase1",
          "signDate" : "2019-05-06T03:42+0000"
        },
        {
          "date" : "2019-05-08T05:59+0000",
          "timeZone" : 2,
          "moonPhaseDate" : "2019-05-04T22:45+0000",
          "age" : 5,
          "sign" : "cancer",
          "moonPhase" : "phase1",
          "signDate" : "2019-05-08T09:05+0000"
        },
        {
          "date" : "2019-05-09T06:52+0000",
          "age" : 6,
          "moonPhaseDate" : "2019-05-04T22:45+0000",
          "timeZone" : 2,
          "sign" : "cancer",
          "moonPhase" : "phase1",
          "signDate" : "2019-05-08T09:05+0000"
        },
        {
          "date" : "2019-05-10T07:55+0000",
          "timeZone" : 2,
          "moonPhaseDate" : "2019-05-04T22:45+0000",
          "age" : 7,
          "sign" : "leo",
          "moonPhase" : "phase1",
          "signDate" : "2019-05-10T13:12+0000"
        },
        {
          "date" : "2019-05-11T09:07+0000",
          "timeZone" : 2,
          "moonPhaseDate" : "2019-05-04T22:45+0000",
          "age" : 8,
          "sign" : "leo",
          "moonPhase" : "phase1",
          "signDate" : "2019-05-10T13:12+0000"
        },
        {
          "date" : "2019-05-12T10:24+0000",
          "timeZone" : 2,
          "age" : 9,
          "moonPhaseDate" : "2019-05-12T01:12+0000",
          "sign" : "virgo",
          "moonPhase" : "phase2",
          "signDate" : "2019-05-12T16:23+0000"
        },
        {
          "date" : "2019-05-13T11:43+0000",
          "timeZone" : 2,
          "moonPhaseDate" : "2019-05-12T01:12+0000",
          "age" : 10,
          "sign" : "virgo",
          "moonPhase" : "phase2",
          "signDate" : "2019-05-12T16:23+0000"
        },
        {
          "date" : "2019-05-14T13:02+0000",
          "timeZone" : 2,
          "age" : 11,
          "moonPhaseDate" : "2019-05-12T01:12+0000",
          "sign" : "libra",
          "moonPhase" : "phase2",
          "signDate" : "2019-05-14T18:53+0000"
        },
        {
          "date" : "2019-05-15T14:20+0000",
          "age" : 12,
          "moonPhaseDate" : "2019-05-12T01:12+0000",
          "timeZone" : 2,
          "sign" : "libra",
          "moonPhase" : "phase2",
          "signDate" : "2019-05-14T18:53+0000"
        },
        {
          "date" : "2019-05-16T15:39+0000",
          "timeZone" : 2,
          "age" : 13,
          "moonPhaseDate" : "2019-05-12T01:12+0000",
          "sign" : "scorpio",
          "moonPhase" : "phase2",
          "signDate" : "2019-05-16T21:25+0000"
        },
        {
          "date" : "2019-05-17T16:56+0000",
          "timeZone" : 2,
          "moonPhaseDate" : "2019-05-12T01:12+0000",
          "age" : 14,
          "sign" : "scorpio",
          "moonPhase" : "phase2",
          "signDate" : "2019-05-16T21:25+0000"
        },
        {
          "date" : "2019-05-18T18:13+0000",
          "timeZone" : 2,
          "age" : 15,
          "moonPhaseDate" : "2019-05-18T21:11+0000",
          "sign" : "scorpio",
          "moonPhase" : "fullMoon",
          "signDate" : "2019-05-16T21:25+0000"
        },
        {
          "date" : "2019-05-19T19:26+0000",
          "timeZone" : 2,
          "moonPhaseDate" : "2019-05-18T21:11+0000",
          "age" : 16,
          "sign" : "sagittarius",
          "moonPhase" : "phase3",
          "signDate" : "2019-05-19T01:19+0000"
        },
        {
          "date" : "2019-05-20T20:34+0000",
          "timeZone" : 2,
          "moonPhaseDate" : "2019-05-18T21:11+0000",
          "age" : 17,
          "sign" : "sagittarius",
          "moonPhase" : "phase3",
          "signDate" : "2019-05-19T01:19+0000"
        },
        {
          "date" : "2019-05-21T21:34+0000",
          "timeZone" : 2,
          "moonPhaseDate" : "2019-05-18T21:11+0000",
          "age" : 18,
          "sign" : "capricorn",
          "moonPhase" : "phase3",
          "signDate" : "2019-05-21T07:56+0000"
        },
        {
          "date" : "2019-05-22T22:25+0000",
          "timeZone" : 2,
          "age" : 19,
          "moonPhaseDate" : "2019-05-18T21:11+0000",
          "sign" : "aquarius",
          "moonPhase" : "phase3",
          "signDate" : "2019-05-23T17:51+0000"
        },
        {
          "date" : "2019-05-23T23:06+0000",
          "timeZone" : 2,
          "moonPhaseDate" : "2019-05-18T21:11+0000",
          "age" : 20,
          "sign" : "aquarius",
          "moonPhase" : "phase3",
          "signDate" : "2019-05-23T17:51+0000"
        },
        {
          "date" : "2019-05-24T23:40+0000",
          "timeZone" : 2,
          "moonPhaseDate" : "2019-05-18T21:11+0000",
          "age" : 21,
          "sign" : "aquarius",
          "moonPhase" : "phase3",
          "signDate" : "2019-05-23T17:51+0000"
        },
        {
          "date" : "2019-05-26T00:08+0000",
          "timeZone" : 2,
          "age" : 22,
          "moonPhaseDate" : "2019-05-26T16:33+0000",
          "sign" : "pisces",
          "moonPhase" : "phase4",
          "signDate" : "2019-05-26T06:07+0000"
        },
        {
          "date" : "2019-05-27T00:32+0000",
          "timeZone" : 2,
          "moonPhaseDate" : "2019-05-26T16:33+0000",
          "age" : 23,
          "sign" : "pisces",
          "moonPhase" : "phase4",
          "signDate" : "2019-05-26T06:07+0000"
        },
        {
          "date" : "2019-05-28T00:53+0000",
          "timeZone" : 2,
          "age" : 24,
          "moonPhaseDate" : "2019-05-26T16:33+0000",
          "sign" : "aries",
          "moonPhase" : "phase4",
          "signDate" : "2019-05-28T18:29+0000"
        },
        {
          "date" : "2019-05-29T01:13+0000",
          "timeZone" : 2,
          "moonPhaseDate" : "2019-05-26T16:33+0000",
          "age" : 25,
          "sign" : "aries",
          "moonPhase" : "phase4",
          "signDate" : "2019-05-28T18:29+0000"
        },
        {
          "date" : "2019-05-30T01:32+0000",
          "timeZone" : 2,
          "age" : 26,
          "moonPhaseDate" : "2019-05-26T16:33+0000",
          "sign" : "aries",
          "moonPhase" : "phase4",
          "signDate" : "2019-05-28T18:29+0000"
        },
        {
          "date" : "2019-05-31T01:53+0000",
          "timeZone" : 2,
          "moonPhaseDate" : "2019-05-26T16:33+0000",
          "age" : 27,
          "sign" : "taurus",
          "moonPhase" : "phase4",
          "signDate" : "2019-05-31T04:44+0000"
        },
        {
          "date" : "2019-06-01T02:15+0000",
          "timeZone" : 2,
          "moonPhaseDate" : null,
          "age" : 28,
          "sign" : "taurus",
          "moonPhase" : "phase4",
          "signDate" : "2019-05-31T04:44+0000"
        },
        {
          "date" : "2019-06-02T02:41+0000",
          "timeZone" : 2,
          "moonPhaseDate" : null,
          "age" : 29,
          "sign" : "gemini",
          "moonPhase" : "phase4",
          "signDate" : "2019-06-02T11:51+0000"
        },
        {
          "date" : "2019-06-03T03:13+0000",
          "timeZone" : 2,
          "age" : 30,
          "moonPhaseDate" : "2019-06-03T10:02+0000",
          "sign" : "gemini",
          "moonPhase" : "newMoon",
          "signDate" : "2019-06-02T11:51+0000"
        },
        {
          "date" : "2019-06-03T10:02+0000",
          "timeZone" : 2,
          "moonPhaseDate" : "2019-06-03T10:02+0000",
          "age" : 1,
          "sign" : "gemini",
          "moonPhase" : "newMoon",
          "signDate" : "2019-06-02T11:51+0000"
        },
        {
          "date" : "2019-06-04T03:53+0000",
          "timeZone" : 2,
          "moonPhaseDate" : "2019-06-03T10:02+0000",
          "age" : 2,
          "sign" : "cancer",
          "moonPhase" : "phase1",
          "signDate" : "2019-06-04T16:18+0000"
        },
        {
          "date" : "2019-06-05T04:43+0000",
          "timeZone" : 2,
          "moonPhaseDate" : "2019-06-03T10:02+0000",
          "age" : 3,
          "sign" : "cancer",
          "moonPhase" : "phase1",
          "signDate" : "2019-06-04T16:18+0000"
        },
        {
          "date" : "2019-06-06T05:44+0000",
          "timeZone" : 2,
          "moonPhaseDate" : "2019-06-03T10:02+0000",
          "age" : 4,
          "sign" : "leo",
          "moonPhase" : "phase1",
          "signDate" : "2019-06-06T19:14+0000"
        },
        {
          "date" : "2019-06-07T06:55+0000",
          "timeZone" : 2,
          "moonPhaseDate" : "2019-06-03T10:02+0000",
          "age" : 5,
          "sign" : "leo",
          "moonPhase" : "phase1",
          "signDate" : "2019-06-06T19:14+0000"
        },
        {
          "date" : "2019-06-08T08:12+0000",
          "timeZone" : 2,
          "moonPhaseDate" : "2019-06-03T10:02+0000",
          "age" : 6,
          "sign" : "virgo",
          "moonPhase" : "phase1",
          "signDate" : "2019-06-08T21:43+0000"
        },
        {
          "date" : "2019-06-09T09:31+0000",
          "timeZone" : 2,
          "moonPhaseDate" : "2019-06-03T10:02+0000",
          "age" : 7,
          "sign" : "virgo",
          "moonPhase" : "phase1",
          "signDate" : "2019-06-08T21:43+0000"
        },
        {
          "date" : "2019-06-10T10:50+0000",
          "timeZone" : 2,
          "moonPhaseDate" : "2019-06-10T05:59+0000",
          "age" : 8,
          "sign" : "virgo",
          "moonPhase" : "phase2",
          "signDate" : "2019-06-08T21:43+0000"
        },
        {
          "date" : "2019-06-11T12:08+0000",
          "age" : 9,
          "moonPhaseDate" : "2019-06-10T05:59+0000",
          "timeZone" : 2,
          "sign" : "libra",
          "moonPhase" : "phase2",
          "signDate" : "2019-06-11T00:30+0000"
        },
        {
          "date" : "2019-06-12T13:25+0000",
          "timeZone" : 2,
          "moonPhaseDate" : "2019-06-10T05:59+0000",
          "age" : 10,
          "sign" : "libra",
          "moonPhase" : "phase2",
          "signDate" : "2019-06-11T00:30+0000"
        },
        {
          "date" : "2019-06-13T14:41+0000",
          "timeZone" : 2,
          "moonPhaseDate" : "2019-06-10T05:59+0000",
          "age" : 11,
          "sign" : "scorpio",
          "moonPhase" : "phase2",
          "signDate" : "2019-06-13T04:03+0000"
        },
        {
          "date" : "2019-06-14T15:56+0000",
          "age" : 12,
          "moonPhaseDate" : "2019-06-10T05:59+0000",
          "timeZone" : 2,
          "sign" : "scorpio",
          "moonPhase" : "phase2",
          "signDate" : "2019-06-13T04:03+0000"
        },
        {
          "date" : "2019-06-15T17:09+0000",
          "timeZone" : 2,
          "moonPhaseDate" : "2019-06-10T05:59+0000",
          "age" : 13,
          "sign" : "sagittarius",
          "moonPhase" : "phase2",
          "signDate" : "2019-06-15T09:01+0000"
        },
        {
          "date" : "2019-06-16T18:19+0000",
          "timeZone" : 2,
          "moonPhaseDate" : "2019-06-10T05:59+0000",
          "age" : 14,
          "sign" : "sagittarius",
          "moonPhase" : "phase2",
          "signDate" : "2019-06-15T09:01+0000"
        },
        {
          "date" : "2019-06-17T19:22+0000",
          "timeZone" : 2,
          "moonPhaseDate" : "2019-06-17T08:31+0000",
          "age" : 15,
          "sign" : "capricorn",
          "moonPhase" : "fullMoon",
          "signDate" : "2019-06-17T16:11+0000"
        },
        {
          "date" : "2019-06-18T20:17+0000",
          "age" : 16,
          "moonPhaseDate" : "2019-06-17T08:31+0000",
          "timeZone" : 2,
          "sign" : "capricorn",
          "moonPhase" : "phase3",
          "signDate" : "2019-06-17T16:11+0000"
        },
        {
          "date" : "2019-06-19T21:03+0000",
          "timeZone" : 2,
          "age" : 17,
          "moonPhaseDate" : "2019-06-17T08:31+0000",
          "sign" : "capricorn",
          "moonPhase" : "phase3",
          "signDate" : "2019-06-17T16:11+0000"
        },
        {
          "date" : "2019-06-20T21:40+0000",
          "timeZone" : 2,
          "moonPhaseDate" : "2019-06-17T08:31+0000",
          "age" : 18,
          "sign" : "aquarius",
          "moonPhase" : "phase3",
          "signDate" : "2019-06-20T02:01+0000"
        },
        {
          "date" : "2019-06-21T22:11+0000",
          "timeZone" : 2,
          "moonPhaseDate" : "2019-06-17T08:31+0000",
          "age" : 19,
          "sign" : "pisces",
          "moonPhase" : "phase3",
          "signDate" : "2019-06-22T14:01+0000"
        },
        {
          "date" : "2019-06-22T22:36+0000",
          "age" : 20,
          "moonPhaseDate" : "2019-06-17T08:31+0000",
          "timeZone" : 2,
          "sign" : "pisces",
          "moonPhase" : "phase3",
          "signDate" : "2019-06-22T14:01+0000"
        },
        {
          "date" : "2019-06-23T22:58+0000",
          "timeZone" : 2,
          "moonPhaseDate" : "2019-06-17T08:31+0000",
          "age" : 21,
          "sign" : "pisces",
          "moonPhase" : "phase3",
          "signDate" : "2019-06-22T14:01+0000"
        },
        {
          "date" : "2019-06-24T23:18+0000",
          "timeZone" : 2,
          "moonPhaseDate" : "2019-06-25T09:46+0000",
          "age" : 22,
          "sign" : "aries",
          "moonPhase" : "phase4",
          "signDate" : "2019-06-25T02:34+0000"
        },
        {
          "date" : "2019-06-25T23:37+0000",
          "timeZone" : 2,
          "moonPhaseDate" : "2019-06-25T09:46+0000",
          "age" : 23,
          "sign" : "aries",
          "moonPhase" : "phase4",
          "signDate" : "2019-06-25T02:34+0000"
        },
        {
          "date" : "2019-06-26T23:56+0000",
          "timeZone" : 2,
          "moonPhaseDate" : "2019-06-25T09:46+0000",
          "age" : 24,
          "sign" : "taurus",
          "moonPhase" : "phase4",
          "signDate" : "2019-06-27T13:30+0000"
        },
        {
          "date" : "2019-06-28T00:17+0000",
          "timeZone" : 2,
          "age" : 25,
          "moonPhaseDate" : "2019-06-25T09:46+0000",
          "sign" : "taurus",
          "moonPhase" : "phase4",
          "signDate" : "2019-06-27T13:30+0000"
        },
        {
          "date" : "2019-06-29T00:41+0000",
          "timeZone" : 2,
          "moonPhaseDate" : "2019-06-25T09:46+0000",
          "age" : 26,
          "sign" : "gemini",
          "moonPhase" : "phase4",
          "signDate" : "2019-06-29T21:10+0000"
        },
        {
          "date" : "2019-06-30T01:09+0000",
          "timeZone" : 2,
          "moonPhaseDate" : "2019-06-25T09:46+0000",
          "age" : 27,
          "sign" : "gemini",
          "moonPhase" : "phase4",
          "signDate" : "2019-06-29T21:10+0000"
        },
        {
          "date" : "2019-07-01T01:45+0000",
          "timeZone" : 2,
          "moonPhaseDate" : null,
          "age" : 28,
          "sign" : "gemini",
          "moonPhase" : "phase4",
          "signDate" : "2019-06-29T21:10+0000"
        },
        {
          "date" : "2019-07-02T02:31+0000",
          "timeZone" : 2,
          "moonPhaseDate" : "2019-07-02T19:16+0000",
          "age" : 29,
          "sign" : "cancer",
          "moonPhase" : "newMoon",
          "signDate" : "2019-07-02T01:26+0000"
        },
        {
          "date" : "2019-07-02T19:16+0000",
          "timeZone" : 2,
          "moonPhaseDate" : "2019-07-02T19:16+0000",
          "age" : 1,
          "sign" : "cancer",
          "moonPhase" : "newMoon",
          "signDate" : "2019-07-02T01:26+0000"
        },
        {
          "date" : "2019-07-03T03:28+0000",
          "timeZone" : 2,
          "moonPhaseDate" : "2019-07-02T19:16+0000",
          "age" : 2,
          "sign" : "cancer",
          "moonPhase" : "phase1",
          "signDate" : "2019-07-02T01:26+0000"
        },
        {
          "date" : "2019-07-04T04:37+0000",
          "timeZone" : 2,
          "age" : 3,
          "moonPhaseDate" : "2019-07-02T19:16+0000",
          "sign" : "leo",
          "moonPhase" : "phase1",
          "signDate" : "2019-07-04T03:21+0000"
        },
        {
          "date" : "2019-07-05T05:55+0000",
          "timeZone" : 2,
          "age" : 4,
          "moonPhaseDate" : "2019-07-02T19:16+0000",
          "sign" : "leo",
          "moonPhase" : "phase1",
          "signDate" : "2019-07-04T03:21+0000"
        },
        {
          "date" : "2019-07-06T07:16+0000",
          "timeZone" : 2,
          "moonPhaseDate" : "2019-07-02T19:16+0000",
          "age" : 5,
          "sign" : "virgo",
          "moonPhase" : "phase1",
          "signDate" : "2019-07-06T04:25+0000"
        },
        {
          "date" : "2019-07-07T08:37+0000",
          "timeZone" : 2,
          "moonPhaseDate" : "2019-07-02T19:16+0000",
          "age" : 6,
          "sign" : "virgo",
          "moonPhase" : "phase1",
          "signDate" : "2019-07-06T04:25+0000"
        },
        {
          "date" : "2019-07-08T09:56+0000",
          "timeZone" : 2,
          "moonPhaseDate" : "2019-07-02T19:16+0000",
          "age" : 7,
          "sign" : "libra",
          "moonPhase" : "phase1",
          "signDate" : "2019-07-08T06:07+0000"
        },
        {
          "date" : "2019-07-09T11:14+0000",
          "age" : 8,
          "moonPhaseDate" : "2019-07-09T10:55+0000",
          "timeZone" : 2,
          "sign" : "libra",
          "moonPhase" : "phase2",
          "signDate" : "2019-07-08T06:07+0000"
        },
        {
          "date" : "2019-07-10T12:30+0000",
          "age" : 9,
          "moonPhaseDate" : "2019-07-09T10:55+0000",
          "timeZone" : 2,
          "sign" : "scorpio",
          "moonPhase" : "phase2",
          "signDate" : "2019-07-10T09:28+0000"
        },
        {
          "date" : "2019-07-11T13:45+0000",
          "age" : 10,
          "moonPhaseDate" : "2019-07-09T10:55+0000",
          "timeZone" : 2,
          "sign" : "scorpio",
          "moonPhase" : "phase2",
          "signDate" : "2019-07-10T09:28+0000"
        },
        {
          "date" : "2019-07-12T14:58+0000",
          "timeZone" : 2,
          "moonPhaseDate" : "2019-07-09T10:55+0000",
          "age" : 11,
          "sign" : "sagittarius",
          "moonPhase" : "phase2",
          "signDate" : "2019-07-12T15:04+0000"
        },
        {
          "date" : "2019-07-13T16:08+0000",
          "timeZone" : 2,
          "moonPhaseDate" : "2019-07-09T10:55+0000",
          "age" : 12,
          "sign" : "sagittarius",
          "moonPhase" : "phase2",
          "signDate" : "2019-07-12T15:04+0000"
        },
        {
          "date" : "2019-07-14T17:13+0000",
          "timeZone" : 2,
          "moonPhaseDate" : "2019-07-09T10:55+0000",
          "age" : 13,
          "sign" : "sagittarius",
          "moonPhase" : "phase2",
          "signDate" : "2019-07-12T15:04+0000"
        },
        {
          "date" : "2019-07-15T18:10+0000",
          "timeZone" : 2,
          "moonPhaseDate" : "2019-07-09T10:55+0000",
          "age" : 14,
          "sign" : "capricorn",
          "moonPhase" : "phase2",
          "signDate" : "2019-07-14T23:03+0000"
        },
        {
          "date" : "2019-07-16T18:59+0000",
          "timeZone" : 2,
          "moonPhaseDate" : "2019-07-16T21:38+0000",
          "age" : 15,
          "sign" : "capricorn",
          "moonPhase" : "fullMoon",
          "signDate" : "2019-07-14T23:03+0000"
        },
        {
          "date" : "2019-07-17T19:39+0000",
          "timeZone" : 2,
          "moonPhaseDate" : "2019-07-16T21:38+0000",
          "age" : 16,
          "sign" : "aquarius",
          "moonPhase" : "phase3",
          "signDate" : "2019-07-17T09:18+0000"
        },
        {
          "date" : "2019-07-18T20:12+0000",
          "timeZone" : 2,
          "moonPhaseDate" : "2019-07-16T21:38+0000",
          "age" : 17,
          "sign" : "aquarius",
          "moonPhase" : "phase3",
          "signDate" : "2019-07-17T09:18+0000"
        },
        {
          "date" : "2019-07-19T20:39+0000",
          "age" : 18,
          "moonPhaseDate" : "2019-07-16T21:38+0000",
          "timeZone" : 2,
          "sign" : "pisces",
          "moonPhase" : "phase3",
          "signDate" : "2019-07-19T21:19+0000"
        },
        {
          "date" : "2019-07-20T21:02+0000",
          "timeZone" : 2,
          "moonPhaseDate" : "2019-07-16T21:38+0000",
          "age" : 19,
          "sign" : "pisces",
          "moonPhase" : "phase3",
          "signDate" : "2019-07-19T21:19+0000"
        },
        {
          "date" : "2019-07-21T21:23+0000",
          "timeZone" : 2,
          "moonPhaseDate" : "2019-07-16T21:38+0000",
          "age" : 20,
          "sign" : "pisces",
          "moonPhase" : "phase3",
          "signDate" : "2019-07-19T21:19+0000"
        },
        {
          "date" : "2019-07-22T21:42+0000",
          "timeZone" : 2,
          "moonPhaseDate" : "2019-07-16T21:38+0000",
          "age" : 21,
          "sign" : "aries",
          "moonPhase" : "phase3",
          "signDate" : "2019-07-22T10:01+0000"
        },
        {
          "date" : "2019-07-23T22:01+0000",
          "timeZone" : 2,
          "age" : 22,
          "moonPhaseDate" : "2019-07-16T21:38+0000",
          "sign" : "taurus",
          "moonPhase" : "phase3",
          "signDate" : "2019-07-24T21:40+0000"
        },
        {
          "date" : "2019-07-24T22:20+0000",
          "timeZone" : 2,
          "age" : 23,
          "moonPhaseDate" : "2019-07-25T01:18+0000",
          "sign" : "taurus",
          "moonPhase" : "phase4",
          "signDate" : "2019-07-24T21:40+0000"
        },
        {
          "date" : "2019-07-25T22:42+0000",
          "timeZone" : 2,
          "moonPhaseDate" : "2019-07-25T01:18+0000",
          "age" : 24,
          "sign" : "taurus",
          "moonPhase" : "phase4",
          "signDate" : "2019-07-24T21:40+0000"
        },
        {
          "date" : "2019-07-26T23:08+0000",
          "timeZone" : 2,
          "age" : 25,
          "moonPhaseDate" : "2019-07-25T01:18+0000",
          "sign" : "gemini",
          "moonPhase" : "phase4",
          "signDate" : "2019-07-27T06:28+0000"
        },
        {
          "date" : "2019-07-27T23:39+0000",
          "age" : 26,
          "moonPhaseDate" : "2019-07-25T01:18+0000",
          "timeZone" : 2,
          "sign" : "gemini",
          "moonPhase" : "phase4",
          "signDate" : "2019-07-27T06:28+0000"
        },
        {
          "date" : "2019-07-29T00:19+0000",
          "timeZone" : 2,
          "moonPhaseDate" : "2019-07-25T01:18+0000",
          "age" : 27,
          "sign" : "cancer",
          "moonPhase" : "phase4",
          "signDate" : "2019-07-29T11:30+0000"
        },
        {
          "date" : "2019-07-30T01:10+0000",
          "timeZone" : 2,
          "age" : 28,
          "moonPhaseDate" : "2019-07-25T01:18+0000",
          "sign" : "cancer",
          "moonPhase" : "phase4",
          "signDate" : "2019-07-29T11:30+0000"
        },
        {
          "date" : "2019-07-31T02:14+0000",
          "timeZone" : 2,
          "moonPhaseDate" : "2019-07-25T01:18+0000",
          "age" : 29,
          "sign" : "leo",
          "moonPhase" : "phase4",
          "signDate" : "2019-07-31T13:18+0000"
        },
        {
          "date" : "2019-08-01T03:12+0000",
          "age" : 1,
          "moonPhaseDate" : "2019-08-01T03:12+0000",
          "timeZone" : 2,
          "sign" : "leo",
          "moonPhase" : "newMoon",
          "signDate" : "2019-07-31T13:18+0000"
        },
        {
          "date" : "2019-08-01T03:29+0000",
          "timeZone" : 2,
          "moonPhaseDate" : "2019-08-01T03:12+0000",
          "age" : 2,
          "sign" : "leo",
          "moonPhase" : "newMoon",
          "signDate" : "2019-07-31T13:18+0000"
        },
        {
          "date" : "2019-08-02T04:51+0000",
          "timeZone" : 2,
          "moonPhaseDate" : "2019-08-01T03:12+0000",
          "age" : 3,
          "sign" : "virgo",
          "moonPhase" : "phase1",
          "signDate" : "2019-08-02T13:23+0000"
        },
        {
          "date" : "2019-08-03T06:15+0000",
          "timeZone" : 2,
          "moonPhaseDate" : "2019-08-01T03:12+0000",
          "age" : 4,
          "sign" : "virgo",
          "moonPhase" : "phase1",
          "signDate" : "2019-08-02T13:23+0000"
        },
        {
          "date" : "2019-08-04T07:38+0000",
          "timeZone" : 2,
          "moonPhaseDate" : "2019-08-01T03:12+0000",
          "age" : 5,
          "sign" : "libra",
          "moonPhase" : "phase1",
          "signDate" : "2019-08-04T13:32+0000"
        },
        {
          "date" : "2019-08-05T08:59+0000",
          "timeZone" : 2,
          "age" : 6,
          "moonPhaseDate" : "2019-08-01T03:12+0000",
          "sign" : "libra",
          "moonPhase" : "phase1",
          "signDate" : "2019-08-04T13:32+0000"
        },
        {
          "date" : "2019-08-06T10:18+0000",
          "age" : 7,
          "moonPhaseDate" : "2019-08-01T03:12+0000",
          "timeZone" : 2,
          "sign" : "scorpio",
          "moonPhase" : "phase1",
          "signDate" : "2019-08-06T15:31+0000"
        },
        {
          "date" : "2019-08-07T11:35+0000",
          "timeZone" : 2,
          "moonPhaseDate" : "2019-08-07T17:31+0000",
          "age" : 8,
          "sign" : "scorpio",
          "moonPhase" : "phase2",
          "signDate" : "2019-08-06T15:31+0000"
        },
        {
          "date" : "2019-08-08T12:49+0000",
          "age" : 9,
          "moonPhaseDate" : "2019-08-07T17:31+0000",
          "timeZone" : 2,
          "sign" : "sagittarius",
          "moonPhase" : "phase2",
          "signDate" : "2019-08-08T20:32+0000"
        },
        {
          "date" : "2019-08-09T14:00+0000",
          "timeZone" : 2,
          "moonPhaseDate" : "2019-08-07T17:31+0000",
          "age" : 10,
          "sign" : "sagittarius",
          "moonPhase" : "phase2",
          "signDate" : "2019-08-08T20:32+0000"
        },
        {
          "date" : "2019-08-10T15:06+0000",
          "timeZone" : 2,
          "age" : 11,
          "moonPhaseDate" : "2019-08-07T17:31+0000",
          "sign" : "sagittarius",
          "moonPhase" : "phase2",
          "signDate" : "2019-08-08T20:32+0000"
        },
        {
          "date" : "2019-08-11T16:05+0000",
          "timeZone" : 2,
          "moonPhaseDate" : "2019-08-07T17:31+0000",
          "age" : 12,
          "sign" : "capricorn",
          "moonPhase" : "phase2",
          "signDate" : "2019-08-11T04:48+0000"
        },
        {
          "date" : "2019-08-12T16:57+0000",
          "timeZone" : 2,
          "age" : 13,
          "moonPhaseDate" : "2019-08-07T17:31+0000",
          "sign" : "capricorn",
          "moonPhase" : "phase2",
          "signDate" : "2019-08-11T04:48+0000"
        },
        {
          "date" : "2019-08-13T17:39+0000",
          "timeZone" : 2,
          "moonPhaseDate" : "2019-08-07T17:31+0000",
          "age" : 14,
          "sign" : "aquarius",
          "moonPhase" : "phase2",
          "signDate" : "2019-08-13T15:36+0000"
        },
        {
          "date" : "2019-08-14T18:14+0000",
          "timeZone" : 2,
          "moonPhaseDate" : "2019-08-07T17:31+0000",
          "age" : 15,
          "sign" : "aquarius",
          "moonPhase" : "phase2",
          "signDate" : "2019-08-13T15:36+0000"
        },
        {
          "date" : "2019-08-15T18:43+0000",
          "timeZone" : 2,
          "moonPhaseDate" : "2019-08-15T12:29+0000",
          "age" : 16,
          "sign" : "aquarius",
          "moonPhase" : "fullMoon",
          "signDate" : "2019-08-13T15:36+0000"
        },
        {
          "date" : "2019-08-16T19:07+0000",
          "timeZone" : 2,
          "moonPhaseDate" : "2019-08-15T12:29+0000",
          "age" : 17,
          "sign" : "pisces",
          "moonPhase" : "phase3",
          "signDate" : "2019-08-16T03:50+0000"
        },
        {
          "date" : "2019-08-17T19:28+0000",
          "timeZone" : 2,
          "moonPhaseDate" : "2019-08-15T12:29+0000",
          "age" : 18,
          "sign" : "pisces",
          "moonPhase" : "phase3",
          "signDate" : "2019-08-16T03:50+0000"
        },
        {
          "date" : "2019-08-18T19:47+0000",
          "timeZone" : 2,
          "moonPhaseDate" : "2019-08-15T12:29+0000",
          "age" : 19,
          "sign" : "aries",
          "moonPhase" : "phase3",
          "signDate" : "2019-08-18T16:32+0000"
        },
        {
          "date" : "2019-08-19T20:06+0000",
          "age" : 20,
          "moonPhaseDate" : "2019-08-15T12:29+0000",
          "timeZone" : 2,
          "sign" : "aries",
          "moonPhase" : "phase3",
          "signDate" : "2019-08-18T16:32+0000"
        },
        {
          "date" : "2019-08-20T20:25+0000",
          "age" : 21,
          "moonPhaseDate" : "2019-08-15T12:29+0000",
          "timeZone" : 2,
          "sign" : "aries",
          "moonPhase" : "phase3",
          "signDate" : "2019-08-18T16:32+0000"
        },
        {
          "date" : "2019-08-21T20:45+0000",
          "timeZone" : 2,
          "age" : 22,
          "moonPhaseDate" : "2019-08-15T12:29+0000",
          "sign" : "taurus",
          "moonPhase" : "phase3",
          "signDate" : "2019-08-21T04:36+0000"
        },
        {
          "date" : "2019-08-22T21:08+0000",
          "age" : 23,
          "moonPhaseDate" : "2019-08-15T12:29+0000",
          "timeZone" : 2,
          "sign" : "taurus",
          "moonPhase" : "phase3",
          "signDate" : "2019-08-21T04:36+0000"
        },
        {
          "date" : "2019-08-23T21:36+0000",
          "timeZone" : 2,
          "moonPhaseDate" : "2019-08-23T14:56+0000",
          "age" : 24,
          "sign" : "gemini",
          "moonPhase" : "phase4",
          "signDate" : "2019-08-23T14:34+0000"
        },
        {
          "date" : "2019-08-24T22:11+0000",
          "timeZone" : 2,
          "moonPhaseDate" : "2019-08-23T14:56+0000",
          "age" : 25,
          "sign" : "cancer",
          "moonPhase" : "phase4",
          "signDate" : "2019-08-25T21:05+0000"
        },
        {
          "date" : "2019-08-25T22:55+0000",
          "age" : 26,
          "moonPhaseDate" : "2019-08-23T14:56+0000",
          "timeZone" : 2,
          "sign" : "cancer",
          "moonPhase" : "phase4",
          "signDate" : "2019-08-25T21:05+0000"
        },
        {
          "date" : "2019-08-26T23:52+0000",
          "timeZone" : 2,
          "moonPhaseDate" : "2019-08-23T14:56+0000",
          "age" : 27,
          "sign" : "cancer",
          "moonPhase" : "phase4",
          "signDate" : "2019-08-25T21:05+0000"
        },
        {
          "date" : "2019-08-28T01:01+0000",
          "age" : 28,
          "moonPhaseDate" : "2019-08-23T14:56+0000",
          "timeZone" : 2,
          "sign" : "leo",
          "moonPhase" : "phase4",
          "signDate" : "2019-08-27T23:51+0000"
        },
        {
          "date" : "2019-08-29T02:19+0000",
          "age" : 29,
          "moonPhaseDate" : "2019-08-23T14:56+0000",
          "timeZone" : 2,
          "sign" : "leo",
          "moonPhase" : "phase4",
          "signDate" : "2019-08-27T23:51+0000"
        },
        {
          "date" : "2019-08-30T03:43+0000",
          "timeZone" : 2,
          "moonPhaseDate" : "2019-08-30T10:37+0000",
          "age" : 30,
          "sign" : "virgo",
          "moonPhase" : "newMoon",
          "signDate" : "2019-08-29T23:57+0000"
        },
        {
          "date" : "2019-08-30T10:37+0000",
          "timeZone" : 2,
          "moonPhaseDate" : "2019-08-30T10:37+0000",
          "age" : 1,
          "sign" : "virgo",
          "moonPhase" : "newMoon",
          "signDate" : "2019-08-29T23:57+0000"
        },
        {
          "date" : "2019-08-31T05:09+0000",
          "timeZone" : 2,
          "age" : 2,
          "moonPhaseDate" : "2019-08-30T10:37+0000",
          "sign" : "virgo",
          "moonPhase" : "phase1",
          "signDate" : "2019-08-29T23:57+0000"
        },
        {
          "date" : "2019-09-01T06:34+0000",
          "timeZone" : 2,
          "moonPhaseDate" : null,
          "age" : 3,
          "sign" : "libra",
          "moonPhase" : "phase1",
          "signDate" : "2019-08-31T23:12+0000"
        },
        {
          "date" : "2019-09-02T07:57+0000",
          "age" : 4,
          "moonPhaseDate" : null,
          "timeZone" : 2,
          "sign" : "libra",
          "moonPhase" : "phase1",
          "signDate" : "2019-08-31T23:12+0000"
        },
        {
          "date" : "2019-09-03T09:17+0000",
          "timeZone" : 2,
          "moonPhaseDate" : null,
          "age" : 5,
          "sign" : "scorpio",
          "moonPhase" : "phase1",
          "signDate" : "2019-09-02T23:38+0000"
        },
        {
          "date" : "2019-09-04T10:35+0000",
          "timeZone" : 2,
          "moonPhaseDate" : null,
          "age" : 6,
          "sign" : "scorpio",
          "moonPhase" : "phase1",
          "signDate" : "2019-09-02T23:38+0000"
        },
        {
          "date" : "2019-09-05T11:50+0000",
          "timeZone" : 2,
          "moonPhaseDate" : null,
          "age" : 7,
          "sign" : "sagittarius",
          "moonPhase" : "phase1",
          "signDate" : "2019-09-05T03:06+0000"
        },
        {
          "date" : "2019-09-06T12:59+0000",
          "timeZone" : 2,
          "moonPhaseDate" : "2019-09-06T03:10+0000",
          "age" : 8,
          "sign" : "sagittarius",
          "moonPhase" : "phase2",
          "signDate" : "2019-09-05T03:06+0000"
        },
        {
          "date" : "2019-09-07T14:01+0000",
          "timeZone" : 2,
          "age" : 9,
          "moonPhaseDate" : "2019-09-06T03:10+0000",
          "sign" : "capricorn",
          "moonPhase" : "phase2",
          "signDate" : "2019-09-07T10:35+0000"
        },
        {
          "date" : "2019-09-08T14:55+0000",
          "timeZone" : 2,
          "moonPhaseDate" : "2019-09-06T03:10+0000",
          "age" : 10,
          "sign" : "capricorn",
          "moonPhase" : "phase2",
          "signDate" : "2019-09-07T10:35+0000"
        },
        {
          "date" : "2019-09-09T15:40+0000",
          "timeZone" : 2,
          "moonPhaseDate" : "2019-09-06T03:10+0000",
          "age" : 11,
          "sign" : "aquarius",
          "moonPhase" : "phase2",
          "signDate" : "2019-09-09T21:25+0000"
        },
        {
          "date" : "2019-09-10T16:17+0000",
          "timeZone" : 2,
          "moonPhaseDate" : "2019-09-06T03:10+0000",
          "age" : 12,
          "sign" : "aquarius",
          "moonPhase" : "phase2",
          "signDate" : "2019-09-09T21:25+0000"
        },
        {
          "date" : "2019-09-11T16:47+0000",
          "timeZone" : 2,
          "moonPhaseDate" : "2019-09-06T03:10+0000",
          "age" : 13,
          "sign" : "aquarius",
          "moonPhase" : "phase2",
          "signDate" : "2019-09-09T21:25+0000"
        },
        {
          "date" : "2019-09-12T17:12+0000",
          "timeZone" : 2,
          "moonPhaseDate" : "2019-09-06T03:10+0000",
          "age" : 14,
          "sign" : "pisces",
          "moonPhase" : "phase2",
          "signDate" : "2019-09-12T09:53+0000"
        },
        {
          "date" : "2019-09-13T17:34+0000",
          "timeZone" : 2,
          "age" : 15,
          "moonPhaseDate" : "2019-09-06T03:10+0000",
          "sign" : "pisces",
          "moonPhase" : "phase2",
          "signDate" : "2019-09-12T09:53+0000"
        },
        {
          "date" : "2019-09-14T17:53+0000",
          "timeZone" : 2,
          "moonPhaseDate" : "2019-09-14T04:33+0000",
          "age" : 16,
          "sign" : "pisces",
          "moonPhase" : "fullMoon",
          "signDate" : "2019-09-12T09:53+0000"
        },
        {
          "date" : "2019-09-15T18:12+0000",
          "age" : 17,
          "moonPhaseDate" : "2019-09-14T04:33+0000",
          "timeZone" : 2,
          "sign" : "aries",
          "moonPhase" : "phase3",
          "signDate" : "2019-09-14T22:32+0000"
        },
        {
          "date" : "2019-09-16T18:30+0000",
          "timeZone" : 2,
          "age" : 18,
          "moonPhaseDate" : "2019-09-14T04:33+0000",
          "sign" : "aries",
          "moonPhase" : "phase3",
          "signDate" : "2019-09-14T22:32+0000"
        },
        {
          "date" : "2019-09-17T18:50+0000",
          "timeZone" : 2,
          "moonPhaseDate" : "2019-09-14T04:33+0000",
          "age" : 19,
          "sign" : "taurus",
          "moonPhase" : "phase3",
          "signDate" : "2019-09-17T10:30+0000"
        },
        {
          "date" : "2019-09-18T19:12+0000",
          "timeZone" : 2,
          "age" : 20,
          "moonPhaseDate" : "2019-09-14T04:33+0000",
          "sign" : "taurus",
          "moonPhase" : "phase3",
          "signDate" : "2019-09-17T10:30+0000"
        },
        {
          "date" : "2019-09-19T19:37+0000",
          "timeZone" : 2,
          "moonPhaseDate" : "2019-09-14T04:33+0000",
          "age" : 21,
          "sign" : "gemini",
          "moonPhase" : "phase3",
          "signDate" : "2019-09-19T20:58+0000"
        },
        {
          "date" : "2019-09-20T20:08+0000",
          "timeZone" : 2,
          "moonPhaseDate" : "2019-09-14T04:33+0000",
          "age" : 22,
          "sign" : "gemini",
          "moonPhase" : "phase3",
          "signDate" : "2019-09-19T20:58+0000"
        },
        {
          "date" : "2019-09-21T20:47+0000",
          "timeZone" : 2,
          "moonPhaseDate" : "2019-09-14T04:33+0000",
          "age" : 23,
          "sign" : "gemini",
          "moonPhase" : "phase3",
          "signDate" : "2019-09-19T20:58+0000"
        },
        {
          "date" : "2019-09-22T21:37+0000",
          "timeZone" : 2,
          "moonPhaseDate" : "2019-09-22T02:41+0000",
          "age" : 24,
          "sign" : "cancer",
          "moonPhase" : "phase4",
          "signDate" : "2019-09-22T04:52+0000"
        },
        {
          "date" : "2019-09-23T22:39+0000",
          "timeZone" : 2,
          "age" : 25,
          "moonPhaseDate" : "2019-09-22T02:41+0000",
          "sign" : "leo",
          "moonPhase" : "phase4",
          "signDate" : "2019-09-24T09:19+0000"
        },
        {
          "date" : "2019-09-24T23:51+0000",
          "timeZone" : 2,
          "moonPhaseDate" : "2019-09-22T02:41+0000",
          "age" : 26,
          "sign" : "leo",
          "moonPhase" : "phase4",
          "signDate" : "2019-09-24T09:19+0000"
        },
        {
          "date" : "2019-09-26T01:11+0000",
          "timeZone" : 2,
          "moonPhaseDate" : "2019-09-22T02:41+0000",
          "age" : 27,
          "sign" : "virgo",
          "moonPhase" : "phase4",
          "signDate" : "2019-09-26T10:35+0000"
        },
        {
          "date" : "2019-09-27T02:35+0000",
          "timeZone" : 2,
          "age" : 28,
          "moonPhaseDate" : "2019-09-22T02:41+0000",
          "sign" : "virgo",
          "moonPhase" : "phase4",
          "signDate" : "2019-09-26T10:35+0000"
        },
        {
          "date" : "2019-09-28T04:01+0000",
          "age" : 29,
          "moonPhaseDate" : "2019-09-28T18:26+0000",
          "timeZone" : 2,
          "sign" : "libra",
          "moonPhase" : "newMoon",
          "signDate" : "2019-09-28T10:04+0000"
        },
        {
          "date" : "2019-09-28T18:26+0000",
          "timeZone" : 2,
          "moonPhaseDate" : "2019-09-28T18:26+0000",
          "age" : 1,
          "sign" : "libra",
          "moonPhase" : "newMoon",
          "signDate" : "2019-09-28T10:04+0000"
        },
        {
          "date" : "2019-09-29T05:26+0000",
          "timeZone" : 2,
          "moonPhaseDate" : "2019-09-28T18:26+0000",
          "age" : 2,
          "sign" : "libra",
          "moonPhase" : "phase1",
          "signDate" : "2019-09-28T10:04+0000"
        },
        {
          "date" : "2019-09-30T06:50+0000",
          "age" : 3,
          "moonPhaseDate" : "2019-09-28T18:26+0000",
          "timeZone" : 2,
          "sign" : "scorpio",
          "moonPhase" : "phase1",
          "signDate" : "2019-09-30T09:45+0000"
        },
        {
          "date" : "2019-10-01T08:12+0000",
          "timeZone" : 2,
          "age" : 4,
          "moonPhaseDate" : null,
          "sign" : "scorpio",
          "moonPhase" : "phase1",
          "signDate" : "2019-09-30T09:45+0000"
        },
        {
          "date" : "2019-10-02T09:31+0000",
          "timeZone" : 2,
          "age" : 5,
          "moonPhaseDate" : null,
          "sign" : "sagittarius",
          "moonPhase" : "phase1",
          "signDate" : "2019-10-02T11:45+0000"
        },
        {
          "date" : "2019-10-03T10:45+0000",
          "timeZone" : 2,
          "moonPhaseDate" : null,
          "age" : 6,
          "sign" : "sagittarius",
          "moonPhase" : "phase1",
          "signDate" : "2019-10-02T11:45+0000"
        },
        {
          "date" : "2019-10-04T11:53+0000",
          "timeZone" : 2,
          "age" : 7,
          "moonPhaseDate" : null,
          "sign" : "capricorn",
          "moonPhase" : "phase1",
          "signDate" : "2019-10-04T17:41+0000"
        },
        {
          "date" : "2019-10-05T12:51+0000",
          "age" : 8,
          "moonPhaseDate" : "2019-10-05T16:47+0000",
          "timeZone" : 2,
          "sign" : "capricorn",
          "moonPhase" : "phase2",
          "signDate" : "2019-10-04T17:41+0000"
        },
        {
          "date" : "2019-10-06T13:40+0000",
          "timeZone" : 2,
          "moonPhaseDate" : "2019-10-05T16:47+0000",
          "age" : 9,
          "sign" : "capricorn",
          "moonPhase" : "phase2",
          "signDate" : "2019-10-04T17:41+0000"
        },
        {
          "date" : "2019-10-07T14:19+0000",
          "timeZone" : 2,
          "age" : 10,
          "moonPhaseDate" : "2019-10-05T16:47+0000",
          "sign" : "aquarius",
          "moonPhase" : "phase2",
          "signDate" : "2019-10-07T03:43+0000"
        },
        {
          "date" : "2019-10-08T14:51+0000",
          "timeZone" : 2,
          "moonPhaseDate" : "2019-10-05T16:47+0000",
          "age" : 11,
          "sign" : "aquarius",
          "moonPhase" : "phase2",
          "signDate" : "2019-10-07T03:43+0000"
        },
        {
          "date" : "2019-10-09T15:18+0000",
          "timeZone" : 2,
          "age" : 12,
          "moonPhaseDate" : "2019-10-05T16:47+0000",
          "sign" : "pisces",
          "moonPhase" : "phase2",
          "signDate" : "2019-10-09T16:08+0000"
        },
        {
          "date" : "2019-10-10T15:40+0000",
          "timeZone" : 2,
          "moonPhaseDate" : "2019-10-05T16:47+0000",
          "age" : 13,
          "sign" : "pisces",
          "moonPhase" : "phase2",
          "signDate" : "2019-10-09T16:08+0000"
        },
        {
          "date" : "2019-10-11T16:00+0000",
          "age" : 14,
          "moonPhaseDate" : "2019-10-05T16:47+0000",
          "timeZone" : 2,
          "sign" : "pisces",
          "moonPhase" : "phase2",
          "signDate" : "2019-10-09T16:08+0000"
        },
        {
          "date" : "2019-10-12T16:18+0000",
          "timeZone" : 2,
          "moonPhaseDate" : "2019-10-05T16:47+0000",
          "age" : 15,
          "sign" : "aries",
          "moonPhase" : "phase2",
          "signDate" : "2019-10-12T04:46+0000"
        },
        {
          "date" : "2019-10-13T16:37+0000",
          "timeZone" : 2,
          "age" : 16,
          "moonPhaseDate" : "2019-10-13T21:08+0000",
          "sign" : "aries",
          "moonPhase" : "fullMoon",
          "signDate" : "2019-10-12T04:46+0000"
        },
        {
          "date" : "2019-10-14T16:56+0000",
          "timeZone" : 2,
          "age" : 17,
          "moonPhaseDate" : "2019-10-13T21:08+0000",
          "sign" : "taurus",
          "moonPhase" : "phase3",
          "signDate" : "2019-10-14T16:23+0000"
        },
        {
          "date" : "2019-10-15T17:16+0000",
          "timeZone" : 2,
          "moonPhaseDate" : "2019-10-13T21:08+0000",
          "age" : 18,
          "sign" : "taurus",
          "moonPhase" : "phase3",
          "signDate" : "2019-10-14T16:23+0000"
        },
        {
          "date" : "2019-10-16T17:40+0000",
          "timeZone" : 2,
          "moonPhaseDate" : "2019-10-13T21:08+0000",
          "age" : 19,
          "sign" : "taurus",
          "moonPhase" : "phase3",
          "signDate" : "2019-10-14T16:23+0000"
        },
        {
          "date" : "2019-10-17T18:09+0000",
          "timeZone" : 2,
          "moonPhaseDate" : "2019-10-13T21:08+0000",
          "age" : 20,
          "sign" : "gemini",
          "moonPhase" : "phase3",
          "signDate" : "2019-10-17T02:29+0000"
        },
        {
          "date" : "2019-10-18T18:45+0000",
          "timeZone" : 2,
          "moonPhaseDate" : "2019-10-13T21:08+0000",
          "age" : 21,
          "sign" : "gemini",
          "moonPhase" : "phase3",
          "signDate" : "2019-10-17T02:29+0000"
        },
        {
          "date" : "2019-10-19T19:31+0000",
          "timeZone" : 2,
          "moonPhaseDate" : "2019-10-13T21:08+0000",
          "age" : 22,
          "sign" : "cancer",
          "moonPhase" : "phase3",
          "signDate" : "2019-10-19T10:42+0000"
        },
        {
          "date" : "2019-10-20T20:27+0000",
          "timeZone" : 2,
          "moonPhaseDate" : "2019-10-13T21:08+0000",
          "age" : 23,
          "sign" : "cancer",
          "moonPhase" : "phase3",
          "signDate" : "2019-10-19T10:42+0000"
        },
        {
          "date" : "2019-10-21T21:34+0000",
          "timeZone" : 2,
          "moonPhaseDate" : "2019-10-21T12:39+0000",
          "age" : 24,
          "sign" : "leo",
          "moonPhase" : "phase4",
          "signDate" : "2019-10-21T16:30+0000"
        },
        {
          "date" : "2019-10-22T22:48+0000",
          "age" : 25,
          "moonPhaseDate" : "2019-10-21T12:39+0000",
          "timeZone" : 2,
          "sign" : "virgo",
          "moonPhase" : "phase4",
          "signDate" : "2019-10-23T19:30+0000"
        },
        {
          "date" : "2019-10-24T00:08+0000",
          "timeZone" : 2,
          "moonPhaseDate" : "2019-10-21T12:39+0000",
          "age" : 26,
          "sign" : "virgo",
          "moonPhase" : "phase4",
          "signDate" : "2019-10-23T19:30+0000"
        },
        {
          "date" : "2019-10-25T01:30+0000",
          "age" : 27,
          "moonPhaseDate" : "2019-10-21T12:39+0000",
          "timeZone" : 2,
          "sign" : "libra",
          "moonPhase" : "phase4",
          "signDate" : "2019-10-25T20:20+0000"
        },
        {
          "date" : "2019-10-26T02:54+0000",
          "timeZone" : 2,
          "moonPhaseDate" : "2019-10-21T12:39+0000",
          "age" : 28,
          "sign" : "libra",
          "moonPhase" : "phase4",
          "signDate" : "2019-10-25T20:20+0000"
        },
        {
          "date" : "2019-10-27T03:18+0000",
          "timeZone" : 2,
          "moonPhaseDate" : "2019-10-21T12:39+0000",
          "age" : 29,
          "sign" : "scorpio",
          "moonPhase" : "phase4",
          "signDate" : "2019-10-27T19:31+0000"
        },
        {
          "date" : "2019-10-28T02:38+0000",
          "age" : 1,
          "moonPhaseDate" : "2019-10-28T02:38+0000",
          "timeZone" : 2,
          "sign" : "scorpio",
          "moonPhase" : "newMoon",
          "signDate" : "2019-10-27T19:31+0000"
        },
        {
          "date" : "2019-10-28T04:41+0000",
          "timeZone" : 2,
          "age" : 2,
          "moonPhaseDate" : "2019-10-28T02:38+0000",
          "sign" : "scorpio",
          "moonPhase" : "newMoon",
          "signDate" : "2019-10-27T19:31+0000"
        },
        {
          "date" : "2019-10-29T06:03+0000",
          "timeZone" : 2,
          "age" : 3,
          "moonPhaseDate" : "2019-10-28T02:38+0000",
          "sign" : "sagittarius",
          "moonPhase" : "phase1",
          "signDate" : "2019-10-29T21:00+0000"
        },
        {
          "date" : "2019-10-30T07:22+0000",
          "timeZone" : 2,
          "moonPhaseDate" : "2019-10-28T02:38+0000",
          "age" : 4,
          "sign" : "sagittarius",
          "moonPhase" : "phase1",
          "signDate" : "2019-10-29T21:00+0000"
        },
        {
          "date" : "2019-10-31T08:36+0000",
          "timeZone" : 2,
          "moonPhaseDate" : "2019-10-28T02:38+0000",
          "age" : 5,
          "sign" : "sagittarius",
          "moonPhase" : "phase1",
          "signDate" : "2019-10-29T21:00+0000"
        },
        {
          "date" : "2019-11-01T09:41+0000",
          "timeZone" : 2,
          "moonPhaseDate" : null,
          "age" : 6,
          "sign" : "capricorn",
          "moonPhase" : "phase1",
          "signDate" : "2019-11-01T01:38+0000"
        },
        {
          "date" : "2019-11-02T10:35+0000",
          "timeZone" : 2,
          "moonPhaseDate" : null,
          "age" : 7,
          "sign" : "capricorn",
          "moonPhase" : "phase1",
          "signDate" : "2019-11-01T01:38+0000"
        },
        {
          "date" : "2019-11-03T11:19+0000",
          "timeZone" : 2,
          "age" : 8,
          "moonPhaseDate" : null,
          "sign" : "aquarius",
          "moonPhase" : "phase1",
          "signDate" : "2019-11-03T10:21+0000"
        },
        {
          "date" : "2019-11-04T11:54+0000",
          "timeZone" : 2,
          "moonPhaseDate" : "2019-11-04T09:23+0000",
          "age" : 9,
          "sign" : "aquarius",
          "moonPhase" : "phase2",
          "signDate" : "2019-11-03T10:21+0000"
        },
        {
          "date" : "2019-11-05T12:22+0000",
          "timeZone" : 2,
          "moonPhaseDate" : "2019-11-04T09:23+0000",
          "age" : 10,
          "sign" : "aquarius",
          "moonPhase" : "phase2",
          "signDate" : "2019-11-03T10:21+0000"
        },
        {
          "date" : "2019-11-06T12:46+0000",
          "timeZone" : 2,
          "moonPhaseDate" : "2019-11-04T09:23+0000",
          "age" : 11,
          "sign" : "pisces",
          "moonPhase" : "phase2",
          "signDate" : "2019-11-05T22:11+0000"
        },
        {
          "date" : "2019-11-07T13:06+0000",
          "timeZone" : 2,
          "moonPhaseDate" : "2019-11-04T09:23+0000",
          "age" : 12,
          "sign" : "pisces",
          "moonPhase" : "phase2",
          "signDate" : "2019-11-05T22:11+0000"
        },
        {
          "date" : "2019-11-08T13:25+0000",
          "age" : 13,
          "moonPhaseDate" : "2019-11-04T09:23+0000",
          "timeZone" : 2,
          "sign" : "aries",
          "moonPhase" : "phase2",
          "signDate" : "2019-11-08T10:50+0000"
        },
        {
          "date" : "2019-11-09T13:43+0000",
          "timeZone" : 2,
          "moonPhaseDate" : "2019-11-04T09:23+0000",
          "age" : 14,
          "sign" : "aries",
          "moonPhase" : "phase2",
          "signDate" : "2019-11-08T10:50+0000"
        },
        {
          "date" : "2019-11-10T14:01+0000",
          "timeZone" : 2,
          "moonPhaseDate" : "2019-11-04T09:23+0000",
          "age" : 15,
          "sign" : "aries",
          "moonPhase" : "phase2",
          "signDate" : "2019-11-08T10:50+0000"
        },
        {
          "date" : "2019-11-11T14:21+0000",
          "age" : 16,
          "moonPhaseDate" : "2019-11-04T09:23+0000",
          "timeZone" : 2,
          "sign" : "taurus",
          "moonPhase" : "phase2",
          "signDate" : "2019-11-10T22:19+0000"
        },
        {
          "date" : "2019-11-12T14:44+0000",
          "timeZone" : 2,
          "moonPhaseDate" : "2019-11-12T12:35+0000",
          "age" : 17,
          "sign" : "taurus",
          "moonPhase" : "fullMoon",
          "signDate" : "2019-11-10T22:19+0000"
        },
        {
          "date" : "2019-11-13T15:11+0000",
          "timeZone" : 2,
          "moonPhaseDate" : "2019-11-12T12:35+0000",
          "age" : 18,
          "sign" : "gemini",
          "moonPhase" : "phase3",
          "signDate" : "2019-11-13T07:45+0000"
        },
        {
          "date" : "2019-11-14T15:44+0000",
          "timeZone" : 2,
          "moonPhaseDate" : "2019-11-12T12:35+0000",
          "age" : 19,
          "sign" : "gemini",
          "moonPhase" : "phase3",
          "signDate" : "2019-11-13T07:45+0000"
        },
        {
          "date" : "2019-11-15T16:27+0000",
          "timeZone" : 2,
          "moonPhaseDate" : "2019-11-12T12:35+0000",
          "age" : 20,
          "sign" : "cancer",
          "moonPhase" : "phase3",
          "signDate" : "2019-11-15T15:12+0000"
        },
        {
          "date" : "2019-11-16T17:20+0000",
          "timeZone" : 2,
          "moonPhaseDate" : "2019-11-12T12:35+0000",
          "age" : 21,
          "sign" : "cancer",
          "moonPhase" : "phase3",
          "signDate" : "2019-11-15T15:12+0000"
        },
        {
          "date" : "2019-11-17T18:24+0000",
          "age" : 22,
          "moonPhaseDate" : "2019-11-12T12:35+0000",
          "timeZone" : 2,
          "sign" : "leo",
          "moonPhase" : "phase3",
          "signDate" : "2019-11-17T20:54+0000"
        },
        {
          "date" : "2019-11-18T19:36+0000",
          "timeZone" : 2,
          "moonPhaseDate" : "2019-11-12T12:35+0000",
          "age" : 23,
          "sign" : "leo",
          "moonPhase" : "phase3",
          "signDate" : "2019-11-17T20:54+0000"
        },
        {
          "date" : "2019-11-19T20:53+0000",
          "timeZone" : 2,
          "moonPhaseDate" : "2019-11-19T20:11+0000",
          "age" : 24,
          "sign" : "leo",
          "moonPhase" : "phase4",
          "signDate" : "2019-11-17T20:54+0000"
        },
        {
          "date" : "2019-11-20T22:12+0000",
          "timeZone" : 2,
          "moonPhaseDate" : "2019-11-19T20:11+0000",
          "age" : 25,
          "sign" : "virgo",
          "moonPhase" : "phase4",
          "signDate" : "2019-11-17T20:54+0000"
        },
        {
          "date" : "2019-11-21T23:32+0000",
          "timeZone" : 2,
          "moonPhaseDate" : "2019-11-19T20:11+0000",
          "age" : 26,
          "sign" : "libra",
          "moonPhase" : "phase4",
          "signDate" : "2019-11-22T03:22+0000"
        },
        {
          "date" : "2019-11-23T00:53+0000",
          "timeZone" : 2,
          "moonPhaseDate" : "2019-11-19T20:11+0000",
          "age" : 27,
          "sign" : "libra",
          "moonPhase" : "phase4",
          "signDate" : "2019-11-22T03:22+0000"
        },
        {
          "date" : "2019-11-24T02:14+0000",
          "timeZone" : 2,
          "moonPhaseDate" : "2019-11-19T20:11+0000",
          "age" : 28,
          "sign" : "scorpio",
          "moonPhase" : "phase4",
          "signDate" : "2019-11-24T05:01+0000"
        },
        {
          "date" : "2019-11-25T03:35+0000",
          "timeZone" : 2,
          "moonPhaseDate" : "2019-11-19T20:11+0000",
          "age" : 29,
          "sign" : "scorpio",
          "moonPhase" : "phase4",
          "signDate" : "2019-11-24T05:01+0000"
        },
        {
          "date" : "2019-11-26T04:55+0000",
          "timeZone" : 2,
          "moonPhaseDate" : "2019-11-26T14:06+0000",
          "age" : 30,
          "sign" : "sagittarius",
          "moonPhase" : "newMoon",
          "signDate" : "2019-11-26T07:12+0000"
        },
        {
          "date" : "2019-11-26T14:06+0000",
          "timeZone" : 2,
          "moonPhaseDate" : "2019-11-26T14:06+0000",
          "age" : 1,
          "sign" : "sagittarius",
          "moonPhase" : "newMoon",
          "signDate" : "2019-11-26T07:12+0000"
        },
        {
          "date" : "2019-11-27T06:12+0000",
          "age" : 2,
          "moonPhaseDate" : "2019-11-26T14:06+0000",
          "timeZone" : 2,
          "sign" : "sagittarius",
          "moonPhase" : "phase1",
          "signDate" : "2019-11-26T07:12+0000"
        },
        {
          "date" : "2019-11-28T07:23+0000",
          "timeZone" : 2,
          "age" : 3,
          "moonPhaseDate" : "2019-11-26T14:06+0000",
          "sign" : "capricorn",
          "moonPhase" : "phase1",
          "signDate" : "2019-11-28T11:32+0000"
        },
        {
          "date" : "2019-11-29T08:24+0000",
          "timeZone" : 2,
          "moonPhaseDate" : "2019-11-26T14:06+0000",
          "age" : 4,
          "sign" : "capricorn",
          "moonPhase" : "phase1",
          "signDate" : "2019-11-28T11:32+0000"
        },
        {
          "date" : "2019-11-30T09:14+0000",
          "age" : 5,
          "moonPhaseDate" : "2019-11-26T14:06+0000",
          "timeZone" : 2,
          "sign" : "aquarius",
          "moonPhase" : "phase1",
          "signDate" : "2019-11-30T19:15+0000"
        },
        {
          "date" : "2019-12-01T09:53+0000",
          "age" : 6,
          "moonPhaseDate" : null,
          "timeZone" : 2,
          "sign" : "aquarius",
          "moonPhase" : "phase1",
          "signDate" : "2019-11-30T19:15+0000"
        },
        {
          "date" : "2019-12-02T10:25+0000",
          "timeZone" : 2,
          "moonPhaseDate" : null,
          "age" : 7,
          "sign" : "aquarius",
          "moonPhase" : "phase1",
          "signDate" : "2019-11-30T19:15+0000"
        },
        {
          "date" : "2019-12-03T10:50+0000",
          "timeZone" : 2,
          "moonPhaseDate" : null,
          "age" : 8,
          "sign" : "pisces",
          "moonPhase" : "phase1",
          "signDate" : "2019-12-03T06:14+0000"
        },
        {
          "date" : "2019-12-04T11:12+0000",
          "timeZone" : 2,
          "moonPhaseDate" : "2019-12-04T05:58+0000",
          "age" : 9,
          "sign" : "pisces",
          "moonPhase" : "phase2",
          "signDate" : "2019-12-03T06:14+0000"
        },
        {
          "date" : "2019-12-05T11:31+0000",
          "timeZone" : 2,
          "moonPhaseDate" : "2019-12-04T05:58+0000",
          "age" : 10,
          "sign" : "aries",
          "moonPhase" : "phase2",
          "signDate" : "2019-12-05T18:46+0000"
        },
        {
          "date" : "2019-12-06T11:49+0000",
          "timeZone" : 2,
          "moonPhaseDate" : "2019-12-04T05:58+0000",
          "age" : 11,
          "sign" : "aries",
          "moonPhase" : "phase2",
          "signDate" : "2019-12-05T18:46+0000"
        },
        {
          "date" : "2019-12-07T12:06+0000",
          "age" : 12,
          "moonPhaseDate" : "2019-12-04T05:58+0000",
          "timeZone" : 2,
          "sign" : "aries",
          "moonPhase" : "phase2",
          "signDate" : "2019-12-05T18:46+0000"
        },
        {
          "date" : "2019-12-08T12:25+0000",
          "timeZone" : 2,
          "moonPhaseDate" : "2019-12-04T05:58+0000",
          "age" : 13,
          "sign" : "taurus",
          "moonPhase" : "phase2",
          "signDate" : "2019-12-08T06:31+0000"
        },
        {
          "date" : "2019-12-09T12:46+0000",
          "timeZone" : 2,
          "age" : 14,
          "moonPhaseDate" : "2019-12-04T05:58+0000",
          "sign" : "taurus",
          "moonPhase" : "phase2",
          "signDate" : "2019-12-08T06:31+0000"
        },
        {
          "date" : "2019-12-10T13:11+0000",
          "timeZone" : 2,
          "moonPhaseDate" : "2019-12-04T05:58+0000",
          "age" : 15,
          "sign" : "gemini",
          "moonPhase" : "phase2",
          "signDate" : "2019-12-10T15:49+0000"
        },
        {
          "date" : "2019-12-11T13:42+0000",
          "age" : 16,
          "moonPhaseDate" : "2019-12-04T05:58+0000",
          "timeZone" : 2,
          "sign" : "gemini",
          "moonPhase" : "phase2",
          "signDate" : "2019-12-10T15:49+0000"
        },
        {
          "date" : "2019-12-12T14:22+0000",
          "timeZone" : 2,
          "age" : 17,
          "moonPhaseDate" : "2019-12-12T04:12+0000",
          "sign" : "gemini",
          "moonPhase" : "fullMoon",
          "signDate" : "2019-12-10T15:49+0000"
        },
        {
          "date" : "2019-12-13T15:12+0000",
          "age" : 18,
          "moonPhaseDate" : "2019-12-12T04:12+0000",
          "timeZone" : 2,
          "sign" : "cancer",
          "moonPhase" : "phase3",
          "signDate" : "2019-12-12T22:24+0000"
        },
        {
          "date" : "2019-12-14T16:13+0000",
          "timeZone" : 2,
          "moonPhaseDate" : "2019-12-12T04:12+0000",
          "age" : 19,
          "sign" : "cancer",
          "moonPhase" : "phase3",
          "signDate" : "2019-12-12T22:24+0000"
        },
        {
          "date" : "2019-12-15T17:24+0000",
          "timeZone" : 2,
          "moonPhaseDate" : "2019-12-12T04:12+0000",
          "age" : 20,
          "sign" : "leo",
          "moonPhase" : "phase3",
          "signDate" : "2019-12-15T02:53+0000"
        },
        {
          "date" : "2019-12-16T18:41+0000",
          "timeZone" : 2,
          "age" : 21,
          "moonPhaseDate" : "2019-12-12T04:12+0000",
          "sign" : "leo",
          "moonPhase" : "phase3",
          "signDate" : "2019-12-15T02:53+0000"
        },
        {
          "date" : "2019-12-17T20:01+0000",
          "age" : 22,
          "moonPhaseDate" : "2019-12-12T04:12+0000",
          "timeZone" : 2,
          "sign" : "virgo",
          "moonPhase" : "phase3",
          "signDate" : "2019-12-17T06:13+0000"
        },
        {
          "date" : "2019-12-18T21:20+0000",
          "age" : 23,
          "moonPhaseDate" : "2019-12-12T04:12+0000",
          "timeZone" : 2,
          "sign" : "virgo",
          "moonPhase" : "phase3",
          "signDate" : "2019-12-17T06:13+0000"
        },
        {
          "date" : "2019-12-19T22:38+0000",
          "timeZone" : 2,
          "moonPhaseDate" : "2019-12-19T03:57+0000",
          "age" : 24,
          "sign" : "libra",
          "moonPhase" : "phase4",
          "signDate" : "2019-12-17T06:13+0000"
        },
        {
          "date" : "2019-12-20T23:58+0000",
          "timeZone" : 2,
          "moonPhaseDate" : "2019-12-19T03:57+0000",
          "age" : 25,
          "sign" : "scorpio",
          "moonPhase" : "phase4",
          "signDate" : "2019-12-21T12:01+0000"
        },
        {
          "date" : "2019-12-22T01:16+0000",
          "timeZone" : 2,
          "moonPhaseDate" : "2019-12-19T03:57+0000",
          "age" : 26,
          "sign" : "scorpio",
          "moonPhase" : "phase4",
          "signDate" : "2019-12-21T12:01+0000"
        },
        {
          "date" : "2019-12-23T02:34+0000",
          "timeZone" : 2,
          "moonPhaseDate" : "2019-12-19T03:57+0000",
          "age" : 27,
          "sign" : "sagittarius",
          "moonPhase" : "phase4",
          "signDate" : "2019-12-23T15:37+0000"
        },
        {
          "date" : "2019-12-24T03:51+0000",
          "timeZone" : 2,
          "moonPhaseDate" : "2019-12-19T03:57+0000",
          "age" : 28,
          "sign" : "sagittarius",
          "moonPhase" : "phase4",
          "signDate" : "2019-12-23T15:37+0000"
        },
        {
          "date" : "2019-12-25T05:04+0000",
          "timeZone" : 2,
          "moonPhaseDate" : "2019-12-19T03:57+0000",
          "age" : 29,
          "sign" : "capricorn",
          "moonPhase" : "phase4",
          "signDate" : "2019-12-25T20:46+0000"
        },
        {
          "date" : "2019-12-26T04:13+0000",
          "timeZone" : 2,
          "moonPhaseDate" : "2019-12-26T04:13+0000",
          "age" : 1,
          "sign" : "capricorn",
          "moonPhase" : "newMoon",
          "signDate" : "2019-12-25T20:46+0000"
        },
        {
          "date" : "2019-12-26T06:09+0000",
          "timeZone" : 2,
          "moonPhaseDate" : "2019-12-26T04:13+0000",
          "age" : 2,
          "sign" : "capricorn",
          "moonPhase" : "newMoon",
          "signDate" : "2019-12-25T20:46+0000"
        },
        {
          "date" : "2019-12-27T07:04+0000",
          "timeZone" : 2,
          "moonPhaseDate" : "2019-12-26T04:13+0000",
          "age" : 3,
          "sign" : "capricorn",
          "moonPhase" : "phase1",
          "signDate" : "2019-12-25T20:46+0000"
        },
        {
          "date" : "2019-12-28T07:48+0000",
          "timeZone" : 2,
          "moonPhaseDate" : "2019-12-26T04:13+0000",
          "age" : 4,
          "sign" : "aquarius",
          "moonPhase" : "phase1",
          "signDate" : "2019-12-28T04:21+0000"
        },
        {
          "date" : "2019-12-29T08:24+0000",
          "timeZone" : 2,
          "age" : 5,
          "moonPhaseDate" : "2019-12-26T04:13+0000",
          "sign" : "aquarius",
          "moonPhase" : "phase1",
          "signDate" : "2019-12-28T04:21+0000"
        },
        {
          "date" : "2019-12-30T08:52+0000",
          "timeZone" : 2,
          "moonPhaseDate" : "2019-12-26T04:13+0000",
          "age" : 6,
          "sign" : "pisces",
          "moonPhase" : "phase1",
          "signDate" : "2019-12-30T14:43+0000"
        },
        {
          "date" : "2019-12-31T09:16+0000",
          "timeZone" : 2,
          "moonPhaseDate" : "2019-12-26T04:13+0000",
          "age" : 7,
          "sign" : "pisces",
          "moonPhase" : "phase1",
          "signDate" : "2019-12-30T14:43+0000"
        },
        {
          "date" : "2020-01-01T09:36+0000",
          "timeZone" : 2,
          "moonPhaseDate" : null,
          "age" : 8,
          "sign" : "pisces",
          "moonPhase" : "phase1",
          "signDate" : "2019-12-30T14:43+0000"
        },
        {
          "date" : "2020-01-02T09:54+0000",
          "timeZone" : 2,
          "age" : 9,
          "moonPhaseDate" : null,
          "sign" : "aries",
          "moonPhase" : "phase1",
          "signDate" : "2020-01-02T03:01+0000"
        },
        {
          "date" : "2020-01-03T10:11+0000",
          "timeZone" : 2,
          "moonPhaseDate" : "2020-01-03T03:45+0000",
          "age" : 10,
          "sign" : "aries",
          "moonPhase" : "phase2",
          "signDate" : "2020-01-02T03:01+0000"
        },
        {
          "date" : "2020-01-04T10:29+0000",
          "timeZone" : 2,
          "moonPhaseDate" : "2020-01-03T03:45+0000",
          "age" : 11,
          "sign" : "taurus",
          "moonPhase" : "phase2",
          "signDate" : "2020-01-04T15:15+0000"
        },
        {
          "date" : "2020-01-05T10:49+0000",
          "timeZone" : 2,
          "moonPhaseDate" : "2020-01-03T03:45+0000",
          "age" : 12,
          "sign" : "taurus",
          "moonPhase" : "phase2",
          "signDate" : "2020-01-04T15:15+0000"
        },
        {
          "date" : "2020-01-06T11:11+0000",
          "timeZone" : 2,
          "moonPhaseDate" : "2020-01-03T03:45+0000",
          "age" : 13,
          "sign" : "taurus",
          "moonPhase" : "phase2",
          "signDate" : "2020-01-04T15:15+0000"
        },
        {
          "date" : "2020-01-07T11:39+0000",
          "timeZone" : 2,
          "moonPhaseDate" : "2020-01-03T03:45+0000",
          "age" : 14,
          "sign" : "gemini",
          "moonPhase" : "phase2",
          "signDate" : "2020-01-07T01:13+0000"
        },
        {
          "date" : "2020-01-08T12:14+0000",
          "timeZone" : 2,
          "age" : 15,
          "moonPhaseDate" : "2020-01-03T03:45+0000",
          "sign" : "gemini",
          "moonPhase" : "phase2",
          "signDate" : "2020-01-07T01:13+0000"
        },
        {
          "date" : "2020-01-09T13:00+0000",
          "timeZone" : 2,
          "moonPhaseDate" : "2020-01-03T03:45+0000",
          "age" : 16,
          "sign" : "cancer",
          "moonPhase" : "phase2",
          "signDate" : "2020-01-09T07:45+0000"
        },
        {
          "date" : "2020-01-10T13:57+0000",
          "timeZone" : 2,
          "moonPhaseDate" : "2020-01-10T18:21+0000",
          "age" : 17,
          "sign" : "cancer",
          "moonPhase" : "fullMoon",
          "signDate" : "2020-01-09T07:45+0000"
        },
        {
          "date" : "2020-01-11T15:06+0000",
          "timeZone" : 2,
          "moonPhaseDate" : "2020-01-10T18:21+0000",
          "age" : 18,
          "sign" : "leo",
          "moonPhase" : "phase3",
          "signDate" : "2020-01-11T11:16+0000"
        },
        {
          "date" : "2020-01-12T16:24+0000",
          "timeZone" : 2,
          "moonPhaseDate" : "2020-01-10T18:21+0000",
          "age" : 19,
          "sign" : "leo",
          "moonPhase" : "phase3",
          "signDate" : "2020-01-11T11:16+0000"
        },
        {
          "date" : "2020-01-13T17:45+0000",
          "timeZone" : 2,
          "age" : 20,
          "moonPhaseDate" : "2020-01-10T18:21+0000",
          "sign" : "virgo",
          "moonPhase" : "phase3",
          "signDate" : "2020-01-13T13:05+0000"
        },
        {
          "date" : "2020-01-14T19:07+0000",
          "timeZone" : 2,
          "moonPhaseDate" : "2020-01-10T18:21+0000",
          "age" : 21,
          "sign" : "virgo",
          "moonPhase" : "phase3",
          "signDate" : "2020-01-13T13:05+0000"
        },
        {
          "date" : "2020-01-15T20:28+0000",
          "timeZone" : 2,
          "moonPhaseDate" : "2020-01-10T18:21+0000",
          "age" : 22,
          "sign" : "libra",
          "moonPhase" : "phase3",
          "signDate" : "2020-01-15T14:42+0000"
        },
        {
          "date" : "2020-01-16T21:47+0000",
          "age" : 23,
          "moonPhaseDate" : "2020-01-10T18:21+0000",
          "timeZone" : 2,
          "sign" : "libra",
          "moonPhase" : "phase3",
          "signDate" : "2020-01-15T14:42+0000"
        },
        {
          "date" : "2020-01-17T23:05+0000",
          "timeZone" : 2,
          "moonPhaseDate" : "2020-01-17T11:58+0000",
          "age" : 24,
          "sign" : "scorpio",
          "moonPhase" : "phase4",
          "signDate" : "2020-01-15T14:42+0000"
        },
        {
          "date" : "2020-01-19T00:23+0000",
          "timeZone" : 2,
          "age" : 25,
          "moonPhaseDate" : "2020-01-17T11:58+0000",
          "sign" : "sagittarius",
          "moonPhase" : "phase4",
          "signDate" : "2020-01-19T21:43+0000"
        },
        {
          "date" : "2020-01-20T01:39+0000",
          "age" : 26,
          "moonPhaseDate" : "2020-01-17T11:58+0000",
          "timeZone" : 2,
          "sign" : "sagittarius",
          "moonPhase" : "phase4",
          "signDate" : "2020-01-19T21:43+0000"
        },
        {
          "date" : "2020-01-21T02:51+0000",
          "timeZone" : 2,
          "moonPhaseDate" : "2020-01-17T11:58+0000",
          "age" : 27,
          "sign" : "sagittarius",
          "moonPhase" : "phase4",
          "signDate" : "2020-01-19T21:43+0000"
        },
        {
          "date" : "2020-01-22T03:58+0000",
          "timeZone" : 2,
          "moonPhaseDate" : "2020-01-17T11:58+0000",
          "age" : 28,
          "sign" : "capricorn",
          "moonPhase" : "phase4",
          "signDate" : "2020-01-22T04:02+0000"
        },
        {
          "date" : "2020-01-23T04:56+0000",
          "age" : 29,
          "moonPhaseDate" : "2020-01-17T11:58+0000",
          "timeZone" : 2,
          "sign" : "capricorn",
          "moonPhase" : "phase4",
          "signDate" : "2020-01-22T04:02+0000"
        },
        {
          "date" : "2020-01-24T05:44+0000",
          "timeZone" : 2,
          "moonPhaseDate" : "2020-01-24T20:42+0000",
          "age" : 30,
          "sign" : "aquarius",
          "moonPhase" : "newMoon",
          "signDate" : "2020-01-24T12:22+0000"
        },
        {
          "date" : "2020-01-24T20:42+0000",
          "timeZone" : 2,
          "moonPhaseDate" : "2020-01-24T20:42+0000",
          "age" : 1,
          "sign" : "aquarius",
          "moonPhase" : "newMoon",
          "signDate" : "2020-01-24T12:22+0000"
        },
        {
          "date" : "2020-01-25T06:23+0000",
          "timeZone" : 2,
          "moonPhaseDate" : "2020-01-24T20:42+0000",
          "age" : 2,
          "sign" : "aquarius",
          "moonPhase" : "phase1",
          "signDate" : "2020-01-24T12:22+0000"
        },
        {
          "date" : "2020-01-26T06:53+0000",
          "timeZone" : 2,
          "moonPhaseDate" : "2020-01-24T20:42+0000",
          "age" : 3,
          "sign" : "aquarius",
          "moonPhase" : "phase1",
          "signDate" : "2020-01-24T12:22+0000"
        },
        {
          "date" : "2020-01-27T07:18+0000",
          "timeZone" : 2,
          "moonPhaseDate" : "2020-01-24T20:42+0000",
          "age" : 4,
          "sign" : "pisces",
          "moonPhase" : "phase1",
          "signDate" : "2020-01-26T22:45+0000"
        },
        {
          "date" : "2020-01-28T07:40+0000",
          "timeZone" : 2,
          "moonPhaseDate" : "2020-01-24T20:42+0000",
          "age" : 5,
          "sign" : "pisces",
          "moonPhase" : "phase1",
          "signDate" : "2020-01-26T22:45+0000"
        },
        {
          "date" : "2020-01-29T07:58+0000",
          "timeZone" : 2,
          "moonPhaseDate" : "2020-01-24T20:42+0000",
          "age" : 6,
          "sign" : "aries",
          "moonPhase" : "phase1",
          "signDate" : "2020-01-29T10:51+0000"
        },
        {
          "date" : "2020-01-30T08:16+0000",
          "age" : 7,
          "moonPhaseDate" : "2020-01-24T20:42+0000",
          "timeZone" : 2,
          "sign" : "aries",
          "moonPhase" : "phase1",
          "signDate" : "2020-01-29T10:51+0000"
        },
        {
          "date" : "2020-01-31T08:33+0000",
          "timeZone" : 2,
          "moonPhaseDate" : "2020-01-24T20:42+0000",
          "age" : 8,
          "sign" : "aries",
          "moonPhase" : "phase1",
          "signDate" : "2020-01-29T10:51+0000"
        },
        {
          "date" : "2020-01-31T08:33+0000",
          "timeZone" : 2,
          "moonPhaseDate" : "2020-01-24T20:42+0000",
          "age" : 8,
          "sign" : "aries",
          "moonPhase" : "phase1",
          "signDate" : "2020-01-29T10:51+0000"
        }
      ],
      "cityName" : "Прага"
    }
  ]
}