{
  "countryName" : "Перу",
  "cities" : [
    {
      "timeZone" : -5,
      "moonDays" : [
        {
          "age" : 27,
          "signDate" : "2019-05-01T10:23+0000",
          "sign" : "aries",
          "moonPhaseDate" : null,
          "date" : "2019-05-01T08:12+0000",
          "timeZone" : -5,
          "moonPhase" : null
        },
        {
          "moonPhase" : null,
          "sign" : "aries",
          "signDate" : "2019-05-01T10:23+0000",
          "moonPhaseDate" : null,
          "timeZone" : -5,
          "date" : "2019-05-02T08:58+0000",
          "age" : 28
        },
        {
          "moonPhase" : null,
          "signDate" : "2019-05-03T20:21+0000",
          "sign" : "taurus",
          "moonPhaseDate" : null,
          "timeZone" : -5,
          "date" : "2019-05-03T09:46+0000",
          "age" : 29
        },
        {
          "age" : 30,
          "signDate" : "2019-05-03T20:21+0000",
          "sign" : "taurus",
          "moonPhaseDate" : "2019-05-04T22:45+0000",
          "timeZone" : -5,
          "date" : "2019-05-04T10:36+0000",
          "moonPhase" : "newMoon"
        },
        {
          "age" : 1,
          "sign" : "taurus",
          "signDate" : "2019-05-03T20:21+0000",
          "moonPhaseDate" : "2019-05-04T22:45+0000",
          "timeZone" : -5,
          "date" : "2019-05-04T22:45+0000",
          "moonPhase" : "newMoon"
        },
        {
          "age" : 2,
          "sign" : "gemini",
          "signDate" : "2019-05-06T03:42+0000",
          "moonPhaseDate" : "2019-05-04T22:45+0000",
          "timeZone" : -5,
          "date" : "2019-05-05T11:27+0000",
          "moonPhase" : "phase1"
        },
        {
          "age" : 3,
          "sign" : "gemini",
          "signDate" : "2019-05-06T03:42+0000",
          "moonPhaseDate" : "2019-05-04T22:45+0000",
          "date" : "2019-05-06T12:22+0000",
          "timeZone" : -5,
          "moonPhase" : "phase1"
        },
        {
          "age" : 4,
          "signDate" : "2019-05-06T03:42+0000",
          "sign" : "gemini",
          "moonPhaseDate" : "2019-05-04T22:45+0000",
          "timeZone" : -5,
          "date" : "2019-05-07T13:18+0000",
          "moonPhase" : "phase1"
        },
        {
          "moonPhase" : "phase1",
          "sign" : "cancer",
          "signDate" : "2019-05-08T09:05+0000",
          "moonPhaseDate" : "2019-05-04T22:45+0000",
          "timeZone" : -5,
          "date" : "2019-05-08T14:16+0000",
          "age" : 5
        },
        {
          "age" : 6,
          "signDate" : "2019-05-08T09:05+0000",
          "sign" : "cancer",
          "timeZone" : -5,
          "date" : "2019-05-09T15:14+0000",
          "moonPhaseDate" : "2019-05-04T22:45+0000",
          "moonPhase" : "phase1"
        },
        {
          "age" : 7,
          "sign" : "leo",
          "signDate" : "2019-05-10T13:12+0000",
          "timeZone" : -5,
          "date" : "2019-05-10T16:11+0000",
          "moonPhaseDate" : "2019-05-04T22:45+0000",
          "moonPhase" : "phase1"
        },
        {
          "age" : 8,
          "signDate" : "2019-05-10T13:12+0000",
          "sign" : "leo",
          "timeZone" : -5,
          "date" : "2019-05-11T17:05+0000",
          "moonPhaseDate" : "2019-05-12T01:12+0000",
          "moonPhase" : "phase2"
        },
        {
          "moonPhase" : "phase2",
          "signDate" : "2019-05-12T16:23+0000",
          "sign" : "virgo",
          "moonPhaseDate" : "2019-05-12T01:12+0000",
          "timeZone" : -5,
          "date" : "2019-05-12T17:57+0000",
          "age" : 9
        },
        {
          "age" : 10,
          "sign" : "virgo",
          "signDate" : "2019-05-12T16:23+0000",
          "moonPhaseDate" : "2019-05-12T01:12+0000",
          "timeZone" : -5,
          "date" : "2019-05-13T18:45+0000",
          "moonPhase" : "phase2"
        },
        {
          "age" : 11,
          "signDate" : "2019-05-14T18:53+0000",
          "sign" : "libra",
          "timeZone" : -5,
          "date" : "2019-05-14T19:32+0000",
          "moonPhaseDate" : "2019-05-12T01:12+0000",
          "moonPhase" : "phase2"
        },
        {
          "age" : 12,
          "sign" : "libra",
          "signDate" : "2019-05-14T18:53+0000",
          "moonPhaseDate" : "2019-05-12T01:12+0000",
          "timeZone" : -5,
          "date" : "2019-05-15T20:18+0000",
          "moonPhase" : "phase2"
        },
        {
          "age" : 13,
          "sign" : "scorpio",
          "signDate" : "2019-05-16T21:25+0000",
          "moonPhaseDate" : "2019-05-12T01:12+0000",
          "date" : "2019-05-16T21:03+0000",
          "timeZone" : -5,
          "moonPhase" : "phase2"
        },
        {
          "age" : 14,
          "sign" : "scorpio",
          "signDate" : "2019-05-16T21:25+0000",
          "moonPhaseDate" : "2019-05-12T01:12+0000",
          "timeZone" : -5,
          "date" : "2019-05-17T21:49+0000",
          "moonPhase" : "phase2"
        },
        {
          "age" : 15,
          "signDate" : "2019-05-19T01:19+0000",
          "sign" : "sagittarius",
          "moonPhaseDate" : "2019-05-18T21:11+0000",
          "timeZone" : -5,
          "date" : "2019-05-18T22:37+0000",
          "moonPhase" : "fullMoon"
        },
        {
          "age" : 16,
          "signDate" : "2019-05-19T01:19+0000",
          "sign" : "sagittarius",
          "moonPhaseDate" : "2019-05-18T21:11+0000",
          "timeZone" : -5,
          "date" : "2019-05-19T23:27+0000",
          "moonPhase" : "phase3"
        },
        {
          "age" : 17,
          "sign" : "sagittarius",
          "signDate" : "2019-05-19T01:19+0000",
          "moonPhaseDate" : "2019-05-18T21:11+0000",
          "timeZone" : -5,
          "date" : "2019-05-21T00:18+0000",
          "moonPhase" : "phase3"
        },
        {
          "age" : 18,
          "sign" : "capricorn",
          "signDate" : "2019-05-21T07:56+0000",
          "moonPhaseDate" : "2019-05-18T21:11+0000",
          "timeZone" : -5,
          "date" : "2019-05-22T01:10+0000",
          "moonPhase" : "phase3"
        },
        {
          "age" : 19,
          "sign" : "capricorn",
          "signDate" : "2019-05-21T07:56+0000",
          "moonPhaseDate" : "2019-05-18T21:11+0000",
          "timeZone" : -5,
          "date" : "2019-05-23T02:02+0000",
          "moonPhase" : "phase3"
        },
        {
          "age" : 20,
          "sign" : "aquarius",
          "signDate" : "2019-05-23T17:51+0000",
          "moonPhaseDate" : "2019-05-18T21:11+0000",
          "timeZone" : -5,
          "date" : "2019-05-24T02:53+0000",
          "moonPhase" : "phase3"
        },
        {
          "age" : 21,
          "signDate" : "2019-05-23T17:51+0000",
          "sign" : "aquarius",
          "moonPhaseDate" : "2019-05-18T21:11+0000",
          "timeZone" : -5,
          "date" : "2019-05-25T03:43+0000",
          "moonPhase" : "phase3"
        },
        {
          "age" : 22,
          "signDate" : "2019-05-23T17:51+0000",
          "sign" : "aquarius",
          "moonPhaseDate" : "2019-05-18T21:11+0000",
          "timeZone" : -5,
          "date" : "2019-05-26T04:31+0000",
          "moonPhase" : "phase3"
        },
        {
          "age" : 23,
          "signDate" : "2019-05-23T17:51+0000",
          "sign" : "pisces",
          "moonPhaseDate" : "2019-05-26T16:33+0000",
          "date" : "2019-05-27T05:18+0000",
          "timeZone" : -5,
          "moonPhase" : "phase4"
        },
        {
          "age" : 24,
          "signDate" : "2019-05-28T18:29+0000",
          "sign" : "aries",
          "moonPhaseDate" : "2019-05-26T16:33+0000",
          "timeZone" : -5,
          "date" : "2019-05-28T06:05+0000",
          "moonPhase" : "phase4"
        },
        {
          "age" : 25,
          "sign" : "aries",
          "signDate" : "2019-05-28T18:29+0000",
          "timeZone" : -5,
          "date" : "2019-05-29T06:51+0000",
          "moonPhaseDate" : "2019-05-26T16:33+0000",
          "moonPhase" : "phase4"
        },
        {
          "age" : 26,
          "sign" : "taurus",
          "signDate" : "2019-05-31T04:44+0000",
          "moonPhaseDate" : "2019-05-26T16:33+0000",
          "timeZone" : -5,
          "date" : "2019-05-30T07:38+0000",
          "moonPhase" : "phase4"
        },
        {
          "age" : 27,
          "signDate" : "2019-05-31T04:44+0000",
          "sign" : "taurus",
          "moonPhaseDate" : "2019-05-26T16:33+0000",
          "timeZone" : -5,
          "date" : "2019-05-31T08:27+0000",
          "moonPhase" : "phase4"
        },
        {
          "moonPhase" : "phase4",
          "sign" : "taurus",
          "signDate" : "2019-05-31T04:44+0000",
          "moonPhaseDate" : null,
          "timeZone" : -5,
          "date" : "2019-06-01T09:17+0000",
          "age" : 28
        },
        {
          "moonPhase" : "phase4",
          "sign" : "gemini",
          "signDate" : "2019-06-02T11:51+0000",
          "moonPhaseDate" : null,
          "timeZone" : -5,
          "date" : "2019-06-02T10:11+0000",
          "age" : 29
        },
        {
          "moonPhase" : "newMoon",
          "signDate" : "2019-06-02T11:51+0000",
          "sign" : "gemini",
          "moonPhaseDate" : "2019-06-03T10:02+0000",
          "timeZone" : -5,
          "date" : "2019-06-03T10:02+0000",
          "age" : 1
        },
        {
          "age" : 2,
          "sign" : "gemini",
          "signDate" : "2019-06-02T11:51+0000",
          "moonPhaseDate" : "2019-06-03T10:02+0000",
          "timeZone" : -5,
          "date" : "2019-06-03T11:08+0000",
          "moonPhase" : "newMoon"
        },
        {
          "age" : 3,
          "signDate" : "2019-06-04T16:18+0000",
          "sign" : "cancer",
          "timeZone" : -5,
          "date" : "2019-06-04T12:07+0000",
          "moonPhaseDate" : "2019-06-03T10:02+0000",
          "moonPhase" : "phase1"
        },
        {
          "moonPhase" : "phase1",
          "signDate" : "2019-06-04T16:18+0000",
          "sign" : "cancer",
          "moonPhaseDate" : "2019-06-03T10:02+0000",
          "timeZone" : -5,
          "date" : "2019-06-05T13:06+0000",
          "age" : 4
        },
        {
          "age" : 5,
          "sign" : "leo",
          "signDate" : "2019-06-06T19:14+0000",
          "moonPhaseDate" : "2019-06-03T10:02+0000",
          "timeZone" : -5,
          "date" : "2019-06-06T14:05+0000",
          "moonPhase" : "phase1"
        },
        {
          "age" : 6,
          "sign" : "leo",
          "signDate" : "2019-06-06T19:14+0000",
          "moonPhaseDate" : "2019-06-03T10:02+0000",
          "timeZone" : -5,
          "date" : "2019-06-07T15:02+0000",
          "moonPhase" : "phase1"
        },
        {
          "age" : 7,
          "signDate" : "2019-06-08T21:43+0000",
          "sign" : "virgo",
          "moonPhaseDate" : "2019-06-03T10:02+0000",
          "timeZone" : -5,
          "date" : "2019-06-08T15:55+0000",
          "moonPhase" : "phase1"
        },
        {
          "age" : 8,
          "sign" : "virgo",
          "signDate" : "2019-06-08T21:43+0000",
          "moonPhaseDate" : "2019-06-03T10:02+0000",
          "timeZone" : -5,
          "date" : "2019-06-09T16:44+0000",
          "moonPhase" : "phase1"
        },
        {
          "age" : 9,
          "signDate" : "2019-06-11T00:30+0000",
          "sign" : "libra",
          "moonPhaseDate" : "2019-06-10T05:59+0000",
          "timeZone" : -5,
          "date" : "2019-06-10T17:31+0000",
          "moonPhase" : "phase2"
        },
        {
          "age" : 10,
          "sign" : "libra",
          "signDate" : "2019-06-11T00:30+0000",
          "moonPhaseDate" : "2019-06-10T05:59+0000",
          "timeZone" : -5,
          "date" : "2019-06-11T18:16+0000",
          "moonPhase" : "phase2"
        },
        {
          "age" : 11,
          "signDate" : "2019-06-13T04:03+0000",
          "sign" : "scorpio",
          "moonPhaseDate" : "2019-06-10T05:59+0000",
          "timeZone" : -5,
          "date" : "2019-06-12T19:00+0000",
          "moonPhase" : "phase2"
        },
        {
          "age" : 12,
          "signDate" : "2019-06-13T04:03+0000",
          "sign" : "scorpio",
          "moonPhaseDate" : "2019-06-10T05:59+0000",
          "timeZone" : -5,
          "date" : "2019-06-13T19:45+0000",
          "moonPhase" : "phase2"
        },
        {
          "age" : 13,
          "sign" : "scorpio",
          "signDate" : "2019-06-13T04:03+0000",
          "timeZone" : -5,
          "date" : "2019-06-14T20:31+0000",
          "moonPhaseDate" : "2019-06-10T05:59+0000",
          "moonPhase" : "phase2"
        },
        {
          "moonPhase" : "phase2",
          "sign" : "sagittarius",
          "signDate" : "2019-06-15T09:01+0000",
          "moonPhaseDate" : "2019-06-10T05:59+0000",
          "timeZone" : -5,
          "date" : "2019-06-15T21:19+0000",
          "age" : 14
        },
        {
          "age" : 15,
          "sign" : "sagittarius",
          "signDate" : "2019-06-15T09:01+0000",
          "moonPhaseDate" : "2019-06-10T05:59+0000",
          "timeZone" : -5,
          "date" : "2019-06-16T22:09+0000",
          "moonPhase" : "phase2"
        },
        {
          "age" : 16,
          "signDate" : "2019-06-17T16:11+0000",
          "sign" : "capricorn",
          "moonPhaseDate" : "2019-06-17T08:31+0000",
          "timeZone" : -5,
          "date" : "2019-06-17T23:00+0000",
          "moonPhase" : "fullMoon"
        },
        {
          "age" : 17,
          "signDate" : "2019-06-17T16:11+0000",
          "sign" : "capricorn",
          "moonPhaseDate" : "2019-06-17T08:31+0000",
          "timeZone" : -5,
          "date" : "2019-06-18T23:52+0000",
          "moonPhase" : "phase3"
        },
        {
          "age" : 18,
          "sign" : "aquarius",
          "signDate" : "2019-06-20T02:01+0000",
          "moonPhaseDate" : "2019-06-17T08:31+0000",
          "timeZone" : -5,
          "date" : "2019-06-20T00:44+0000",
          "moonPhase" : "phase3"
        },
        {
          "age" : 19,
          "sign" : "aquarius",
          "signDate" : "2019-06-20T02:01+0000",
          "moonPhaseDate" : "2019-06-17T08:31+0000",
          "timeZone" : -5,
          "date" : "2019-06-21T01:35+0000",
          "moonPhase" : "phase3"
        },
        {
          "age" : 20,
          "signDate" : "2019-06-20T02:01+0000",
          "sign" : "aquarius",
          "moonPhaseDate" : "2019-06-17T08:31+0000",
          "timeZone" : -5,
          "date" : "2019-06-22T02:24+0000",
          "moonPhase" : "phase3"
        },
        {
          "age" : 21,
          "sign" : "pisces",
          "signDate" : "2019-06-22T14:01+0000",
          "moonPhaseDate" : "2019-06-17T08:31+0000",
          "date" : "2019-06-23T03:12+0000",
          "timeZone" : -5,
          "moonPhase" : "phase3"
        },
        {
          "age" : 22,
          "sign" : "pisces",
          "signDate" : "2019-06-22T14:01+0000",
          "moonPhaseDate" : "2019-06-17T08:31+0000",
          "timeZone" : -5,
          "date" : "2019-06-24T03:58+0000",
          "moonPhase" : "phase3"
        },
        {
          "age" : 23,
          "sign" : "aries",
          "signDate" : "2019-06-25T02:34+0000",
          "timeZone" : -5,
          "date" : "2019-06-25T04:44+0000",
          "moonPhaseDate" : "2019-06-17T08:31+0000",
          "moonPhase" : "phase3"
        },
        {
          "age" : 24,
          "signDate" : "2019-06-25T02:34+0000",
          "sign" : "aries",
          "moonPhaseDate" : "2019-06-25T09:46+0000",
          "timeZone" : -5,
          "date" : "2019-06-26T05:30+0000",
          "moonPhase" : "phase4"
        },
        {
          "age" : 25,
          "sign" : "taurus",
          "signDate" : "2019-06-27T13:30+0000",
          "moonPhaseDate" : "2019-06-25T09:46+0000",
          "timeZone" : -5,
          "date" : "2019-06-27T06:17+0000",
          "moonPhase" : "phase4"
        },
        {
          "moonPhase" : "phase4",
          "sign" : "taurus",
          "signDate" : "2019-06-27T13:30+0000",
          "moonPhaseDate" : "2019-06-25T09:46+0000",
          "timeZone" : -5,
          "date" : "2019-06-28T07:06+0000",
          "age" : 26
        },
        {
          "age" : 27,
          "signDate" : "2019-06-29T21:10+0000",
          "sign" : "gemini",
          "moonPhaseDate" : "2019-06-25T09:46+0000",
          "date" : "2019-06-29T07:58+0000",
          "timeZone" : -5,
          "moonPhase" : "phase4"
        },
        {
          "moonPhase" : "phase4",
          "sign" : "gemini",
          "signDate" : "2019-06-29T21:10+0000",
          "moonPhaseDate" : "2019-06-25T09:46+0000",
          "timeZone" : -5,
          "date" : "2019-06-30T08:53+0000",
          "age" : 28
        },
        {
          "age" : 29,
          "sign" : "cancer",
          "signDate" : "2019-07-02T01:26+0000",
          "moonPhaseDate" : null,
          "timeZone" : -5,
          "date" : "2019-07-01T09:51+0000",
          "moonPhase" : "phase4"
        },
        {
          "age" : 30,
          "signDate" : "2019-07-02T01:26+0000",
          "sign" : "cancer",
          "moonPhaseDate" : "2019-07-02T19:16+0000",
          "timeZone" : -5,
          "date" : "2019-07-02T10:52+0000",
          "moonPhase" : "newMoon"
        },
        {
          "age" : 1,
          "signDate" : "2019-07-02T01:26+0000",
          "sign" : "cancer",
          "moonPhaseDate" : "2019-07-02T19:16+0000",
          "timeZone" : -5,
          "date" : "2019-07-02T19:16+0000",
          "moonPhase" : "newMoon"
        },
        {
          "age" : 2,
          "signDate" : "2019-07-04T03:21+0000",
          "sign" : "leo",
          "timeZone" : -5,
          "date" : "2019-07-03T11:53+0000",
          "moonPhaseDate" : "2019-07-02T19:16+0000",
          "moonPhase" : "phase1"
        },
        {
          "age" : 3,
          "sign" : "leo",
          "signDate" : "2019-07-04T03:21+0000",
          "moonPhaseDate" : "2019-07-02T19:16+0000",
          "timeZone" : -5,
          "date" : "2019-07-04T12:52+0000",
          "moonPhase" : "phase1"
        },
        {
          "age" : 4,
          "signDate" : "2019-07-06T04:25+0000",
          "sign" : "virgo",
          "moonPhaseDate" : "2019-07-02T19:16+0000",
          "timeZone" : -5,
          "date" : "2019-07-05T13:48+0000",
          "moonPhase" : "phase1"
        },
        {
          "age" : 5,
          "sign" : "virgo",
          "signDate" : "2019-07-06T04:25+0000",
          "moonPhaseDate" : "2019-07-02T19:16+0000",
          "timeZone" : -5,
          "date" : "2019-07-06T14:40+0000",
          "moonPhase" : "phase1"
        },
        {
          "age" : 6,
          "sign" : "virgo",
          "signDate" : "2019-07-06T04:25+0000",
          "moonPhaseDate" : "2019-07-02T19:16+0000",
          "timeZone" : -5,
          "date" : "2019-07-07T15:29+0000",
          "moonPhase" : "phase1"
        },
        {
          "age" : 7,
          "sign" : "libra",
          "signDate" : "2019-07-08T06:07+0000",
          "moonPhaseDate" : "2019-07-02T19:16+0000",
          "timeZone" : -5,
          "date" : "2019-07-08T16:15+0000",
          "moonPhase" : "phase1"
        },
        {
          "age" : 8,
          "sign" : "libra",
          "signDate" : "2019-07-08T06:07+0000",
          "moonPhaseDate" : "2019-07-09T10:55+0000",
          "date" : "2019-07-09T17:00+0000",
          "timeZone" : -5,
          "moonPhase" : "phase2"
        },
        {
          "age" : 9,
          "sign" : "scorpio",
          "signDate" : "2019-07-10T09:28+0000",
          "moonPhaseDate" : "2019-07-09T10:55+0000",
          "timeZone" : -5,
          "date" : "2019-07-10T17:44+0000",
          "moonPhase" : "phase2"
        },
        {
          "age" : 10,
          "signDate" : "2019-07-10T09:28+0000",
          "sign" : "scorpio",
          "timeZone" : -5,
          "date" : "2019-07-11T18:29+0000",
          "moonPhaseDate" : "2019-07-09T10:55+0000",
          "moonPhase" : "phase2"
        },
        {
          "age" : 11,
          "signDate" : "2019-07-12T15:04+0000",
          "sign" : "sagittarius",
          "moonPhaseDate" : "2019-07-09T10:55+0000",
          "timeZone" : -5,
          "date" : "2019-07-12T19:15+0000",
          "moonPhase" : "phase2"
        },
        {
          "moonPhase" : "phase2",
          "signDate" : "2019-07-12T15:04+0000",
          "sign" : "sagittarius",
          "moonPhaseDate" : "2019-07-09T10:55+0000",
          "timeZone" : -5,
          "date" : "2019-07-13T20:04+0000",
          "age" : 12
        },
        {
          "age" : 13,
          "signDate" : "2019-07-14T23:03+0000",
          "sign" : "capricorn",
          "moonPhaseDate" : "2019-07-09T10:55+0000",
          "timeZone" : -5,
          "date" : "2019-07-14T20:54+0000",
          "moonPhase" : "phase2"
        },
        {
          "date" : "2019-07-15T21:45+0000",
          "age" : 14,
          "moonPhase" : "phase2",
          "signDate" : "2019-07-14T23:03+0000",
          "moonPhaseDate" : "2019-07-09T10:55+0000",
          "sign" : "capricorn",
          "timeZone" : -5
        },
        {
          "signDate" : "2019-07-14T23:03+0000",
          "moonPhase" : "fullMoon",
          "sign" : "capricorn",
          "moonPhaseDate" : "2019-07-16T21:38+0000",
          "age" : 15,
          "date" : "2019-07-16T22:37+0000",
          "timeZone" : -5
        },
        {
          "sign" : "aquarius",
          "date" : "2019-07-17T23:28+0000",
          "age" : 16,
          "moonPhaseDate" : "2019-07-16T21:38+0000",
          "signDate" : "2019-07-17T09:18+0000",
          "moonPhase" : "phase3",
          "timeZone" : -5
        },
        {
          "sign" : "aquarius",
          "date" : "2019-07-19T00:18+0000",
          "age" : 17,
          "signDate" : "2019-07-17T09:18+0000",
          "moonPhaseDate" : "2019-07-16T21:38+0000",
          "moonPhase" : "phase3",
          "timeZone" : -5
        },
        {
          "sign" : "pisces",
          "date" : "2019-07-20T01:06+0000",
          "age" : 18,
          "signDate" : "2019-07-19T21:19+0000",
          "moonPhaseDate" : "2019-07-16T21:38+0000",
          "moonPhase" : "phase3",
          "timeZone" : -5
        },
        {
          "sign" : "pisces",
          "date" : "2019-07-21T01:53+0000",
          "age" : 19,
          "moonPhaseDate" : "2019-07-16T21:38+0000",
          "signDate" : "2019-07-19T21:19+0000",
          "moonPhase" : "phase3",
          "timeZone" : -5
        },
        {
          "sign" : "pisces",
          "date" : "2019-07-22T02:39+0000",
          "age" : 20,
          "signDate" : "2019-07-19T21:19+0000",
          "moonPhaseDate" : "2019-07-16T21:38+0000",
          "moonPhase" : "phase3",
          "timeZone" : -5
        },
        {
          "sign" : "aries",
          "date" : "2019-07-23T03:25+0000",
          "age" : 21,
          "moonPhaseDate" : "2019-07-16T21:38+0000",
          "signDate" : "2019-07-22T10:01+0000",
          "moonPhase" : "phase3",
          "timeZone" : -5
        },
        {
          "sign" : "aries",
          "date" : "2019-07-24T04:10+0000",
          "age" : 22,
          "signDate" : "2019-07-22T10:01+0000",
          "moonPhaseDate" : "2019-07-16T21:38+0000",
          "moonPhase" : "phase3",
          "timeZone" : -5
        },
        {
          "sign" : "taurus",
          "date" : "2019-07-25T04:57+0000",
          "age" : 23,
          "moonPhaseDate" : "2019-07-25T01:18+0000",
          "signDate" : "2019-07-24T21:40+0000",
          "moonPhase" : "phase4",
          "timeZone" : -5
        },
        {
          "sign" : "taurus",
          "date" : "2019-07-26T05:47+0000",
          "age" : 24,
          "moonPhaseDate" : "2019-07-25T01:18+0000",
          "signDate" : "2019-07-24T21:40+0000",
          "moonPhase" : "phase4",
          "timeZone" : -5
        },
        {
          "sign" : "gemini",
          "date" : "2019-07-27T06:39+0000",
          "age" : 25,
          "moonPhaseDate" : "2019-07-25T01:18+0000",
          "signDate" : "2019-07-27T06:28+0000",
          "moonPhase" : "phase4",
          "timeZone" : -5
        },
        {
          "sign" : "gemini",
          "date" : "2019-07-28T07:35+0000",
          "age" : 26,
          "moonPhaseDate" : "2019-07-25T01:18+0000",
          "signDate" : "2019-07-27T06:28+0000",
          "moonPhase" : "phase4",
          "timeZone" : -5
        },
        {
          "sign" : "cancer",
          "date" : "2019-07-29T08:33+0000",
          "age" : 27,
          "moonPhaseDate" : "2019-07-25T01:18+0000",
          "signDate" : "2019-07-29T11:30+0000",
          "moonPhase" : "phase4",
          "timeZone" : -5
        },
        {
          "sign" : "cancer",
          "date" : "2019-07-30T09:34+0000",
          "age" : 28,
          "moonPhaseDate" : "2019-07-25T01:18+0000",
          "signDate" : "2019-07-29T11:30+0000",
          "moonPhase" : "phase4",
          "timeZone" : -5
        },
        {
          "sign" : "leo",
          "date" : "2019-07-31T10:35+0000",
          "age" : 29,
          "signDate" : "2019-07-31T13:18+0000",
          "moonPhaseDate" : "2019-08-01T03:12+0000",
          "moonPhase" : "newMoon",
          "timeZone" : -5
        },
        {
          "sign" : "leo",
          "date" : "2019-08-01T03:12+0000",
          "age" : 1,
          "moonPhaseDate" : "2019-08-01T03:12+0000",
          "signDate" : "2019-07-31T13:18+0000",
          "moonPhase" : "newMoon",
          "timeZone" : -5
        },
        {
          "sign" : "leo",
          "date" : "2019-08-01T11:34+0000",
          "age" : 2,
          "signDate" : "2019-07-31T13:18+0000",
          "moonPhaseDate" : null,
          "moonPhase" : "phase1",
          "timeZone" : -5
        },
        {
          "sign" : "virgo",
          "date" : "2019-08-02T12:29+0000",
          "age" : 3,
          "moonPhaseDate" : null,
          "signDate" : "2019-08-02T13:23+0000",
          "moonPhase" : "phase1",
          "timeZone" : -5
        },
        {
          "sign" : "virgo",
          "date" : "2019-08-03T13:21+0000",
          "age" : 4,
          "moonPhaseDate" : null,
          "signDate" : "2019-08-02T13:23+0000",
          "moonPhase" : "phase1",
          "timeZone" : -5
        },
        {
          "sign" : "libra",
          "date" : "2019-08-04T14:09+0000",
          "age" : 5,
          "moonPhaseDate" : null,
          "signDate" : "2019-08-04T13:32+0000",
          "moonPhase" : "phase1",
          "timeZone" : -5
        },
        {
          "sign" : "libra",
          "date" : "2019-08-05T14:57+0000",
          "age" : 6,
          "moonPhaseDate" : null,
          "signDate" : "2019-08-04T13:32+0000",
          "moonPhase" : "phase1",
          "timeZone" : -5
        },
        {
          "sign" : "scorpio",
          "date" : "2019-08-06T15:41+0000",
          "age" : 7,
          "moonPhaseDate" : null,
          "signDate" : "2019-08-06T15:31+0000",
          "moonPhase" : "phase1",
          "timeZone" : -5
        },
        {
          "sign" : "scorpio",
          "date" : "2019-08-07T16:27+0000",
          "age" : 8,
          "moonPhaseDate" : "2019-08-07T17:31+0000",
          "signDate" : "2019-08-06T15:31+0000",
          "moonPhase" : "phase2",
          "timeZone" : -5
        },
        {
          "sign" : "sagittarius",
          "date" : "2019-08-08T17:14+0000",
          "age" : 9,
          "moonPhaseDate" : "2019-08-07T17:31+0000",
          "signDate" : "2019-08-08T20:32+0000",
          "moonPhase" : "phase2",
          "timeZone" : -5
        },
        {
          "sign" : "sagittarius",
          "date" : "2019-08-09T18:01+0000",
          "age" : 10,
          "signDate" : "2019-08-08T20:32+0000",
          "moonPhaseDate" : "2019-08-07T17:31+0000",
          "moonPhase" : "phase2",
          "timeZone" : -5
        },
        {
          "sign" : "capricorn",
          "date" : "2019-08-10T18:51+0000",
          "age" : 11,
          "moonPhaseDate" : "2019-08-07T17:31+0000",
          "signDate" : "2019-08-11T04:48+0000",
          "moonPhase" : "phase2",
          "timeZone" : -5
        },
        {
          "sign" : "capricorn",
          "date" : "2019-08-11T19:41+0000",
          "age" : 12,
          "signDate" : "2019-08-11T04:48+0000",
          "moonPhaseDate" : "2019-08-07T17:31+0000",
          "moonPhase" : "phase2",
          "timeZone" : -5
        },
        {
          "sign" : "capricorn",
          "date" : "2019-08-12T20:32+0000",
          "age" : 13,
          "signDate" : "2019-08-11T04:48+0000",
          "moonPhaseDate" : "2019-08-07T17:31+0000",
          "moonPhase" : "phase2",
          "timeZone" : -5
        },
        {
          "sign" : "aquarius",
          "date" : "2019-08-13T21:23+0000",
          "age" : 14,
          "signDate" : "2019-08-13T15:36+0000",
          "moonPhaseDate" : "2019-08-07T17:31+0000",
          "moonPhase" : "phase2",
          "timeZone" : -5
        },
        {
          "sign" : "aquarius",
          "date" : "2019-08-14T22:14+0000",
          "age" : 15,
          "signDate" : "2019-08-13T15:36+0000",
          "moonPhaseDate" : "2019-08-07T17:31+0000",
          "moonPhase" : "phase2",
          "timeZone" : -5
        },
        {
          "sign" : "pisces",
          "date" : "2019-08-15T23:02+0000",
          "age" : 16,
          "moonPhaseDate" : "2019-08-15T12:29+0000",
          "signDate" : "2019-08-16T03:50+0000",
          "moonPhase" : "fullMoon",
          "timeZone" : -5
        },
        {
          "sign" : "pisces",
          "date" : "2019-08-16T23:50+0000",
          "age" : 17,
          "moonPhaseDate" : "2019-08-15T12:29+0000",
          "signDate" : "2019-08-16T03:50+0000",
          "moonPhase" : "phase3",
          "timeZone" : -5
        },
        {
          "sign" : "pisces",
          "date" : "2019-08-18T00:36+0000",
          "age" : 18,
          "moonPhaseDate" : "2019-08-15T12:29+0000",
          "signDate" : "2019-08-16T03:50+0000",
          "moonPhase" : "phase3",
          "timeZone" : -5
        },
        {
          "sign" : "aries",
          "date" : "2019-08-19T01:21+0000",
          "age" : 19,
          "signDate" : "2019-08-18T16:32+0000",
          "moonPhaseDate" : "2019-08-15T12:29+0000",
          "moonPhase" : "phase3",
          "timeZone" : -5
        },
        {
          "sign" : "aries",
          "date" : "2019-08-20T02:07+0000",
          "age" : 20,
          "signDate" : "2019-08-18T16:32+0000",
          "moonPhaseDate" : "2019-08-15T12:29+0000",
          "moonPhase" : "phase3",
          "timeZone" : -5
        },
        {
          "sign" : "taurus",
          "date" : "2019-08-21T02:53+0000",
          "age" : 21,
          "moonPhaseDate" : "2019-08-15T12:29+0000",
          "signDate" : "2019-08-21T04:36+0000",
          "moonPhase" : "phase3",
          "timeZone" : -5
        },
        {
          "sign" : "taurus",
          "date" : "2019-08-22T03:40+0000",
          "age" : 22,
          "moonPhaseDate" : "2019-08-15T12:29+0000",
          "signDate" : "2019-08-21T04:36+0000",
          "moonPhase" : "phase3",
          "timeZone" : -5
        },
        {
          "moonPhase" : "phase3",
          "signDate" : "2019-08-21T04:36+0000",
          "date" : "2019-08-23T04:30+0000",
          "age" : 23,
          "sign" : "taurus",
          "moonPhaseDate" : "2019-08-15T12:29+0000",
          "timeZone" : -5
        },
        {
          "sign" : "gemini",
          "date" : "2019-08-24T05:23+0000",
          "age" : 24,
          "moonPhaseDate" : "2019-08-23T14:56+0000",
          "signDate" : "2019-08-21T04:36+0000",
          "moonPhase" : "phase4",
          "timeZone" : -5
        },
        {
          "sign" : "cancer",
          "date" : "2019-08-25T06:18+0000",
          "age" : 25,
          "signDate" : "2019-08-25T21:05+0000",
          "moonPhaseDate" : "2019-08-23T14:56+0000",
          "moonPhase" : "phase4",
          "timeZone" : -5
        },
        {
          "sign" : "cancer",
          "date" : "2019-08-26T07:17+0000",
          "age" : 26,
          "moonPhaseDate" : "2019-08-23T14:56+0000",
          "signDate" : "2019-08-25T21:05+0000",
          "moonPhase" : "phase4",
          "timeZone" : -5
        },
        {
          "sign" : "leo",
          "date" : "2019-08-27T08:16+0000",
          "age" : 27,
          "moonPhaseDate" : "2019-08-23T14:56+0000",
          "signDate" : "2019-08-27T23:51+0000",
          "moonPhase" : "phase4",
          "timeZone" : -5
        },
        {
          "sign" : "leo",
          "date" : "2019-08-28T09:15+0000",
          "age" : 28,
          "signDate" : "2019-08-27T23:51+0000",
          "moonPhaseDate" : "2019-08-23T14:56+0000",
          "moonPhase" : "phase4",
          "timeZone" : -5
        },
        {
          "sign" : "virgo",
          "date" : "2019-08-29T10:13+0000",
          "age" : 29,
          "moonPhaseDate" : "2019-08-23T14:56+0000",
          "signDate" : "2019-08-29T23:57+0000",
          "moonPhase" : "phase4",
          "timeZone" : -5
        },
        {
          "sign" : "virgo",
          "date" : "2019-08-30T10:37+0000",
          "age" : 1,
          "signDate" : "2019-08-29T23:57+0000",
          "moonPhaseDate" : "2019-08-30T10:37+0000",
          "moonPhase" : "newMoon",
          "timeZone" : -5
        },
        {
          "sign" : "virgo",
          "date" : "2019-08-30T11:07+0000",
          "age" : 2,
          "signDate" : "2019-08-29T23:57+0000",
          "moonPhaseDate" : "2019-08-30T10:37+0000",
          "moonPhase" : "newMoon",
          "timeZone" : -5
        },
        {
          "sign" : "libra",
          "date" : "2019-08-31T11:58+0000",
          "age" : 3,
          "signDate" : "2019-08-31T23:12+0000",
          "moonPhaseDate" : "2019-08-30T10:37+0000",
          "moonPhase" : "phase1",
          "timeZone" : -5
        },
        {
          "sign" : "libra",
          "date" : "2019-09-01T12:47+0000",
          "age" : 4,
          "signDate" : "2019-08-31T23:12+0000",
          "moonPhaseDate" : null,
          "moonPhase" : "phase1",
          "timeZone" : -5
        },
        {
          "sign" : "scorpio",
          "date" : "2019-09-02T13:35+0000",
          "age" : 5,
          "moonPhaseDate" : null,
          "signDate" : "2019-09-02T23:38+0000",
          "moonPhase" : "phase1",
          "timeZone" : -5
        },
        {
          "sign" : "scorpio",
          "date" : "2019-09-03T14:22+0000",
          "age" : 6,
          "signDate" : "2019-09-02T23:38+0000",
          "moonPhaseDate" : null,
          "moonPhase" : "phase1",
          "timeZone" : -5
        },
        {
          "sign" : "sagittarius",
          "date" : "2019-09-04T15:08+0000",
          "age" : 7,
          "moonPhaseDate" : null,
          "signDate" : "2019-09-05T03:06+0000",
          "moonPhase" : "phase1",
          "timeZone" : -5
        },
        {
          "sign" : "sagittarius",
          "date" : "2019-09-05T15:57+0000",
          "age" : 8,
          "moonPhaseDate" : "2019-09-06T03:10+0000",
          "signDate" : "2019-09-05T03:06+0000",
          "moonPhase" : "phase2",
          "timeZone" : -5
        },
        {
          "sign" : "sagittarius",
          "date" : "2019-09-06T16:47+0000",
          "age" : 9,
          "signDate" : "2019-09-05T03:06+0000",
          "moonPhaseDate" : "2019-09-06T03:10+0000",
          "moonPhase" : "phase2",
          "timeZone" : -5
        },
        {
          "sign" : "capricorn",
          "date" : "2019-09-07T17:38+0000",
          "age" : 10,
          "moonPhaseDate" : "2019-09-06T03:10+0000",
          "signDate" : "2019-09-07T10:35+0000",
          "moonPhase" : "phase2",
          "timeZone" : -5
        },
        {
          "sign" : "capricorn",
          "date" : "2019-09-08T18:29+0000",
          "age" : 11,
          "signDate" : "2019-09-07T10:35+0000",
          "moonPhaseDate" : "2019-09-06T03:10+0000",
          "moonPhase" : "phase2",
          "timeZone" : -5
        },
        {
          "sign" : "aquarius",
          "date" : "2019-09-09T19:20+0000",
          "age" : 12,
          "signDate" : "2019-09-09T21:25+0000",
          "moonPhaseDate" : "2019-09-06T03:10+0000",
          "moonPhase" : "phase2",
          "timeZone" : -5
        },
        {
          "sign" : "aquarius",
          "date" : "2019-09-10T20:10+0000",
          "age" : 13,
          "signDate" : "2019-09-09T21:25+0000",
          "moonPhaseDate" : "2019-09-06T03:10+0000",
          "moonPhase" : "phase2",
          "timeZone" : -5
        },
        {
          "sign" : "aquarius",
          "date" : "2019-09-11T20:59+0000",
          "age" : 14,
          "signDate" : "2019-09-09T21:25+0000",
          "moonPhaseDate" : "2019-09-06T03:10+0000",
          "moonPhase" : "phase2",
          "timeZone" : -5
        },
        {
          "sign" : "pisces",
          "date" : "2019-09-12T21:47+0000",
          "age" : 15,
          "moonPhaseDate" : "2019-09-06T03:10+0000",
          "signDate" : "2019-09-12T09:53+0000",
          "moonPhase" : "phase2",
          "timeZone" : -5
        },
        {
          "sign" : "pisces",
          "date" : "2019-09-13T22:33+0000",
          "age" : 16,
          "moonPhaseDate" : "2019-09-14T04:33+0000",
          "signDate" : "2019-09-12T09:53+0000",
          "moonPhase" : "fullMoon",
          "timeZone" : -5
        },
        {
          "sign" : "aries",
          "date" : "2019-09-14T23:18+0000",
          "age" : 17,
          "moonPhaseDate" : "2019-09-14T04:33+0000",
          "signDate" : "2019-09-14T22:32+0000",
          "moonPhase" : "phase3",
          "timeZone" : -5
        },
        {
          "sign" : "aries",
          "date" : "2019-09-16T00:04+0000",
          "age" : 18,
          "moonPhaseDate" : "2019-09-14T04:33+0000",
          "signDate" : "2019-09-14T22:32+0000",
          "moonPhase" : "phase3",
          "timeZone" : -5
        },
        {
          "sign" : "aries",
          "date" : "2019-09-17T00:50+0000",
          "age" : 19,
          "moonPhaseDate" : "2019-09-14T04:33+0000",
          "signDate" : "2019-09-14T22:32+0000",
          "moonPhase" : "phase3",
          "timeZone" : -5
        },
        {
          "sign" : "taurus",
          "date" : "2019-09-18T01:37+0000",
          "age" : 20,
          "signDate" : "2019-09-17T10:30+0000",
          "moonPhaseDate" : "2019-09-14T04:33+0000",
          "moonPhase" : "phase3",
          "timeZone" : -5
        },
        {
          "sign" : "taurus",
          "date" : "2019-09-19T02:26+0000",
          "age" : 21,
          "signDate" : "2019-09-17T10:30+0000",
          "moonPhaseDate" : "2019-09-14T04:33+0000",
          "moonPhase" : "phase3",
          "timeZone" : -5
        },
        {
          "sign" : "gemini",
          "date" : "2019-09-20T03:17+0000",
          "age" : 22,
          "moonPhaseDate" : "2019-09-14T04:33+0000",
          "signDate" : "2019-09-19T20:58+0000",
          "moonPhase" : "phase3",
          "timeZone" : -5
        },
        {
          "sign" : "gemini",
          "date" : "2019-09-21T04:10+0000",
          "age" : 23,
          "signDate" : "2019-09-19T20:58+0000",
          "moonPhaseDate" : "2019-09-14T04:33+0000",
          "moonPhase" : "phase3",
          "timeZone" : -5
        },
        {
          "sign" : "cancer",
          "date" : "2019-09-22T05:06+0000",
          "age" : 24,
          "moonPhaseDate" : "2019-09-22T02:41+0000",
          "signDate" : "2019-09-19T20:58+0000",
          "moonPhase" : "phase4",
          "timeZone" : -5
        },
        {
          "sign" : "cancer",
          "date" : "2019-09-23T06:03+0000",
          "age" : 25,
          "moonPhaseDate" : "2019-09-22T02:41+0000",
          "signDate" : "2019-09-19T20:58+0000",
          "moonPhase" : "phase4",
          "timeZone" : -5
        },
        {
          "sign" : "leo",
          "date" : "2019-09-24T07:00+0000",
          "age" : 26,
          "signDate" : "2019-09-24T09:19+0000",
          "moonPhaseDate" : "2019-09-22T02:41+0000",
          "moonPhase" : "phase4",
          "timeZone" : -5
        },
        {
          "sign" : "leo",
          "date" : "2019-09-25T07:57+0000",
          "age" : 27,
          "signDate" : "2019-09-24T09:19+0000",
          "moonPhaseDate" : "2019-09-22T02:41+0000",
          "moonPhase" : "phase4",
          "timeZone" : -5
        },
        {
          "sign" : "virgo",
          "date" : "2019-09-26T08:51+0000",
          "age" : 28,
          "moonPhaseDate" : "2019-09-22T02:41+0000",
          "signDate" : "2019-09-26T10:35+0000",
          "moonPhase" : "phase4",
          "timeZone" : -5
        },
        {
          "sign" : "virgo",
          "date" : "2019-09-27T09:43+0000",
          "age" : 29,
          "signDate" : "2019-09-26T10:35+0000",
          "moonPhaseDate" : "2019-09-22T02:41+0000",
          "moonPhase" : "phase4",
          "timeZone" : -5
        },
        {
          "sign" : "libra",
          "date" : "2019-09-28T10:33+0000",
          "age" : 30,
          "moonPhaseDate" : "2019-09-28T18:26+0000",
          "signDate" : "2019-09-28T10:04+0000",
          "moonPhase" : "newMoon",
          "timeZone" : -5
        },
        {
          "sign" : "libra",
          "date" : "2019-09-28T18:26+0000",
          "age" : 1,
          "moonPhaseDate" : "2019-09-28T18:26+0000",
          "signDate" : "2019-09-28T10:04+0000",
          "moonPhase" : "newMoon",
          "timeZone" : -5
        },
        {
          "sign" : "libra",
          "date" : "2019-09-29T11:22+0000",
          "age" : 2,
          "signDate" : "2019-09-28T10:04+0000",
          "moonPhaseDate" : "2019-09-28T18:26+0000",
          "moonPhase" : "phase1",
          "timeZone" : -5
        },
        {
          "sign" : "scorpio",
          "date" : "2019-09-30T12:10+0000",
          "age" : 3,
          "moonPhaseDate" : "2019-09-28T18:26+0000",
          "signDate" : "2019-09-30T09:45+0000",
          "moonPhase" : "phase1",
          "timeZone" : -5
        },
        {
          "sign" : "scorpio",
          "date" : "2019-10-01T12:59+0000",
          "age" : 4,
          "moonPhaseDate" : null,
          "signDate" : "2019-09-30T09:45+0000",
          "moonPhase" : "phase1",
          "timeZone" : -5
        },
        {
          "sign" : "sagittarius",
          "date" : "2019-10-02T13:48+0000",
          "age" : 5,
          "moonPhaseDate" : null,
          "signDate" : "2019-10-02T11:45+0000",
          "moonPhase" : "phase1",
          "timeZone" : -5
        },
        {
          "sign" : "sagittarius",
          "date" : "2019-10-03T14:39+0000",
          "age" : 6,
          "signDate" : "2019-10-02T11:45+0000",
          "moonPhaseDate" : null,
          "moonPhase" : "phase1",
          "timeZone" : -5
        },
        {
          "sign" : "capricorn",
          "date" : "2019-10-04T15:31+0000",
          "age" : 7,
          "signDate" : "2019-10-04T17:41+0000",
          "moonPhaseDate" : null,
          "moonPhase" : "phase1",
          "timeZone" : -5
        },
        {
          "sign" : "capricorn",
          "date" : "2019-10-05T16:23+0000",
          "age" : 8,
          "signDate" : "2019-10-04T17:41+0000",
          "moonPhaseDate" : "2019-10-05T16:47+0000",
          "moonPhase" : "phase2",
          "timeZone" : -5
        },
        {
          "sign" : "aquarius",
          "date" : "2019-10-06T17:15+0000",
          "age" : 9,
          "moonPhaseDate" : "2019-10-05T16:47+0000",
          "signDate" : "2019-10-07T03:43+0000",
          "moonPhase" : "phase2",
          "timeZone" : -5
        },
        {
          "sign" : "aquarius",
          "date" : "2019-10-07T18:06+0000",
          "age" : 10,
          "signDate" : "2019-10-07T03:43+0000",
          "moonPhaseDate" : "2019-10-05T16:47+0000",
          "moonPhase" : "phase2",
          "timeZone" : -5
        },
        {
          "sign" : "aquarius",
          "date" : "2019-10-08T18:56+0000",
          "age" : 11,
          "signDate" : "2019-10-07T03:43+0000",
          "moonPhaseDate" : "2019-10-05T16:47+0000",
          "moonPhase" : "phase2",
          "timeZone" : -5
        },
        {
          "sign" : "pisces",
          "date" : "2019-10-09T19:44+0000",
          "age" : 12,
          "moonPhaseDate" : "2019-10-05T16:47+0000",
          "signDate" : "2019-10-09T16:08+0000",
          "moonPhase" : "phase2",
          "timeZone" : -5
        },
        {
          "sign" : "pisces",
          "date" : "2019-10-10T20:31+0000",
          "age" : 13,
          "signDate" : "2019-10-09T16:08+0000",
          "moonPhaseDate" : "2019-10-05T16:47+0000",
          "moonPhase" : "phase2",
          "timeZone" : -5
        },
        {
          "sign" : "aries",
          "date" : "2019-10-11T21:16+0000",
          "age" : 14,
          "moonPhaseDate" : "2019-10-05T16:47+0000",
          "signDate" : "2019-10-12T04:46+0000",
          "moonPhase" : "phase2",
          "timeZone" : -5
        },
        {
          "sign" : "aries",
          "date" : "2019-10-12T22:02+0000",
          "age" : 15,
          "moonPhaseDate" : "2019-10-05T16:47+0000",
          "signDate" : "2019-10-12T04:46+0000",
          "moonPhase" : "phase2",
          "timeZone" : -5
        },
        {
          "sign" : "aries",
          "date" : "2019-10-13T22:48+0000",
          "age" : 16,
          "moonPhaseDate" : "2019-10-13T21:08+0000",
          "signDate" : "2019-10-12T04:46+0000",
          "moonPhase" : "fullMoon",
          "timeZone" : -5
        },
        {
          "sign" : "taurus",
          "date" : "2019-10-14T23:35+0000",
          "age" : 17,
          "moonPhaseDate" : "2019-10-13T21:08+0000",
          "signDate" : "2019-10-14T16:23+0000",
          "moonPhase" : "phase3",
          "timeZone" : -5
        },
        {
          "sign" : "taurus",
          "date" : "2019-10-16T00:23+0000",
          "age" : 18,
          "signDate" : "2019-10-14T16:23+0000",
          "moonPhaseDate" : "2019-10-13T21:08+0000",
          "moonPhase" : "phase3",
          "timeZone" : -5
        },
        {
          "sign" : "gemini",
          "date" : "2019-10-17T01:13+0000",
          "age" : 19,
          "moonPhaseDate" : "2019-10-13T21:08+0000",
          "signDate" : "2019-10-17T02:29+0000",
          "moonPhase" : "phase3",
          "timeZone" : -5
        },
        {
          "sign" : "gemini",
          "date" : "2019-10-18T02:06+0000",
          "age" : 20,
          "signDate" : "2019-10-17T02:29+0000",
          "moonPhaseDate" : "2019-10-13T21:08+0000",
          "moonPhase" : "phase3",
          "timeZone" : -5
        },
        {
          "sign" : "gemini",
          "date" : "2019-10-19T03:01+0000",
          "age" : 21,
          "moonPhaseDate" : "2019-10-13T21:08+0000",
          "signDate" : "2019-10-17T02:29+0000",
          "moonPhase" : "phase3",
          "timeZone" : -5
        },
        {
          "sign" : "cancer",
          "date" : "2019-10-20T03:57+0000",
          "age" : 22,
          "signDate" : "2019-10-19T10:42+0000",
          "moonPhaseDate" : "2019-10-13T21:08+0000",
          "moonPhase" : "phase3",
          "timeZone" : -5
        },
        {
          "sign" : "cancer",
          "date" : "2019-10-21T04:53+0000",
          "age" : 23,
          "moonPhaseDate" : "2019-10-13T21:08+0000",
          "signDate" : "2019-10-19T10:42+0000",
          "moonPhase" : "phase3",
          "timeZone" : -5
        },
        {
          "sign" : "leo",
          "date" : "2019-10-22T05:48+0000",
          "age" : 24,
          "moonPhaseDate" : "2019-10-21T12:39+0000",
          "signDate" : "2019-10-19T10:42+0000",
          "moonPhase" : "phase4",
          "timeZone" : -5
        },
        {
          "sign" : "virgo",
          "date" : "2019-10-23T06:41+0000",
          "age" : 25,
          "moonPhaseDate" : "2019-10-21T12:39+0000",
          "signDate" : "2019-10-23T19:30+0000",
          "moonPhase" : "phase4",
          "timeZone" : -5
        },
        {
          "sign" : "virgo",
          "date" : "2019-10-24T07:32+0000",
          "age" : 26,
          "moonPhaseDate" : "2019-10-21T12:39+0000",
          "signDate" : "2019-10-23T19:30+0000",
          "moonPhase" : "phase4",
          "timeZone" : -5
        },
        {
          "sign" : "libra",
          "date" : "2019-10-25T08:21+0000",
          "age" : 27,
          "signDate" : "2019-10-25T20:20+0000",
          "moonPhaseDate" : "2019-10-21T12:39+0000",
          "moonPhase" : "phase4",
          "timeZone" : -5
        },
        {
          "sign" : "libra",
          "date" : "2019-10-26T09:09+0000",
          "age" : 28,
          "moonPhaseDate" : "2019-10-21T12:39+0000",
          "signDate" : "2019-10-25T20:20+0000",
          "moonPhase" : "phase4",
          "timeZone" : -5
        },
        {
          "sign" : "scorpio",
          "date" : "2019-10-27T09:56+0000",
          "age" : 29,
          "signDate" : "2019-10-27T20:31+0000",
          "moonPhaseDate" : "2019-10-28T03:38+0000",
          "moonPhase" : "newMoon",
          "timeZone" : -5
        },
        {
          "sign" : "scorpio",
          "date" : "2019-10-28T03:38+0000",
          "age" : 1,
          "moonPhaseDate" : "2019-10-28T03:38+0000",
          "signDate" : "2019-10-27T20:31+0000",
          "moonPhase" : "newMoon",
          "timeZone" : -5
        },
        {
          "sign" : "scorpio",
          "date" : "2019-10-28T10:45+0000",
          "age" : 2,
          "moonPhaseDate" : "2019-10-28T03:38+0000",
          "signDate" : "2019-10-27T20:31+0000",
          "moonPhase" : "phase1",
          "timeZone" : -5
        },
        {
          "sign" : "sagittarius",
          "date" : "2019-10-29T11:34+0000",
          "age" : 3,
          "moonPhaseDate" : "2019-10-28T03:38+0000",
          "signDate" : "2019-10-29T22:00+0000",
          "moonPhase" : "phase1",
          "timeZone" : -5
        },
        {
          "sign" : "sagittarius",
          "date" : "2019-10-30T12:26+0000",
          "age" : 4,
          "signDate" : "2019-10-29T22:00+0000",
          "moonPhaseDate" : "2019-10-28T03:38+0000",
          "moonPhase" : "phase1",
          "timeZone" : -5
        },
        {
          "sign" : "capricorn",
          "date" : "2019-10-31T13:18+0000",
          "age" : 5,
          "moonPhaseDate" : "2019-10-28T03:38+0000",
          "signDate" : "2019-11-01T02:38+0000",
          "moonPhase" : "phase1",
          "timeZone" : -5
        },
        {
          "sign" : "capricorn",
          "date" : "2019-11-01T14:12+0000",
          "age" : 6,
          "signDate" : "2019-11-01T02:38+0000",
          "moonPhaseDate" : null,
          "moonPhase" : "phase1",
          "timeZone" : -5
        },
        {
          "sign" : "capricorn",
          "date" : "2019-11-02T15:06+0000",
          "age" : 7,
          "signDate" : "2019-11-01T02:38+0000",
          "moonPhaseDate" : null,
          "moonPhase" : "phase1",
          "timeZone" : -5
        },
        {
          "sign" : "aquarius",
          "date" : "2019-11-03T15:59+0000",
          "age" : 8,
          "moonPhaseDate" : null,
          "signDate" : "2019-11-03T11:21+0000",
          "moonPhase" : "phase1",
          "timeZone" : -5
        },
        {
          "sign" : "aquarius",
          "date" : "2019-11-04T16:50+0000",
          "age" : 9,
          "moonPhaseDate" : "2019-11-04T10:23+0000",
          "signDate" : "2019-11-03T11:21+0000",
          "moonPhase" : "phase2",
          "timeZone" : -5
        },
        {
          "sign" : "pisces",
          "date" : "2019-11-05T17:39+0000",
          "age" : 10,
          "signDate" : "2019-11-05T23:11+0000",
          "moonPhaseDate" : "2019-11-04T10:23+0000",
          "moonPhase" : "phase2",
          "timeZone" : -5
        },
        {
          "sign" : "pisces",
          "date" : "2019-11-06T18:26+0000",
          "age" : 11,
          "moonPhaseDate" : "2019-11-04T10:23+0000",
          "signDate" : "2019-11-05T23:11+0000",
          "moonPhase" : "phase2",
          "timeZone" : -5
        },
        {
          "sign" : "pisces",
          "date" : "2019-11-07T19:12+0000",
          "age" : 12,
          "signDate" : "2019-11-05T23:11+0000",
          "moonPhaseDate" : "2019-11-04T10:23+0000",
          "moonPhase" : "phase2",
          "timeZone" : -5
        },
        {
          "sign" : "aries",
          "date" : "2019-11-08T19:58+0000",
          "age" : 13,
          "moonPhaseDate" : "2019-11-04T10:23+0000",
          "signDate" : "2019-11-08T11:50+0000",
          "moonPhase" : "phase2",
          "timeZone" : -5
        },
        {
          "sign" : "aries",
          "date" : "2019-11-09T20:43+0000",
          "age" : 14,
          "signDate" : "2019-11-08T11:50+0000",
          "moonPhaseDate" : "2019-11-04T10:23+0000",
          "moonPhase" : "phase2",
          "timeZone" : -5
        },
        {
          "sign" : "taurus",
          "date" : "2019-11-10T21:30+0000",
          "age" : 15,
          "signDate" : "2019-11-10T23:19+0000",
          "moonPhaseDate" : "2019-11-04T10:23+0000",
          "moonPhase" : "phase2",
          "timeZone" : -5
        },
        {
          "sign" : "taurus",
          "date" : "2019-11-11T22:18+0000",
          "age" : 16,
          "moonPhaseDate" : "2019-11-04T10:23+0000",
          "signDate" : "2019-11-10T23:19+0000",
          "moonPhase" : "phase2",
          "timeZone" : -5
        },
        {
          "sign" : "taurus",
          "date" : "2019-11-12T23:08+0000",
          "age" : 17,
          "signDate" : "2019-11-10T23:19+0000",
          "moonPhaseDate" : "2019-11-12T13:35+0000",
          "moonPhase" : "fullMoon",
          "timeZone" : -5
        },
        {
          "sign" : "gemini",
          "date" : "2019-11-14T00:01+0000",
          "age" : 18,
          "moonPhaseDate" : "2019-11-12T13:35+0000",
          "signDate" : "2019-11-13T08:45+0000",
          "moonPhase" : "phase3",
          "timeZone" : -5
        },
        {
          "sign" : "gemini",
          "date" : "2019-11-15T00:56+0000",
          "age" : 19,
          "signDate" : "2019-11-13T08:45+0000",
          "moonPhaseDate" : "2019-11-12T13:35+0000",
          "moonPhase" : "phase3",
          "timeZone" : -5
        },
        {
          "sign" : "cancer",
          "date" : "2019-11-16T01:53+0000",
          "age" : 20,
          "signDate" : "2019-11-15T16:12+0000",
          "moonPhaseDate" : "2019-11-12T13:35+0000",
          "moonPhase" : "phase3",
          "timeZone" : -5
        },
        {
          "sign" : "cancer",
          "date" : "2019-11-17T02:49+0000",
          "age" : 21,
          "moonPhaseDate" : "2019-11-12T13:35+0000",
          "signDate" : "2019-11-15T16:12+0000",
          "moonPhase" : "phase3",
          "timeZone" : -5
        },
        {
          "sign" : "leo",
          "date" : "2019-11-18T03:44+0000",
          "age" : 22,
          "moonPhaseDate" : "2019-11-12T13:35+0000",
          "signDate" : "2019-11-17T21:54+0000",
          "moonPhase" : "phase3",
          "timeZone" : -5
        },
        {
          "sign" : "leo",
          "date" : "2019-11-19T04:37+0000",
          "age" : 23,
          "moonPhaseDate" : "2019-11-12T13:35+0000",
          "signDate" : "2019-11-17T21:54+0000",
          "moonPhase" : "phase3",
          "timeZone" : -5
        },
        {
          "sign" : "virgo",
          "date" : "2019-11-20T05:28+0000",
          "age" : 24,
          "moonPhaseDate" : "2019-11-19T21:11+0000",
          "signDate" : "2019-11-17T21:54+0000",
          "moonPhase" : "phase4",
          "timeZone" : -5
        },
        {
          "sign" : "libra",
          "date" : "2019-11-21T06:15+0000",
          "age" : 25,
          "moonPhaseDate" : "2019-11-19T21:11+0000",
          "signDate" : "2019-11-22T04:22+0000",
          "moonPhase" : "phase4",
          "timeZone" : -5
        },
        {
          "sign" : "libra",
          "date" : "2019-11-22T07:02+0000",
          "age" : 26,
          "moonPhaseDate" : "2019-11-19T21:11+0000",
          "signDate" : "2019-11-22T04:22+0000",
          "moonPhase" : "phase4",
          "timeZone" : -5
        },
        {
          "sign" : "libra",
          "date" : "2019-11-23T07:48+0000",
          "age" : 27,
          "moonPhaseDate" : "2019-11-19T21:11+0000",
          "signDate" : "2019-11-22T04:22+0000",
          "moonPhase" : "phase4",
          "timeZone" : -5
        },
        {
          "sign" : "scorpio",
          "date" : "2019-11-24T08:34+0000",
          "age" : 28,
          "signDate" : "2019-11-24T06:01+0000",
          "moonPhaseDate" : "2019-11-19T21:11+0000",
          "moonPhase" : "phase4",
          "timeZone" : -5
        },
        {
          "sign" : "scorpio",
          "date" : "2019-11-25T09:22+0000",
          "age" : 29,
          "moonPhaseDate" : "2019-11-19T21:11+0000",
          "signDate" : "2019-11-24T06:01+0000",
          "moonPhase" : "phase4",
          "timeZone" : -5
        },
        {
          "sign" : "sagittarius",
          "date" : "2019-11-26T10:11+0000",
          "age" : 30,
          "moonPhaseDate" : "2019-11-26T15:06+0000",
          "signDate" : "2019-11-26T08:12+0000",
          "moonPhase" : "newMoon",
          "timeZone" : -5
        },
        {
          "sign" : "sagittarius",
          "date" : "2019-11-26T15:06+0000",
          "age" : 1,
          "moonPhaseDate" : "2019-11-26T15:06+0000",
          "signDate" : "2019-11-26T08:12+0000",
          "moonPhase" : "newMoon",
          "timeZone" : -5
        },
        {
          "sign" : "sagittarius",
          "date" : "2019-11-27T11:04+0000",
          "age" : 2,
          "signDate" : "2019-11-26T08:12+0000",
          "moonPhaseDate" : "2019-11-26T15:06+0000",
          "moonPhase" : "phase1",
          "timeZone" : -5
        },
        {
          "sign" : "capricorn",
          "date" : "2019-11-28T11:58+0000",
          "age" : 3,
          "moonPhaseDate" : "2019-11-26T15:06+0000",
          "signDate" : "2019-11-28T12:32+0000",
          "moonPhase" : "phase1",
          "timeZone" : -5
        },
        {
          "sign" : "capricorn",
          "date" : "2019-11-29T12:53+0000",
          "age" : 4,
          "moonPhaseDate" : "2019-11-26T15:06+0000",
          "signDate" : "2019-11-28T12:32+0000",
          "moonPhase" : "phase1",
          "timeZone" : -5
        },
        {
          "sign" : "aquarius",
          "date" : "2019-11-30T13:47+0000",
          "age" : 5,
          "signDate" : "2019-11-30T20:15+0000",
          "moonPhaseDate" : "2019-11-26T15:06+0000",
          "moonPhase" : "phase1",
          "timeZone" : -5
        },
        {
          "sign" : "aquarius",
          "date" : "2019-12-01T14:40+0000",
          "age" : 6,
          "moonPhaseDate" : null,
          "signDate" : "2019-11-30T20:15+0000",
          "moonPhase" : "phase1",
          "timeZone" : -5
        },
        {
          "sign" : "aquarius",
          "date" : "2019-12-02T15:31+0000",
          "age" : 7,
          "moonPhaseDate" : null,
          "signDate" : "2019-11-30T20:15+0000",
          "moonPhase" : "phase1",
          "timeZone" : -5
        },
        {
          "sign" : "pisces",
          "date" : "2019-12-03T16:19+0000",
          "age" : 8,
          "signDate" : "2019-12-03T07:14+0000",
          "moonPhaseDate" : null,
          "moonPhase" : "phase1",
          "timeZone" : -5
        },
        {
          "sign" : "pisces",
          "date" : "2019-12-04T17:05+0000",
          "age" : 9,
          "moonPhaseDate" : "2019-12-04T06:58+0000",
          "signDate" : "2019-12-03T07:14+0000",
          "moonPhase" : "phase2",
          "timeZone" : -5
        },
        {
          "sign" : "aries",
          "date" : "2019-12-05T17:52+0000",
          "age" : 10,
          "moonPhaseDate" : "2019-12-04T06:58+0000",
          "signDate" : "2019-12-05T19:46+0000",
          "moonPhase" : "phase2",
          "timeZone" : -5
        },
        {
          "sign" : "aries",
          "date" : "2019-12-06T18:37+0000",
          "age" : 11,
          "moonPhaseDate" : "2019-12-04T06:58+0000",
          "signDate" : "2019-12-05T19:46+0000",
          "moonPhase" : "phase2",
          "timeZone" : -5
        },
        {
          "sign" : "aries",
          "date" : "2019-12-07T19:23+0000",
          "age" : 12,
          "signDate" : "2019-12-05T19:46+0000",
          "moonPhaseDate" : "2019-12-04T06:58+0000",
          "moonPhase" : "phase2",
          "timeZone" : -5
        },
        {
          "sign" : "taurus",
          "date" : "2019-12-08T20:10+0000",
          "age" : 13,
          "moonPhaseDate" : "2019-12-04T06:58+0000",
          "signDate" : "2019-12-08T07:31+0000",
          "moonPhase" : "phase2",
          "timeZone" : -5
        },
        {
          "sign" : "taurus",
          "date" : "2019-12-09T20:59+0000",
          "age" : 14,
          "moonPhaseDate" : "2019-12-04T06:58+0000",
          "signDate" : "2019-12-08T07:31+0000",
          "moonPhase" : "phase2",
          "timeZone" : -5
        },
        {
          "sign" : "gemini",
          "date" : "2019-12-10T21:52+0000",
          "age" : 15,
          "moonPhaseDate" : "2019-12-04T06:58+0000",
          "signDate" : "2019-12-10T16:49+0000",
          "moonPhase" : "phase2",
          "timeZone" : -5
        },
        {
          "sign" : "gemini",
          "date" : "2019-12-11T22:47+0000",
          "age" : 16,
          "signDate" : "2019-12-10T16:49+0000",
          "moonPhaseDate" : "2019-12-04T06:58+0000",
          "moonPhase" : "phase2",
          "timeZone" : -5
        },
        {
          "sign" : "cancer",
          "date" : "2019-12-12T23:44+0000",
          "age" : 17,
          "moonPhaseDate" : "2019-12-12T05:12+0000",
          "signDate" : "2019-12-12T23:24+0000",
          "moonPhase" : "fullMoon",
          "timeZone" : -5
        },
        {
          "sign" : "cancer",
          "date" : "2019-12-14T00:42+0000",
          "age" : 18,
          "moonPhaseDate" : "2019-12-12T05:12+0000",
          "signDate" : "2019-12-12T23:24+0000",
          "moonPhase" : "phase3",
          "timeZone" : -5
        },
        {
          "sign" : "leo",
          "date" : "2019-12-15T01:39+0000",
          "age" : 19,
          "moonPhaseDate" : "2019-12-12T05:12+0000",
          "signDate" : "2019-12-15T03:53+0000",
          "moonPhase" : "phase3",
          "timeZone" : -5
        },
        {
          "sign" : "leo",
          "date" : "2019-12-16T02:34+0000",
          "age" : 20,
          "moonPhaseDate" : "2019-12-12T05:12+0000",
          "signDate" : "2019-12-15T03:53+0000",
          "moonPhase" : "phase3",
          "timeZone" : -5
        },
        {
          "sign" : "leo",
          "date" : "2019-12-17T03:26+0000",
          "age" : 21,
          "moonPhaseDate" : "2019-12-12T05:12+0000",
          "signDate" : "2019-12-15T03:53+0000",
          "moonPhase" : "phase3",
          "timeZone" : -5
        },
        {
          "sign" : "virgo",
          "date" : "2019-12-18T04:14+0000",
          "age" : 22,
          "signDate" : "2019-12-17T07:13+0000",
          "moonPhaseDate" : "2019-12-12T05:12+0000",
          "moonPhase" : "phase3",
          "timeZone" : -5
        },
        {
          "sign" : "libra",
          "date" : "2019-12-19T05:00+0000",
          "age" : 23,
          "moonPhaseDate" : "2019-12-19T04:57+0000",
          "signDate" : "2019-12-19T10:05+0000",
          "moonPhase" : "phase4",
          "timeZone" : -5
        },
        {
          "sign" : "libra",
          "date" : "2019-12-20T05:45+0000",
          "age" : 24,
          "signDate" : "2019-12-19T10:05+0000",
          "moonPhaseDate" : "2019-12-19T04:57+0000",
          "moonPhase" : "phase4",
          "timeZone" : -5
        },
        {
          "sign" : "scorpio",
          "date" : "2019-12-21T06:30+0000",
          "age" : 25,
          "signDate" : "2019-12-21T13:01+0000",
          "moonPhaseDate" : "2019-12-19T04:57+0000",
          "moonPhase" : "phase4",
          "timeZone" : -5
        },
        {
          "sign" : "scorpio",
          "date" : "2019-12-22T07:15+0000",
          "age" : 26,
          "moonPhaseDate" : "2019-12-19T04:57+0000",
          "signDate" : "2019-12-21T13:01+0000",
          "moonPhase" : "phase4",
          "timeZone" : -5
        },
        {
          "sign" : "sagittarius",
          "date" : "2019-12-23T08:03+0000",
          "age" : 27,
          "moonPhaseDate" : "2019-12-19T04:57+0000",
          "signDate" : "2019-12-23T16:37+0000",
          "moonPhase" : "phase4",
          "timeZone" : -5
        },
        {
          "sign" : "sagittarius",
          "date" : "2019-12-24T08:53+0000",
          "age" : 28,
          "moonPhaseDate" : "2019-12-19T04:57+0000",
          "signDate" : "2019-12-23T16:37+0000",
          "moonPhase" : "phase4",
          "timeZone" : -5
        },
        {
          "sign" : "capricorn",
          "date" : "2019-12-25T09:45+0000",
          "age" : 29,
          "signDate" : "2019-12-25T21:46+0000",
          "moonPhaseDate" : "2019-12-19T04:57+0000",
          "moonPhase" : "phase4",
          "timeZone" : -5
        },
        {
          "sign" : "capricorn",
          "date" : "2019-12-26T05:13+0000",
          "age" : 1,
          "moonPhaseDate" : "2019-12-26T05:13+0000",
          "signDate" : "2019-12-25T21:46+0000",
          "moonPhase" : "newMoon",
          "timeZone" : -5
        },
        {
          "sign" : "capricorn",
          "date" : "2019-12-26T10:39+0000",
          "age" : 2,
          "moonPhaseDate" : "2019-12-26T05:13+0000",
          "signDate" : "2019-12-25T21:46+0000",
          "moonPhase" : "newMoon",
          "timeZone" : -5
        },
        {
          "sign" : "capricorn",
          "date" : "2019-12-27T11:34+0000",
          "age" : 3,
          "moonPhaseDate" : "2019-12-26T05:13+0000",
          "signDate" : "2019-12-25T21:46+0000",
          "moonPhase" : "phase1",
          "timeZone" : -5
        },
        {
          "sign" : "aquarius",
          "date" : "2019-12-28T12:28+0000",
          "age" : 4,
          "moonPhaseDate" : "2019-12-26T05:13+0000",
          "signDate" : "2019-12-28T05:21+0000",
          "moonPhase" : "phase1",
          "timeZone" : -5
        },
        {
          "sign" : "aquarius",
          "date" : "2019-12-29T13:21+0000",
          "age" : 5,
          "signDate" : "2019-12-28T05:21+0000",
          "moonPhaseDate" : "2019-12-26T05:13+0000",
          "moonPhase" : "phase1",
          "timeZone" : -5
        },
        {
          "sign" : "pisces",
          "date" : "2019-12-30T14:11+0000",
          "age" : 6,
          "signDate" : "2019-12-30T15:43+0000",
          "moonPhaseDate" : "2019-12-26T05:13+0000",
          "moonPhase" : "phase1",
          "timeZone" : -5
        },
        {
          "sign" : "pisces",
          "date" : "2019-12-31T14:59+0000",
          "age" : 7,
          "signDate" : "2019-12-30T15:43+0000",
          "moonPhaseDate" : "2019-12-26T05:13+0000",
          "moonPhase" : "phase1",
          "timeZone" : -5
        },
        {
          "sign" : "aries",
          "date" : "2020-01-01T15:45+0000",
          "age" : 8,
          "moonPhaseDate" : null,
          "signDate" : "2020-01-02T04:01+0000",
          "moonPhase" : "phase1",
          "timeZone" : -5
        },
        {
          "sign" : "aries",
          "date" : "2020-01-02T16:30+0000",
          "age" : 9,
          "moonPhaseDate" : "2020-01-03T04:45+0000",
          "signDate" : "2020-01-02T04:01+0000",
          "moonPhase" : "phase2",
          "timeZone" : -5
        },
        {
          "sign" : "aries",
          "date" : "2020-01-03T17:15+0000",
          "age" : 10,
          "signDate" : "2020-01-02T04:01+0000",
          "moonPhaseDate" : "2020-01-03T04:45+0000",
          "moonPhase" : "phase2",
          "timeZone" : -5
        },
        {
          "sign" : "taurus",
          "date" : "2020-01-04T18:01+0000",
          "age" : 11,
          "moonPhaseDate" : "2020-01-03T04:45+0000",
          "signDate" : "2020-01-04T16:15+0000",
          "moonPhase" : "phase2",
          "timeZone" : -5
        },
        {
          "sign" : "taurus",
          "date" : "2020-01-05T18:49+0000",
          "age" : 12,
          "moonPhaseDate" : "2020-01-03T04:45+0000",
          "signDate" : "2020-01-04T16:15+0000",
          "moonPhase" : "phase2",
          "timeZone" : -5
        },
        {
          "sign" : "gemini",
          "date" : "2020-01-06T19:39+0000",
          "age" : 13,
          "signDate" : "2020-01-07T02:13+0000",
          "moonPhaseDate" : "2020-01-03T04:45+0000",
          "moonPhase" : "phase2",
          "timeZone" : -5
        },
        {
          "sign" : "gemini",
          "date" : "2020-01-07T20:33+0000",
          "age" : 14,
          "moonPhaseDate" : "2020-01-03T04:45+0000",
          "signDate" : "2020-01-07T02:13+0000",
          "moonPhase" : "phase2",
          "timeZone" : -5
        },
        {
          "sign" : "gemini",
          "date" : "2020-01-08T21:28+0000",
          "age" : 15,
          "moonPhaseDate" : "2020-01-03T04:45+0000",
          "signDate" : "2020-01-07T02:13+0000",
          "moonPhase" : "phase2",
          "timeZone" : -5
        },
        {
          "sign" : "cancer",
          "date" : "2020-01-09T22:28+0000",
          "age" : 16,
          "moonPhaseDate" : "2020-01-03T04:45+0000",
          "signDate" : "2020-01-09T08:45+0000",
          "moonPhase" : "phase2",
          "timeZone" : -5
        },
        {
          "sign" : "cancer",
          "date" : "2020-01-10T23:27+0000",
          "age" : 17,
          "signDate" : "2020-01-09T08:45+0000",
          "moonPhaseDate" : "2020-01-10T19:21+0000",
          "moonPhase" : "fullMoon",
          "timeZone" : -5
        },
        {
          "sign" : "leo",
          "date" : "2020-01-12T00:24+0000",
          "age" : 18,
          "signDate" : "2020-01-11T12:16+0000",
          "moonPhaseDate" : "2020-01-10T19:21+0000",
          "moonPhase" : "phase3",
          "timeZone" : -5
        },
        {
          "sign" : "leo",
          "date" : "2020-01-13T01:19+0000",
          "age" : 19,
          "moonPhaseDate" : "2020-01-10T19:21+0000",
          "signDate" : "2020-01-11T12:16+0000",
          "moonPhase" : "phase3",
          "timeZone" : -5
        },
        {
          "sign" : "virgo",
          "date" : "2020-01-14T02:10+0000",
          "age" : 20,
          "moonPhaseDate" : "2020-01-10T19:21+0000",
          "signDate" : "2020-01-13T14:05+0000",
          "moonPhase" : "phase3",
          "timeZone" : -5
        },
        {
          "sign" : "virgo",
          "date" : "2020-01-15T02:58+0000",
          "age" : 21,
          "signDate" : "2020-01-13T14:05+0000",
          "moonPhaseDate" : "2020-01-10T19:21+0000",
          "moonPhase" : "phase3",
          "timeZone" : -5
        },
        {
          "sign" : "libra",
          "date" : "2020-01-16T03:44+0000",
          "age" : 22,
          "moonPhaseDate" : "2020-01-10T19:21+0000",
          "signDate" : "2020-01-15T15:42+0000",
          "moonPhase" : "phase3",
          "timeZone" : -5
        },
        {
          "sign" : "libra",
          "date" : "2020-01-17T04:29+0000",
          "age" : 23,
          "moonPhaseDate" : "2020-01-10T19:21+0000",
          "signDate" : "2020-01-15T15:42+0000",
          "moonPhase" : "phase3",
          "timeZone" : -5
        },
        {
          "sign" : "scorpio",
          "date" : "2020-01-18T05:14+0000",
          "age" : 24,
          "moonPhaseDate" : "2020-01-17T12:58+0000",
          "signDate" : "2020-01-15T15:42+0000",
          "moonPhase" : "phase4",
          "timeZone" : -5
        },
        {
          "sign" : "sagittarius",
          "date" : "2020-01-19T06:00+0000",
          "age" : 25,
          "signDate" : "2020-01-19T22:43+0000",
          "moonPhaseDate" : "2020-01-17T12:58+0000",
          "moonPhase" : "phase4",
          "timeZone" : -5
        },
        {
          "sign" : "sagittarius",
          "date" : "2020-01-20T06:48+0000",
          "age" : 26,
          "signDate" : "2020-01-19T22:43+0000",
          "moonPhaseDate" : "2020-01-17T12:58+0000",
          "moonPhase" : "phase4",
          "timeZone" : -5
        },
        {
          "sign" : "sagittarius",
          "date" : "2020-01-21T07:38+0000",
          "age" : 27,
          "moonPhaseDate" : "2020-01-17T12:58+0000",
          "signDate" : "2020-01-19T22:43+0000",
          "moonPhase" : "phase4",
          "timeZone" : -5
        },
        {
          "sign" : "capricorn",
          "date" : "2020-01-22T08:31+0000",
          "age" : 28,
          "signDate" : "2020-01-22T05:02+0000",
          "moonPhaseDate" : "2020-01-17T12:58+0000",
          "moonPhase" : "phase4",
          "timeZone" : -5
        },
        {
          "sign" : "capricorn",
          "date" : "2020-01-23T09:25+0000",
          "age" : 29,
          "signDate" : "2020-01-22T05:02+0000",
          "moonPhaseDate" : "2020-01-17T12:58+0000",
          "moonPhase" : "phase4",
          "timeZone" : -5
        },
        {
          "sign" : "aquarius",
          "date" : "2020-01-24T10:19+0000",
          "age" : 30,
          "signDate" : "2020-01-24T13:22+0000",
          "moonPhaseDate" : "2020-01-24T21:42+0000",
          "moonPhase" : "newMoon",
          "timeZone" : -5
        },
        {
          "sign" : "aquarius",
          "date" : "2020-01-24T21:42+0000",
          "age" : 1,
          "moonPhaseDate" : "2020-01-24T21:42+0000",
          "signDate" : "2020-01-24T13:22+0000",
          "moonPhase" : "newMoon",
          "timeZone" : -5
        },
        {
          "sign" : "aquarius",
          "date" : "2020-01-25T11:12+0000",
          "age" : 2,
          "moonPhaseDate" : "2020-01-24T21:42+0000",
          "signDate" : "2020-01-24T13:22+0000",
          "moonPhase" : "phase1",
          "timeZone" : -5
        },
        {
          "sign" : "pisces",
          "date" : "2020-01-26T12:03+0000",
          "age" : 3,
          "signDate" : "2020-01-26T23:45+0000",
          "moonPhaseDate" : "2020-01-24T21:42+0000",
          "moonPhase" : "phase1",
          "timeZone" : -5
        },
        {
          "sign" : "pisces",
          "date" : "2020-01-27T12:52+0000",
          "age" : 4,
          "signDate" : "2020-01-26T23:45+0000",
          "moonPhaseDate" : "2020-01-24T21:42+0000",
          "moonPhase" : "phase1",
          "timeZone" : -5
        },
        {
          "sign" : "pisces",
          "date" : "2020-01-28T13:39+0000",
          "age" : 5,
          "moonPhaseDate" : "2020-01-24T21:42+0000",
          "signDate" : "2020-01-26T23:45+0000",
          "moonPhase" : "phase1",
          "timeZone" : -5
        },
        {
          "sign" : "aries",
          "date" : "2020-01-29T14:24+0000",
          "age" : 6,
          "moonPhaseDate" : "2020-01-24T21:42+0000",
          "signDate" : "2020-01-29T11:51+0000",
          "moonPhase" : "phase1",
          "timeZone" : -5
        },
        {
          "sign" : "aries",
          "date" : "2020-01-30T15:09+0000",
          "age" : 7,
          "signDate" : "2020-01-29T11:51+0000",
          "moonPhaseDate" : "2020-01-24T21:42+0000",
          "moonPhase" : "phase1",
          "timeZone" : -5
        },
        {
          "sign" : "taurus",
          "date" : "2020-01-31T15:54+0000",
          "age" : 8,
          "signDate" : "2020-02-01T00:27+0000",
          "moonPhaseDate" : "2020-01-24T21:42+0000",
          "moonPhase" : "phase1",
          "timeZone" : -5
        },
        {
          "sign" : "taurus",
          "date" : "2020-01-31T15:54+0000",
          "age" : 8,
          "moonPhaseDate" : "2020-01-24T21:42+0000",
          "signDate" : "2020-02-01T00:27+0000",
          "moonPhase" : "phase1",
          "timeZone" : -5
        }
      ],
      "cityName" : "Лима"
    }
  ]
}