{
  "countryName" : "Португалия",
  "cities" : [
    {
      "timeZone" : 1,
      "cityName" : "Лиссабон",
      "moonDays" : [
        {
          "sign" : "aries",
          "timeZone" : 1,
          "date" : "2019-05-01T04:15+0000",
          "age" : 26,
          "moonPhaseDate" : null,
          "moonPhase" : null,
          "signDate" : "2019-05-01T10:23+0000"
        },
        {
          "sign" : "aries",
          "timeZone" : 1,
          "date" : "2019-05-02T04:42+0000",
          "age" : 27,
          "moonPhaseDate" : null,
          "moonPhase" : null,
          "signDate" : "2019-05-01T10:23+0000"
        },
        {
          "sign" : "taurus",
          "timeZone" : 1,
          "date" : "2019-05-03T05:10+0000",
          "age" : 28,
          "moonPhaseDate" : null,
          "moonPhase" : null,
          "signDate" : "2019-05-03T20:21+0000"
        },
        {
          "sign" : "taurus",
          "timeZone" : 1,
          "date" : "2019-05-04T05:39+0000",
          "age" : 29,
          "moonPhaseDate" : "2019-05-04T22:45+0000",
          "moonPhase" : "newMoon",
          "signDate" : "2019-05-03T20:21+0000"
        },
        {
          "sign" : "taurus",
          "timeZone" : 1,
          "date" : "2019-05-04T22:45+0000",
          "age" : 1,
          "moonPhaseDate" : "2019-05-04T22:45+0000",
          "moonPhase" : "newMoon",
          "signDate" : "2019-05-03T20:21+0000"
        },
        {
          "sign" : "taurus",
          "timeZone" : 1,
          "date" : "2019-05-05T06:11+0000",
          "age" : 2,
          "moonPhaseDate" : "2019-05-04T22:45+0000",
          "moonPhase" : "phase1",
          "signDate" : "2019-05-03T20:21+0000"
        },
        {
          "sign" : "gemini",
          "timeZone" : 1,
          "date" : "2019-05-06T06:47+0000",
          "age" : 3,
          "moonPhaseDate" : "2019-05-04T22:45+0000",
          "moonPhase" : "phase1",
          "signDate" : "2019-05-06T03:42+0000"
        },
        {
          "sign" : "gemini",
          "timeZone" : 1,
          "date" : "2019-05-07T07:28+0000",
          "age" : 4,
          "moonPhaseDate" : "2019-05-04T22:45+0000",
          "moonPhase" : "phase1",
          "signDate" : "2019-05-06T03:42+0000"
        },
        {
          "sign" : "cancer",
          "timeZone" : 1,
          "date" : "2019-05-08T08:16+0000",
          "age" : 5,
          "moonPhaseDate" : "2019-05-04T22:45+0000",
          "moonPhase" : "phase1",
          "signDate" : "2019-05-08T09:05+0000"
        },
        {
          "sign" : "cancer",
          "timeZone" : 1,
          "date" : "2019-05-09T09:12+0000",
          "age" : 6,
          "moonPhaseDate" : "2019-05-04T22:45+0000",
          "moonPhase" : "phase1",
          "signDate" : "2019-05-08T09:05+0000"
        },
        {
          "sign" : "leo",
          "timeZone" : 1,
          "date" : "2019-05-10T10:14+0000",
          "age" : 7,
          "moonPhaseDate" : "2019-05-04T22:45+0000",
          "moonPhase" : "phase1",
          "signDate" : "2019-05-10T13:12+0000"
        },
        {
          "sign" : "leo",
          "timeZone" : 1,
          "date" : "2019-05-11T11:21+0000",
          "age" : 8,
          "moonPhaseDate" : "2019-05-04T22:45+0000",
          "moonPhase" : "phase1",
          "signDate" : "2019-05-10T13:12+0000"
        },
        {
          "sign" : "virgo",
          "timeZone" : 1,
          "date" : "2019-05-12T12:30+0000",
          "age" : 9,
          "moonPhaseDate" : "2019-05-12T01:12+0000",
          "moonPhase" : "phase2",
          "signDate" : "2019-05-12T16:23+0000"
        },
        {
          "sign" : "virgo",
          "timeZone" : 1,
          "date" : "2019-05-13T13:40+0000",
          "age" : 10,
          "moonPhaseDate" : "2019-05-12T01:12+0000",
          "moonPhase" : "phase2",
          "signDate" : "2019-05-12T16:23+0000"
        },
        {
          "sign" : "libra",
          "timeZone" : 1,
          "date" : "2019-05-14T14:50+0000",
          "age" : 11,
          "moonPhaseDate" : "2019-05-12T01:12+0000",
          "moonPhase" : "phase2",
          "signDate" : "2019-05-14T18:53+0000"
        },
        {
          "sign" : "libra",
          "timeZone" : 1,
          "date" : "2019-05-15T15:59+0000",
          "age" : 12,
          "moonPhaseDate" : "2019-05-12T01:12+0000",
          "moonPhase" : "phase2",
          "signDate" : "2019-05-14T18:53+0000"
        },
        {
          "sign" : "scorpio",
          "timeZone" : 1,
          "date" : "2019-05-16T17:08+0000",
          "age" : 13,
          "moonPhaseDate" : "2019-05-12T01:12+0000",
          "moonPhase" : "phase2",
          "signDate" : "2019-05-16T21:25+0000"
        },
        {
          "sign" : "scorpio",
          "timeZone" : 1,
          "date" : "2019-05-17T18:17+0000",
          "age" : 14,
          "moonPhaseDate" : "2019-05-12T01:12+0000",
          "moonPhase" : "phase2",
          "signDate" : "2019-05-16T21:25+0000"
        },
        {
          "sign" : "scorpio",
          "timeZone" : 1,
          "date" : "2019-05-18T19:24+0000",
          "age" : 15,
          "moonPhaseDate" : "2019-05-18T21:11+0000",
          "moonPhase" : "fullMoon",
          "signDate" : "2019-05-16T21:25+0000"
        },
        {
          "sign" : "sagittarius",
          "timeZone" : 1,
          "date" : "2019-05-19T20:30+0000",
          "age" : 16,
          "moonPhaseDate" : "2019-05-18T21:11+0000",
          "moonPhase" : "phase3",
          "signDate" : "2019-05-19T01:19+0000"
        },
        {
          "sign" : "sagittarius",
          "timeZone" : 1,
          "date" : "2019-05-20T21:32+0000",
          "age" : 17,
          "moonPhaseDate" : "2019-05-18T21:11+0000",
          "moonPhase" : "phase3",
          "signDate" : "2019-05-19T01:19+0000"
        },
        {
          "sign" : "capricorn",
          "timeZone" : 1,
          "date" : "2019-05-21T22:29+0000",
          "age" : 18,
          "moonPhaseDate" : "2019-05-18T21:11+0000",
          "moonPhase" : "phase3",
          "signDate" : "2019-05-21T07:56+0000"
        },
        {
          "sign" : "aquarius",
          "timeZone" : 1,
          "date" : "2019-05-22T23:21+0000",
          "age" : 19,
          "moonPhaseDate" : "2019-05-18T21:11+0000",
          "moonPhase" : "phase3",
          "signDate" : "2019-05-23T17:51+0000"
        },
        {
          "sign" : "aquarius",
          "timeZone" : 1,
          "date" : "2019-05-24T00:05+0000",
          "age" : 20,
          "moonPhaseDate" : "2019-05-18T21:11+0000",
          "moonPhase" : "phase3",
          "signDate" : "2019-05-23T17:51+0000"
        },
        {
          "sign" : "aquarius",
          "timeZone" : 1,
          "date" : "2019-05-25T00:44+0000",
          "age" : 21,
          "moonPhaseDate" : "2019-05-18T21:11+0000",
          "moonPhase" : "phase3",
          "signDate" : "2019-05-23T17:51+0000"
        },
        {
          "sign" : "pisces",
          "timeZone" : 1,
          "date" : "2019-05-26T01:18+0000",
          "age" : 22,
          "moonPhaseDate" : "2019-05-26T16:33+0000",
          "moonPhase" : "phase4",
          "signDate" : "2019-05-26T06:07+0000"
        },
        {
          "sign" : "pisces",
          "timeZone" : 1,
          "date" : "2019-05-27T01:49+0000",
          "age" : 23,
          "moonPhaseDate" : "2019-05-26T16:33+0000",
          "moonPhase" : "phase4",
          "signDate" : "2019-05-26T06:07+0000"
        },
        {
          "sign" : "aries",
          "timeZone" : 1,
          "date" : "2019-05-28T02:17+0000",
          "age" : 24,
          "moonPhaseDate" : "2019-05-26T16:33+0000",
          "moonPhase" : "phase4",
          "signDate" : "2019-05-28T18:29+0000"
        },
        {
          "sign" : "aries",
          "timeZone" : 1,
          "date" : "2019-05-29T02:44+0000",
          "age" : 25,
          "moonPhaseDate" : "2019-05-26T16:33+0000",
          "moonPhase" : "phase4",
          "signDate" : "2019-05-28T18:29+0000"
        },
        {
          "sign" : "aries",
          "timeZone" : 1,
          "date" : "2019-05-30T03:11+0000",
          "age" : 26,
          "moonPhaseDate" : "2019-05-26T16:33+0000",
          "moonPhase" : "phase4",
          "signDate" : "2019-05-28T18:29+0000"
        },
        {
          "sign" : "taurus",
          "timeZone" : 1,
          "date" : "2019-05-31T03:39+0000",
          "age" : 27,
          "moonPhaseDate" : "2019-05-26T16:33+0000",
          "moonPhase" : "phase4",
          "signDate" : "2019-05-31T04:44+0000"
        },
        {
          "sign" : "taurus",
          "timeZone" : 1,
          "date" : "2019-06-01T04:09+0000",
          "age" : 28,
          "moonPhaseDate" : null,
          "moonPhase" : "phase4",
          "signDate" : "2019-05-31T04:44+0000"
        },
        {
          "sign" : "gemini",
          "timeZone" : 1,
          "date" : "2019-06-02T04:43+0000",
          "age" : 29,
          "moonPhaseDate" : null,
          "moonPhase" : "phase4",
          "signDate" : "2019-06-02T11:51+0000"
        },
        {
          "sign" : "gemini",
          "timeZone" : 1,
          "date" : "2019-06-03T05:23+0000",
          "age" : 30,
          "moonPhaseDate" : "2019-06-03T10:02+0000",
          "moonPhase" : "newMoon",
          "signDate" : "2019-06-02T11:51+0000"
        },
        {
          "sign" : "gemini",
          "timeZone" : 1,
          "date" : "2019-06-03T10:02+0000",
          "age" : 1,
          "moonPhaseDate" : "2019-06-03T10:02+0000",
          "moonPhase" : "newMoon",
          "signDate" : "2019-06-02T11:51+0000"
        },
        {
          "sign" : "cancer",
          "timeZone" : 1,
          "date" : "2019-06-04T06:09+0000",
          "age" : 2,
          "moonPhaseDate" : "2019-06-03T10:02+0000",
          "moonPhase" : "phase1",
          "signDate" : "2019-06-04T16:18+0000"
        },
        {
          "sign" : "cancer",
          "timeZone" : 1,
          "date" : "2019-06-05T07:03+0000",
          "age" : 3,
          "moonPhaseDate" : "2019-06-03T10:02+0000",
          "moonPhase" : "phase1",
          "signDate" : "2019-06-04T16:18+0000"
        },
        {
          "sign" : "leo",
          "timeZone" : 1,
          "date" : "2019-06-06T08:05+0000",
          "age" : 4,
          "moonPhaseDate" : "2019-06-03T10:02+0000",
          "moonPhase" : "phase1",
          "signDate" : "2019-06-06T19:14+0000"
        },
        {
          "sign" : "leo",
          "timeZone" : 1,
          "date" : "2019-06-07T09:12+0000",
          "age" : 5,
          "moonPhaseDate" : "2019-06-03T10:02+0000",
          "moonPhase" : "phase1",
          "signDate" : "2019-06-06T19:14+0000"
        },
        {
          "sign" : "virgo",
          "timeZone" : 1,
          "date" : "2019-06-08T10:21+0000",
          "age" : 6,
          "moonPhaseDate" : "2019-06-03T10:02+0000",
          "moonPhase" : "phase1",
          "signDate" : "2019-06-08T21:43+0000"
        },
        {
          "sign" : "virgo",
          "timeZone" : 1,
          "date" : "2019-06-09T11:32+0000",
          "age" : 7,
          "moonPhaseDate" : "2019-06-03T10:02+0000",
          "moonPhase" : "phase1",
          "signDate" : "2019-06-08T21:43+0000"
        },
        {
          "sign" : "virgo",
          "timeZone" : 1,
          "date" : "2019-06-10T12:41+0000",
          "age" : 8,
          "moonPhaseDate" : "2019-06-10T05:59+0000",
          "moonPhase" : "phase2",
          "signDate" : "2019-06-08T21:43+0000"
        },
        {
          "sign" : "libra",
          "timeZone" : 1,
          "date" : "2019-06-11T13:50+0000",
          "age" : 9,
          "moonPhaseDate" : "2019-06-10T05:59+0000",
          "moonPhase" : "phase2",
          "signDate" : "2019-06-11T00:30+0000"
        },
        {
          "sign" : "libra",
          "timeZone" : 1,
          "date" : "2019-06-12T14:57+0000",
          "age" : 10,
          "moonPhaseDate" : "2019-06-10T05:59+0000",
          "moonPhase" : "phase2",
          "signDate" : "2019-06-11T00:30+0000"
        },
        {
          "sign" : "scorpio",
          "timeZone" : 1,
          "date" : "2019-06-13T16:04+0000",
          "age" : 11,
          "moonPhaseDate" : "2019-06-10T05:59+0000",
          "moonPhase" : "phase2",
          "signDate" : "2019-06-13T04:03+0000"
        },
        {
          "sign" : "scorpio",
          "timeZone" : 1,
          "date" : "2019-06-14T17:11+0000",
          "age" : 12,
          "moonPhaseDate" : "2019-06-10T05:59+0000",
          "moonPhase" : "phase2",
          "signDate" : "2019-06-13T04:03+0000"
        },
        {
          "sign" : "sagittarius",
          "timeZone" : 1,
          "date" : "2019-06-15T18:16+0000",
          "age" : 13,
          "moonPhaseDate" : "2019-06-10T05:59+0000",
          "moonPhase" : "phase2",
          "signDate" : "2019-06-15T09:01+0000"
        },
        {
          "sign" : "sagittarius",
          "timeZone" : 1,
          "date" : "2019-06-16T19:19+0000",
          "age" : 14,
          "moonPhaseDate" : "2019-06-10T05:59+0000",
          "moonPhase" : "phase2",
          "signDate" : "2019-06-15T09:01+0000"
        },
        {
          "sign" : "capricorn",
          "timeZone" : 1,
          "date" : "2019-06-17T20:19+0000",
          "age" : 15,
          "moonPhaseDate" : "2019-06-17T08:31+0000",
          "moonPhase" : "fullMoon",
          "signDate" : "2019-06-17T16:11+0000"
        },
        {
          "sign" : "capricorn",
          "timeZone" : 1,
          "date" : "2019-06-18T21:12+0000",
          "age" : 16,
          "moonPhaseDate" : "2019-06-17T08:31+0000",
          "moonPhase" : "phase3",
          "signDate" : "2019-06-17T16:11+0000"
        },
        {
          "sign" : "capricorn",
          "timeZone" : 1,
          "date" : "2019-06-19T22:00+0000",
          "age" : 17,
          "moonPhaseDate" : "2019-06-17T08:31+0000",
          "moonPhase" : "phase3",
          "signDate" : "2019-06-17T16:11+0000"
        },
        {
          "sign" : "aquarius",
          "timeZone" : 1,
          "date" : "2019-06-20T22:42+0000",
          "age" : 18,
          "moonPhaseDate" : "2019-06-17T08:31+0000",
          "moonPhase" : "phase3",
          "signDate" : "2019-06-20T02:01+0000"
        },
        {
          "sign" : "pisces",
          "timeZone" : 1,
          "date" : "2019-06-21T23:18+0000",
          "age" : 19,
          "moonPhaseDate" : "2019-06-17T08:31+0000",
          "moonPhase" : "phase3",
          "signDate" : "2019-06-22T14:01+0000"
        },
        {
          "sign" : "pisces",
          "timeZone" : 1,
          "date" : "2019-06-22T23:50+0000",
          "age" : 20,
          "moonPhaseDate" : "2019-06-17T08:31+0000",
          "moonPhase" : "phase3",
          "signDate" : "2019-06-22T14:01+0000"
        },
        {
          "sign" : "pisces",
          "timeZone" : 1,
          "date" : "2019-06-24T00:18+0000",
          "age" : 21,
          "moonPhaseDate" : "2019-06-17T08:31+0000",
          "moonPhase" : "phase3",
          "signDate" : "2019-06-22T14:01+0000"
        },
        {
          "sign" : "aries",
          "timeZone" : 1,
          "date" : "2019-06-25T00:46+0000",
          "age" : 22,
          "moonPhaseDate" : "2019-06-25T09:46+0000",
          "moonPhase" : "phase4",
          "signDate" : "2019-06-25T02:34+0000"
        },
        {
          "sign" : "aries",
          "timeZone" : 1,
          "date" : "2019-06-26T01:12+0000",
          "age" : 23,
          "moonPhaseDate" : "2019-06-25T09:46+0000",
          "moonPhase" : "phase4",
          "signDate" : "2019-06-25T02:34+0000"
        },
        {
          "sign" : "taurus",
          "timeZone" : 1,
          "date" : "2019-06-27T01:39+0000",
          "age" : 24,
          "moonPhaseDate" : "2019-06-25T09:46+0000",
          "moonPhase" : "phase4",
          "signDate" : "2019-06-27T13:30+0000"
        },
        {
          "sign" : "taurus",
          "timeZone" : 1,
          "date" : "2019-06-28T02:08+0000",
          "age" : 25,
          "moonPhaseDate" : "2019-06-25T09:46+0000",
          "moonPhase" : "phase4",
          "signDate" : "2019-06-27T13:30+0000"
        },
        {
          "sign" : "gemini",
          "timeZone" : 1,
          "date" : "2019-06-29T02:39+0000",
          "age" : 26,
          "moonPhaseDate" : "2019-06-25T09:46+0000",
          "moonPhase" : "phase4",
          "signDate" : "2019-06-29T21:10+0000"
        },
        {
          "sign" : "gemini",
          "timeZone" : 1,
          "date" : "2019-06-30T03:16+0000",
          "age" : 27,
          "moonPhaseDate" : "2019-06-25T09:46+0000",
          "moonPhase" : "phase4",
          "signDate" : "2019-06-29T21:10+0000"
        },
        {
          "sign" : "gemini",
          "timeZone" : 1,
          "date" : "2019-07-01T03:59+0000",
          "age" : 28,
          "moonPhaseDate" : null,
          "moonPhase" : "phase4",
          "signDate" : "2019-06-29T21:10+0000"
        },
        {
          "sign" : "cancer",
          "timeZone" : 1,
          "date" : "2019-07-02T04:50+0000",
          "age" : 29,
          "moonPhaseDate" : "2019-07-02T19:16+0000",
          "moonPhase" : "newMoon",
          "signDate" : "2019-07-02T01:26+0000"
        },
        {
          "sign" : "cancer",
          "timeZone" : 1,
          "date" : "2019-07-02T19:16+0000",
          "age" : 1,
          "moonPhaseDate" : "2019-07-02T19:16+0000",
          "moonPhase" : "newMoon",
          "signDate" : "2019-07-02T01:26+0000"
        },
        {
          "sign" : "cancer",
          "timeZone" : 1,
          "date" : "2019-07-03T05:49+0000",
          "age" : 2,
          "moonPhaseDate" : "2019-07-02T19:16+0000",
          "moonPhase" : "phase1",
          "signDate" : "2019-07-02T01:26+0000"
        },
        {
          "sign" : "leo",
          "timeZone" : 1,
          "date" : "2019-07-04T06:56+0000",
          "age" : 3,
          "moonPhaseDate" : "2019-07-02T19:16+0000",
          "moonPhase" : "phase1",
          "signDate" : "2019-07-04T03:21+0000"
        },
        {
          "sign" : "leo",
          "timeZone" : 1,
          "date" : "2019-07-05T08:07+0000",
          "age" : 4,
          "moonPhaseDate" : "2019-07-02T19:16+0000",
          "moonPhase" : "phase1",
          "signDate" : "2019-07-04T03:21+0000"
        },
        {
          "sign" : "virgo",
          "timeZone" : 1,
          "date" : "2019-07-06T09:20+0000",
          "age" : 5,
          "moonPhaseDate" : "2019-07-02T19:16+0000",
          "moonPhase" : "phase1",
          "signDate" : "2019-07-06T04:25+0000"
        },
        {
          "sign" : "virgo",
          "timeZone" : 1,
          "date" : "2019-07-07T10:31+0000",
          "age" : 6,
          "moonPhaseDate" : "2019-07-02T19:16+0000",
          "moonPhase" : "phase1",
          "signDate" : "2019-07-06T04:25+0000"
        },
        {
          "sign" : "libra",
          "timeZone" : 1,
          "date" : "2019-07-08T11:41+0000",
          "age" : 7,
          "moonPhaseDate" : "2019-07-02T19:16+0000",
          "moonPhase" : "phase1",
          "signDate" : "2019-07-08T06:07+0000"
        },
        {
          "sign" : "libra",
          "timeZone" : 1,
          "date" : "2019-07-09T12:50+0000",
          "age" : 8,
          "moonPhaseDate" : "2019-07-09T10:55+0000",
          "moonPhase" : "phase2",
          "signDate" : "2019-07-08T06:07+0000"
        },
        {
          "sign" : "scorpio",
          "timeZone" : 1,
          "date" : "2019-07-10T13:57+0000",
          "age" : 9,
          "moonPhaseDate" : "2019-07-09T10:55+0000",
          "moonPhase" : "phase2",
          "signDate" : "2019-07-10T09:28+0000"
        },
        {
          "sign" : "scorpio",
          "timeZone" : 1,
          "date" : "2019-07-11T15:03+0000",
          "age" : 10,
          "moonPhaseDate" : "2019-07-09T10:55+0000",
          "moonPhase" : "phase2",
          "signDate" : "2019-07-10T09:28+0000"
        },
        {
          "sign" : "sagittarius",
          "timeZone" : 1,
          "date" : "2019-07-12T16:07+0000",
          "age" : 11,
          "moonPhaseDate" : "2019-07-09T10:55+0000",
          "moonPhase" : "phase2",
          "signDate" : "2019-07-12T15:04+0000"
        },
        {
          "sign" : "sagittarius",
          "timeZone" : 1,
          "date" : "2019-07-13T17:10+0000",
          "age" : 12,
          "moonPhaseDate" : "2019-07-09T10:55+0000",
          "moonPhase" : "phase2",
          "signDate" : "2019-07-12T15:04+0000"
        },
        {
          "sign" : "sagittarius",
          "timeZone" : 1,
          "date" : "2019-07-14T18:10+0000",
          "age" : 13,
          "moonPhaseDate" : "2019-07-09T10:55+0000",
          "moonPhase" : "phase2",
          "signDate" : "2019-07-12T15:04+0000"
        },
        {
          "sign" : "capricorn",
          "timeZone" : 1,
          "date" : "2019-07-15T19:05+0000",
          "age" : 14,
          "moonPhaseDate" : "2019-07-09T10:55+0000",
          "moonPhase" : "phase2",
          "signDate" : "2019-07-14T23:03+0000"
        },
        {
          "sign" : "capricorn",
          "timeZone" : 1,
          "date" : "2019-07-16T19:55+0000",
          "age" : 15,
          "moonPhaseDate" : "2019-07-16T21:38+0000",
          "moonPhase" : "fullMoon",
          "signDate" : "2019-07-14T23:03+0000"
        },
        {
          "sign" : "aquarius",
          "timeZone" : 1,
          "date" : "2019-07-17T20:39+0000",
          "age" : 16,
          "moonPhaseDate" : "2019-07-16T21:38+0000",
          "moonPhase" : "phase3",
          "signDate" : "2019-07-17T09:18+0000"
        },
        {
          "sign" : "aquarius",
          "timeZone" : 1,
          "date" : "2019-07-18T21:17+0000",
          "age" : 17,
          "moonPhaseDate" : "2019-07-16T21:38+0000",
          "moonPhase" : "phase3",
          "signDate" : "2019-07-17T09:18+0000"
        },
        {
          "sign" : "pisces",
          "timeZone" : 1,
          "date" : "2019-07-19T21:50+0000",
          "age" : 18,
          "moonPhaseDate" : "2019-07-16T21:38+0000",
          "moonPhase" : "phase3",
          "signDate" : "2019-07-19T21:19+0000"
        },
        {
          "sign" : "pisces",
          "timeZone" : 1,
          "date" : "2019-07-20T22:20+0000",
          "age" : 19,
          "moonPhaseDate" : "2019-07-16T21:38+0000",
          "moonPhase" : "phase3",
          "signDate" : "2019-07-19T21:19+0000"
        },
        {
          "sign" : "pisces",
          "timeZone" : 1,
          "date" : "2019-07-21T22:48+0000",
          "age" : 20,
          "moonPhaseDate" : "2019-07-16T21:38+0000",
          "moonPhase" : "phase3",
          "signDate" : "2019-07-19T21:19+0000"
        },
        {
          "sign" : "aries",
          "timeZone" : 1,
          "date" : "2019-07-22T23:14+0000",
          "age" : 21,
          "moonPhaseDate" : "2019-07-16T21:38+0000",
          "moonPhase" : "phase3",
          "signDate" : "2019-07-19T21:19+0000"
        },
        {
          "sign" : "taurus",
          "timeZone" : 1,
          "date" : "2019-07-23T23:40+0000",
          "age" : 22,
          "moonPhaseDate" : "2019-07-16T21:38+0000",
          "moonPhase" : "phase3",
          "signDate" : "2019-07-24T21:40+0000"
        },
        {
          "sign" : "taurus",
          "timeZone" : 1,
          "date" : "2019-07-25T00:08+0000",
          "age" : 23,
          "moonPhaseDate" : "2019-07-25T01:18+0000",
          "moonPhase" : "phase4",
          "signDate" : "2019-07-24T21:40+0000"
        },
        {
          "sign" : "taurus",
          "timeZone" : 1,
          "date" : "2019-07-26T00:37+0000",
          "age" : 24,
          "moonPhaseDate" : "2019-07-25T01:18+0000",
          "moonPhase" : "phase4",
          "signDate" : "2019-07-24T21:40+0000"
        },
        {
          "sign" : "gemini",
          "timeZone" : 1,
          "date" : "2019-07-27T01:10+0000",
          "age" : 25,
          "moonPhaseDate" : "2019-07-25T01:18+0000",
          "moonPhase" : "phase4",
          "signDate" : "2019-07-27T06:28+0000"
        },
        {
          "sign" : "gemini",
          "timeZone" : 1,
          "date" : "2019-07-28T01:49+0000",
          "age" : 26,
          "moonPhaseDate" : "2019-07-25T01:18+0000",
          "moonPhase" : "phase4",
          "signDate" : "2019-07-27T06:28+0000"
        },
        {
          "sign" : "cancer",
          "timeZone" : 1,
          "date" : "2019-07-29T02:36+0000",
          "age" : 27,
          "moonPhaseDate" : "2019-07-25T01:18+0000",
          "moonPhase" : "phase4",
          "signDate" : "2019-07-29T11:30+0000"
        },
        {
          "sign" : "cancer",
          "timeZone" : 1,
          "date" : "2019-07-30T03:31+0000",
          "age" : 28,
          "moonPhaseDate" : "2019-07-25T01:18+0000",
          "moonPhase" : "phase4",
          "signDate" : "2019-07-29T11:30+0000"
        },
        {
          "sign" : "leo",
          "timeZone" : 1,
          "date" : "2019-07-31T04:34+0000",
          "age" : 29,
          "moonPhaseDate" : "2019-07-25T01:18+0000",
          "moonPhase" : "phase4",
          "signDate" : "2019-07-31T13:18+0000"
        },
        {
          "sign" : "leo",
          "timeZone" : 1,
          "date" : "2019-08-01T03:12+0000",
          "age" : 1,
          "moonPhaseDate" : "2019-08-01T03:12+0000",
          "moonPhase" : "newMoon",
          "signDate" : "2019-07-31T13:18+0000"
        },
        {
          "sign" : "leo",
          "timeZone" : 1,
          "date" : "2019-08-01T05:45+0000",
          "age" : 2,
          "moonPhaseDate" : "2019-08-01T03:12+0000",
          "moonPhase" : "newMoon",
          "signDate" : "2019-07-31T13:18+0000"
        },
        {
          "sign" : "virgo",
          "timeZone" : 1,
          "date" : "2019-08-02T06:59+0000",
          "age" : 3,
          "moonPhaseDate" : "2019-08-01T03:12+0000",
          "moonPhase" : "phase1",
          "signDate" : "2019-08-02T13:23+0000"
        },
        {
          "sign" : "virgo",
          "timeZone" : 1,
          "date" : "2019-08-03T08:14+0000",
          "age" : 4,
          "moonPhaseDate" : "2019-08-01T03:12+0000",
          "moonPhase" : "phase1",
          "signDate" : "2019-08-02T13:23+0000"
        },
        {
          "sign" : "libra",
          "timeZone" : 1,
          "date" : "2019-08-04T09:27+0000",
          "age" : 5,
          "moonPhaseDate" : "2019-08-01T03:12+0000",
          "moonPhase" : "phase1",
          "signDate" : "2019-08-04T13:32+0000"
        },
        {
          "sign" : "libra",
          "timeZone" : 1,
          "date" : "2019-08-05T10:38+0000",
          "age" : 6,
          "moonPhaseDate" : "2019-08-01T03:12+0000",
          "moonPhase" : "phase1",
          "signDate" : "2019-08-04T13:32+0000"
        },
        {
          "sign" : "scorpio",
          "timeZone" : 1,
          "date" : "2019-08-06T11:47+0000",
          "age" : 7,
          "moonPhaseDate" : "2019-08-01T03:12+0000",
          "moonPhase" : "phase1",
          "signDate" : "2019-08-06T15:31+0000"
        },
        {
          "sign" : "scorpio",
          "timeZone" : 1,
          "date" : "2019-08-07T12:55+0000",
          "age" : 8,
          "moonPhaseDate" : "2019-08-07T17:31+0000",
          "moonPhase" : "phase2",
          "signDate" : "2019-08-06T15:31+0000"
        },
        {
          "sign" : "sagittarius",
          "timeZone" : 1,
          "date" : "2019-08-08T14:01+0000",
          "age" : 9,
          "moonPhaseDate" : "2019-08-07T17:31+0000",
          "moonPhase" : "phase2",
          "signDate" : "2019-08-08T20:32+0000"
        },
        {
          "sign" : "sagittarius",
          "timeZone" : 1,
          "date" : "2019-08-09T15:04+0000",
          "age" : 10,
          "moonPhaseDate" : "2019-08-07T17:31+0000",
          "moonPhase" : "phase2",
          "signDate" : "2019-08-08T20:32+0000"
        },
        {
          "sign" : "sagittarius",
          "timeZone" : 1,
          "date" : "2019-08-10T16:05+0000",
          "age" : 11,
          "moonPhaseDate" : "2019-08-07T17:31+0000",
          "moonPhase" : "phase2",
          "signDate" : "2019-08-08T20:32+0000"
        },
        {
          "sign" : "capricorn",
          "timeZone" : 1,
          "date" : "2019-08-11T17:01+0000",
          "age" : 12,
          "moonPhaseDate" : "2019-08-07T17:31+0000",
          "moonPhase" : "phase2",
          "signDate" : "2019-08-11T04:48+0000"
        },
        {
          "sign" : "capricorn",
          "timeZone" : 1,
          "date" : "2019-08-12T17:52+0000",
          "age" : 13,
          "moonPhaseDate" : "2019-08-07T17:31+0000",
          "moonPhase" : "phase2",
          "signDate" : "2019-08-11T04:48+0000"
        },
        {
          "sign" : "aquarius",
          "timeZone" : 1,
          "date" : "2019-08-13T18:37+0000",
          "age" : 14,
          "moonPhaseDate" : "2019-08-07T17:31+0000",
          "moonPhase" : "phase2",
          "signDate" : "2019-08-13T15:36+0000"
        },
        {
          "sign" : "aquarius",
          "timeZone" : 1,
          "date" : "2019-08-14T19:17+0000",
          "age" : 15,
          "moonPhaseDate" : "2019-08-07T17:31+0000",
          "moonPhase" : "phase2",
          "signDate" : "2019-08-13T15:36+0000"
        },
        {
          "sign" : "aquarius",
          "timeZone" : 1,
          "date" : "2019-08-15T19:51+0000",
          "age" : 16,
          "moonPhaseDate" : "2019-08-15T12:29+0000",
          "moonPhase" : "fullMoon",
          "signDate" : "2019-08-13T15:36+0000"
        },
        {
          "sign" : "pisces",
          "timeZone" : 1,
          "date" : "2019-08-16T20:22+0000",
          "age" : 17,
          "moonPhaseDate" : "2019-08-15T12:29+0000",
          "moonPhase" : "phase3",
          "signDate" : "2019-08-16T03:50+0000"
        },
        {
          "sign" : "pisces",
          "timeZone" : 1,
          "date" : "2019-08-17T20:51+0000",
          "age" : 18,
          "moonPhaseDate" : "2019-08-15T12:29+0000",
          "moonPhase" : "phase3",
          "signDate" : "2019-08-16T03:50+0000"
        },
        {
          "sign" : "aries",
          "timeZone" : 1,
          "date" : "2019-08-18T21:17+0000",
          "age" : 19,
          "moonPhaseDate" : "2019-08-15T12:29+0000",
          "moonPhase" : "phase3",
          "signDate" : "2019-08-18T16:32+0000"
        },
        {
          "sign" : "aries",
          "timeZone" : 1,
          "date" : "2019-08-19T21:43+0000",
          "age" : 20,
          "moonPhaseDate" : "2019-08-15T12:29+0000",
          "moonPhase" : "phase3",
          "signDate" : "2019-08-18T16:32+0000"
        },
        {
          "sign" : "aries",
          "timeZone" : 1,
          "date" : "2019-08-20T22:09+0000",
          "age" : 21,
          "moonPhaseDate" : "2019-08-15T12:29+0000",
          "moonPhase" : "phase3",
          "signDate" : "2019-08-18T16:32+0000"
        },
        {
          "sign" : "taurus",
          "timeZone" : 1,
          "date" : "2019-08-21T22:37+0000",
          "age" : 22,
          "moonPhaseDate" : "2019-08-15T12:29+0000",
          "moonPhase" : "phase3",
          "signDate" : "2019-08-21T04:36+0000"
        },
        {
          "sign" : "gemini",
          "timeZone" : 1,
          "date" : "2019-08-22T23:08+0000",
          "age" : 23,
          "moonPhaseDate" : "2019-08-23T14:56+0000",
          "moonPhase" : "phase4",
          "signDate" : "2019-08-23T14:34+0000"
        },
        {
          "sign" : "gemini",
          "timeZone" : 1,
          "date" : "2019-08-23T23:44+0000",
          "age" : 24,
          "moonPhaseDate" : "2019-08-23T14:56+0000",
          "moonPhase" : "phase4",
          "signDate" : "2019-08-23T14:34+0000"
        },
        {
          "sign" : "cancer",
          "timeZone" : 1,
          "date" : "2019-08-25T00:25+0000",
          "age" : 25,
          "moonPhaseDate" : "2019-08-23T14:56+0000",
          "moonPhase" : "phase4",
          "signDate" : "2019-08-25T21:05+0000"
        },
        {
          "sign" : "cancer",
          "timeZone" : 1,
          "date" : "2019-08-26T01:15+0000",
          "age" : 26,
          "moonPhaseDate" : "2019-08-23T14:56+0000",
          "moonPhase" : "phase4",
          "signDate" : "2019-08-25T21:05+0000"
        },
        {
          "sign" : "cancer",
          "timeZone" : 1,
          "date" : "2019-08-27T02:13+0000",
          "age" : 27,
          "moonPhaseDate" : "2019-08-23T14:56+0000",
          "moonPhase" : "phase4",
          "signDate" : "2019-08-25T21:05+0000"
        },
        {
          "sign" : "leo",
          "timeZone" : 1,
          "date" : "2019-08-28T03:19+0000",
          "age" : 28,
          "moonPhaseDate" : "2019-08-23T14:56+0000",
          "moonPhase" : "phase4",
          "signDate" : "2019-08-27T23:51+0000"
        },
        {
          "sign" : "leo",
          "timeZone" : 1,
          "date" : "2019-08-29T04:32+0000",
          "age" : 29,
          "moonPhaseDate" : "2019-08-23T14:56+0000",
          "moonPhase" : "phase4",
          "signDate" : "2019-08-27T23:51+0000"
        },
        {
          "sign" : "virgo",
          "timeZone" : 1,
          "date" : "2019-08-30T05:47+0000",
          "age" : 30,
          "moonPhaseDate" : "2019-08-30T10:37+0000",
          "moonPhase" : "newMoon",
          "signDate" : "2019-08-29T23:57+0000"
        },
        {
          "sign" : "virgo",
          "timeZone" : 1,
          "date" : "2019-08-30T10:37+0000",
          "age" : 1,
          "moonPhaseDate" : "2019-08-30T10:37+0000",
          "moonPhase" : "newMoon",
          "signDate" : "2019-08-29T23:57+0000"
        },
        {
          "sign" : "virgo",
          "timeZone" : 1,
          "date" : "2019-08-31T07:03+0000",
          "age" : 2,
          "moonPhaseDate" : "2019-08-30T10:37+0000",
          "moonPhase" : "phase1",
          "signDate" : "2019-08-29T23:57+0000"
        },
        {
          "sign" : "libra",
          "timeZone" : 1,
          "date" : "2019-09-01T08:17+0000",
          "age" : 3,
          "moonPhaseDate" : null,
          "moonPhase" : "phase1",
          "signDate" : "2019-08-31T23:12+0000"
        },
        {
          "sign" : "libra",
          "timeZone" : 1,
          "date" : "2019-09-02T09:30+0000",
          "age" : 4,
          "moonPhaseDate" : null,
          "moonPhase" : "phase1",
          "signDate" : "2019-08-31T23:12+0000"
        },
        {
          "sign" : "scorpio",
          "timeZone" : 1,
          "date" : "2019-09-03T10:40+0000",
          "age" : 5,
          "moonPhaseDate" : null,
          "moonPhase" : "phase1",
          "signDate" : "2019-09-02T23:38+0000"
        },
        {
          "sign" : "scorpio",
          "timeZone" : 1,
          "date" : "2019-09-04T11:50+0000",
          "age" : 6,
          "moonPhaseDate" : null,
          "moonPhase" : "phase1",
          "signDate" : "2019-09-02T23:38+0000"
        },
        {
          "sign" : "sagittarius",
          "timeZone" : 1,
          "date" : "2019-09-05T12:56+0000",
          "age" : 7,
          "moonPhaseDate" : null,
          "moonPhase" : "phase1",
          "signDate" : "2019-09-05T03:06+0000"
        },
        {
          "sign" : "sagittarius",
          "timeZone" : 1,
          "date" : "2019-09-06T13:59+0000",
          "age" : 8,
          "moonPhaseDate" : "2019-09-06T03:10+0000",
          "moonPhase" : "phase2",
          "signDate" : "2019-09-05T03:06+0000"
        },
        {
          "sign" : "capricorn",
          "timeZone" : 1,
          "date" : "2019-09-07T14:57+0000",
          "age" : 9,
          "moonPhaseDate" : "2019-09-06T03:10+0000",
          "moonPhase" : "phase2",
          "signDate" : "2019-09-07T10:35+0000"
        },
        {
          "sign" : "capricorn",
          "timeZone" : 1,
          "date" : "2019-09-08T15:50+0000",
          "age" : 10,
          "moonPhaseDate" : "2019-09-06T03:10+0000",
          "moonPhase" : "phase2",
          "signDate" : "2019-09-07T10:35+0000"
        },
        {
          "sign" : "aquarius",
          "timeZone" : 1,
          "date" : "2019-09-09T16:37+0000",
          "age" : 11,
          "moonPhaseDate" : "2019-09-06T03:10+0000",
          "moonPhase" : "phase2",
          "signDate" : "2019-09-09T21:25+0000"
        },
        {
          "sign" : "aquarius",
          "timeZone" : 1,
          "date" : "2019-09-10T17:18+0000",
          "age" : 12,
          "moonPhaseDate" : "2019-09-06T03:10+0000",
          "moonPhase" : "phase2",
          "signDate" : "2019-09-09T21:25+0000"
        },
        {
          "sign" : "aquarius",
          "timeZone" : 1,
          "date" : "2019-09-11T17:53+0000",
          "age" : 13,
          "moonPhaseDate" : "2019-09-06T03:10+0000",
          "moonPhase" : "phase2",
          "signDate" : "2019-09-09T21:25+0000"
        },
        {
          "sign" : "pisces",
          "timeZone" : 1,
          "date" : "2019-09-12T18:25+0000",
          "age" : 14,
          "moonPhaseDate" : "2019-09-06T03:10+0000",
          "moonPhase" : "phase2",
          "signDate" : "2019-09-12T09:53+0000"
        },
        {
          "sign" : "pisces",
          "timeZone" : 1,
          "date" : "2019-09-13T18:54+0000",
          "age" : 15,
          "moonPhaseDate" : "2019-09-06T03:10+0000",
          "moonPhase" : "phase2",
          "signDate" : "2019-09-12T09:53+0000"
        },
        {
          "sign" : "aries",
          "timeZone" : 1,
          "date" : "2019-09-14T19:21+0000",
          "age" : 16,
          "moonPhaseDate" : "2019-09-14T04:33+0000",
          "moonPhase" : "fullMoon",
          "signDate" : "2019-09-14T22:32+0000"
        },
        {
          "sign" : "aries",
          "timeZone" : 1,
          "date" : "2019-09-15T19:47+0000",
          "age" : 17,
          "moonPhaseDate" : "2019-09-14T04:33+0000",
          "moonPhase" : "phase3",
          "signDate" : "2019-09-14T22:32+0000"
        },
        {
          "sign" : "aries",
          "timeZone" : 1,
          "date" : "2019-09-16T20:13+0000",
          "age" : 18,
          "moonPhaseDate" : "2019-09-14T04:33+0000",
          "moonPhase" : "phase3",
          "signDate" : "2019-09-14T22:32+0000"
        },
        {
          "sign" : "taurus",
          "timeZone" : 1,
          "date" : "2019-09-17T20:40+0000",
          "age" : 19,
          "moonPhaseDate" : "2019-09-14T04:33+0000",
          "moonPhase" : "phase3",
          "signDate" : "2019-09-17T10:30+0000"
        },
        {
          "sign" : "taurus",
          "timeZone" : 1,
          "date" : "2019-09-18T21:09+0000",
          "age" : 20,
          "moonPhaseDate" : "2019-09-14T04:33+0000",
          "moonPhase" : "phase3",
          "signDate" : "2019-09-17T10:30+0000"
        },
        {
          "sign" : "gemini",
          "timeZone" : 1,
          "date" : "2019-09-19T21:42+0000",
          "age" : 21,
          "moonPhaseDate" : "2019-09-14T04:33+0000",
          "moonPhase" : "phase3",
          "signDate" : "2019-09-19T20:58+0000"
        },
        {
          "sign" : "gemini",
          "timeZone" : 1,
          "date" : "2019-09-20T22:21+0000",
          "age" : 22,
          "moonPhaseDate" : "2019-09-14T04:33+0000",
          "moonPhase" : "phase3",
          "signDate" : "2019-09-19T20:58+0000"
        },
        {
          "sign" : "cancer",
          "timeZone" : 1,
          "date" : "2019-09-21T23:06+0000",
          "age" : 23,
          "moonPhaseDate" : "2019-09-22T02:41+0000",
          "moonPhase" : "phase4",
          "signDate" : "2019-09-22T04:52+0000"
        },
        {
          "sign" : "cancer",
          "timeZone" : 1,
          "date" : "2019-09-22T23:58+0000",
          "age" : 24,
          "moonPhaseDate" : "2019-09-22T02:41+0000",
          "moonPhase" : "phase4",
          "signDate" : "2019-09-22T04:52+0000"
        },
        {
          "sign" : "leo",
          "timeZone" : 1,
          "date" : "2019-09-24T00:59+0000",
          "age" : 25,
          "moonPhaseDate" : "2019-09-22T02:41+0000",
          "moonPhase" : "phase4",
          "signDate" : "2019-09-24T09:19+0000"
        },
        {
          "sign" : "leo",
          "timeZone" : 1,
          "date" : "2019-09-25T02:07+0000",
          "age" : 26,
          "moonPhaseDate" : "2019-09-22T02:41+0000",
          "moonPhase" : "phase4",
          "signDate" : "2019-09-24T09:19+0000"
        },
        {
          "sign" : "virgo",
          "timeZone" : 1,
          "date" : "2019-09-26T03:20+0000",
          "age" : 27,
          "moonPhaseDate" : "2019-09-22T02:41+0000",
          "moonPhase" : "phase4",
          "signDate" : "2019-09-26T10:35+0000"
        },
        {
          "sign" : "virgo",
          "timeZone" : 1,
          "date" : "2019-09-27T04:35+0000",
          "age" : 28,
          "moonPhaseDate" : "2019-09-22T02:41+0000",
          "moonPhase" : "phase4",
          "signDate" : "2019-09-26T10:35+0000"
        },
        {
          "sign" : "libra",
          "timeZone" : 1,
          "date" : "2019-09-28T05:50+0000",
          "age" : 29,
          "moonPhaseDate" : "2019-09-28T18:26+0000",
          "moonPhase" : "newMoon",
          "signDate" : "2019-09-28T10:04+0000"
        },
        {
          "sign" : "libra",
          "timeZone" : 1,
          "date" : "2019-09-28T18:26+0000",
          "age" : 1,
          "moonPhaseDate" : "2019-09-28T18:26+0000",
          "moonPhase" : "newMoon",
          "signDate" : "2019-09-28T10:04+0000"
        },
        {
          "sign" : "libra",
          "timeZone" : 1,
          "date" : "2019-09-29T07:04+0000",
          "age" : 2,
          "moonPhaseDate" : "2019-09-28T18:26+0000",
          "moonPhase" : "phase1",
          "signDate" : "2019-09-28T10:04+0000"
        },
        {
          "sign" : "scorpio",
          "timeZone" : 1,
          "date" : "2019-09-30T08:18+0000",
          "age" : 3,
          "moonPhaseDate" : "2019-09-28T18:26+0000",
          "moonPhase" : "phase1",
          "signDate" : "2019-09-30T09:45+0000"
        },
        {
          "sign" : "scorpio",
          "timeZone" : 1,
          "date" : "2019-10-01T09:30+0000",
          "age" : 4,
          "moonPhaseDate" : null,
          "moonPhase" : "phase1",
          "signDate" : "2019-09-30T09:45+0000"
        },
        {
          "sign" : "sagittarius",
          "timeZone" : 1,
          "date" : "2019-10-02T10:40+0000",
          "age" : 5,
          "moonPhaseDate" : null,
          "moonPhase" : "phase1",
          "signDate" : "2019-10-02T11:45+0000"
        },
        {
          "sign" : "sagittarius",
          "timeZone" : 1,
          "date" : "2019-10-03T11:47+0000",
          "age" : 6,
          "moonPhaseDate" : null,
          "moonPhase" : "phase1",
          "signDate" : "2019-10-02T11:45+0000"
        },
        {
          "sign" : "capricorn",
          "timeZone" : 1,
          "date" : "2019-10-04T12:49+0000",
          "age" : 7,
          "moonPhaseDate" : null,
          "moonPhase" : "phase1",
          "signDate" : "2019-10-04T17:41+0000"
        },
        {
          "sign" : "capricorn",
          "timeZone" : 1,
          "date" : "2019-10-05T13:46+0000",
          "age" : 8,
          "moonPhaseDate" : "2019-10-05T16:47+0000",
          "moonPhase" : "phase2",
          "signDate" : "2019-10-04T17:41+0000"
        },
        {
          "sign" : "capricorn",
          "timeZone" : 1,
          "date" : "2019-10-06T14:35+0000",
          "age" : 9,
          "moonPhaseDate" : "2019-10-05T16:47+0000",
          "moonPhase" : "phase2",
          "signDate" : "2019-10-04T17:41+0000"
        },
        {
          "sign" : "aquarius",
          "timeZone" : 1,
          "date" : "2019-10-07T15:18+0000",
          "age" : 10,
          "moonPhaseDate" : "2019-10-05T16:47+0000",
          "moonPhase" : "phase2",
          "signDate" : "2019-10-07T03:43+0000"
        },
        {
          "sign" : "aquarius",
          "timeZone" : 1,
          "date" : "2019-10-08T15:55+0000",
          "age" : 11,
          "moonPhaseDate" : "2019-10-05T16:47+0000",
          "moonPhase" : "phase2",
          "signDate" : "2019-10-07T03:43+0000"
        },
        {
          "sign" : "pisces",
          "timeZone" : 1,
          "date" : "2019-10-09T16:28+0000",
          "age" : 12,
          "moonPhaseDate" : "2019-10-05T16:47+0000",
          "moonPhase" : "phase2",
          "signDate" : "2019-10-09T16:08+0000"
        },
        {
          "sign" : "pisces",
          "timeZone" : 1,
          "date" : "2019-10-10T16:58+0000",
          "age" : 13,
          "moonPhaseDate" : "2019-10-05T16:47+0000",
          "moonPhase" : "phase2",
          "signDate" : "2019-10-09T16:08+0000"
        },
        {
          "sign" : "pisces",
          "timeZone" : 1,
          "date" : "2019-10-11T17:25+0000",
          "age" : 14,
          "moonPhaseDate" : "2019-10-05T16:47+0000",
          "moonPhase" : "phase2",
          "signDate" : "2019-10-09T16:08+0000"
        },
        {
          "sign" : "aries",
          "timeZone" : 1,
          "date" : "2019-10-12T17:51+0000",
          "age" : 15,
          "moonPhaseDate" : "2019-10-05T16:47+0000",
          "moonPhase" : "phase2",
          "signDate" : "2019-10-12T04:46+0000"
        },
        {
          "sign" : "aries",
          "timeZone" : 1,
          "date" : "2019-10-13T18:16+0000",
          "age" : 16,
          "moonPhaseDate" : "2019-10-13T21:08+0000",
          "moonPhase" : "fullMoon",
          "signDate" : "2019-10-12T04:46+0000"
        },
        {
          "sign" : "taurus",
          "timeZone" : 1,
          "date" : "2019-10-14T18:43+0000",
          "age" : 17,
          "moonPhaseDate" : "2019-10-13T21:08+0000",
          "moonPhase" : "phase3",
          "signDate" : "2019-10-14T16:23+0000"
        },
        {
          "sign" : "taurus",
          "timeZone" : 1,
          "date" : "2019-10-15T19:12+0000",
          "age" : 18,
          "moonPhaseDate" : "2019-10-13T21:08+0000",
          "moonPhase" : "phase3",
          "signDate" : "2019-10-14T16:23+0000"
        },
        {
          "sign" : "taurus",
          "timeZone" : 1,
          "date" : "2019-10-16T19:44+0000",
          "age" : 19,
          "moonPhaseDate" : "2019-10-13T21:08+0000",
          "moonPhase" : "phase3",
          "signDate" : "2019-10-14T16:23+0000"
        },
        {
          "sign" : "gemini",
          "timeZone" : 1,
          "date" : "2019-10-17T20:20+0000",
          "age" : 20,
          "moonPhaseDate" : "2019-10-13T21:08+0000",
          "moonPhase" : "phase3",
          "signDate" : "2019-10-17T02:29+0000"
        },
        {
          "sign" : "gemini",
          "timeZone" : 1,
          "date" : "2019-10-18T21:02+0000",
          "age" : 21,
          "moonPhaseDate" : "2019-10-13T21:08+0000",
          "moonPhase" : "phase3",
          "signDate" : "2019-10-17T02:29+0000"
        },
        {
          "sign" : "cancer",
          "timeZone" : 1,
          "date" : "2019-10-19T21:52+0000",
          "age" : 22,
          "moonPhaseDate" : "2019-10-13T21:08+0000",
          "moonPhase" : "phase3",
          "signDate" : "2019-10-19T10:42+0000"
        },
        {
          "sign" : "cancer",
          "timeZone" : 1,
          "date" : "2019-10-20T22:49+0000",
          "age" : 23,
          "moonPhaseDate" : "2019-10-13T21:08+0000",
          "moonPhase" : "phase3",
          "signDate" : "2019-10-19T10:42+0000"
        },
        {
          "sign" : "leo",
          "timeZone" : 1,
          "date" : "2019-10-21T23:52+0000",
          "age" : 24,
          "moonPhaseDate" : "2019-10-21T12:39+0000",
          "moonPhase" : "phase4",
          "signDate" : "2019-10-19T10:42+0000"
        },
        {
          "sign" : "virgo",
          "timeZone" : 1,
          "date" : "2019-10-23T01:01+0000",
          "age" : 25,
          "moonPhaseDate" : "2019-10-21T12:39+0000",
          "moonPhase" : "phase4",
          "signDate" : "2019-10-23T19:30+0000"
        },
        {
          "sign" : "virgo",
          "timeZone" : 1,
          "date" : "2019-10-24T02:12+0000",
          "age" : 26,
          "moonPhaseDate" : "2019-10-21T12:39+0000",
          "moonPhase" : "phase4",
          "signDate" : "2019-10-23T19:30+0000"
        },
        {
          "sign" : "libra",
          "timeZone" : 1,
          "date" : "2019-10-25T03:25+0000",
          "age" : 27,
          "moonPhaseDate" : "2019-10-21T12:39+0000",
          "moonPhase" : "phase4",
          "signDate" : "2019-10-25T20:20+0000"
        },
        {
          "sign" : "libra",
          "timeZone" : 1,
          "date" : "2019-10-26T04:38+0000",
          "age" : 28,
          "moonPhaseDate" : "2019-10-21T12:39+0000",
          "moonPhase" : "phase4",
          "signDate" : "2019-10-25T20:20+0000"
        },
        {
          "sign" : "scorpio",
          "timeZone" : 1,
          "date" : "2019-10-27T04:52+0000",
          "age" : 29,
          "moonPhaseDate" : "2019-10-21T12:39+0000",
          "moonPhase" : "phase4",
          "signDate" : "2019-10-27T19:31+0000"
        },
        {
          "sign" : "scorpio",
          "timeZone" : 1,
          "date" : "2019-10-28T02:38+0000",
          "age" : 1,
          "moonPhaseDate" : "2019-10-28T02:38+0000",
          "moonPhase" : "newMoon",
          "signDate" : "2019-10-27T19:31+0000"
        },
        {
          "sign" : "scorpio",
          "timeZone" : 1,
          "date" : "2019-10-28T06:05+0000",
          "age" : 2,
          "moonPhaseDate" : "2019-10-28T02:38+0000",
          "moonPhase" : "newMoon",
          "signDate" : "2019-10-27T19:31+0000"
        },
        {
          "sign" : "sagittarius",
          "timeZone" : 1,
          "date" : "2019-10-29T07:17+0000",
          "age" : 3,
          "moonPhaseDate" : "2019-10-28T02:38+0000",
          "moonPhase" : "phase1",
          "signDate" : "2019-10-29T21:00+0000"
        },
        {
          "sign" : "sagittarius",
          "timeZone" : 1,
          "date" : "2019-10-30T08:27+0000",
          "age" : 4,
          "moonPhaseDate" : "2019-10-28T02:38+0000",
          "moonPhase" : "phase1",
          "signDate" : "2019-10-29T21:00+0000"
        },
        {
          "sign" : "sagittarius",
          "timeZone" : 1,
          "date" : "2019-10-31T09:34+0000",
          "age" : 5,
          "moonPhaseDate" : "2019-10-28T02:38+0000",
          "moonPhase" : "phase1",
          "signDate" : "2019-10-29T21:00+0000"
        },
        {
          "sign" : "capricorn",
          "timeZone" : 1,
          "date" : "2019-11-01T10:34+0000",
          "age" : 6,
          "moonPhaseDate" : null,
          "moonPhase" : "phase1",
          "signDate" : "2019-11-01T01:38+0000"
        },
        {
          "sign" : "capricorn",
          "timeZone" : 1,
          "date" : "2019-11-02T11:29+0000",
          "age" : 7,
          "moonPhaseDate" : null,
          "moonPhase" : "phase1",
          "signDate" : "2019-11-01T01:38+0000"
        },
        {
          "sign" : "aquarius",
          "timeZone" : 1,
          "date" : "2019-11-03T12:16+0000",
          "age" : 8,
          "moonPhaseDate" : null,
          "moonPhase" : "phase1",
          "signDate" : "2019-11-03T10:21+0000"
        },
        {
          "sign" : "aquarius",
          "timeZone" : 1,
          "date" : "2019-11-04T12:56+0000",
          "age" : 9,
          "moonPhaseDate" : "2019-11-04T09:23+0000",
          "moonPhase" : "phase2",
          "signDate" : "2019-11-03T10:21+0000"
        },
        {
          "sign" : "pisces",
          "timeZone" : 1,
          "date" : "2019-11-05T13:30+0000",
          "age" : 10,
          "moonPhaseDate" : "2019-11-04T09:23+0000",
          "moonPhase" : "phase2",
          "signDate" : "2019-11-05T22:11+0000"
        },
        {
          "sign" : "pisces",
          "timeZone" : 1,
          "date" : "2019-11-06T14:00+0000",
          "age" : 11,
          "moonPhaseDate" : "2019-11-04T09:23+0000",
          "moonPhase" : "phase2",
          "signDate" : "2019-11-05T22:11+0000"
        },
        {
          "sign" : "pisces",
          "timeZone" : 1,
          "date" : "2019-11-07T14:28+0000",
          "age" : 12,
          "moonPhaseDate" : "2019-11-04T09:23+0000",
          "moonPhase" : "phase2",
          "signDate" : "2019-11-05T22:11+0000"
        },
        {
          "sign" : "aries",
          "timeZone" : 1,
          "date" : "2019-11-08T14:54+0000",
          "age" : 13,
          "moonPhaseDate" : "2019-11-04T09:23+0000",
          "moonPhase" : "phase2",
          "signDate" : "2019-11-08T10:50+0000"
        },
        {
          "sign" : "aries",
          "timeZone" : 1,
          "date" : "2019-11-09T15:20+0000",
          "age" : 14,
          "moonPhaseDate" : "2019-11-04T09:23+0000",
          "moonPhase" : "phase2",
          "signDate" : "2019-11-08T10:50+0000"
        },
        {
          "sign" : "taurus",
          "timeZone" : 1,
          "date" : "2019-11-10T15:46+0000",
          "age" : 15,
          "moonPhaseDate" : "2019-11-04T09:23+0000",
          "moonPhase" : "phase2",
          "signDate" : "2019-11-10T22:19+0000"
        },
        {
          "sign" : "taurus",
          "timeZone" : 1,
          "date" : "2019-11-11T16:14+0000",
          "age" : 16,
          "moonPhaseDate" : "2019-11-04T09:23+0000",
          "moonPhase" : "phase2",
          "signDate" : "2019-11-10T22:19+0000"
        },
        {
          "sign" : "taurus",
          "timeZone" : 1,
          "date" : "2019-11-12T16:44+0000",
          "age" : 17,
          "moonPhaseDate" : "2019-11-12T12:35+0000",
          "moonPhase" : "fullMoon",
          "signDate" : "2019-11-10T22:19+0000"
        },
        {
          "sign" : "gemini",
          "timeZone" : 1,
          "date" : "2019-11-13T17:19+0000",
          "age" : 18,
          "moonPhaseDate" : "2019-11-12T12:35+0000",
          "moonPhase" : "phase3",
          "signDate" : "2019-11-13T07:45+0000"
        },
        {
          "sign" : "gemini",
          "timeZone" : 1,
          "date" : "2019-11-14T18:00+0000",
          "age" : 19,
          "moonPhaseDate" : "2019-11-12T12:35+0000",
          "moonPhase" : "phase3",
          "signDate" : "2019-11-13T07:45+0000"
        },
        {
          "sign" : "cancer",
          "timeZone" : 1,
          "date" : "2019-11-15T18:48+0000",
          "age" : 20,
          "moonPhaseDate" : "2019-11-12T12:35+0000",
          "moonPhase" : "phase3",
          "signDate" : "2019-11-15T15:12+0000"
        },
        {
          "sign" : "cancer",
          "timeZone" : 1,
          "date" : "2019-11-16T19:43+0000",
          "age" : 21,
          "moonPhaseDate" : "2019-11-12T12:35+0000",
          "moonPhase" : "phase3",
          "signDate" : "2019-11-15T15:12+0000"
        },
        {
          "sign" : "leo",
          "timeZone" : 1,
          "date" : "2019-11-17T20:44+0000",
          "age" : 22,
          "moonPhaseDate" : "2019-11-12T12:35+0000",
          "moonPhase" : "phase3",
          "signDate" : "2019-11-17T20:54+0000"
        },
        {
          "sign" : "leo",
          "timeZone" : 1,
          "date" : "2019-11-18T21:51+0000",
          "age" : 23,
          "moonPhaseDate" : "2019-11-12T12:35+0000",
          "moonPhase" : "phase3",
          "signDate" : "2019-11-17T20:54+0000"
        },
        {
          "sign" : "leo",
          "timeZone" : 1,
          "date" : "2019-11-19T23:00+0000",
          "age" : 24,
          "moonPhaseDate" : "2019-11-20T20:11+0000",
          "moonPhase" : "phase4",
          "signDate" : "2019-11-17T20:54+0000"
        },
        {
          "sign" : "virgo",
          "timeZone" : 1,
          "date" : "2019-11-21T00:10+0000",
          "age" : 25,
          "moonPhaseDate" : "2019-11-19T20:11+0000",
          "moonPhase" : "phase4",
          "signDate" : "2019-11-17T20:54+0000"
        },
        {
          "sign" : "libra",
          "timeZone" : 1,
          "date" : "2019-11-22T01:21+0000",
          "age" : 26,
          "moonPhaseDate" : "2019-11-19T20:11+0000",
          "moonPhase" : "phase4",
          "signDate" : "2019-11-22T03:22+0000"
        },
        {
          "sign" : "libra",
          "timeZone" : 1,
          "date" : "2019-11-23T02:31+0000",
          "age" : 27,
          "moonPhaseDate" : "2019-11-19T20:11+0000",
          "moonPhase" : "phase4",
          "signDate" : "2019-11-22T03:22+0000"
        },
        {
          "sign" : "scorpio",
          "timeZone" : 1,
          "date" : "2019-11-24T03:42+0000",
          "age" : 28,
          "moonPhaseDate" : "2019-11-19T20:11+0000",
          "moonPhase" : "phase4",
          "signDate" : "2019-11-24T05:01+0000"
        },
        {
          "sign" : "scorpio",
          "timeZone" : 1,
          "date" : "2019-11-25T04:54+0000",
          "age" : 29,
          "moonPhaseDate" : "2019-11-19T20:11+0000",
          "moonPhase" : "phase4",
          "signDate" : "2019-11-24T05:01+0000"
        },
        {
          "sign" : "sagittarius",
          "timeZone" : 1,
          "date" : "2019-11-26T06:04+0000",
          "age" : 30,
          "moonPhaseDate" : "2019-11-26T14:06+0000",
          "moonPhase" : "newMoon",
          "signDate" : "2019-11-26T07:12+0000"
        },
        {
          "sign" : "sagittarius",
          "timeZone" : 1,
          "date" : "2019-11-26T14:06+0000",
          "age" : 1,
          "moonPhaseDate" : "2019-11-26T14:06+0000",
          "moonPhase" : "newMoon",
          "signDate" : "2019-11-26T07:12+0000"
        },
        {
          "sign" : "sagittarius",
          "timeZone" : 1,
          "date" : "2019-11-27T07:14+0000",
          "age" : 2,
          "moonPhaseDate" : "2019-11-26T14:06+0000",
          "moonPhase" : "phase1",
          "signDate" : "2019-11-26T07:12+0000"
        },
        {
          "sign" : "capricorn",
          "timeZone" : 1,
          "date" : "2019-11-28T08:18+0000",
          "age" : 3,
          "moonPhaseDate" : "2019-11-26T14:06+0000",
          "moonPhase" : "phase1",
          "signDate" : "2019-11-28T11:32+0000"
        },
        {
          "sign" : "capricorn",
          "timeZone" : 1,
          "date" : "2019-11-29T09:17+0000",
          "age" : 4,
          "moonPhaseDate" : "2019-11-26T14:06+0000",
          "moonPhase" : "phase1",
          "signDate" : "2019-11-28T11:32+0000"
        },
        {
          "sign" : "aquarius",
          "timeZone" : 1,
          "date" : "2019-11-30T10:08+0000",
          "age" : 5,
          "moonPhaseDate" : "2019-11-26T14:06+0000",
          "moonPhase" : "phase1",
          "signDate" : "2019-11-30T19:15+0000"
        },
        {
          "sign" : "aquarius",
          "timeZone" : 1,
          "date" : "2019-12-01T10:52+0000",
          "age" : 6,
          "moonPhaseDate" : null,
          "moonPhase" : "phase1",
          "signDate" : "2019-11-30T19:15+0000"
        },
        {
          "sign" : "aquarius",
          "timeZone" : 1,
          "date" : "2019-12-02T11:29+0000",
          "age" : 7,
          "moonPhaseDate" : null,
          "moonPhase" : "phase1",
          "signDate" : "2019-11-30T19:15+0000"
        },
        {
          "sign" : "pisces",
          "timeZone" : 1,
          "date" : "2019-12-03T12:02+0000",
          "age" : 8,
          "moonPhaseDate" : null,
          "moonPhase" : "phase1",
          "signDate" : "2019-12-03T06:14+0000"
        },
        {
          "sign" : "pisces",
          "timeZone" : 1,
          "date" : "2019-12-04T12:30+0000",
          "age" : 9,
          "moonPhaseDate" : "2019-12-04T05:58+0000",
          "moonPhase" : "phase2",
          "signDate" : "2019-12-03T06:14+0000"
        },
        {
          "sign" : "aries",
          "timeZone" : 1,
          "date" : "2019-12-05T12:57+0000",
          "age" : 10,
          "moonPhaseDate" : "2019-12-04T05:58+0000",
          "moonPhase" : "phase2",
          "signDate" : "2019-12-05T18:46+0000"
        },
        {
          "sign" : "aries",
          "timeZone" : 1,
          "date" : "2019-12-06T13:22+0000",
          "age" : 11,
          "moonPhaseDate" : "2019-12-04T05:58+0000",
          "moonPhase" : "phase2",
          "signDate" : "2019-12-05T18:46+0000"
        },
        {
          "sign" : "aries",
          "timeZone" : 1,
          "date" : "2019-12-07T13:48+0000",
          "age" : 12,
          "moonPhaseDate" : "2019-12-04T05:58+0000",
          "moonPhase" : "phase2",
          "signDate" : "2019-12-05T18:46+0000"
        },
        {
          "sign" : "taurus",
          "timeZone" : 1,
          "date" : "2019-12-08T14:14+0000",
          "age" : 13,
          "moonPhaseDate" : "2019-12-04T05:58+0000",
          "moonPhase" : "phase2",
          "signDate" : "2019-12-08T06:31+0000"
        },
        {
          "sign" : "taurus",
          "timeZone" : 1,
          "date" : "2019-12-09T14:44+0000",
          "age" : 14,
          "moonPhaseDate" : "2019-12-04T05:58+0000",
          "moonPhase" : "phase2",
          "signDate" : "2019-12-08T06:31+0000"
        },
        {
          "sign" : "gemini",
          "timeZone" : 1,
          "date" : "2019-12-10T15:17+0000",
          "age" : 15,
          "moonPhaseDate" : "2019-12-04T05:58+0000",
          "moonPhase" : "phase2",
          "signDate" : "2019-12-10T15:49+0000"
        },
        {
          "sign" : "gemini",
          "timeZone" : 1,
          "date" : "2019-12-11T15:56+0000",
          "age" : 16,
          "moonPhaseDate" : "2019-12-04T05:58+0000",
          "moonPhase" : "phase2",
          "signDate" : "2019-12-10T15:49+0000"
        },
        {
          "sign" : "cancer",
          "timeZone" : 1,
          "date" : "2019-12-12T16:41+0000",
          "age" : 17,
          "moonPhaseDate" : "2019-12-12T04:12+0000",
          "moonPhase" : "fullMoon",
          "signDate" : "2019-12-12T22:24+0000"
        },
        {
          "sign" : "cancer",
          "timeZone" : 1,
          "date" : "2019-12-13T17:35+0000",
          "age" : 18,
          "moonPhaseDate" : "2019-12-12T04:12+0000",
          "moonPhase" : "phase3",
          "signDate" : "2019-12-12T22:24+0000"
        },
        {
          "sign" : "cancer",
          "timeZone" : 1,
          "date" : "2019-12-14T18:35+0000",
          "age" : 19,
          "moonPhaseDate" : "2019-12-12T04:12+0000",
          "moonPhase" : "phase3",
          "signDate" : "2019-12-12T22:24+0000"
        },
        {
          "sign" : "leo",
          "timeZone" : 1,
          "date" : "2019-12-15T19:42+0000",
          "age" : 20,
          "moonPhaseDate" : "2019-12-12T04:12+0000",
          "moonPhase" : "phase3",
          "signDate" : "2019-12-15T02:53+0000"
        },
        {
          "sign" : "leo",
          "timeZone" : 1,
          "date" : "2019-12-16T20:51+0000",
          "age" : 21,
          "moonPhaseDate" : "2019-12-12T04:12+0000",
          "moonPhase" : "phase3",
          "signDate" : "2019-12-15T02:53+0000"
        },
        {
          "sign" : "virgo",
          "timeZone" : 1,
          "date" : "2019-12-17T22:02+0000",
          "age" : 22,
          "moonPhaseDate" : "2019-12-12T04:12+0000",
          "moonPhase" : "phase3",
          "signDate" : "2019-12-17T06:13+0000"
        },
        {
          "sign" : "libra",
          "timeZone" : 1,
          "date" : "2019-12-18T23:11+0000",
          "age" : 23,
          "moonPhaseDate" : "2019-12-19T03:57+0000",
          "moonPhase" : "phase4",
          "signDate" : "2019-12-19T09:05+0000"
        },
        {
          "sign" : "libra",
          "timeZone" : 1,
          "date" : "2019-12-20T00:21+0000",
          "age" : 24,
          "moonPhaseDate" : "2019-12-19T03:57+0000",
          "moonPhase" : "phase4",
          "signDate" : "2019-12-19T09:05+0000"
        },
        {
          "sign" : "scorpio",
          "timeZone" : 1,
          "date" : "2019-12-21T01:29+0000",
          "age" : 25,
          "moonPhaseDate" : "2019-12-19T03:57+0000",
          "moonPhase" : "phase4",
          "signDate" : "2019-12-21T12:01+0000"
        },
        {
          "sign" : "scorpio",
          "timeZone" : 1,
          "date" : "2019-12-22T02:38+0000",
          "age" : 26,
          "moonPhaseDate" : "2019-12-19T03:57+0000",
          "moonPhase" : "phase4",
          "signDate" : "2019-12-21T12:01+0000"
        },
        {
          "sign" : "sagittarius",
          "timeZone" : 1,
          "date" : "2019-12-23T03:47+0000",
          "age" : 27,
          "moonPhaseDate" : "2019-12-19T03:57+0000",
          "moonPhase" : "phase4",
          "signDate" : "2019-12-23T15:37+0000"
        },
        {
          "sign" : "sagittarius",
          "timeZone" : 1,
          "date" : "2019-12-24T04:56+0000",
          "age" : 28,
          "moonPhaseDate" : "2019-12-19T03:57+0000",
          "moonPhase" : "phase4",
          "signDate" : "2019-12-23T15:37+0000"
        },
        {
          "sign" : "capricorn",
          "timeZone" : 1,
          "date" : "2019-12-25T06:02+0000",
          "age" : 29,
          "moonPhaseDate" : "2019-12-19T03:57+0000",
          "moonPhase" : "phase4",
          "signDate" : "2019-12-25T20:46+0000"
        },
        {
          "sign" : "capricorn",
          "timeZone" : 1,
          "date" : "2019-12-26T04:13+0000",
          "age" : 1,
          "moonPhaseDate" : "2019-12-26T04:13+0000",
          "moonPhase" : "newMoon",
          "signDate" : "2019-12-25T20:46+0000"
        },
        {
          "sign" : "capricorn",
          "timeZone" : 1,
          "date" : "2019-12-26T07:03+0000",
          "age" : 2,
          "moonPhaseDate" : "2019-12-26T04:13+0000",
          "moonPhase" : "newMoon",
          "signDate" : "2019-12-25T20:46+0000"
        },
        {
          "sign" : "capricorn",
          "timeZone" : 1,
          "date" : "2019-12-27T07:58+0000",
          "age" : 3,
          "moonPhaseDate" : "2019-12-26T04:13+0000",
          "moonPhase" : "phase1",
          "signDate" : "2019-12-25T20:46+0000"
        },
        {
          "sign" : "aquarius",
          "timeZone" : 1,
          "date" : "2019-12-28T08:45+0000",
          "age" : 4,
          "moonPhaseDate" : "2019-12-26T04:13+0000",
          "moonPhase" : "phase1",
          "signDate" : "2019-12-28T04:21+0000"
        },
        {
          "sign" : "aquarius",
          "timeZone" : 1,
          "date" : "2019-12-29T09:26+0000",
          "age" : 5,
          "moonPhaseDate" : "2019-12-26T04:13+0000",
          "moonPhase" : "phase1",
          "signDate" : "2019-12-28T04:21+0000"
        },
        {
          "sign" : "pisces",
          "timeZone" : 1,
          "date" : "2019-12-30T10:01+0000",
          "age" : 6,
          "moonPhaseDate" : "2019-12-26T04:13+0000",
          "moonPhase" : "phase1",
          "signDate" : "2019-12-30T14:43+0000"
        },
        {
          "sign" : "pisces",
          "timeZone" : 1,
          "date" : "2019-12-31T10:31+0000",
          "age" : 7,
          "moonPhaseDate" : "2019-12-26T04:13+0000",
          "moonPhase" : "phase1",
          "signDate" : "2019-12-30T14:43+0000"
        },
        {
          "sign" : "pisces",
          "timeZone" : 1,
          "date" : "2020-01-01T10:58+0000",
          "age" : 8,
          "moonPhaseDate" : null,
          "moonPhase" : "phase1",
          "signDate" : "2019-12-30T14:43+0000"
        },
        {
          "sign" : "aries",
          "timeZone" : 1,
          "date" : "2020-01-02T11:24+0000",
          "age" : 9,
          "moonPhaseDate" : null,
          "moonPhase" : "phase1",
          "signDate" : "2020-01-02T03:01+0000"
        },
        {
          "sign" : "aries",
          "timeZone" : 1,
          "date" : "2020-01-03T11:49+0000",
          "age" : 10,
          "moonPhaseDate" : "2020-01-03T03:45+0000",
          "moonPhase" : "phase2",
          "signDate" : "2020-01-02T03:01+0000"
        },
        {
          "sign" : "taurus",
          "timeZone" : 1,
          "date" : "2020-01-04T12:15+0000",
          "age" : 11,
          "moonPhaseDate" : "2020-01-03T03:45+0000",
          "moonPhase" : "phase2",
          "signDate" : "2020-01-04T15:15+0000"
        },
        {
          "sign" : "taurus",
          "timeZone" : 1,
          "date" : "2020-01-05T12:42+0000",
          "age" : 12,
          "moonPhaseDate" : "2020-01-03T03:45+0000",
          "moonPhase" : "phase2",
          "signDate" : "2020-01-04T15:15+0000"
        },
        {
          "sign" : "taurus",
          "timeZone" : 1,
          "date" : "2020-01-06T13:13+0000",
          "age" : 13,
          "moonPhaseDate" : "2020-01-03T03:45+0000",
          "moonPhase" : "phase2",
          "signDate" : "2020-01-04T15:15+0000"
        },
        {
          "sign" : "gemini",
          "timeZone" : 1,
          "date" : "2020-01-07T13:49+0000",
          "age" : 14,
          "moonPhaseDate" : "2020-01-03T03:45+0000",
          "moonPhase" : "phase2",
          "signDate" : "2020-01-07T01:13+0000"
        },
        {
          "sign" : "gemini",
          "timeZone" : 1,
          "date" : "2020-01-08T14:31+0000",
          "age" : 15,
          "moonPhaseDate" : "2020-01-03T03:45+0000",
          "moonPhase" : "phase2",
          "signDate" : "2020-01-07T01:13+0000"
        },
        {
          "sign" : "cancer",
          "timeZone" : 1,
          "date" : "2020-01-09T15:21+0000",
          "age" : 16,
          "moonPhaseDate" : "2020-01-03T03:45+0000",
          "moonPhase" : "phase2",
          "signDate" : "2020-01-09T07:45+0000"
        },
        {
          "sign" : "cancer",
          "timeZone" : 1,
          "date" : "2020-01-10T16:20+0000",
          "age" : 17,
          "moonPhaseDate" : "2020-01-10T18:21+0000",
          "moonPhase" : "fullMoon",
          "signDate" : "2020-01-09T07:45+0000"
        },
        {
          "sign" : "leo",
          "timeZone" : 1,
          "date" : "2020-01-11T17:26+0000",
          "age" : 18,
          "moonPhaseDate" : "2020-01-10T18:21+0000",
          "moonPhase" : "phase3",
          "signDate" : "2020-01-11T11:16+0000"
        },
        {
          "sign" : "leo",
          "timeZone" : 1,
          "date" : "2020-01-12T18:37+0000",
          "age" : 19,
          "moonPhaseDate" : "2020-01-10T18:21+0000",
          "moonPhase" : "phase3",
          "signDate" : "2020-01-11T11:16+0000"
        },
        {
          "sign" : "virgo",
          "timeZone" : 1,
          "date" : "2020-01-13T19:49+0000",
          "age" : 20,
          "moonPhaseDate" : "2020-01-10T18:21+0000",
          "moonPhase" : "phase3",
          "signDate" : "2020-01-13T13:05+0000"
        },
        {
          "sign" : "virgo",
          "timeZone" : 1,
          "date" : "2020-01-14T21:01+0000",
          "age" : 21,
          "moonPhaseDate" : "2020-01-10T18:21+0000",
          "moonPhase" : "phase3",
          "signDate" : "2020-01-13T13:05+0000"
        },
        {
          "sign" : "libra",
          "timeZone" : 1,
          "date" : "2020-01-15T22:12+0000",
          "age" : 22,
          "moonPhaseDate" : "2020-01-10T18:21+0000",
          "moonPhase" : "phase3",
          "signDate" : "2020-01-15T14:42+0000"
        },
        {
          "sign" : "scorpio",
          "timeZone" : 1,
          "date" : "2020-01-16T23:22+0000",
          "age" : 23,
          "moonPhaseDate" : "2020-01-17T11:58+0000",
          "moonPhase" : "phase4",
          "signDate" : "2020-01-17T17:21+0000"
        },
        {
          "sign" : "scorpio",
          "timeZone" : 1,
          "date" : "2020-01-18T00:30+0000",
          "age" : 24,
          "moonPhaseDate" : "2020-01-17T11:58+0000",
          "moonPhase" : "phase4",
          "signDate" : "2020-01-17T17:21+0000"
        },
        {
          "sign" : "sagittarius",
          "timeZone" : 1,
          "date" : "2020-01-19T01:38+0000",
          "age" : 25,
          "moonPhaseDate" : "2020-01-17T11:58+0000",
          "moonPhase" : "phase4",
          "signDate" : "2020-01-19T21:43+0000"
        },
        {
          "sign" : "sagittarius",
          "timeZone" : 1,
          "date" : "2020-01-20T02:46+0000",
          "age" : 26,
          "moonPhaseDate" : "2020-01-17T11:58+0000",
          "moonPhase" : "phase4",
          "signDate" : "2020-01-19T21:43+0000"
        },
        {
          "sign" : "sagittarius",
          "timeZone" : 1,
          "date" : "2020-01-21T03:51+0000",
          "age" : 27,
          "moonPhaseDate" : "2020-01-17T11:58+0000",
          "moonPhase" : "phase4",
          "signDate" : "2020-01-19T21:43+0000"
        },
        {
          "sign" : "capricorn",
          "timeZone" : 1,
          "date" : "2020-01-22T04:53+0000",
          "age" : 28,
          "moonPhaseDate" : "2020-01-17T11:58+0000",
          "moonPhase" : "phase4",
          "signDate" : "2020-01-22T04:02+0000"
        },
        {
          "sign" : "capricorn",
          "timeZone" : 1,
          "date" : "2020-01-23T05:49+0000",
          "age" : 29,
          "moonPhaseDate" : "2020-01-17T11:58+0000",
          "moonPhase" : "phase4",
          "signDate" : "2020-01-22T04:02+0000"
        },
        {
          "sign" : "aquarius",
          "timeZone" : 1,
          "date" : "2020-01-24T06:39+0000",
          "age" : 30,
          "moonPhaseDate" : "2020-01-24T20:42+0000",
          "moonPhase" : "newMoon",
          "signDate" : "2020-01-24T12:22+0000"
        },
        {
          "sign" : "aquarius",
          "timeZone" : 1,
          "date" : "2020-01-24T20:42+0000",
          "age" : 1,
          "moonPhaseDate" : "2020-01-24T20:42+0000",
          "moonPhase" : "newMoon",
          "signDate" : "2020-01-24T12:22+0000"
        },
        {
          "sign" : "aquarius",
          "timeZone" : 1,
          "date" : "2020-01-25T07:22+0000",
          "age" : 2,
          "moonPhaseDate" : "2020-01-24T20:42+0000",
          "moonPhase" : "phase1",
          "signDate" : "2020-01-24T12:22+0000"
        },
        {
          "sign" : "pisces",
          "timeZone" : 1,
          "date" : "2020-01-26T07:59+0000",
          "age" : 3,
          "moonPhaseDate" : "2020-01-24T20:42+0000",
          "moonPhase" : "phase1",
          "signDate" : "2020-01-26T22:45+0000"
        },
        {
          "sign" : "pisces",
          "timeZone" : 1,
          "date" : "2020-01-27T08:31+0000",
          "age" : 4,
          "moonPhaseDate" : "2020-01-24T20:42+0000",
          "moonPhase" : "phase1",
          "signDate" : "2020-01-26T22:45+0000"
        },
        {
          "sign" : "pisces",
          "timeZone" : 1,
          "date" : "2020-01-28T08:59+0000",
          "age" : 5,
          "moonPhaseDate" : "2020-01-24T20:42+0000",
          "moonPhase" : "phase1",
          "signDate" : "2020-01-26T22:45+0000"
        },
        {
          "sign" : "aries",
          "timeZone" : 1,
          "date" : "2020-01-29T09:26+0000",
          "age" : 6,
          "moonPhaseDate" : "2020-01-24T20:42+0000",
          "moonPhase" : "phase1",
          "signDate" : "2020-01-29T10:51+0000"
        },
        {
          "sign" : "aries",
          "timeZone" : 1,
          "date" : "2020-01-30T09:51+0000",
          "age" : 7,
          "moonPhaseDate" : "2020-01-24T20:42+0000",
          "moonPhase" : "phase1",
          "signDate" : "2020-01-29T10:51+0000"
        },
        {
          "sign" : "aries",
          "timeZone" : 1,
          "date" : "2020-01-31T10:16+0000",
          "age" : 8,
          "moonPhaseDate" : "2020-01-24T20:42+0000",
          "moonPhase" : "phase1",
          "signDate" : "2020-01-29T10:51+0000"
        },
        {
          "sign" : "aries",
          "timeZone" : 1,
          "date" : "2020-01-31T10:16+0000",
          "age" : 8,
          "moonPhaseDate" : "2020-01-24T20:42+0000",
          "moonPhase" : "phase1",
          "signDate" : "2020-01-29T10:51+0000"
        }
      ]
    }
  ]
}