{
  "cities" : [
    {
      "timeZone" : 3,
      "cityName" : "Хельсинки",
      "moonDays" : [
        {
          "moonPhase" : null,
          "sign" : "aries",
          "date" : "2019-05-01T02:19+0000",
          "age" : 26,
          "signDate" : "2019-05-01T10:23+0000",
          "timeZone" : 3,
          "moonPhaseDate" : null
        },
        {
          "moonPhase" : null,
          "sign" : "aries",
          "date" : "2019-05-02T02:28+0000",
          "age" : 27,
          "signDate" : "2019-05-01T10:23+0000",
          "timeZone" : 3,
          "moonPhaseDate" : null
        },
        {
          "sign" : "taurus",
          "moonPhase" : null,
          "date" : "2019-05-03T02:37+0000",
          "age" : 28,
          "signDate" : "2019-05-03T20:21+0000",
          "timeZone" : 3,
          "moonPhaseDate" : null
        },
        {
          "moonPhase" : null,
          "sign" : "taurus",
          "date" : "2019-05-04T02:47+0000",
          "age" : 29,
          "signDate" : "2019-05-03T20:21+0000",
          "timeZone" : 3,
          "moonPhaseDate" : null
        },
        {
          "sign" : "taurus",
          "moonPhase" : "newMoon",
          "date" : "2019-05-04T22:45+0000",
          "age" : 1,
          "signDate" : "2019-05-03T20:21+0000",
          "timeZone" : 3,
          "moonPhaseDate" : "2019-05-04T22:45+0000"
        },
        {
          "sign" : "taurus",
          "moonPhase" : "newMoon",
          "age" : 2,
          "date" : "2019-05-05T03:00+0000",
          "signDate" : "2019-05-03T20:21+0000",
          "timeZone" : 3,
          "moonPhaseDate" : "2019-05-04T22:45+0000"
        },
        {
          "sign" : "gemini",
          "moonPhase" : "phase1",
          "age" : 3,
          "date" : "2019-05-06T03:15+0000",
          "signDate" : "2019-05-06T03:42+0000",
          "timeZone" : 3,
          "moonPhaseDate" : "2019-05-04T22:45+0000"
        },
        {
          "sign" : "gemini",
          "moonPhase" : "phase1",
          "date" : "2019-05-07T03:37+0000",
          "age" : 4,
          "signDate" : "2019-05-06T03:42+0000",
          "timeZone" : 3,
          "moonPhaseDate" : "2019-05-04T22:45+0000"
        },
        {
          "sign" : "cancer",
          "moonPhase" : "phase1",
          "date" : "2019-05-08T04:10+0000",
          "age" : 5,
          "signDate" : "2019-05-08T09:05+0000",
          "timeZone" : 3,
          "moonPhaseDate" : "2019-05-04T22:45+0000"
        },
        {
          "moonPhase" : "phase1",
          "sign" : "cancer",
          "date" : "2019-05-09T04:59+0000",
          "age" : 6,
          "signDate" : "2019-05-08T09:05+0000",
          "timeZone" : 3,
          "moonPhaseDate" : "2019-05-04T22:45+0000"
        },
        {
          "sign" : "leo",
          "moonPhase" : "phase1",
          "date" : "2019-05-10T06:05+0000",
          "age" : 7,
          "signDate" : "2019-05-10T13:12+0000",
          "timeZone" : 3,
          "moonPhaseDate" : "2019-05-04T22:45+0000"
        },
        {
          "moonPhase" : "phase1",
          "sign" : "leo",
          "date" : "2019-05-11T07:27+0000",
          "age" : 8,
          "signDate" : "2019-05-10T13:12+0000",
          "timeZone" : 3,
          "moonPhaseDate" : "2019-05-04T22:45+0000"
        },
        {
          "sign" : "virgo",
          "moonPhase" : "phase2",
          "date" : "2019-05-12T08:57+0000",
          "age" : 9,
          "signDate" : "2019-05-12T16:23+0000",
          "timeZone" : 3,
          "moonPhaseDate" : "2019-05-12T01:12+0000"
        },
        {
          "sign" : "virgo",
          "moonPhase" : "phase2",
          "date" : "2019-05-13T10:30+0000",
          "age" : 10,
          "signDate" : "2019-05-12T16:23+0000",
          "timeZone" : 3,
          "moonPhaseDate" : "2019-05-12T01:12+0000"
        },
        {
          "sign" : "libra",
          "moonPhase" : "phase2",
          "age" : 11,
          "date" : "2019-05-14T12:03+0000",
          "signDate" : "2019-05-14T18:53+0000",
          "timeZone" : 3,
          "moonPhaseDate" : "2019-05-12T01:12+0000"
        },
        {
          "sign" : "libra",
          "moonPhase" : "phase2",
          "date" : "2019-05-15T13:35+0000",
          "age" : 12,
          "signDate" : "2019-05-14T18:53+0000",
          "timeZone" : 3,
          "moonPhaseDate" : "2019-05-12T01:12+0000"
        },
        {
          "sign" : "libra",
          "moonPhase" : "phase2",
          "date" : "2019-05-16T15:07+0000",
          "age" : 13,
          "signDate" : "2019-05-14T18:53+0000",
          "timeZone" : 3,
          "moonPhaseDate" : "2019-05-12T01:12+0000"
        },
        {
          "sign" : "scorpio",
          "moonPhase" : "phase2",
          "age" : 14,
          "date" : "2019-05-17T16:39+0000",
          "signDate" : "2019-05-16T21:25+0000",
          "timeZone" : 3,
          "moonPhaseDate" : "2019-05-12T01:12+0000"
        },
        {
          "moonPhase" : "phase2",
          "sign" : "scorpio",
          "date" : "2019-05-18T18:09+0000",
          "age" : 15,
          "signDate" : "2019-05-16T21:25+0000",
          "timeZone" : 3,
          "moonPhaseDate" : "2019-05-12T01:12+0000"
        },
        {
          "sign" : "sagittarius",
          "moonPhase" : "fullMoon",
          "date" : "2019-05-19T19:35+0000",
          "age" : 16,
          "signDate" : "2019-05-19T01:19+0000",
          "timeZone" : 3,
          "moonPhaseDate" : "2019-05-18T21:11+0000"
        },
        {
          "sign" : "sagittarius",
          "moonPhase" : "phase3",
          "date" : "2019-05-20T20:53+0000",
          "age" : 17,
          "signDate" : "2019-05-19T01:19+0000",
          "timeZone" : 3,
          "moonPhaseDate" : "2019-05-18T21:11+0000"
        },
        {
          "sign" : "capricorn",
          "moonPhase" : "phase3",
          "date" : "2019-05-21T21:59+0000",
          "age" : 18,
          "signDate" : "2019-05-19T01:19+0000",
          "timeZone" : 3,
          "moonPhaseDate" : "2019-05-18T21:11+0000"
        },
        {
          "sign" : "aquarius",
          "moonPhase" : "phase3",
          "age" : 19,
          "date" : "2019-05-22T22:49+0000",
          "signDate" : "2019-05-23T17:51+0000",
          "timeZone" : 3,
          "moonPhaseDate" : "2019-05-18T21:11+0000"
        },
        {
          "sign" : "aquarius",
          "moonPhase" : "phase3",
          "age" : 20,
          "date" : "2019-05-23T23:24+0000",
          "signDate" : "2019-05-23T17:51+0000",
          "timeZone" : 3,
          "moonPhaseDate" : "2019-05-18T21:11+0000"
        },
        {
          "sign" : "aquarius",
          "moonPhase" : "phase3",
          "date" : "2019-05-24T23:48+0000",
          "age" : 21,
          "signDate" : "2019-05-23T17:51+0000",
          "timeZone" : 3,
          "moonPhaseDate" : "2019-05-18T21:11+0000"
        },
        {
          "sign" : "pisces",
          "moonPhase" : "phase4",
          "date" : "2019-05-26T00:05+0000",
          "age" : 22,
          "signDate" : "2019-05-26T06:07+0000",
          "timeZone" : 3,
          "moonPhaseDate" : "2019-05-26T16:33+0000"
        },
        {
          "sign" : "pisces",
          "moonPhase" : "phase4",
          "age" : 23,
          "date" : "2019-05-27T00:18+0000",
          "signDate" : "2019-05-26T06:07+0000",
          "timeZone" : 3,
          "moonPhaseDate" : "2019-05-26T16:33+0000"
        },
        {
          "sign" : "aries",
          "moonPhase" : "phase4",
          "date" : "2019-05-28T00:29+0000",
          "age" : 24,
          "signDate" : "2019-05-28T18:29+0000",
          "timeZone" : 3,
          "moonPhaseDate" : "2019-05-26T16:33+0000"
        },
        {
          "signDate" : "2019-05-28T18:29+0000",
          "sign" : "aries",
          "timeZone" : 3,
          "moonPhase" : "phase4",
          "date" : "2019-05-29T00:38+0000",
          "age" : 25,
          "moonPhaseDate" : "2019-05-26T16:33+0000"
        },
        {
          "sign" : "aries",
          "moonPhaseDate" : "2019-05-26T16:33+0000",
          "date" : "2019-05-30T00:47+0000",
          "signDate" : "2019-05-28T18:29+0000",
          "timeZone" : 3,
          "age" : 26,
          "moonPhase" : "phase4"
        },
        {
          "signDate" : "2019-05-31T04:44+0000",
          "sign" : "taurus",
          "timeZone" : 3,
          "age" : 27,
          "date" : "2019-05-31T00:56+0000",
          "moonPhase" : "phase4",
          "moonPhaseDate" : "2019-05-26T16:33+0000"
        },
        {
          "signDate" : "2019-05-31T04:44+0000",
          "sign" : "taurus",
          "timeZone" : 3,
          "age" : 28,
          "moonPhase" : "phase4",
          "date" : "2019-06-01T01:07+0000",
          "moonPhaseDate" : null
        },
        {
          "signDate" : "2019-06-02T11:51+0000",
          "sign" : "gemini",
          "timeZone" : 3,
          "moonPhase" : "phase4",
          "age" : 29,
          "date" : "2019-06-02T01:20+0000",
          "moonPhaseDate" : null
        },
        {
          "signDate" : "2019-06-02T11:51+0000",
          "sign" : "gemini",
          "timeZone" : 3,
          "moonPhase" : "newMoon",
          "date" : "2019-06-03T01:39+0000",
          "age" : 30,
          "moonPhaseDate" : "2019-06-03T10:02+0000"
        },
        {
          "signDate" : "2019-06-02T11:51+0000",
          "sign" : "gemini",
          "timeZone" : 3,
          "age" : 1,
          "date" : "2019-06-03T10:02+0000",
          "moonPhase" : "newMoon",
          "moonPhaseDate" : "2019-06-03T10:02+0000"
        },
        {
          "signDate" : "2019-06-04T16:18+0000",
          "sign" : "cancer",
          "timeZone" : 3,
          "moonPhase" : "phase1",
          "date" : "2019-06-04T02:08+0000",
          "age" : 2,
          "moonPhaseDate" : "2019-06-03T10:02+0000"
        },
        {
          "signDate" : "2019-06-04T16:18+0000",
          "sign" : "cancer",
          "age" : 3,
          "moonPhase" : "phase1",
          "date" : "2019-06-05T02:50+0000",
          "timeZone" : 3,
          "moonPhaseDate" : "2019-06-03T10:02+0000"
        },
        {
          "signDate" : "2019-06-06T19:14+0000",
          "sign" : "leo",
          "timeZone" : 3,
          "moonPhase" : "phase1",
          "date" : "2019-06-06T03:52+0000",
          "age" : 4,
          "moonPhaseDate" : "2019-06-03T10:02+0000"
        },
        {
          "signDate" : "2019-06-06T19:14+0000",
          "sign" : "leo",
          "timeZone" : 3,
          "age" : 5,
          "date" : "2019-06-07T05:11+0000",
          "moonPhase" : "phase1",
          "moonPhaseDate" : "2019-06-03T10:02+0000"
        },
        {
          "signDate" : "2019-06-06T19:14+0000",
          "sign" : "leo",
          "timeZone" : 3,
          "moonPhase" : "phase1",
          "date" : "2019-06-08T06:40+0000",
          "age" : 6,
          "moonPhaseDate" : "2019-06-03T10:02+0000"
        },
        {
          "signDate" : "2019-06-08T21:43+0000",
          "sign" : "virgo",
          "timeZone" : 3,
          "moonPhase" : "phase1",
          "date" : "2019-06-09T08:14+0000",
          "age" : 7,
          "moonPhaseDate" : "2019-06-03T10:02+0000"
        },
        {
          "signDate" : "2019-06-08T21:43+0000",
          "sign" : "virgo",
          "age" : 8,
          "moonPhase" : "phase2",
          "date" : "2019-06-10T09:47+0000",
          "timeZone" : 3,
          "moonPhaseDate" : "2019-06-10T05:59+0000"
        },
        {
          "signDate" : "2019-06-11T00:30+0000",
          "sign" : "libra",
          "timeZone" : 3,
          "age" : 9,
          "date" : "2019-06-11T11:18+0000",
          "moonPhase" : "phase2",
          "moonPhaseDate" : "2019-06-10T05:59+0000"
        },
        {
          "signDate" : "2019-06-11T00:30+0000",
          "sign" : "libra",
          "timeZone" : 3,
          "moonPhase" : "phase2",
          "date" : "2019-06-12T12:48+0000",
          "age" : 10,
          "moonPhaseDate" : "2019-06-10T05:59+0000"
        },
        {
          "signDate" : "2019-06-13T04:03+0000",
          "sign" : "scorpio",
          "timeZone" : 3,
          "age" : 11,
          "moonPhase" : "phase2",
          "date" : "2019-06-13T14:18+0000",
          "moonPhaseDate" : "2019-06-10T05:59+0000"
        },
        {
          "signDate" : "2019-06-13T04:03+0000",
          "sign" : "scorpio",
          "timeZone" : 3,
          "age" : 12,
          "date" : "2019-06-14T15:46+0000",
          "moonPhase" : "phase2",
          "moonPhaseDate" : "2019-06-10T05:59+0000"
        },
        {
          "signDate" : "2019-06-15T09:01+0000",
          "sign" : "sagittarius",
          "timeZone" : 3,
          "moonPhase" : "phase2",
          "date" : "2019-06-15T17:13+0000",
          "age" : 13,
          "moonPhaseDate" : "2019-06-10T05:59+0000"
        },
        {
          "signDate" : "2019-06-15T09:01+0000",
          "sign" : "sagittarius",
          "timeZone" : 3,
          "age" : 14,
          "date" : "2019-06-16T18:34+0000",
          "moonPhase" : "phase2",
          "moonPhaseDate" : "2019-06-10T05:59+0000"
        },
        {
          "signDate" : "2019-06-17T16:11+0000",
          "sign" : "capricorn",
          "timeZone" : 3,
          "moonPhase" : "fullMoon",
          "date" : "2019-06-17T19:46+0000",
          "age" : 15,
          "moonPhaseDate" : "2019-06-17T08:31+0000"
        },
        {
          "signDate" : "2019-06-17T16:11+0000",
          "sign" : "capricorn",
          "timeZone" : 3,
          "age" : 16,
          "date" : "2019-06-18T20:43+0000",
          "moonPhase" : "phase3",
          "moonPhaseDate" : "2019-06-17T08:31+0000"
        },
        {
          "signDate" : "2019-06-20T02:01+0000",
          "sign" : "aquarius",
          "timeZone" : 3,
          "age" : 17,
          "date" : "2019-06-19T21:24+0000",
          "moonPhase" : "phase3",
          "moonPhaseDate" : "2019-06-17T08:31+0000"
        },
        {
          "signDate" : "2019-06-20T02:01+0000",
          "sign" : "aquarius",
          "timeZone" : 3,
          "age" : 18,
          "date" : "2019-06-20T21:53+0000",
          "moonPhase" : "phase3",
          "moonPhaseDate" : "2019-06-17T08:31+0000"
        },
        {
          "signDate" : "2019-06-22T14:01+0000",
          "sign" : "pisces",
          "timeZone" : 3,
          "moonPhase" : "phase3",
          "date" : "2019-06-21T22:13+0000",
          "age" : 19,
          "moonPhaseDate" : "2019-06-17T08:31+0000"
        },
        {
          "signDate" : "2019-06-22T14:01+0000",
          "sign" : "pisces",
          "timeZone" : 3,
          "moonPhase" : "phase3",
          "age" : 20,
          "date" : "2019-06-22T22:27+0000",
          "moonPhaseDate" : "2019-06-17T08:31+0000"
        },
        {
          "signDate" : "2019-06-22T14:01+0000",
          "sign" : "pisces",
          "age" : 21,
          "moonPhase" : "phase3",
          "date" : "2019-06-23T22:38+0000",
          "timeZone" : 3,
          "moonPhaseDate" : "2019-06-17T08:31+0000"
        },
        {
          "signDate" : "2019-06-25T02:34+0000",
          "sign" : "aries",
          "timeZone" : 3,
          "age" : 22,
          "date" : "2019-06-24T22:48+0000",
          "moonPhase" : "phase4",
          "moonPhaseDate" : "2019-06-25T09:46+0000"
        },
        {
          "signDate" : "2019-06-25T02:34+0000",
          "sign" : "aries",
          "timeZone" : 3,
          "moonPhase" : "phase4",
          "date" : "2019-06-25T22:56+0000",
          "age" : 23,
          "moonPhaseDate" : "2019-06-25T09:46+0000"
        },
        {
          "signDate" : "2019-06-27T13:30+0000",
          "sign" : "taurus",
          "timeZone" : 3,
          "moonPhase" : "phase4",
          "date" : "2019-06-26T23:05+0000",
          "age" : 24,
          "moonPhaseDate" : "2019-06-25T09:46+0000"
        },
        {
          "signDate" : "2019-06-27T13:30+0000",
          "sign" : "taurus",
          "timeZone" : 3,
          "age" : 25,
          "date" : "2019-06-27T23:14+0000",
          "moonPhase" : "phase4",
          "moonPhaseDate" : "2019-06-25T09:46+0000"
        },
        {
          "signDate" : "2019-06-27T13:30+0000",
          "sign" : "taurus",
          "timeZone" : 3,
          "moonPhase" : "phase4",
          "date" : "2019-06-28T23:26+0000",
          "age" : 26,
          "moonPhaseDate" : "2019-06-25T09:46+0000"
        },
        {
          "signDate" : "2019-06-29T21:10+0000",
          "sign" : "gemini",
          "timeZone" : 3,
          "age" : 27,
          "date" : "2019-06-29T23:42+0000",
          "moonPhase" : "phase4",
          "moonPhaseDate" : "2019-06-25T09:46+0000"
        },
        {
          "signDate" : "2019-06-29T21:10+0000",
          "sign" : "gemini",
          "timeZone" : 3,
          "moonPhase" : "phase4",
          "date" : "2019-07-01T00:05+0000",
          "age" : 28,
          "moonPhaseDate" : null
        },
        {
          "signDate" : "2019-07-02T01:26+0000",
          "sign" : "cancer",
          "timeZone" : 3,
          "age" : 29,
          "date" : "2019-07-02T00:41+0000",
          "moonPhase" : "newMoon",
          "moonPhaseDate" : "2019-07-02T19:16+0000"
        },
        {
          "signDate" : "2019-07-02T01:26+0000",
          "sign" : "cancer",
          "age" : 1,
          "moonPhase" : "newMoon",
          "date" : "2019-07-02T19:16+0000",
          "timeZone" : 3,
          "moonPhaseDate" : "2019-07-02T19:16+0000"
        },
        {
          "signDate" : "2019-07-02T01:26+0000",
          "sign" : "cancer",
          "timeZone" : 3,
          "age" : 2,
          "moonPhase" : "phase1",
          "date" : "2019-07-03T01:34+0000",
          "moonPhaseDate" : "2019-07-02T19:16+0000"
        },
        {
          "signDate" : "2019-07-04T03:21+0000",
          "sign" : "leo",
          "timeZone" : 3,
          "moonPhase" : "phase1",
          "date" : "2019-07-04T02:48+0000",
          "age" : 3,
          "moonPhaseDate" : "2019-07-02T19:16+0000"
        },
        {
          "signDate" : "2019-07-04T03:21+0000",
          "sign" : "leo",
          "timeZone" : 3,
          "moonPhase" : "phase1",
          "age" : 4,
          "date" : "2019-07-05T04:17+0000",
          "moonPhaseDate" : "2019-07-02T19:16+0000"
        },
        {
          "signDate" : "2019-07-06T04:25+0000",
          "sign" : "virgo",
          "timeZone" : 3,
          "age" : 5,
          "moonPhase" : "phase1",
          "date" : "2019-07-06T05:53+0000",
          "moonPhaseDate" : "2019-07-02T19:16+0000"
        },
        {
          "signDate" : "2019-07-06T04:25+0000",
          "sign" : "virgo",
          "timeZone" : 3,
          "moonPhase" : "phase1",
          "date" : "2019-07-07T07:29+0000",
          "age" : 6,
          "moonPhaseDate" : "2019-07-02T19:16+0000"
        },
        {
          "signDate" : "2019-07-08T06:07+0000",
          "sign" : "libra",
          "age" : 7,
          "moonPhase" : "phase1",
          "date" : "2019-07-08T09:02+0000",
          "timeZone" : 3,
          "moonPhaseDate" : "2019-07-02T19:16+0000"
        },
        {
          "signDate" : "2019-07-08T06:07+0000",
          "sign" : "libra",
          "timeZone" : 3,
          "moonPhase" : "phase2",
          "date" : "2019-07-09T10:34+0000",
          "age" : 8,
          "moonPhaseDate" : "2019-07-09T10:55+0000"
        },
        {
          "signDate" : "2019-07-10T09:28+0000",
          "sign" : "scorpio",
          "timeZone" : 3,
          "age" : 9,
          "date" : "2019-07-10T12:03+0000",
          "moonPhase" : "phase2",
          "moonPhaseDate" : "2019-07-09T10:55+0000"
        },
        {
          "signDate" : "2019-07-10T09:28+0000",
          "sign" : "scorpio",
          "timeZone" : 3,
          "age" : 10,
          "date" : "2019-07-11T13:31+0000",
          "moonPhase" : "phase2",
          "moonPhaseDate" : "2019-07-09T10:55+0000"
        },
        {
          "signDate" : "2019-07-12T15:04+0000",
          "sign" : "sagittarius",
          "timeZone" : 3,
          "age" : 11,
          "date" : "2019-07-12T14:57+0000",
          "moonPhase" : "phase2",
          "moonPhaseDate" : "2019-07-09T10:55+0000"
        },
        {
          "signDate" : "2019-07-12T15:04+0000",
          "sign" : "sagittarius",
          "timeZone" : 3,
          "age" : 12,
          "moonPhase" : "phase2",
          "date" : "2019-07-13T16:20+0000",
          "moonPhaseDate" : "2019-07-09T10:55+0000"
        },
        {
          "signDate" : "2019-07-12T15:04+0000",
          "sign" : "sagittarius",
          "timeZone" : 3,
          "moonPhase" : "phase2",
          "date" : "2019-07-14T17:34+0000",
          "age" : 13,
          "moonPhaseDate" : "2019-07-09T10:55+0000"
        },
        {
          "signDate" : "2019-07-14T23:03+0000",
          "sign" : "capricorn",
          "timeZone" : 3,
          "moonPhase" : "phase2",
          "date" : "2019-07-15T18:36+0000",
          "age" : 14,
          "moonPhaseDate" : "2019-07-09T10:55+0000"
        },
        {
          "signDate" : "2019-07-14T23:03+0000",
          "sign" : "capricorn",
          "age" : 15,
          "moonPhase" : "phase2",
          "date" : "2019-07-16T19:23+0000",
          "timeZone" : 3,
          "moonPhaseDate" : "2019-07-09T10:55+0000"
        },
        {
          "signDate" : "2019-07-17T09:18+0000",
          "sign" : "aquarius",
          "timeZone" : 3,
          "age" : 16,
          "date" : "2019-07-17T19:55+0000",
          "moonPhase" : "fullMoon",
          "moonPhaseDate" : "2019-07-16T21:38+0000"
        },
        {
          "signDate" : "2019-07-17T09:18+0000",
          "sign" : "aquarius",
          "timeZone" : 3,
          "age" : 17,
          "date" : "2019-07-18T20:18+0000",
          "moonPhase" : "phase3",
          "moonPhaseDate" : "2019-07-16T21:38+0000"
        },
        {
          "signDate" : "2019-07-17T09:18+0000",
          "sign" : "aquarius",
          "timeZone" : 3,
          "moonPhase" : "phase3",
          "date" : "2019-07-19T20:34+0000",
          "age" : 18,
          "moonPhaseDate" : "2019-07-16T21:38+0000"
        },
        {
          "signDate" : "2019-07-19T21:19+0000",
          "sign" : "pisces",
          "timeZone" : 3,
          "moonPhase" : "phase3",
          "date" : "2019-07-20T20:47+0000",
          "age" : 19,
          "moonPhaseDate" : "2019-07-16T21:38+0000"
        },
        {
          "signDate" : "2019-07-19T21:19+0000",
          "sign" : "pisces",
          "timeZone" : 3,
          "moonPhase" : "phase3",
          "date" : "2019-07-21T20:56+0000",
          "age" : 20,
          "moonPhaseDate" : "2019-07-16T21:38+0000"
        },
        {
          "signDate" : "2019-07-19T21:19+0000",
          "sign" : "aries",
          "timeZone" : 3,
          "moonPhase" : "phase3",
          "date" : "2019-07-22T21:05+0000",
          "age" : 21,
          "moonPhaseDate" : "2019-07-16T21:38+0000"
        },
        {
          "signDate" : "2019-07-19T21:19+0000",
          "sign" : "aries",
          "timeZone" : 3,
          "age" : 22,
          "date" : "2019-07-23T21:13+0000",
          "moonPhase" : "phase3",
          "moonPhaseDate" : "2019-07-16T21:38+0000"
        },
        {
          "signDate" : "2019-07-24T21:40+0000",
          "sign" : "taurus",
          "timeZone" : 3,
          "moonPhase" : "phase4",
          "date" : "2019-07-24T21:22+0000",
          "age" : 23,
          "moonPhaseDate" : "2019-07-25T01:18+0000"
        },
        {
          "signDate" : "2019-07-24T21:40+0000",
          "sign" : "taurus",
          "timeZone" : 3,
          "moonPhase" : "phase4",
          "date" : "2019-07-25T21:33+0000",
          "age" : 24,
          "moonPhaseDate" : "2019-07-25T01:18+0000"
        },
        {
          "signDate" : "2019-07-27T06:28+0000",
          "sign" : "gemini",
          "timeZone" : 3,
          "moonPhase" : "phase4",
          "date" : "2019-07-26T21:46+0000",
          "age" : 25,
          "moonPhaseDate" : "2019-07-25T01:18+0000"
        },
        {
          "signDate" : "2019-07-27T06:28+0000",
          "sign" : "gemini",
          "timeZone" : 3,
          "moonPhase" : "phase4",
          "date" : "2019-07-27T22:05+0000",
          "age" : 26,
          "moonPhaseDate" : "2019-07-25T01:18+0000"
        },
        {
          "signDate" : "2019-07-29T11:30+0000",
          "sign" : "cancer",
          "timeZone" : 3,
          "moonPhase" : "phase4",
          "date" : "2019-07-28T22:33+0000",
          "age" : 27,
          "moonPhaseDate" : "2019-07-25T01:18+0000"
        },
        {
          "signDate" : "2019-07-29T11:30+0000",
          "sign" : "cancer",
          "age" : 28,
          "moonPhase" : "phase4",
          "date" : "2019-07-29T23:17+0000",
          "timeZone" : 3,
          "moonPhaseDate" : "2019-07-25T01:18+0000"
        },
        {
          "signDate" : "2019-07-31T13:18+0000",
          "sign" : "leo",
          "timeZone" : 3,
          "age" : 29,
          "date" : "2019-07-31T00:21+0000",
          "moonPhase" : "phase4",
          "moonPhaseDate" : "2019-07-25T01:18+0000"
        },
        {
          "signDate" : "2019-07-31T13:18+0000",
          "sign" : "leo",
          "timeZone" : 3,
          "age" : 30,
          "date" : "2019-08-01T01:45+0000",
          "moonPhase" : "newMoon",
          "moonPhaseDate" : "2019-08-01T03:12+0000"
        },
        {
          "signDate" : "2019-07-31T13:18+0000",
          "sign" : "leo",
          "timeZone" : 3,
          "age" : 1,
          "date" : "2019-08-01T03:12+0000",
          "moonPhase" : "newMoon",
          "moonPhaseDate" : "2019-08-01T03:12+0000"
        },
        {
          "signDate" : "2019-08-02T13:23+0000",
          "sign" : "virgo",
          "age" : 2,
          "moonPhase" : "phase1",
          "date" : "2019-08-02T03:21+0000",
          "timeZone" : 3,
          "moonPhaseDate" : "2019-08-01T03:12+0000"
        },
        {
          "signDate" : "2019-08-02T13:23+0000",
          "sign" : "virgo",
          "age" : 3,
          "moonPhase" : "phase1",
          "date" : "2019-08-03T05:01+0000",
          "timeZone" : 3,
          "moonPhaseDate" : "2019-08-01T03:12+0000"
        },
        {
          "signDate" : "2019-08-04T13:32+0000",
          "sign" : "libra",
          "timeZone" : 3,
          "age" : 4,
          "date" : "2019-08-04T06:39+0000",
          "moonPhase" : "phase1",
          "moonPhaseDate" : "2019-08-01T03:12+0000"
        },
        {
          "signDate" : "2019-08-04T13:32+0000",
          "sign" : "libra",
          "timeZone" : 3,
          "age" : 5,
          "date" : "2019-08-05T08:14+0000",
          "moonPhase" : "phase1",
          "moonPhaseDate" : "2019-08-01T03:12+0000"
        },
        {
          "signDate" : "2019-08-06T15:31+0000",
          "sign" : "scorpio",
          "timeZone" : 3,
          "age" : 6,
          "date" : "2019-08-06T09:46+0000",
          "moonPhase" : "phase1",
          "moonPhaseDate" : "2019-08-01T03:12+0000"
        },
        {
          "signDate" : "2019-08-06T15:31+0000",
          "sign" : "scorpio",
          "timeZone" : 3,
          "age" : 7,
          "date" : "2019-08-07T11:17+0000",
          "moonPhase" : "phase2",
          "moonPhaseDate" : "2019-08-07T17:31+0000"
        },
        {
          "signDate" : "2019-08-08T20:32+0000",
          "sign" : "sagittarius",
          "timeZone" : 3,
          "moonPhase" : "phase2",
          "date" : "2019-08-08T12:45+0000",
          "age" : 8,
          "moonPhaseDate" : "2019-08-07T17:31+0000"
        },
        {
          "signDate" : "2019-08-08T20:32+0000",
          "sign" : "sagittarius",
          "timeZone" : 3,
          "age" : 9,
          "date" : "2019-08-09T14:09+0000",
          "moonPhase" : "phase2",
          "moonPhaseDate" : "2019-08-07T17:31+0000"
        },
        {
          "signDate" : "2019-08-08T20:32+0000",
          "sign" : "sagittarius",
          "timeZone" : 3,
          "age" : 10,
          "date" : "2019-08-10T15:25+0000",
          "moonPhase" : "phase2",
          "moonPhaseDate" : "2019-08-07T17:31+0000"
        },
        {
          "signDate" : "2019-08-11T04:48+0000",
          "sign" : "capricorn",
          "timeZone" : 3,
          "age" : 11,
          "date" : "2019-08-11T16:31+0000",
          "moonPhase" : "phase2",
          "moonPhaseDate" : "2019-08-07T17:31+0000"
        },
        {
          "signDate" : "2019-08-11T04:48+0000",
          "sign" : "capricorn",
          "timeZone" : 3,
          "age" : 12,
          "date" : "2019-08-12T17:22+0000",
          "moonPhase" : "phase2",
          "moonPhaseDate" : "2019-08-07T17:31+0000"
        },
        {
          "signDate" : "2019-08-13T15:36+0000",
          "sign" : "aquarius",
          "timeZone" : 3,
          "moonPhase" : "phase2",
          "date" : "2019-08-13T17:58+0000",
          "age" : 13,
          "moonPhaseDate" : "2019-08-07T17:31+0000"
        },
        {
          "signDate" : "2019-08-13T15:36+0000",
          "sign" : "aquarius",
          "timeZone" : 3,
          "moonPhase" : "phase2",
          "date" : "2019-08-14T18:24+0000",
          "age" : 14,
          "moonPhaseDate" : "2019-08-07T17:31+0000"
        },
        {
          "signDate" : "2019-08-13T15:36+0000",
          "sign" : "aquarius",
          "timeZone" : 3,
          "moonPhase" : "fullMoon",
          "date" : "2019-08-15T18:42+0000",
          "age" : 15,
          "moonPhaseDate" : "2019-08-15T12:29+0000"
        },
        {
          "signDate" : "2019-08-16T03:50+0000",
          "sign" : "pisces",
          "timeZone" : 3,
          "age" : 16,
          "date" : "2019-08-16T18:55+0000",
          "moonPhase" : "phase3",
          "moonPhaseDate" : "2019-08-15T12:29+0000"
        },
        {
          "signDate" : "2019-08-16T03:50+0000",
          "sign" : "pisces",
          "age" : 17,
          "moonPhase" : "phase3",
          "date" : "2019-08-17T19:05+0000",
          "timeZone" : 3,
          "moonPhaseDate" : "2019-08-15T12:29+0000"
        },
        {
          "signDate" : "2019-08-18T16:32+0000",
          "sign" : "aries",
          "timeZone" : 3,
          "age" : 18,
          "date" : "2019-08-18T19:14+0000",
          "moonPhase" : "phase3",
          "moonPhaseDate" : "2019-08-15T12:29+0000"
        },
        {
          "signDate" : "2019-08-18T16:32+0000",
          "sign" : "aries",
          "timeZone" : 3,
          "moonPhase" : "phase3",
          "date" : "2019-08-19T19:22+0000",
          "age" : 19,
          "moonPhaseDate" : "2019-08-15T12:29+0000"
        },
        {
          "signDate" : "2019-08-18T16:32+0000",
          "sign" : "aries",
          "timeZone" : 3,
          "age" : 20,
          "date" : "2019-08-20T19:31+0000",
          "moonPhase" : "phase3",
          "moonPhaseDate" : "2019-08-15T12:29+0000"
        },
        {
          "signDate" : "2019-08-21T04:36+0000",
          "sign" : "taurus",
          "timeZone" : 3,
          "age" : 21,
          "date" : "2019-08-21T19:40+0000",
          "moonPhase" : "phase3",
          "moonPhaseDate" : "2019-08-15T12:29+0000"
        },
        {
          "signDate" : "2019-08-21T04:36+0000",
          "sign" : "taurus",
          "timeZone" : 3,
          "moonPhase" : "phase3",
          "age" : 22,
          "date" : "2019-08-22T19:52+0000",
          "moonPhaseDate" : "2019-08-15T12:29+0000"
        },
        {
          "signDate" : "2019-08-23T14:34+0000",
          "sign" : "gemini",
          "timeZone" : 3,
          "age" : 23,
          "date" : "2019-08-23T20:07+0000",
          "moonPhase" : "phase4",
          "moonPhaseDate" : "2019-08-23T14:56+0000"
        },
        {
          "signDate" : "2019-08-23T14:34+0000",
          "sign" : "gemini",
          "timeZone" : 3,
          "age" : 24,
          "moonPhase" : "phase4",
          "date" : "2019-08-24T20:30+0000",
          "moonPhaseDate" : "2019-08-23T14:56+0000"
        },
        {
          "signDate" : "2019-08-25T21:05+0000",
          "sign" : "cancer",
          "age" : 25,
          "moonPhase" : "phase4",
          "date" : "2019-08-25T21:04+0000",
          "timeZone" : 3,
          "moonPhaseDate" : "2019-08-23T14:56+0000"
        },
        {
          "signDate" : "2019-08-25T21:05+0000",
          "sign" : "cancer",
          "timeZone" : 3,
          "age" : 26,
          "date" : "2019-08-26T21:57+0000",
          "moonPhase" : "phase4",
          "moonPhaseDate" : "2019-08-23T14:56+0000"
        },
        {
          "signDate" : "2019-08-27T23:51+0000",
          "sign" : "leo",
          "timeZone" : 3,
          "age" : 27,
          "date" : "2019-08-27T23:11+0000",
          "moonPhase" : "phase4",
          "moonPhaseDate" : "2019-08-23T14:56+0000"
        },
        {
          "signDate" : "2019-08-27T23:51+0000",
          "sign" : "leo",
          "timeZone" : 3,
          "moonPhase" : "phase4",
          "date" : "2019-08-29T00:42+0000",
          "age" : 28,
          "moonPhaseDate" : "2019-08-23T14:56+0000"
        },
        {
          "signDate" : "2019-08-29T23:57+0000",
          "sign" : "virgo",
          "timeZone" : 3,
          "moonPhase" : "newMoon",
          "date" : "2019-08-30T02:20+0000",
          "age" : 29,
          "moonPhaseDate" : "2019-08-30T10:37+0000"
        },
        {
          "signDate" : "2019-08-29T23:57+0000",
          "sign" : "virgo",
          "age" : 1,
          "moonPhase" : "newMoon",
          "date" : "2019-08-30T10:37+0000",
          "timeZone" : 3,
          "moonPhaseDate" : "2019-08-30T10:37+0000"
        },
        {
          "signDate" : "2019-08-29T23:57+0000",
          "sign" : "virgo",
          "timeZone" : 3,
          "moonPhase" : "phase1",
          "date" : "2019-08-31T04:02+0000",
          "age" : 2,
          "moonPhaseDate" : "2019-08-30T10:37+0000"
        },
        {
          "signDate" : "2019-08-31T23:12+0000",
          "sign" : "libra",
          "timeZone" : 3,
          "moonPhase" : "phase1",
          "date" : "2019-09-01T05:42+0000",
          "age" : 3,
          "moonPhaseDate" : null
        },
        {
          "signDate" : "2019-08-31T23:12+0000",
          "sign" : "libra",
          "timeZone" : 3,
          "age" : 4,
          "date" : "2019-09-02T07:19+0000",
          "moonPhase" : "phase1",
          "moonPhaseDate" : null
        },
        {
          "signDate" : "2019-09-02T23:38+0000",
          "sign" : "scorpio",
          "timeZone" : 3,
          "moonPhase" : "phase1",
          "age" : 5,
          "date" : "2019-09-03T08:54+0000",
          "moonPhaseDate" : null
        },
        {
          "signDate" : "2019-09-02T23:38+0000",
          "sign" : "scorpio",
          "timeZone" : 3,
          "moonPhase" : "phase1",
          "date" : "2019-09-04T10:26+0000",
          "age" : 6,
          "moonPhaseDate" : null
        },
        {
          "signDate" : "2019-09-05T03:06+0000",
          "sign" : "sagittarius",
          "timeZone" : 3,
          "moonPhase" : "phase1",
          "date" : "2019-09-05T11:55+0000",
          "age" : 7,
          "moonPhaseDate" : null
        },
        {
          "signDate" : "2019-09-05T03:06+0000",
          "sign" : "sagittarius",
          "timeZone" : 3,
          "moonPhase" : "phase2",
          "date" : "2019-09-06T13:16+0000",
          "age" : 8,
          "moonPhaseDate" : "2019-09-06T03:10+0000"
        },
        {
          "signDate" : "2019-09-07T10:35+0000",
          "sign" : "capricorn",
          "age" : 9,
          "moonPhase" : "phase2",
          "date" : "2019-09-07T14:26+0000",
          "timeZone" : 3,
          "moonPhaseDate" : "2019-09-06T03:10+0000"
        },
        {
          "signDate" : "2019-09-07T10:35+0000",
          "sign" : "capricorn",
          "age" : 10,
          "moonPhase" : "phase2",
          "date" : "2019-09-08T15:22+0000",
          "timeZone" : 3,
          "moonPhaseDate" : "2019-09-06T03:10+0000"
        },
        {
          "signDate" : "2019-09-07T10:35+0000",
          "sign" : "capricorn",
          "timeZone" : 3,
          "age" : 11,
          "date" : "2019-09-09T16:02+0000",
          "moonPhase" : "phase2",
          "moonPhaseDate" : "2019-09-06T03:10+0000"
        },
        {
          "signDate" : "2019-09-09T21:25+0000",
          "sign" : "aquarius",
          "timeZone" : 3,
          "age" : 12,
          "moonPhase" : "phase2",
          "date" : "2019-09-10T16:30+0000",
          "moonPhaseDate" : "2019-09-06T03:10+0000"
        },
        {
          "signDate" : "2019-09-09T21:25+0000",
          "sign" : "aquarius",
          "timeZone" : 3,
          "age" : 13,
          "date" : "2019-09-11T16:49+0000",
          "moonPhase" : "phase2",
          "moonPhaseDate" : "2019-09-06T03:10+0000"
        },
        {
          "signDate" : "2019-09-12T09:53+0000",
          "sign" : "pisces",
          "timeZone" : 3,
          "age" : 14,
          "date" : "2019-09-12T17:03+0000",
          "moonPhase" : "phase2",
          "moonPhaseDate" : "2019-09-06T03:10+0000"
        },
        {
          "signDate" : "2019-09-12T09:53+0000",
          "sign" : "pisces",
          "timeZone" : 3,
          "age" : 15,
          "date" : "2019-09-13T17:14+0000",
          "moonPhase" : "phase2",
          "moonPhaseDate" : "2019-09-06T03:10+0000"
        },
        {
          "signDate" : "2019-09-12T09:53+0000",
          "sign" : "pisces",
          "timeZone" : 3,
          "age" : 16,
          "date" : "2019-09-14T17:23+0000",
          "moonPhase" : "fullMoon",
          "moonPhaseDate" : "2019-09-14T04:33+0000"
        },
        {
          "signDate" : "2019-09-14T22:32+0000",
          "sign" : "aries",
          "age" : 17,
          "moonPhase" : "phase3",
          "date" : "2019-09-15T17:31+0000",
          "timeZone" : 3,
          "moonPhaseDate" : "2019-09-14T04:33+0000"
        },
        {
          "signDate" : "2019-09-14T22:32+0000",
          "sign" : "aries",
          "age" : 18,
          "moonPhase" : "phase3",
          "date" : "2019-09-16T17:39+0000",
          "timeZone" : 3,
          "moonPhaseDate" : "2019-09-14T04:33+0000"
        },
        {
          "signDate" : "2019-09-17T10:30+0000",
          "sign" : "taurus",
          "timeZone" : 3,
          "age" : 19,
          "date" : "2019-09-17T17:48+0000",
          "moonPhase" : "phase3",
          "moonPhaseDate" : "2019-09-14T04:33+0000"
        },
        {
          "signDate" : "2019-09-17T10:30+0000",
          "sign" : "taurus",
          "timeZone" : 3,
          "age" : 20,
          "date" : "2019-09-18T17:58+0000",
          "moonPhase" : "phase3",
          "moonPhaseDate" : "2019-09-14T04:33+0000"
        },
        {
          "signDate" : "2019-09-19T20:58+0000",
          "sign" : "gemini",
          "timeZone" : 3,
          "moonPhase" : "phase3",
          "date" : "2019-09-19T18:12+0000",
          "age" : 21,
          "moonPhaseDate" : "2019-09-14T04:33+0000"
        },
        {
          "signDate" : "2019-09-19T20:58+0000",
          "sign" : "gemini",
          "timeZone" : 3,
          "age" : 22,
          "date" : "2019-09-20T18:31+0000",
          "moonPhase" : "phase3",
          "moonPhaseDate" : "2019-09-14T04:33+0000"
        },
        {
          "signDate" : "2019-09-19T20:58+0000",
          "sign" : "gemini",
          "timeZone" : 3,
          "age" : 23,
          "date" : "2019-09-21T18:59+0000",
          "moonPhase" : "phase3",
          "moonPhaseDate" : "2019-09-14T04:33+0000"
        },
        {
          "signDate" : "2019-09-22T04:52+0000",
          "sign" : "cancer",
          "timeZone" : 3,
          "moonPhase" : "phase4",
          "date" : "2019-09-22T19:42+0000",
          "age" : 24,
          "moonPhaseDate" : "2019-09-22T02:41+0000"
        },
        {
          "signDate" : "2019-09-22T04:52+0000",
          "sign" : "cancer",
          "timeZone" : 3,
          "age" : 25,
          "date" : "2019-09-23T20:45+0000",
          "moonPhase" : "phase4",
          "moonPhaseDate" : "2019-09-22T02:41+0000"
        },
        {
          "signDate" : "2019-09-22T04:52+0000",
          "sign" : "leo",
          "timeZone" : 3,
          "moonPhase" : "phase4",
          "date" : "2019-09-24T22:07+0000",
          "age" : 26,
          "moonPhaseDate" : "2019-09-22T02:41+0000"
        },
        {
          "signDate" : "2019-09-26T10:35+0000",
          "sign" : "virgo",
          "timeZone" : 3,
          "age" : 27,
          "date" : "2019-09-25T23:41+0000",
          "moonPhase" : "phase4",
          "moonPhaseDate" : "2019-09-22T02:41+0000"
        },
        {
          "signDate" : "2019-09-26T10:35+0000",
          "sign" : "virgo",
          "timeZone" : 3,
          "age" : 28,
          "date" : "2019-09-27T01:20+0000",
          "moonPhase" : "phase4",
          "moonPhaseDate" : "2019-09-22T02:41+0000"
        },
        {
          "signDate" : "2019-09-28T10:04+0000",
          "sign" : "libra",
          "timeZone" : 3,
          "age" : 29,
          "date" : "2019-09-28T03:01+0000",
          "moonPhase" : "newMoon",
          "moonPhaseDate" : "2019-09-28T18:26+0000"
        },
        {
          "signDate" : "2019-09-28T10:04+0000",
          "sign" : "libra",
          "age" : 1,
          "moonPhase" : "newMoon",
          "date" : "2019-09-28T18:26+0000",
          "timeZone" : 3,
          "moonPhaseDate" : "2019-09-28T18:26+0000"
        },
        {
          "signDate" : "2019-09-28T10:04+0000",
          "sign" : "libra",
          "timeZone" : 3,
          "age" : 2,
          "moonPhase" : "phase1",
          "date" : "2019-09-29T04:41+0000",
          "moonPhaseDate" : "2019-09-28T18:26+0000"
        },
        {
          "signDate" : "2019-09-30T09:45+0000",
          "sign" : "scorpio",
          "timeZone" : 3,
          "age" : 3,
          "date" : "2019-09-30T06:20+0000",
          "moonPhase" : "phase1",
          "moonPhaseDate" : "2019-09-28T18:26+0000"
        },
        {
          "signDate" : "2019-09-30T09:45+0000",
          "sign" : "scorpio",
          "timeZone" : 3,
          "age" : 4,
          "date" : "2019-10-01T07:57+0000",
          "moonPhase" : "phase1",
          "moonPhaseDate" : null
        },
        {
          "signDate" : "2019-10-02T11:45+0000",
          "sign" : "sagittarius",
          "timeZone" : 3,
          "moonPhase" : "phase1",
          "date" : "2019-10-02T09:31+0000",
          "age" : 5,
          "moonPhaseDate" : null
        },
        {
          "signDate" : "2019-10-02T11:45+0000",
          "sign" : "sagittarius",
          "timeZone" : 3,
          "age" : 6,
          "date" : "2019-10-03T10:59+0000",
          "moonPhase" : "phase1",
          "moonPhaseDate" : null
        },
        {
          "signDate" : "2019-10-04T17:41+0000",
          "sign" : "capricorn",
          "timeZone" : 3,
          "age" : 7,
          "date" : "2019-10-04T12:17+0000",
          "moonPhase" : "phase1",
          "moonPhaseDate" : null
        },
        {
          "signDate" : "2019-10-04T17:41+0000",
          "sign" : "capricorn",
          "timeZone" : 3,
          "moonPhase" : "phase2",
          "date" : "2019-10-05T13:20+0000",
          "age" : 8,
          "moonPhaseDate" : "2019-10-05T16:47+0000"
        },
        {
          "signDate" : "2019-10-04T17:41+0000",
          "sign" : "capricorn",
          "timeZone" : 3,
          "moonPhase" : "phase2",
          "date" : "2019-10-06T14:05+0000",
          "age" : 9,
          "moonPhaseDate" : "2019-10-05T16:47+0000"
        },
        {
          "signDate" : "2019-10-07T03:43+0000",
          "sign" : "aquarius",
          "timeZone" : 3,
          "age" : 10,
          "moonPhase" : "phase2",
          "date" : "2019-10-07T14:37+0000",
          "moonPhaseDate" : "2019-10-05T16:47+0000"
        },
        {
          "signDate" : "2019-10-07T03:43+0000",
          "sign" : "aquarius",
          "age" : 11,
          "moonPhase" : "phase2",
          "date" : "2019-10-08T14:58+0000",
          "timeZone" : 3,
          "moonPhaseDate" : "2019-10-05T16:47+0000"
        },
        {
          "signDate" : "2019-10-09T16:08+0000",
          "sign" : "pisces",
          "timeZone" : 3,
          "age" : 12,
          "date" : "2019-10-09T15:13+0000",
          "moonPhase" : "phase2",
          "moonPhaseDate" : "2019-10-05T16:47+0000"
        },
        {
          "signDate" : "2019-10-09T16:08+0000",
          "sign" : "pisces",
          "age" : 13,
          "moonPhase" : "phase2",
          "date" : "2019-10-10T15:24+0000",
          "timeZone" : 3,
          "moonPhaseDate" : "2019-10-05T16:47+0000"
        },
        {
          "signDate" : "2019-10-09T16:08+0000",
          "sign" : "pisces",
          "timeZone" : 3,
          "age" : 14,
          "date" : "2019-10-11T15:33+0000",
          "moonPhase" : "phase2",
          "moonPhaseDate" : "2019-10-05T16:47+0000"
        },
        {
          "signDate" : "2019-10-12T04:46+0000",
          "sign" : "aries",
          "timeZone" : 3,
          "age" : 15,
          "date" : "2019-10-12T15:41+0000",
          "moonPhase" : "phase2",
          "moonPhaseDate" : "2019-10-05T16:47+0000"
        },
        {
          "signDate" : "2019-10-12T04:46+0000",
          "sign" : "aries",
          "timeZone" : 3,
          "age" : 16,
          "date" : "2019-10-13T15:49+0000",
          "moonPhase" : "phase2",
          "moonPhaseDate" : "2019-10-05T16:47+0000"
        },
        {
          "signDate" : "2019-10-14T16:23+0000",
          "sign" : "taurus",
          "timeZone" : 3,
          "age" : 17,
          "date" : "2019-10-14T15:57+0000",
          "moonPhase" : "fullMoon",
          "moonPhaseDate" : "2019-10-13T21:08+0000"
        },
        {
          "signDate" : "2019-10-14T16:23+0000",
          "sign" : "taurus",
          "timeZone" : 3,
          "moonPhase" : "phase3",
          "date" : "2019-10-15T16:06+0000",
          "age" : 18,
          "moonPhaseDate" : "2019-10-13T21:08+0000"
        },
        {
          "signDate" : "2019-10-14T16:23+0000",
          "sign" : "taurus",
          "age" : 19,
          "moonPhase" : "phase3",
          "date" : "2019-10-16T16:18+0000",
          "timeZone" : 3,
          "moonPhaseDate" : "2019-10-13T21:08+0000"
        },
        {
          "signDate" : "2019-10-17T02:29+0000",
          "sign" : "gemini",
          "timeZone" : 3,
          "age" : 20,
          "date" : "2019-10-17T16:34+0000",
          "moonPhase" : "phase3",
          "moonPhaseDate" : "2019-10-13T21:08+0000"
        },
        {
          "signDate" : "2019-10-17T02:29+0000",
          "sign" : "gemini",
          "timeZone" : 3,
          "age" : 21,
          "date" : "2019-10-18T16:59+0000",
          "moonPhase" : "phase3",
          "moonPhaseDate" : "2019-10-13T21:08+0000"
        },
        {
          "signDate" : "2019-10-19T10:42+0000",
          "sign" : "cancer",
          "timeZone" : 3,
          "moonPhase" : "phase3",
          "date" : "2019-10-19T17:36+0000",
          "age" : 22,
          "moonPhaseDate" : "2019-10-13T21:08+0000"
        },
        {
          "signDate" : "2019-10-19T10:42+0000",
          "sign" : "cancer",
          "timeZone" : 3,
          "age" : 23,
          "moonPhase" : "phase3",
          "date" : "2019-10-20T18:30+0000",
          "moonPhaseDate" : "2019-10-13T21:08+0000"
        },
        {
          "signDate" : "2019-10-21T16:30+0000",
          "sign" : "leo",
          "timeZone" : 3,
          "moonPhase" : "phase4",
          "date" : "2019-10-21T19:43+0000",
          "age" : 24,
          "moonPhaseDate" : "2019-10-21T12:39+0000"
        },
        {
          "signDate" : "2019-10-23T19:30+0000",
          "sign" : "virgo",
          "timeZone" : 3,
          "age" : 25,
          "date" : "2019-10-22T21:11+0000",
          "moonPhase" : "phase4",
          "moonPhaseDate" : "2019-10-21T12:39+0000"
        },
        {
          "signDate" : "2019-10-23T19:30+0000",
          "sign" : "virgo",
          "timeZone" : 3,
          "age" : 26,
          "moonPhase" : "phase4",
          "date" : "2019-10-23T22:46+0000",
          "moonPhaseDate" : "2019-10-21T12:39+0000"
        },
        {
          "signDate" : "2019-10-25T20:20+0000",
          "sign" : "libra",
          "timeZone" : 3,
          "age" : 27,
          "date" : "2019-10-25T00:24+0000",
          "moonPhase" : "phase4",
          "moonPhaseDate" : "2019-10-21T12:39+0000"
        },
        {
          "signDate" : "2019-10-25T20:20+0000",
          "sign" : "libra",
          "timeZone" : 3,
          "moonPhase" : "phase4",
          "date" : "2019-10-26T02:02+0000",
          "age" : 28,
          "moonPhaseDate" : "2019-10-21T12:39+0000"
        },
        {
          "signDate" : "2019-10-27T19:31+0000",
          "sign" : "scorpio",
          "timeZone" : 3,
          "age" : 29,
          "moonPhase" : "phase4",
          "date" : "2019-10-27T02:40+0000",
          "moonPhaseDate" : "2019-10-21T12:39+0000"
        },
        {
          "signDate" : "2019-10-27T19:31+0000",
          "sign" : "scorpio",
          "age" : 1,
          "moonPhase" : "newMoon",
          "date" : "2019-10-28T02:38+0000",
          "timeZone" : 3,
          "moonPhaseDate" : "2019-10-28T02:38+0000"
        },
        {
          "signDate" : "2019-10-27T19:31+0000",
          "sign" : "scorpio",
          "timeZone" : 3,
          "moonPhase" : "newMoon",
          "date" : "2019-10-28T04:18+0000",
          "age" : 2,
          "moonPhaseDate" : "2019-10-28T02:38+0000"
        },
        {
          "signDate" : "2019-10-28T21:00+0000",
          "sign" : "sagittarius",
          "age" : 3,
          "moonPhase" : "phase1",
          "date" : "2019-10-29T05:56+0000",
          "timeZone" : 3,
          "moonPhaseDate" : "2019-10-28T02:38+0000"
        },
        {
          "signDate" : "2019-10-28T21:00+0000",
          "sign" : "sagittarius",
          "timeZone" : 3,
          "age" : 4,
          "date" : "2019-10-30T07:30+0000",
          "moonPhase" : "phase1",
          "moonPhaseDate" : "2019-10-28T02:38+0000"
        },
        {
          "signDate" : "2019-10-28T21:00+0000",
          "sign" : "sagittarius",
          "timeZone" : 3,
          "age" : 5,
          "date" : "2019-10-31T08:57+0000",
          "moonPhase" : "phase1",
          "moonPhaseDate" : "2019-10-28T02:38+0000"
        },
        {
          "signDate" : "2019-11-01T01:38+0000",
          "sign" : "capricorn",
          "timeZone" : 3,
          "age" : 6,
          "date" : "2019-11-01T10:10+0000",
          "moonPhase" : "phase1",
          "moonPhaseDate" : null
        },
        {
          "signDate" : "2019-11-01T01:38+0000",
          "sign" : "capricorn",
          "timeZone" : 3,
          "moonPhase" : "phase1",
          "date" : "2019-11-02T11:04+0000",
          "age" : 7,
          "moonPhaseDate" : null
        },
        {
          "signDate" : "2019-11-03T10:21+0000",
          "sign" : "aquarius",
          "timeZone" : 3,
          "age" : 8,
          "date" : "2019-11-03T11:41+0000",
          "moonPhase" : "phase1",
          "moonPhaseDate" : null
        },
        {
          "signDate" : "2019-11-03T10:21+0000",
          "sign" : "aquarius",
          "timeZone" : 3,
          "moonPhase" : "phase2",
          "date" : "2019-11-04T12:06+0000",
          "age" : 9,
          "moonPhaseDate" : "2019-11-04T09:23+0000"
        },
        {
          "signDate" : "2019-11-03T10:21+0000",
          "sign" : "aquarius",
          "timeZone" : 3,
          "age" : 10,
          "date" : "2019-11-05T12:23+0000",
          "moonPhase" : "phase2",
          "moonPhaseDate" : "2019-11-04T09:23+0000"
        },
        {
          "signDate" : "2019-11-05T22:11+0000",
          "sign" : "pisces",
          "timeZone" : 3,
          "moonPhase" : "phase2",
          "age" : 11,
          "date" : "2019-11-06T12:35+0000",
          "moonPhaseDate" : "2019-11-04T09:23+0000"
        },
        {
          "signDate" : "2019-11-05T22:11+0000",
          "sign" : "pisces",
          "timeZone" : 3,
          "moonPhase" : "phase2",
          "date" : "2019-11-07T12:44+0000",
          "age" : 12,
          "moonPhaseDate" : "2019-11-04T09:23+0000"
        },
        {
          "signDate" : "2019-11-08T10:50+0000",
          "sign" : "aries",
          "timeZone" : 3,
          "age" : 13,
          "date" : "2019-11-08T12:52+0000",
          "moonPhase" : "phase2",
          "moonPhaseDate" : "2019-11-04T09:23+0000"
        },
        {
          "signDate" : "2019-11-08T10:50+0000",
          "sign" : "aries",
          "timeZone" : 3,
          "moonPhase" : "phase2",
          "date" : "2019-11-09T12:59+0000",
          "age" : 14,
          "moonPhaseDate" : "2019-11-04T09:23+0000"
        },
        {
          "signDate" : "2019-11-08T10:50+0000",
          "sign" : "aries",
          "timeZone" : 3,
          "age" : 15,
          "date" : "2019-11-10T13:06+0000",
          "moonPhase" : "phase2",
          "moonPhaseDate" : "2019-11-04T09:23+0000"
        },
        {
          "signDate" : "2019-11-10T22:19+0000",
          "sign" : "taurus",
          "timeZone" : 3,
          "moonPhase" : "phase2",
          "date" : "2019-11-11T13:15+0000",
          "age" : 16,
          "moonPhaseDate" : "2019-11-04T09:23+0000"
        },
        {
          "signDate" : "2019-11-10T22:19+0000",
          "sign" : "taurus",
          "age" : 17,
          "moonPhase" : "fullMoon",
          "date" : "2019-11-12T13:25+0000",
          "timeZone" : 3,
          "moonPhaseDate" : "2019-11-12T12:35+0000"
        },
        {
          "signDate" : "2019-11-13T07:45+0000",
          "sign" : "gemini",
          "timeZone" : 3,
          "moonPhase" : "phase3",
          "date" : "2019-11-13T13:40+0000",
          "age" : 18,
          "moonPhaseDate" : "2019-11-12T12:35+0000"
        },
        {
          "signDate" : "2019-11-13T07:45+0000",
          "sign" : "gemini",
          "age" : 19,
          "moonPhase" : "phase3",
          "date" : "2019-11-14T14:01+0000",
          "timeZone" : 3,
          "moonPhaseDate" : "2019-11-12T12:35+0000"
        },
        {
          "signDate" : "2019-11-15T15:12+0000",
          "sign" : "cancer",
          "timeZone" : 3,
          "age" : 20,
          "moonPhase" : "phase3",
          "date" : "2019-11-15T14:33+0000",
          "moonPhaseDate" : "2019-11-12T12:35+0000"
        },
        {
          "signDate" : "2019-11-15T15:12+0000",
          "sign" : "cancer",
          "timeZone" : 3,
          "age" : 21,
          "date" : "2019-11-16T15:22+0000",
          "moonPhase" : "phase3",
          "moonPhaseDate" : "2019-11-12T12:35+0000"
        },
        {
          "signDate" : "2019-11-17T20:54+0000",
          "sign" : "leo",
          "timeZone" : 3,
          "moonPhase" : "phase3",
          "date" : "2019-11-17T16:30+0000",
          "age" : 22,
          "moonPhaseDate" : "2019-11-12T12:35+0000"
        },
        {
          "signDate" : "2019-11-17T20:54+0000",
          "sign" : "leo",
          "timeZone" : 3,
          "moonPhase" : "phase3",
          "date" : "2019-11-18T17:53+0000",
          "age" : 23,
          "moonPhaseDate" : "2019-11-12T12:35+0000"
        },
        {
          "signDate" : "2019-11-17T20:54+0000",
          "sign" : "leo",
          "timeZone" : 3,
          "age" : 24,
          "date" : "2019-11-19T19:25+0000",
          "moonPhase" : "phase4",
          "moonPhaseDate" : "2019-11-19T20:11+0000"
        },
        {
          "signDate" : "2019-11-20T00:54+0000",
          "sign" : "virgo",
          "age" : 25,
          "moonPhase" : "phase4",
          "date" : "2019-11-20T20:59+0000",
          "timeZone" : 3,
          "moonPhaseDate" : "2019-11-19T20:11+0000"
        },
        {
          "signDate" : "2019-11-22T03:22+0000",
          "sign" : "libra",
          "timeZone" : 3,
          "moonPhase" : "phase4",
          "date" : "2019-11-21T22:34+0000",
          "age" : 26,
          "moonPhaseDate" : "2019-11-19T20:11+0000"
        },
        {
          "signDate" : "2019-11-22T03:22+0000",
          "sign" : "libra",
          "timeZone" : 3,
          "age" : 27,
          "date" : "2019-11-23T00:09+0000",
          "moonPhase" : "phase4",
          "moonPhaseDate" : "2019-11-19T20:11+0000"
        },
        {
          "signDate" : "2019-11-24T05:01+0000",
          "sign" : "scorpio",
          "timeZone" : 3,
          "age" : 28,
          "date" : "2019-11-24T01:44+0000",
          "moonPhase" : "phase4",
          "moonPhaseDate" : "2019-11-19T20:11+0000"
        },
        {
          "signDate" : "2019-11-24T05:01+0000",
          "sign" : "scorpio",
          "age" : 29,
          "moonPhase" : "phase4",
          "date" : "2019-11-25T03:20+0000",
          "timeZone" : 3,
          "moonPhaseDate" : "2019-11-19T20:11+0000"
        },
        {
          "signDate" : "2019-11-26T07:12+0000",
          "sign" : "sagittarius",
          "age" : 30,
          "moonPhase" : "newMoon",
          "date" : "2019-11-26T04:56+0000",
          "timeZone" : 3,
          "moonPhaseDate" : "2019-11-26T14:06+0000"
        },
        {
          "signDate" : "2019-11-26T07:12+0000",
          "sign" : "sagittarius",
          "timeZone" : 3,
          "moonPhase" : "newMoon",
          "date" : "2019-11-26T14:06+0000",
          "age" : 1,
          "moonPhaseDate" : "2019-11-26T14:06+0000"
        },
        {
          "signDate" : "2019-11-26T07:12+0000",
          "sign" : "sagittarius",
          "age" : 2,
          "moonPhase" : "phase1",
          "date" : "2019-11-27T06:27+0000",
          "timeZone" : 3,
          "moonPhaseDate" : "2019-11-26T14:06+0000"
        },
        {
          "signDate" : "2019-11-28T11:32+0000",
          "sign" : "capricorn",
          "timeZone" : 3,
          "age" : 3,
          "date" : "2019-11-28T07:50+0000",
          "moonPhase" : "phase1",
          "moonPhaseDate" : "2019-11-26T14:06+0000"
        },
        {
          "signDate" : "2019-11-28T11:32+0000",
          "sign" : "capricorn",
          "timeZone" : 3,
          "moonPhase" : "phase1",
          "date" : "2019-11-29T08:55+0000",
          "age" : 4,
          "moonPhaseDate" : "2019-11-26T14:06+0000"
        },
        {
          "signDate" : "2019-11-30T19:15+0000",
          "sign" : "aquarius",
          "timeZone" : 3,
          "age" : 5,
          "date" : "2019-11-30T09:41+0000",
          "moonPhase" : "phase1",
          "moonPhaseDate" : "2019-11-26T14:06+0000"
        },
        {
          "signDate" : "2019-11-30T19:15+0000",
          "sign" : "aquarius",
          "timeZone" : 3,
          "age" : 6,
          "date" : "2019-12-01T10:11+0000",
          "moonPhase" : "phase1",
          "moonPhaseDate" : null
        },
        {
          "signDate" : "2019-11-30T19:15+0000",
          "sign" : "aquarius",
          "timeZone" : 3,
          "age" : 7,
          "date" : "2019-12-02T10:30+0000",
          "moonPhase" : "phase1",
          "moonPhaseDate" : null
        },
        {
          "signDate" : "2019-12-03T06:14+0000",
          "sign" : "pisces",
          "timeZone" : 3,
          "age" : 8,
          "date" : "2019-12-03T10:44+0000",
          "moonPhase" : "phase1",
          "moonPhaseDate" : null
        },
        {
          "signDate" : "2019-12-03T06:14+0000",
          "sign" : "pisces",
          "timeZone" : 3,
          "moonPhase" : "phase2",
          "date" : "2019-12-04T10:54+0000",
          "age" : 9,
          "moonPhaseDate" : "2019-12-04T05:58+0000"
        },
        {
          "signDate" : "2019-12-05T18:46+0000",
          "sign" : "aries",
          "timeZone" : 3,
          "age" : 10,
          "date" : "2019-12-05T11:02+0000",
          "moonPhase" : "phase2",
          "moonPhaseDate" : "2019-12-04T05:58+0000"
        },
        {
          "signDate" : "2019-12-05T18:46+0000",
          "sign" : "aries",
          "timeZone" : 3,
          "age" : 11,
          "date" : "2019-12-06T11:09+0000",
          "moonPhase" : "phase2",
          "moonPhaseDate" : "2019-12-04T05:58+0000"
        },
        {
          "signDate" : "2019-12-05T18:46+0000",
          "sign" : "aries",
          "timeZone" : 3,
          "moonPhase" : "phase2",
          "date" : "2019-12-07T11:16+0000",
          "age" : 12,
          "moonPhaseDate" : "2019-12-04T05:58+0000"
        },
        {
          "signDate" : "2019-12-08T06:31+0000",
          "sign" : "taurus",
          "timeZone" : 3,
          "moonPhase" : "phase2",
          "date" : "2019-12-08T11:24+0000",
          "age" : 13,
          "moonPhaseDate" : "2019-12-04T05:58+0000"
        },
        {
          "signDate" : "2019-12-08T06:31+0000",
          "sign" : "taurus",
          "timeZone" : 3,
          "age" : 14,
          "date" : "2019-12-09T11:33+0000",
          "moonPhase" : "phase2",
          "moonPhaseDate" : "2019-12-04T05:58+0000"
        },
        {
          "signDate" : "2019-12-10T15:49+0000",
          "sign" : "gemini",
          "timeZone" : 3,
          "age" : 15,
          "date" : "2019-12-10T11:46+0000",
          "moonPhase" : "phase2",
          "moonPhaseDate" : "2019-12-04T05:58+0000"
        },
        {
          "signDate" : "2019-12-10T15:49+0000",
          "sign" : "gemini",
          "timeZone" : 3,
          "age" : 16,
          "date" : "2019-12-11T12:04+0000",
          "moonPhase" : "phase2",
          "moonPhaseDate" : "2019-12-04T05:58+0000"
        },
        {
          "signDate" : "2019-12-10T15:49+0000",
          "sign" : "gemini",
          "timeZone" : 3,
          "moonPhase" : "fullMoon",
          "age" : 17,
          "date" : "2019-12-12T12:31+0000",
          "moonPhaseDate" : "2019-12-12T04:12+0000"
        },
        {
          "signDate" : "2019-12-12T22:24+0000",
          "sign" : "cancer",
          "timeZone" : 3,
          "moonPhase" : "phase3",
          "date" : "2019-12-13T13:13+0000",
          "age" : 18,
          "moonPhaseDate" : "2019-12-12T04:12+0000"
        },
        {
          "signDate" : "2019-12-12T22:24+0000",
          "sign" : "cancer",
          "age" : 19,
          "moonPhase" : "phase3",
          "date" : "2019-12-14T14:16+0000",
          "timeZone" : 3,
          "moonPhaseDate" : "2019-12-12T04:12+0000"
        },
        {
          "signDate" : "2019-12-15T02:53+0000",
          "sign" : "leo",
          "timeZone" : 3,
          "moonPhase" : "phase3",
          "date" : "2019-12-15T15:37+0000",
          "age" : 20,
          "moonPhaseDate" : "2019-12-12T04:12+0000"
        },
        {
          "signDate" : "2019-12-15T02:53+0000",
          "sign" : "leo",
          "timeZone" : 3,
          "age" : 21,
          "moonPhase" : "phase3",
          "date" : "2019-12-16T17:08+0000",
          "moonPhaseDate" : "2019-12-12T04:12+0000"
        },
        {
          "signDate" : "2019-12-17T06:13+0000",
          "sign" : "virgo",
          "timeZone" : 3,
          "moonPhase" : "phase3",
          "date" : "2019-12-17T18:43+0000",
          "age" : 22,
          "moonPhaseDate" : "2019-12-12T04:12+0000"
        },
        {
          "signDate" : "2019-12-17T06:13+0000",
          "sign" : "virgo",
          "age" : 23,
          "moonPhase" : "phase3",
          "date" : "2019-12-18T20:17+0000",
          "timeZone" : 3,
          "moonPhaseDate" : "2019-12-12T04:12+0000"
        },
        {
          "signDate" : "2019-12-17T06:13+0000",
          "sign" : "libra",
          "timeZone" : 3,
          "age" : 24,
          "date" : "2019-12-19T21:50+0000",
          "moonPhase" : "phase4",
          "moonPhaseDate" : "2019-12-19T03:57+0000"
        },
        {
          "signDate" : "2019-12-21T12:01+0000",
          "sign" : "scorpio",
          "timeZone" : 3,
          "age" : 25,
          "date" : "2019-12-20T23:23+0000",
          "moonPhase" : "phase4",
          "moonPhaseDate" : "2019-12-19T03:57+0000"
        },
        {
          "signDate" : "2019-12-21T12:01+0000",
          "sign" : "scorpio",
          "age" : 26,
          "moonPhase" : "phase4",
          "date" : "2019-12-22T00:55+0000",
          "timeZone" : 3,
          "moonPhaseDate" : "2019-12-19T03:57+0000"
        },
        {
          "signDate" : "2019-12-23T15:37+0000",
          "sign" : "sagittarius",
          "timeZone" : 3,
          "age" : 27,
          "date" : "2019-12-23T02:28+0000",
          "moonPhase" : "phase4",
          "moonPhaseDate" : "2019-12-19T03:57+0000"
        },
        {
          "signDate" : "2019-12-23T15:37+0000",
          "sign" : "sagittarius",
          "timeZone" : 3,
          "age" : 28,
          "moonPhase" : "phase4",
          "date" : "2019-12-24T04:00+0000",
          "moonPhaseDate" : "2019-12-19T03:57+0000"
        },
        {
          "signDate" : "2019-12-25T20:46+0000",
          "sign" : "capricorn",
          "timeZone" : 3,
          "age" : 29,
          "date" : "2019-12-25T05:26+0000",
          "moonPhase" : "phase4",
          "moonPhaseDate" : "2019-12-19T03:57+0000"
        },
        {
          "signDate" : "2019-12-25T20:46+0000",
          "sign" : "capricorn",
          "timeZone" : 3,
          "moonPhase" : "newMoon",
          "date" : "2019-12-26T04:13+0000",
          "age" : 1,
          "moonPhaseDate" : "2019-12-26T04:13+0000"
        },
        {
          "signDate" : "2019-12-25T20:46+0000",
          "sign" : "capricorn",
          "timeZone" : 3,
          "age" : 2,
          "date" : "2019-12-26T06:39+0000",
          "moonPhase" : "newMoon",
          "moonPhaseDate" : "2019-12-26T04:13+0000"
        },
        {
          "signDate" : "2019-12-25T20:46+0000",
          "sign" : "capricorn",
          "timeZone" : 3,
          "moonPhase" : "phase1",
          "date" : "2019-12-27T07:34+0000",
          "age" : 3,
          "moonPhaseDate" : "2019-12-26T04:13+0000"
        },
        {
          "signDate" : "2019-12-28T04:21+0000",
          "sign" : "aquarius",
          "timeZone" : 3,
          "moonPhase" : "phase1",
          "date" : "2019-12-28T08:12+0000",
          "age" : 4,
          "moonPhaseDate" : "2019-12-26T04:13+0000"
        },
        {
          "signDate" : "2019-12-28T04:21+0000",
          "sign" : "aquarius",
          "timeZone" : 3,
          "age" : 5,
          "date" : "2019-12-29T08:35+0000",
          "moonPhase" : "phase1",
          "moonPhaseDate" : "2019-12-26T04:13+0000"
        },
        {
          "signDate" : "2019-12-30T14:43+0000",
          "sign" : "pisces",
          "timeZone" : 3,
          "moonPhase" : "phase1",
          "date" : "2019-12-30T08:52+0000",
          "age" : 6,
          "moonPhaseDate" : "2019-12-26T04:13+0000"
        },
        {
          "signDate" : "2019-12-30T14:43+0000",
          "sign" : "pisces",
          "timeZone" : 3,
          "age" : 7,
          "date" : "2019-12-31T09:03+0000",
          "moonPhase" : "phase1",
          "moonPhaseDate" : "2019-12-26T04:13+0000"
        },
        {
          "signDate" : "2019-12-30T14:43+0000",
          "sign" : "pisces",
          "timeZone" : 3,
          "moonPhase" : "phase1",
          "date" : "2020-01-01T09:12+0000",
          "age" : 8,
          "moonPhaseDate" : null
        },
        {
          "signDate" : "2020-01-02T03:01+0000",
          "sign" : "aries",
          "timeZone" : 3,
          "moonPhase" : "phase1",
          "age" : 9,
          "date" : "2020-01-02T09:19+0000",
          "moonPhaseDate" : null
        },
        {
          "signDate" : "2020-01-02T03:01+0000",
          "sign" : "aries",
          "timeZone" : 3,
          "age" : 10,
          "date" : "2020-01-03T09:26+0000",
          "moonPhase" : "phase2",
          "moonPhaseDate" : "2020-01-03T03:45+0000"
        },
        {
          "signDate" : "2020-01-04T15:15+0000",
          "sign" : "taurus",
          "timeZone" : 3,
          "moonPhase" : "phase2",
          "date" : "2020-01-04T09:33+0000",
          "age" : 11,
          "moonPhaseDate" : "2020-01-03T03:45+0000"
        },
        {
          "signDate" : "2020-01-04T15:15+0000",
          "sign" : "taurus",
          "timeZone" : 3,
          "age" : 12,
          "moonPhase" : "phase2",
          "date" : "2020-01-05T09:41+0000",
          "moonPhaseDate" : "2020-01-03T03:45+0000"
        },
        {
          "signDate" : "2020-01-04T15:15+0000",
          "sign" : "taurus",
          "timeZone" : 3,
          "age" : 13,
          "moonPhase" : "phase2",
          "date" : "2020-01-06T09:52+0000",
          "moonPhaseDate" : "2020-01-03T03:45+0000"
        },
        {
          "signDate" : "2020-01-07T01:13+0000",
          "sign" : "gemini",
          "timeZone" : 3,
          "age" : 14,
          "date" : "2020-01-07T10:07+0000",
          "moonPhase" : "phase2",
          "moonPhaseDate" : "2020-01-03T03:45+0000"
        },
        {
          "signDate" : "2020-01-07T01:13+0000",
          "sign" : "gemini",
          "age" : 15,
          "moonPhase" : "phase2",
          "date" : "2020-01-08T10:29+0000",
          "timeZone" : 3,
          "moonPhaseDate" : "2020-01-03T03:45+0000"
        },
        {
          "signDate" : "2020-01-09T07:45+0000",
          "sign" : "cancer",
          "timeZone" : 3,
          "age" : 16,
          "date" : "2020-01-09T11:04+0000",
          "moonPhase" : "phase2",
          "moonPhaseDate" : "2020-01-03T03:45+0000"
        },
        {
          "signDate" : "2020-01-09T07:45+0000",
          "sign" : "cancer",
          "timeZone" : 3,
          "moonPhase" : "fullMoon",
          "date" : "2020-01-10T11:58+0000",
          "age" : 17,
          "moonPhaseDate" : "2020-01-10T18:21+0000"
        },
        {
          "signDate" : "2020-01-11T11:16+0000",
          "sign" : "leo",
          "age" : 18,
          "moonPhase" : "phase3",
          "date" : "2020-01-11T13:14+0000",
          "timeZone" : 3,
          "moonPhaseDate" : "2020-01-10T18:21+0000"
        },
        {
          "signDate" : "2020-01-11T11:16+0000",
          "sign" : "leo",
          "timeZone" : 3,
          "moonPhase" : "phase3",
          "age" : 19,
          "date" : "2020-01-12T14:44+0000",
          "moonPhaseDate" : "2020-01-10T18:21+0000"
        },
        {
          "signDate" : "2020-01-13T13:05+0000",
          "sign" : "virgo",
          "timeZone" : 3,
          "age" : 20,
          "date" : "2020-01-13T16:22+0000",
          "moonPhase" : "phase3",
          "moonPhaseDate" : "2020-01-10T18:21+0000"
        },
        {
          "signDate" : "2020-01-13T13:05+0000",
          "sign" : "virgo",
          "timeZone" : 3,
          "age" : 21,
          "date" : "2020-01-14T17:59+0000",
          "moonPhase" : "phase3",
          "moonPhaseDate" : "2020-01-10T18:21+0000"
        },
        {
          "signDate" : "2020-01-15T14:42+0000",
          "sign" : "libra",
          "timeZone" : 3,
          "age" : 22,
          "moonPhase" : "phase3",
          "date" : "2020-01-15T19:34+0000",
          "moonPhaseDate" : "2020-01-10T18:21+0000"
        },
        {
          "signDate" : "2020-01-17T17:21+0000",
          "sign" : "scorpio",
          "timeZone" : 3,
          "moonPhase" : "phase4",
          "age" : 23,
          "date" : "2020-01-16T21:08+0000",
          "moonPhaseDate" : "2020-01-17T11:58+0000"
        },
        {
          "signDate" : "2020-01-17T17:21+0000",
          "sign" : "scorpio",
          "timeZone" : 3,
          "age" : 24,
          "date" : "2020-01-17T22:40+0000",
          "moonPhase" : "phase4",
          "moonPhaseDate" : "2020-01-17T11:58+0000"
        },
        {
          "signDate" : "2020-01-17T17:21+0000",
          "sign" : "scorpio",
          "timeZone" : 3,
          "moonPhase" : "phase4",
          "date" : "2020-01-19T00:12+0000",
          "age" : 25,
          "moonPhaseDate" : "2020-01-17T11:58+0000"
        },
        {
          "signDate" : "2020-01-19T21:43+0000",
          "sign" : "sagittarius",
          "timeZone" : 3,
          "age" : 26,
          "date" : "2020-01-20T01:43+0000",
          "moonPhase" : "phase4",
          "moonPhaseDate" : "2020-01-17T11:58+0000"
        },
        {
          "signDate" : "2020-01-19T21:43+0000",
          "sign" : "sagittarius",
          "timeZone" : 3,
          "moonPhase" : "phase4",
          "date" : "2020-01-21T03:09+0000",
          "age" : 27,
          "moonPhaseDate" : "2020-01-17T11:58+0000"
        },
        {
          "signDate" : "2020-01-22T04:02+0000",
          "sign" : "capricorn",
          "timeZone" : 3,
          "moonPhase" : "phase4",
          "date" : "2020-01-22T04:26+0000",
          "age" : 28,
          "moonPhaseDate" : "2020-01-17T11:58+0000"
        },
        {
          "signDate" : "2020-01-22T04:02+0000",
          "sign" : "capricorn",
          "timeZone" : 3,
          "age" : 29,
          "date" : "2020-01-23T05:27+0000",
          "moonPhase" : "phase4",
          "moonPhaseDate" : "2020-01-17T11:58+0000"
        },
        {
          "signDate" : "2020-01-24T12:22+0000",
          "sign" : "aquarius",
          "timeZone" : 3,
          "age" : 30,
          "moonPhase" : "newMoon",
          "date" : "2020-01-24T06:10+0000",
          "moonPhaseDate" : "2020-01-24T20:42+0000"
        },
        {
          "signDate" : "2020-01-24T12:22+0000",
          "sign" : "aquarius",
          "timeZone" : 3,
          "moonPhase" : "newMoon",
          "date" : "2020-01-24T20:42+0000",
          "age" : 1,
          "moonPhaseDate" : "2020-01-24T20:42+0000"
        },
        {
          "signDate" : "2020-01-24T12:22+0000",
          "sign" : "aquarius",
          "timeZone" : 3,
          "age" : 2,
          "date" : "2020-01-25T06:39+0000",
          "moonPhase" : "phase1",
          "moonPhaseDate" : "2020-01-24T20:42+0000"
        },
        {
          "signDate" : "2020-01-24T12:22+0000",
          "sign" : "aquarius",
          "age" : 3,
          "moonPhase" : "phase1",
          "date" : "2020-01-26T06:57+0000",
          "timeZone" : 3,
          "moonPhaseDate" : "2020-01-24T20:42+0000"
        },
        {
          "signDate" : "2020-01-26T22:45+0000",
          "sign" : "pisces",
          "timeZone" : 3,
          "age" : 4,
          "moonPhase" : "phase1",
          "date" : "2020-01-27T07:11+0000",
          "moonPhaseDate" : "2020-01-24T20:42+0000"
        },
        {
          "signDate" : "2020-01-26T22:45+0000",
          "sign" : "pisces",
          "timeZone" : 3,
          "moonPhase" : "phase1",
          "date" : "2020-01-28T07:20+0000",
          "age" : 5,
          "moonPhaseDate" : "2020-01-24T20:42+0000"
        },
        {
          "signDate" : "2020-01-29T10:51+0000",
          "sign" : "aries",
          "age" : 6,
          "moonPhase" : "phase1",
          "date" : "2020-01-29T07:28+0000",
          "timeZone" : 3,
          "moonPhaseDate" : "2020-01-24T20:42+0000"
        },
        {
          "signDate" : "2020-01-29T10:51+0000",
          "sign" : "aries",
          "timeZone" : 3,
          "moonPhase" : "phase1",
          "date" : "2020-01-30T07:35+0000",
          "age" : 7,
          "moonPhaseDate" : "2020-01-24T20:42+0000"
        },
        {
          "signDate" : "2020-01-29T10:51+0000",
          "sign" : "aries",
          "timeZone" : 3,
          "age" : 8,
          "date" : "2020-01-31T07:42+0000",
          "moonPhase" : "phase1",
          "moonPhaseDate" : "2020-01-24T20:42+0000"
        },
        {
          "signDate" : "2020-01-29T10:51+0000",
          "sign" : "aries",
          "timeZone" : 3,
          "moonPhase" : "phase1",
          "date" : "2020-01-31T07:42+0000",
          "age" : 8,
          "moonPhaseDate" : "2020-01-24T20:42+0000"
        }
      ]
    }
  ],
  "countryName" : "Финляндия"
}