{
  "countryName" : "Япония",
  "cities" : [
    {
      "moonDays" : [
        {
          "sign" : "aries",
          "moonPhaseDate" : null,
          "signDate" : "2019-05-01T10:23+0000",
          "timeZone" : 9,
          "date" : "2019-04-30T18:05+0000",
          "moonPhase" : null,
          "age" : 26
        },
        {
          "sign" : "aries",
          "moonPhaseDate" : null,
          "signDate" : "2019-05-01T10:23+0000",
          "timeZone" : 9,
          "moonPhase" : null,
          "date" : "2019-05-01T18:34+0000",
          "age" : 27
        },
        {
          "sign" : "aries",
          "moonPhaseDate" : null,
          "signDate" : "2019-05-01T10:23+0000",
          "timeZone" : 9,
          "moonPhase" : null,
          "date" : "2019-05-02T19:03+0000",
          "age" : 28
        },
        {
          "sign" : "taurus",
          "moonPhaseDate" : null,
          "signDate" : "2019-05-03T20:21+0000",
          "timeZone" : 9,
          "date" : "2019-05-03T19:33+0000",
          "moonPhase" : null,
          "age" : 29
        },
        {
          "sign" : "taurus",
          "moonPhaseDate" : "2019-05-04T22:45+0000",
          "signDate" : "2019-05-03T20:21+0000",
          "timeZone" : 9,
          "moonPhase" : "newMoon",
          "date" : "2019-05-04T20:05+0000",
          "age" : 30
        },
        {
          "sign" : "taurus",
          "moonPhaseDate" : "2019-05-04T22:45+0000",
          "signDate" : "2019-05-03T20:21+0000",
          "timeZone" : 9,
          "moonPhase" : "newMoon",
          "date" : "2019-05-04T22:45+0000",
          "age" : 1
        },
        {
          "sign" : "gemini",
          "moonPhaseDate" : "2019-05-04T22:45+0000",
          "signDate" : "2019-05-06T03:42+0000",
          "timeZone" : 9,
          "date" : "2019-05-05T20:41+0000",
          "moonPhase" : "phase1",
          "age" : 2
        },
        {
          "sign" : "gemini",
          "moonPhaseDate" : "2019-05-04T22:45+0000",
          "signDate" : "2019-05-06T03:42+0000",
          "timeZone" : 9,
          "date" : "2019-05-06T21:21+0000",
          "moonPhase" : "phase1",
          "age" : 3
        },
        {
          "sign" : "cancer",
          "moonPhaseDate" : "2019-05-04T22:45+0000",
          "signDate" : "2019-05-08T09:05+0000",
          "timeZone" : 9,
          "date" : "2019-05-07T22:08+0000",
          "moonPhase" : "phase1",
          "age" : 4
        },
        {
          "sign" : "cancer",
          "moonPhaseDate" : "2019-05-04T22:45+0000",
          "signDate" : "2019-05-08T09:05+0000",
          "timeZone" : 9,
          "moonPhase" : "phase1",
          "date" : "2019-05-08T23:01+0000",
          "age" : 5
        },
        {
          "sign" : "leo",
          "moonPhaseDate" : "2019-05-04T22:45+0000",
          "signDate" : "2019-05-10T13:12+0000",
          "timeZone" : 9,
          "date" : "2019-05-10T00:01+0000",
          "moonPhase" : "phase1",
          "age" : 6
        },
        {
          "sign" : "leo",
          "moonPhaseDate" : "2019-05-04T22:45+0000",
          "signDate" : "2019-05-10T13:12+0000",
          "timeZone" : 9,
          "date" : "2019-05-11T01:05+0000",
          "moonPhase" : "phase1",
          "age" : 7
        },
        {
          "sign" : "leo",
          "moonPhaseDate" : "2019-05-12T01:12+0000",
          "signDate" : "2019-05-10T13:12+0000",
          "timeZone" : 9,
          "date" : "2019-05-12T02:12+0000",
          "moonPhase" : "phase2",
          "age" : 8
        },
        {
          "sign" : "virgo",
          "moonPhaseDate" : "2019-05-12T01:12+0000",
          "signDate" : "2019-05-12T16:23+0000",
          "timeZone" : 9,
          "date" : "2019-05-13T03:20+0000",
          "moonPhase" : "phase2",
          "age" : 9
        },
        {
          "sign" : "virgo",
          "moonPhaseDate" : "2019-05-12T01:12+0000",
          "signDate" : "2019-05-12T16:23+0000",
          "timeZone" : 9,
          "moonPhase" : "phase2",
          "date" : "2019-05-14T04:28+0000",
          "age" : 10
        },
        {
          "sign" : "libra",
          "moonPhaseDate" : "2019-05-12T01:12+0000",
          "signDate" : "2019-05-14T18:53+0000",
          "timeZone" : 9,
          "moonPhase" : "phase2",
          "date" : "2019-05-15T05:36+0000",
          "age" : 11
        },
        {
          "sign" : "libra",
          "moonPhaseDate" : "2019-05-12T01:12+0000",
          "signDate" : "2019-05-14T18:53+0000",
          "timeZone" : 9,
          "date" : "2019-05-16T06:43+0000",
          "moonPhase" : "phase2",
          "age" : 12
        },
        {
          "sign" : "scorpio",
          "moonPhaseDate" : "2019-05-12T01:12+0000",
          "signDate" : "2019-05-16T21:25+0000",
          "timeZone" : 9,
          "date" : "2019-05-17T07:50+0000",
          "moonPhase" : "phase2",
          "age" : 13
        },
        {
          "sign" : "scorpio",
          "moonPhaseDate" : "2019-05-12T01:12+0000",
          "signDate" : "2019-05-16T21:25+0000",
          "timeZone" : 9,
          "date" : "2019-05-18T08:56+0000",
          "moonPhase" : "phase2",
          "age" : 14
        },
        {
          "sign" : "sagittarius",
          "moonPhaseDate" : "2019-05-18T21:11+0000",
          "signDate" : "2019-05-19T01:19+0000",
          "timeZone" : 9,
          "moonPhase" : "fullMoon",
          "date" : "2019-05-19T10:01+0000",
          "age" : 15
        },
        {
          "sign" : "sagittarius",
          "moonPhaseDate" : "2019-05-18T21:11+0000",
          "signDate" : "2019-05-19T01:19+0000",
          "timeZone" : 9,
          "moonPhase" : "phase3",
          "date" : "2019-05-20T11:04+0000",
          "age" : 16
        },
        {
          "sign" : "capricorn",
          "moonPhaseDate" : "2019-05-18T21:11+0000",
          "signDate" : "2019-05-21T07:56+0000",
          "timeZone" : 9,
          "date" : "2019-05-21T12:02+0000",
          "moonPhase" : "phase3",
          "age" : 17
        },
        {
          "sign" : "capricorn",
          "moonPhaseDate" : "2019-05-18T21:11+0000",
          "signDate" : "2019-05-21T07:56+0000",
          "timeZone" : 9,
          "date" : "2019-05-22T12:55+0000",
          "moonPhase" : "phase3",
          "age" : 18
        },
        {
          "sign" : "capricorn",
          "moonPhaseDate" : "2019-05-18T21:11+0000",
          "signDate" : "2019-05-21T07:56+0000",
          "timeZone" : 9,
          "date" : "2019-05-23T13:44+0000",
          "moonPhase" : "phase3",
          "age" : 19
        },
        {
          "sign" : "aquarius",
          "moonPhaseDate" : "2019-05-18T21:11+0000",
          "signDate" : "2019-05-23T17:51+0000",
          "timeZone" : 9,
          "date" : "2019-05-24T14:26+0000",
          "moonPhase" : "phase3",
          "age" : 20
        },
        {
          "sign" : "pisces",
          "moonPhaseDate" : "2019-05-18T21:11+0000",
          "signDate" : "2019-05-26T06:07+0000",
          "timeZone" : 9,
          "date" : "2019-05-25T15:03+0000",
          "moonPhase" : "phase3",
          "age" : 21
        },
        {
          "sign" : "pisces",
          "moonPhaseDate" : "2019-05-26T16:33+0000",
          "signDate" : "2019-05-26T06:07+0000",
          "timeZone" : 9,
          "moonPhase" : "phase4",
          "date" : "2019-05-26T15:36+0000",
          "age" : 22
        },
        {
          "sign" : "pisces",
          "moonPhaseDate" : "2019-05-26T16:33+0000",
          "signDate" : "2019-05-26T06:07+0000",
          "timeZone" : 9,
          "date" : "2019-05-27T16:07+0000",
          "moonPhase" : "phase4",
          "age" : 23
        },
        {
          "sign" : "aries",
          "moonPhaseDate" : "2019-05-26T16:33+0000",
          "signDate" : "2019-05-28T18:29+0000",
          "timeZone" : 9,
          "date" : "2019-05-28T16:35+0000",
          "moonPhase" : "phase4",
          "age" : 24
        },
        {
          "sign" : "aries",
          "moonPhaseDate" : "2019-05-26T16:33+0000",
          "signDate" : "2019-05-28T18:29+0000",
          "timeZone" : 9,
          "moonPhase" : "phase4",
          "date" : "2019-05-29T17:04+0000",
          "age" : 25
        },
        {
          "sign" : "taurus",
          "moonPhaseDate" : "2019-05-26T16:33+0000",
          "signDate" : "2019-05-31T04:44+0000",
          "timeZone" : 9,
          "date" : "2019-05-30T17:33+0000",
          "moonPhase" : "phase4",
          "age" : 26
        },
        {
          "sign" : "taurus",
          "moonPhaseDate" : null,
          "signDate" : "2019-05-31T04:44+0000",
          "timeZone" : 9,
          "moonPhase" : "phase4",
          "date" : "2019-05-31T18:04+0000",
          "age" : 27
        },
        {
          "sign" : "gemini",
          "moonPhaseDate" : null,
          "signDate" : "2019-06-02T11:51+0000",
          "timeZone" : 9,
          "moonPhase" : "phase4",
          "date" : "2019-06-01T18:38+0000",
          "age" : 28
        },
        {
          "sign" : "gemini",
          "moonPhaseDate" : "2019-06-03T10:02+0000",
          "signDate" : "2019-06-02T11:51+0000",
          "timeZone" : 9,
          "moonPhase" : "newMoon",
          "date" : "2019-06-02T19:16+0000",
          "age" : 29
        },
        {
          "sign" : "gemini",
          "moonPhaseDate" : "2019-06-03T10:02+0000",
          "signDate" : "2019-06-02T11:51+0000",
          "timeZone" : 9,
          "date" : "2019-06-03T10:02+0000",
          "moonPhase" : "newMoon",
          "age" : 1
        },
        {
          "sign" : "gemini",
          "moonPhaseDate" : "2019-06-03T10:02+0000",
          "signDate" : "2019-06-02T11:51+0000",
          "timeZone" : 9,
          "moonPhase" : "phase1",
          "date" : "2019-06-03T20:01+0000",
          "age" : 2
        },
        {
          "sign" : "cancer",
          "moonPhaseDate" : "2019-06-03T10:02+0000",
          "signDate" : "2019-06-04T16:18+0000",
          "timeZone" : 9,
          "moonPhase" : "phase1",
          "date" : "2019-06-04T20:53+0000",
          "age" : 3
        },
        {
          "sign" : "cancer",
          "moonPhaseDate" : "2019-06-03T10:02+0000",
          "signDate" : "2019-06-04T16:18+0000",
          "timeZone" : 9,
          "date" : "2019-06-05T21:51+0000",
          "moonPhase" : "phase1",
          "age" : 4
        },
        {
          "sign" : "leo",
          "moonPhaseDate" : "2019-06-03T10:02+0000",
          "signDate" : "2019-06-06T19:14+0000",
          "timeZone" : 9,
          "date" : "2019-06-06T22:56+0000",
          "moonPhase" : "phase1",
          "age" : 5
        },
        {
          "sign" : "leo",
          "moonPhaseDate" : "2019-06-03T10:02+0000",
          "signDate" : "2019-06-06T19:14+0000",
          "timeZone" : 9,
          "moonPhase" : "phase1",
          "date" : "2019-06-08T00:03+0000",
          "age" : 6
        },
        {
          "sign" : "virgo",
          "moonPhaseDate" : "2019-06-03T10:02+0000",
          "signDate" : "2019-06-08T21:43+0000",
          "timeZone" : 9,
          "date" : "2019-06-09T01:12+0000",
          "moonPhase" : "phase1",
          "age" : 7
        },
        {
          "sign" : "virgo",
          "moonPhaseDate" : "2019-06-10T05:59+0000",
          "signDate" : "2019-06-08T21:43+0000",
          "timeZone" : 9,
          "date" : "2019-06-10T02:20+0000",
          "moonPhase" : "phase2",
          "age" : 8
        },
        {
          "sign" : "libra",
          "moonPhaseDate" : "2019-06-10T05:59+0000",
          "signDate" : "2019-06-11T00:30+0000",
          "timeZone" : 9,
          "date" : "2019-06-11T03:27+0000",
          "moonPhase" : "phase2",
          "age" : 9
        },
        {
          "sign" : "libra",
          "moonPhaseDate" : "2019-06-10T05:59+0000",
          "signDate" : "2019-06-11T00:30+0000",
          "timeZone" : 9,
          "date" : "2019-06-12T04:33+0000",
          "moonPhase" : "phase2",
          "age" : 10
        },
        {
          "sign" : "scorpio",
          "moonPhaseDate" : "2019-06-10T05:59+0000",
          "signDate" : "2019-06-13T04:03+0000",
          "timeZone" : 9,
          "moonPhase" : "phase2",
          "date" : "2019-06-13T05:39+0000",
          "age" : 11
        },
        {
          "sign" : "scorpio",
          "moonPhaseDate" : "2019-06-10T05:59+0000",
          "signDate" : "2019-06-13T04:03+0000",
          "timeZone" : 9,
          "date" : "2019-06-14T06:43+0000",
          "moonPhase" : "phase2",
          "age" : 12
        },
        {
          "sign" : "sagittarius",
          "moonPhaseDate" : "2019-06-10T05:59+0000",
          "signDate" : "2019-06-15T09:01+0000",
          "timeZone" : 9,
          "date" : "2019-06-15T07:48+0000",
          "moonPhase" : "phase2",
          "age" : 13
        },
        {
          "sign" : "sagittarius",
          "moonPhaseDate" : "2019-06-10T05:59+0000",
          "signDate" : "2019-06-15T09:01+0000",
          "timeZone" : 9,
          "date" : "2019-06-16T08:51+0000",
          "moonPhase" : "phase2",
          "age" : 14
        },
        {
          "sign" : "sagittarius",
          "moonPhaseDate" : "2019-06-17T08:31+0000",
          "signDate" : "2019-06-15T09:01+0000",
          "timeZone" : 9,
          "date" : "2019-06-17T09:51+0000",
          "moonPhase" : "fullMoon",
          "age" : 15
        },
        {
          "sign" : "capricorn",
          "moonPhaseDate" : "2019-06-17T08:31+0000",
          "signDate" : "2019-06-17T16:11+0000",
          "timeZone" : 9,
          "date" : "2019-06-18T10:47+0000",
          "moonPhase" : "phase3",
          "age" : 16
        },
        {
          "sign" : "capricorn",
          "moonPhaseDate" : "2019-06-17T08:31+0000",
          "signDate" : "2019-06-17T16:11+0000",
          "timeZone" : 9,
          "date" : "2019-06-19T11:37+0000",
          "moonPhase" : "phase3",
          "age" : 17
        },
        {
          "sign" : "aquarius",
          "moonPhaseDate" : "2019-06-17T08:31+0000",
          "signDate" : "2019-06-20T02:01+0000",
          "timeZone" : 9,
          "moonPhase" : "phase3",
          "date" : "2019-06-20T12:22+0000",
          "age" : 18
        },
        {
          "sign" : "aquarius",
          "moonPhaseDate" : "2019-06-17T08:31+0000",
          "signDate" : "2019-06-20T02:01+0000",
          "timeZone" : 9,
          "moonPhase" : "phase3",
          "date" : "2019-06-21T13:01+0000",
          "age" : 19
        },
        {
          "sign" : "pisces",
          "moonPhaseDate" : "2019-06-17T08:31+0000",
          "signDate" : "2019-06-22T14:01+0000",
          "timeZone" : 9,
          "moonPhase" : "phase3",
          "date" : "2019-06-22T13:36+0000",
          "age" : 20
        },
        {
          "sign" : "pisces",
          "moonPhaseDate" : "2019-06-17T08:31+0000",
          "signDate" : "2019-06-22T14:01+0000",
          "timeZone" : 9,
          "moonPhase" : "phase3",
          "date" : "2019-06-23T14:07+0000",
          "age" : 21
        },
        {
          "sign" : "pisces",
          "moonPhaseDate" : "2019-06-17T08:31+0000",
          "signDate" : "2019-06-22T14:01+0000",
          "timeZone" : 9,
          "date" : "2019-06-24T14:37+0000",
          "moonPhase" : "phase3",
          "age" : 22
        },
        {
          "sign" : "aries",
          "moonPhaseDate" : "2019-06-25T09:46+0000",
          "signDate" : "2019-06-22T14:01+0000",
          "timeZone" : 9,
          "moonPhase" : "phase4",
          "date" : "2019-06-25T15:05+0000",
          "age" : 23
        },
        {
          "sign" : "taurus",
          "moonPhaseDate" : "2019-06-25T09:46+0000",
          "signDate" : "2019-06-27T13:30+0000",
          "timeZone" : 9,
          "moonPhase" : "phase4",
          "date" : "2019-06-26T15:33+0000",
          "age" : 24
        },
        {
          "sign" : "taurus",
          "moonPhaseDate" : "2019-06-25T09:46+0000",
          "signDate" : "2019-06-27T13:30+0000",
          "timeZone" : 9,
          "date" : "2019-06-27T16:02+0000",
          "moonPhase" : "phase4",
          "age" : 25
        },
        {
          "sign" : "taurus",
          "moonPhaseDate" : "2019-06-25T09:46+0000",
          "signDate" : "2019-06-27T13:30+0000",
          "timeZone" : 9,
          "date" : "2019-06-28T16:34+0000",
          "moonPhase" : "phase4",
          "age" : 26
        },
        {
          "sign" : "gemini",
          "moonPhaseDate" : "2019-06-25T09:46+0000",
          "signDate" : "2019-06-29T21:10+0000",
          "timeZone" : 9,
          "date" : "2019-06-29T17:10+0000",
          "moonPhase" : "phase4",
          "age" : 27
        },
        {
          "sign" : "gemini",
          "moonPhaseDate" : null,
          "signDate" : "2019-06-29T21:10+0000",
          "timeZone" : 9,
          "moonPhase" : "phase4",
          "date" : "2019-06-30T17:52+0000",
          "age" : 28
        },
        {
          "sign" : "cancer",
          "moonPhaseDate" : null,
          "signDate" : "2019-07-02T01:26+0000",
          "timeZone" : 9,
          "date" : "2019-07-01T18:40+0000",
          "moonPhase" : "phase4",
          "age" : 29
        },
        {
          "sign" : "cancer",
          "moonPhaseDate" : "2019-07-02T19:16+0000",
          "signDate" : "2019-07-02T01:26+0000",
          "timeZone" : 9,
          "moonPhase" : "newMoon",
          "date" : "2019-07-02T19:16+0000",
          "age" : 1
        },
        {
          "sign" : "cancer",
          "moonPhaseDate" : "2019-07-02T19:16+0000",
          "signDate" : "2019-07-02T01:26+0000",
          "timeZone" : 9,
          "moonPhase" : "newMoon",
          "date" : "2019-07-02T19:37+0000",
          "age" : 2
        },
        {
          "sign" : "leo",
          "moonPhaseDate" : "2019-07-02T19:16+0000",
          "signDate" : "2019-07-04T03:21+0000",
          "timeZone" : 9,
          "date" : "2019-07-03T20:40+0000",
          "moonPhase" : "phase1",
          "age" : 3
        },
        {
          "sign" : "leo",
          "moonPhaseDate" : "2019-07-02T19:16+0000",
          "signDate" : "2019-07-04T03:21+0000",
          "timeZone" : 9,
          "moonPhase" : "phase1",
          "date" : "2019-07-04T21:49+0000",
          "age" : 4
        },
        {
          "sign" : "virgo",
          "moonPhaseDate" : "2019-07-02T19:16+0000",
          "signDate" : "2019-07-06T04:25+0000",
          "timeZone" : 9,
          "moonPhase" : "phase1",
          "date" : "2019-07-05T23:00+0000",
          "age" : 5
        },
        {
          "sign" : "virgo",
          "moonPhaseDate" : "2019-07-02T19:16+0000",
          "signDate" : "2019-07-06T04:25+0000",
          "timeZone" : 9,
          "moonPhase" : "phase1",
          "date" : "2019-07-07T00:10+0000",
          "age" : 6
        },
        {
          "sign" : "libra",
          "moonPhaseDate" : "2019-07-02T19:16+0000",
          "signDate" : "2019-07-08T06:07+0000",
          "timeZone" : 9,
          "date" : "2019-07-08T01:19+0000",
          "moonPhase" : "phase1",
          "age" : 7
        },
        {
          "sign" : "libra",
          "moonPhaseDate" : "2019-07-09T10:55+0000",
          "signDate" : "2019-07-08T06:07+0000",
          "timeZone" : 9,
          "date" : "2019-07-09T02:26+0000",
          "moonPhase" : "phase2",
          "age" : 8
        },
        {
          "sign" : "scorpio",
          "moonPhaseDate" : "2019-07-09T10:55+0000",
          "signDate" : "2019-07-10T09:28+0000",
          "timeZone" : 9,
          "date" : "2019-07-10T03:32+0000",
          "moonPhase" : "phase2",
          "age" : 9
        },
        {
          "sign" : "scorpio",
          "moonPhaseDate" : "2019-07-09T10:55+0000",
          "signDate" : "2019-07-10T09:28+0000",
          "timeZone" : 9,
          "moonPhase" : "phase2",
          "date" : "2019-07-11T04:36+0000",
          "age" : 10
        },
        {
          "sign" : "scorpio",
          "moonPhaseDate" : "2019-07-09T10:55+0000",
          "signDate" : "2019-07-10T09:28+0000",
          "timeZone" : 9,
          "date" : "2019-07-12T05:40+0000",
          "moonPhase" : "phase2",
          "age" : 11
        },
        {
          "sign" : "sagittarius",
          "moonPhaseDate" : "2019-07-09T10:55+0000",
          "signDate" : "2019-07-12T15:04+0000",
          "timeZone" : 9,
          "moonPhase" : "phase2",
          "date" : "2019-07-13T06:42+0000",
          "age" : 12
        },
        {
          "sign" : "sagittarius",
          "moonPhaseDate" : "2019-07-09T10:55+0000",
          "signDate" : "2019-07-12T15:04+0000",
          "timeZone" : 9,
          "moonPhase" : "phase2",
          "date" : "2019-07-14T07:42+0000",
          "age" : 13
        },
        {
          "sign" : "capricorn",
          "moonPhaseDate" : "2019-07-09T10:55+0000",
          "signDate" : "2019-07-14T23:03+0000",
          "timeZone" : 9,
          "date" : "2019-07-15T08:39+0000",
          "moonPhase" : "phase2",
          "age" : 14
        },
        {
          "sign" : "capricorn",
          "moonPhaseDate" : "2019-07-09T10:55+0000",
          "signDate" : "2019-07-14T23:03+0000",
          "timeZone" : 9,
          "moonPhase" : "phase2",
          "date" : "2019-07-16T09:31+0000",
          "age" : 15
        },
        {
          "sign" : "aquarius",
          "moonPhaseDate" : "2019-07-16T21:38+0000",
          "signDate" : "2019-07-17T09:18+0000",
          "timeZone" : 9,
          "moonPhase" : "fullMoon",
          "date" : "2019-07-17T10:18+0000",
          "age" : 16
        },
        {
          "sign" : "aquarius",
          "moonPhaseDate" : "2019-07-16T21:38+0000",
          "signDate" : "2019-07-17T09:18+0000",
          "timeZone" : 9,
          "moonPhase" : "phase3",
          "date" : "2019-07-18T10:59+0000",
          "age" : 17
        },
        {
          "sign" : "aquarius",
          "moonPhaseDate" : "2019-07-16T21:38+0000",
          "signDate" : "2019-07-17T09:18+0000",
          "timeZone" : 9,
          "moonPhase" : "phase3",
          "date" : "2019-07-19T11:35+0000",
          "age" : 18
        },
        {
          "sign" : "pisces",
          "moonPhaseDate" : "2019-07-16T21:38+0000",
          "signDate" : "2019-07-19T21:19+0000",
          "timeZone" : 9,
          "moonPhase" : "phase3",
          "date" : "2019-07-20T12:08+0000",
          "age" : 19
        },
        {
          "sign" : "pisces",
          "moonPhaseDate" : "2019-07-16T21:38+0000",
          "signDate" : "2019-07-19T21:19+0000",
          "timeZone" : 9,
          "date" : "2019-07-21T12:37+0000",
          "moonPhase" : "phase3",
          "age" : 20
        },
        {
          "sign" : "aries",
          "moonPhaseDate" : "2019-07-16T21:38+0000",
          "signDate" : "2019-07-22T10:01+0000",
          "timeZone" : 9,
          "moonPhase" : "phase3",
          "date" : "2019-07-22T13:06+0000",
          "age" : 21
        },
        {
          "sign" : "aries",
          "moonPhaseDate" : "2019-07-16T21:38+0000",
          "signDate" : "2019-07-22T10:01+0000",
          "timeZone" : 9,
          "date" : "2019-07-23T13:34+0000",
          "moonPhase" : "phase3",
          "age" : 22
        },
        {
          "sign" : "aries",
          "moonPhaseDate" : "2019-07-16T21:38+0000",
          "signDate" : "2019-07-22T10:01+0000",
          "timeZone" : 9,
          "moonPhase" : "phase3",
          "date" : "2019-07-24T14:02+0000",
          "age" : 23
        },
        {
          "sign" : "taurus",
          "moonPhaseDate" : "2019-07-25T01:18+0000",
          "signDate" : "2019-07-24T21:40+0000",
          "timeZone" : 9,
          "moonPhase" : "phase4",
          "date" : "2019-07-25T14:32+0000",
          "age" : 24
        },
        {
          "sign" : "gemini",
          "moonPhaseDate" : "2019-07-25T01:18+0000",
          "signDate" : "2019-07-27T06:28+0000",
          "timeZone" : 9,
          "moonPhase" : "phase4",
          "date" : "2019-07-26T15:05+0000",
          "age" : 25
        },
        {
          "sign" : "gemini",
          "moonPhaseDate" : "2019-07-25T01:18+0000",
          "signDate" : "2019-07-27T06:28+0000",
          "timeZone" : 9,
          "moonPhase" : "phase4",
          "date" : "2019-07-27T15:43+0000",
          "age" : 26
        },
        {
          "sign" : "cancer",
          "moonPhaseDate" : "2019-07-25T01:18+0000",
          "signDate" : "2019-07-29T11:30+0000",
          "timeZone" : 9,
          "date" : "2019-07-28T16:27+0000",
          "moonPhase" : "phase4",
          "age" : 27
        },
        {
          "sign" : "cancer",
          "moonPhaseDate" : "2019-07-25T01:18+0000",
          "signDate" : "2019-07-29T11:30+0000",
          "timeZone" : 9,
          "date" : "2019-07-29T17:19+0000",
          "moonPhase" : "phase4",
          "age" : 28
        },
        {
          "sign" : "leo",
          "moonPhaseDate" : "2019-07-25T01:18+0000",
          "signDate" : "2019-07-31T13:18+0000",
          "timeZone" : 9,
          "date" : "2019-07-30T18:20+0000",
          "moonPhase" : "phase4",
          "age" : 29
        },
        {
          "sign" : "leo",
          "moonPhaseDate" : "2019-08-01T03:12+0000",
          "signDate" : "2019-07-31T13:18+0000",
          "timeZone" : 9,
          "date" : "2019-07-31T19:27+0000",
          "moonPhase" : "newMoon",
          "age" : 30
        },
        {
          "sign" : "leo",
          "moonPhaseDate" : "2019-08-01T03:12+0000",
          "signDate" : "2019-07-31T13:18+0000",
          "timeZone" : 9,
          "date" : "2019-08-01T03:12+0000",
          "moonPhase" : "newMoon",
          "age" : 1
        },
        {
          "sign" : "virgo",
          "moonPhaseDate" : "2019-08-01T03:12+0000",
          "signDate" : "2019-08-02T13:23+0000",
          "timeZone" : 9,
          "date" : "2019-08-01T20:39+0000",
          "moonPhase" : "phase1",
          "age" : 2
        },
        {
          "sign" : "virgo",
          "moonPhaseDate" : "2019-08-01T03:12+0000",
          "signDate" : "2019-08-02T13:23+0000",
          "timeZone" : 9,
          "date" : "2019-08-02T21:52+0000",
          "moonPhase" : "phase1",
          "age" : 3
        },
        {
          "sign" : "libra",
          "moonPhaseDate" : "2019-08-01T03:12+0000",
          "signDate" : "2019-08-04T13:32+0000",
          "timeZone" : 9,
          "moonPhase" : "phase1",
          "date" : "2019-08-03T23:04+0000",
          "age" : 4
        },
        {
          "sign" : "libra",
          "moonPhaseDate" : "2019-08-01T03:12+0000",
          "signDate" : "2019-08-04T13:32+0000",
          "timeZone" : 9,
          "date" : "2019-08-05T00:14+0000",
          "moonPhase" : "phase1",
          "age" : 5
        },
        {
          "sign" : "libra",
          "moonPhaseDate" : "2019-08-01T03:12+0000",
          "signDate" : "2019-08-04T13:32+0000",
          "timeZone" : 9,
          "date" : "2019-08-06T01:22+0000",
          "moonPhase" : "phase1",
          "age" : 6
        },
        {
          "sign" : "scorpio",
          "moonPhaseDate" : "2019-08-01T03:12+0000",
          "signDate" : "2019-08-06T15:31+0000",
          "timeZone" : 9,
          "date" : "2019-08-07T02:28+0000",
          "moonPhase" : "phase1",
          "age" : 7
        },
        {
          "sign" : "scorpio",
          "moonPhaseDate" : "2019-08-07T17:31+0000",
          "signDate" : "2019-08-06T15:31+0000",
          "timeZone" : 9,
          "moonPhase" : "phase2",
          "date" : "2019-08-08T03:33+0000",
          "age" : 8
        },
        {
          "sign" : "sagittarius",
          "moonPhaseDate" : "2019-08-07T17:31+0000",
          "signDate" : "2019-08-08T20:32+0000",
          "timeZone" : 9,
          "date" : "2019-08-09T04:36+0000",
          "moonPhase" : "phase2",
          "age" : 9
        },
        {
          "sign" : "sagittarius",
          "moonPhaseDate" : "2019-08-07T17:31+0000",
          "signDate" : "2019-08-08T20:32+0000",
          "timeZone" : 9,
          "date" : "2019-08-10T05:36+0000",
          "moonPhase" : "phase2",
          "age" : 10
        },
        {
          "sign" : "capricorn",
          "moonPhaseDate" : "2019-08-07T17:31+0000",
          "signDate" : "2019-08-11T04:48+0000",
          "timeZone" : 9,
          "date" : "2019-08-11T06:34+0000",
          "moonPhase" : "phase2",
          "age" : 11
        },
        {
          "sign" : "capricorn",
          "moonPhaseDate" : "2019-08-07T17:31+0000",
          "signDate" : "2019-08-11T04:48+0000",
          "timeZone" : 9,
          "date" : "2019-08-12T07:27+0000",
          "moonPhase" : "phase2",
          "age" : 12
        },
        {
          "sign" : "capricorn",
          "moonPhaseDate" : "2019-08-07T17:31+0000",
          "signDate" : "2019-08-11T04:48+0000",
          "timeZone" : 9,
          "moonPhase" : "phase2",
          "date" : "2019-08-13T08:15+0000",
          "age" : 13
        },
        {
          "sign" : "aquarius",
          "moonPhaseDate" : "2019-08-07T17:31+0000",
          "signDate" : "2019-08-13T15:36+0000",
          "timeZone" : 9,
          "moonPhase" : "phase2",
          "date" : "2019-08-14T08:58+0000",
          "age" : 14
        },
        {
          "sign" : "aquarius",
          "moonPhaseDate" : "2019-08-15T12:29+0000",
          "signDate" : "2019-08-13T15:36+0000",
          "timeZone" : 9,
          "date" : "2019-08-15T09:36+0000",
          "moonPhase" : "fullMoon",
          "age" : 15
        },
        {
          "sign" : "pisces",
          "moonPhaseDate" : "2019-08-15T12:29+0000",
          "signDate" : "2019-08-16T03:50+0000",
          "timeZone" : 9,
          "moonPhase" : "phase3",
          "date" : "2019-08-16T10:09+0000",
          "age" : 16
        },
        {
          "sign" : "pisces",
          "moonPhaseDate" : "2019-08-15T12:29+0000",
          "signDate" : "2019-08-16T03:50+0000",
          "timeZone" : 9,
          "moonPhase" : "phase3",
          "date" : "2019-08-17T10:40+0000",
          "age" : 17
        },
        {
          "sign" : "pisces",
          "moonPhaseDate" : "2019-08-15T12:29+0000",
          "signDate" : "2019-08-16T03:50+0000",
          "timeZone" : 9,
          "date" : "2019-08-18T11:09+0000",
          "moonPhase" : "phase3",
          "age" : 18
        },
        {
          "sign" : "aries",
          "moonPhaseDate" : "2019-08-15T12:29+0000",
          "signDate" : "2019-08-18T16:32+0000",
          "timeZone" : 9,
          "moonPhase" : "phase3",
          "date" : "2019-08-19T11:36+0000",
          "age" : 19
        },
        {
          "sign" : "aries",
          "moonPhaseDate" : "2019-08-15T12:29+0000",
          "signDate" : "2019-08-18T16:32+0000",
          "timeZone" : 9,
          "moonPhase" : "phase3",
          "date" : "2019-08-20T12:04+0000",
          "age" : 20
        },
        {
          "sign" : "taurus",
          "moonPhaseDate" : "2019-08-15T12:29+0000",
          "signDate" : "2019-08-21T04:36+0000",
          "timeZone" : 9,
          "date" : "2019-08-21T12:33+0000",
          "moonPhase" : "phase3",
          "age" : 21
        },
        {
          "sign" : "taurus",
          "moonPhaseDate" : "2019-08-15T12:29+0000",
          "signDate" : "2019-08-21T04:36+0000",
          "timeZone" : 9,
          "moonPhase" : "phase3",
          "date" : "2019-08-22T13:04+0000",
          "age" : 22
        },
        {
          "sign" : "gemini",
          "moonPhaseDate" : "2019-08-23T14:56+0000",
          "signDate" : "2019-08-23T14:34+0000",
          "timeZone" : 9,
          "date" : "2019-08-23T13:39+0000",
          "moonPhase" : "phase4",
          "age" : 23
        },
        {
          "sign" : "gemini",
          "moonPhaseDate" : "2019-08-23T14:56+0000",
          "signDate" : "2019-08-23T14:34+0000",
          "timeZone" : 9,
          "moonPhase" : "phase4",
          "date" : "2019-08-24T14:19+0000",
          "age" : 24
        },
        {
          "sign" : "cancer",
          "moonPhaseDate" : "2019-08-23T14:56+0000",
          "signDate" : "2019-08-25T21:05+0000",
          "timeZone" : 9,
          "date" : "2019-08-25T15:06+0000",
          "moonPhase" : "phase4",
          "age" : 25
        },
        {
          "sign" : "cancer",
          "moonPhaseDate" : "2019-08-23T14:56+0000",
          "signDate" : "2019-08-25T21:05+0000",
          "timeZone" : 9,
          "date" : "2019-08-26T16:01+0000",
          "moonPhase" : "phase4",
          "age" : 26
        },
        {
          "sign" : "leo",
          "moonPhaseDate" : "2019-08-23T14:56+0000",
          "signDate" : "2019-08-27T23:51+0000",
          "timeZone" : 9,
          "date" : "2019-08-27T17:04+0000",
          "moonPhase" : "phase4",
          "age" : 27
        },
        {
          "sign" : "leo",
          "moonPhaseDate" : "2019-08-23T14:56+0000",
          "signDate" : "2019-08-27T23:51+0000",
          "timeZone" : 9,
          "moonPhase" : "phase4",
          "date" : "2019-08-28T18:13+0000",
          "age" : 28
        },
        {
          "sign" : "virgo",
          "moonPhaseDate" : "2019-08-30T10:37+0000",
          "signDate" : "2019-08-29T23:57+0000",
          "timeZone" : 9,
          "moonPhase" : "newMoon",
          "date" : "2019-08-29T19:26+0000",
          "age" : 29
        },
        {
          "sign" : "virgo",
          "moonPhaseDate" : "2019-08-30T10:37+0000",
          "signDate" : "2019-08-29T23:57+0000",
          "timeZone" : 9,
          "moonPhase" : "newMoon",
          "date" : "2019-08-30T10:37+0000",
          "age" : 1
        },
        {
          "sign" : "virgo",
          "moonPhaseDate" : "2019-08-30T10:37+0000",
          "signDate" : "2019-08-29T23:57+0000",
          "timeZone" : 9,
          "date" : "2019-08-30T20:40+0000",
          "moonPhase" : "phase1",
          "age" : 2
        },
        {
          "sign" : "libra",
          "moonPhaseDate" : null,
          "signDate" : "2019-08-31T23:12+0000",
          "timeZone" : 9,
          "moonPhase" : "phase1",
          "date" : "2019-08-31T21:53+0000",
          "age" : 3
        },
        {
          "sign" : "libra",
          "moonPhaseDate" : null,
          "signDate" : "2019-08-31T23:12+0000",
          "timeZone" : 9,
          "date" : "2019-09-01T23:04+0000",
          "moonPhase" : "phase1",
          "age" : 4
        },
        {
          "sign" : "scorpio",
          "moonPhaseDate" : null,
          "signDate" : "2019-09-02T23:38+0000",
          "timeZone" : 9,
          "moonPhase" : "phase1",
          "date" : "2019-09-03T00:14+0000",
          "age" : 5
        },
        {
          "sign" : "scorpio",
          "moonPhaseDate" : null,
          "signDate" : "2019-09-02T23:38+0000",
          "timeZone" : 9,
          "moonPhase" : "phase1",
          "date" : "2019-09-04T01:22+0000",
          "age" : 6
        },
        {
          "sign" : "sagittarius",
          "moonPhaseDate" : null,
          "signDate" : "2019-09-05T03:06+0000",
          "timeZone" : 9,
          "date" : "2019-09-05T02:27+0000",
          "moonPhase" : "phase1",
          "age" : 7
        },
        {
          "sign" : "sagittarius",
          "moonPhaseDate" : "2019-09-06T03:10+0000",
          "signDate" : "2019-09-05T03:06+0000",
          "timeZone" : 9,
          "moonPhase" : "phase2",
          "date" : "2019-09-06T03:30+0000",
          "age" : 8
        },
        {
          "sign" : "capricorn",
          "moonPhaseDate" : "2019-09-06T03:10+0000",
          "signDate" : "2019-09-07T10:35+0000",
          "timeZone" : 9,
          "moonPhase" : "phase2",
          "date" : "2019-09-07T04:30+0000",
          "age" : 9
        },
        {
          "sign" : "capricorn",
          "moonPhaseDate" : "2019-09-06T03:10+0000",
          "signDate" : "2019-09-07T10:35+0000",
          "timeZone" : 9,
          "date" : "2019-09-08T05:25+0000",
          "moonPhase" : "phase2",
          "age" : 10
        },
        {
          "sign" : "capricorn",
          "moonPhaseDate" : "2019-09-06T03:10+0000",
          "signDate" : "2019-09-07T10:35+0000",
          "timeZone" : 9,
          "date" : "2019-09-09T06:14+0000",
          "moonPhase" : "phase2",
          "age" : 11
        },
        {
          "sign" : "aquarius",
          "moonPhaseDate" : "2019-09-06T03:10+0000",
          "signDate" : "2019-09-09T21:25+0000",
          "timeZone" : 9,
          "moonPhase" : "phase2",
          "date" : "2019-09-10T06:58+0000",
          "age" : 12
        },
        {
          "sign" : "aquarius",
          "moonPhaseDate" : "2019-09-06T03:10+0000",
          "signDate" : "2019-09-09T21:25+0000",
          "timeZone" : 9,
          "date" : "2019-09-11T07:37+0000",
          "moonPhase" : "phase2",
          "age" : 13
        },
        {
          "sign" : "pisces",
          "moonPhaseDate" : "2019-09-06T03:10+0000",
          "signDate" : "2019-09-12T09:53+0000",
          "timeZone" : 9,
          "date" : "2019-09-12T08:12+0000",
          "moonPhase" : "phase2",
          "age" : 14
        },
        {
          "sign" : "pisces",
          "moonPhaseDate" : "2019-09-06T03:10+0000",
          "signDate" : "2019-09-12T09:53+0000",
          "timeZone" : 9,
          "date" : "2019-09-13T08:43+0000",
          "moonPhase" : "phase2",
          "age" : 15
        },
        {
          "sign" : "pisces",
          "moonPhaseDate" : "2019-09-14T04:33+0000",
          "signDate" : "2019-09-12T09:53+0000",
          "timeZone" : 9,
          "date" : "2019-09-14T09:12+0000",
          "moonPhase" : "fullMoon",
          "age" : 16
        },
        {
          "sign" : "aries",
          "moonPhaseDate" : "2019-09-14T04:33+0000",
          "signDate" : "2019-09-14T22:32+0000",
          "timeZone" : 9,
          "date" : "2019-09-15T09:40+0000",
          "moonPhase" : "phase3",
          "age" : 17
        },
        {
          "sign" : "aries",
          "moonPhaseDate" : "2019-09-14T04:33+0000",
          "signDate" : "2019-09-14T22:32+0000",
          "timeZone" : 9,
          "moonPhase" : "phase3",
          "date" : "2019-09-16T10:07+0000",
          "age" : 18
        },
        {
          "sign" : "taurus",
          "moonPhaseDate" : "2019-09-14T04:33+0000",
          "signDate" : "2019-09-17T10:30+0000",
          "timeZone" : 9,
          "moonPhase" : "phase3",
          "date" : "2019-09-17T10:35+0000",
          "age" : 19
        },
        {
          "sign" : "taurus",
          "moonPhaseDate" : "2019-09-14T04:33+0000",
          "signDate" : "2019-09-17T10:30+0000",
          "timeZone" : 9,
          "date" : "2019-09-18T11:05+0000",
          "moonPhase" : "phase3",
          "age" : 20
        },
        {
          "sign" : "taurus",
          "moonPhaseDate" : "2019-09-14T04:33+0000",
          "signDate" : "2019-09-17T10:30+0000",
          "timeZone" : 9,
          "date" : "2019-09-19T11:38+0000",
          "moonPhase" : "phase3",
          "age" : 21
        },
        {
          "sign" : "gemini",
          "moonPhaseDate" : "2019-09-14T04:33+0000",
          "signDate" : "2019-09-19T20:58+0000",
          "timeZone" : 9,
          "moonPhase" : "phase3",
          "date" : "2019-09-20T12:15+0000",
          "age" : 22
        },
        {
          "sign" : "gemini",
          "moonPhaseDate" : "2019-09-14T04:33+0000",
          "signDate" : "2019-09-19T20:58+0000",
          "timeZone" : 9,
          "date" : "2019-09-21T12:59+0000",
          "moonPhase" : "phase3",
          "age" : 23
        },
        {
          "sign" : "cancer",
          "moonPhaseDate" : "2019-09-22T02:41+0000",
          "signDate" : "2019-09-22T04:52+0000",
          "timeZone" : 9,
          "moonPhase" : "phase4",
          "date" : "2019-09-22T13:49+0000",
          "age" : 24
        },
        {
          "sign" : "cancer",
          "moonPhaseDate" : "2019-09-22T02:41+0000",
          "signDate" : "2019-09-22T04:52+0000",
          "timeZone" : 9,
          "date" : "2019-09-23T14:46+0000",
          "moonPhase" : "phase4",
          "age" : 25
        },
        {
          "sign" : "leo",
          "moonPhaseDate" : "2019-09-22T02:41+0000",
          "signDate" : "2019-09-22T04:52+0000",
          "timeZone" : 9,
          "date" : "2019-09-24T15:51+0000",
          "moonPhase" : "phase4",
          "age" : 26
        },
        {
          "sign" : "virgo",
          "moonPhaseDate" : "2019-09-22T02:41+0000",
          "signDate" : "2019-09-26T10:35+0000",
          "timeZone" : 9,
          "date" : "2019-09-25T17:00+0000",
          "moonPhase" : "phase4",
          "age" : 27
        },
        {
          "sign" : "virgo",
          "moonPhaseDate" : "2019-09-22T02:41+0000",
          "signDate" : "2019-09-26T10:35+0000",
          "timeZone" : 9,
          "date" : "2019-09-26T18:13+0000",
          "moonPhase" : "phase4",
          "age" : 28
        },
        {
          "sign" : "libra",
          "moonPhaseDate" : "2019-09-22T02:41+0000",
          "signDate" : "2019-09-28T10:04+0000",
          "timeZone" : 9,
          "date" : "2019-09-27T19:26+0000",
          "moonPhase" : "phase4",
          "age" : 29
        },
        {
          "sign" : "libra",
          "moonPhaseDate" : "2019-09-28T18:26+0000",
          "signDate" : "2019-09-28T10:04+0000",
          "timeZone" : 9,
          "date" : "2019-09-28T18:26+0000",
          "moonPhase" : "newMoon",
          "age" : 1
        },
        {
          "sign" : "libra",
          "moonPhaseDate" : "2019-09-28T18:26+0000",
          "signDate" : "2019-09-28T10:04+0000",
          "timeZone" : 9,
          "moonPhase" : "newMoon",
          "date" : "2019-09-28T20:39+0000",
          "age" : 2
        },
        {
          "sign" : "scorpio",
          "moonPhaseDate" : "2019-09-28T18:26+0000",
          "signDate" : "2019-09-30T09:45+0000",
          "timeZone" : 9,
          "date" : "2019-09-29T21:51+0000",
          "moonPhase" : "phase1",
          "age" : 3
        },
        {
          "sign" : "scorpio",
          "moonPhaseDate" : null,
          "signDate" : "2019-09-30T09:45+0000",
          "timeZone" : 9,
          "moonPhase" : "phase1",
          "date" : "2019-09-30T23:01+0000",
          "age" : 4
        },
        {
          "sign" : "sagittarius",
          "moonPhaseDate" : null,
          "signDate" : "2019-10-02T11:45+0000",
          "timeZone" : 9,
          "date" : "2019-10-02T00:11+0000",
          "moonPhase" : "phase1",
          "age" : 5
        },
        {
          "sign" : "sagittarius",
          "moonPhaseDate" : null,
          "signDate" : "2019-10-02T11:45+0000",
          "timeZone" : 9,
          "moonPhase" : "phase1",
          "date" : "2019-10-03T01:17+0000",
          "age" : 6
        },
        {
          "sign" : "sagittarius",
          "moonPhaseDate" : null,
          "signDate" : "2019-10-02T11:45+0000",
          "timeZone" : 9,
          "date" : "2019-10-04T02:21+0000",
          "moonPhase" : "phase1",
          "age" : 7
        },
        {
          "sign" : "capricorn",
          "moonPhaseDate" : null,
          "signDate" : "2019-10-04T17:41+0000",
          "timeZone" : 9,
          "moonPhase" : "phase1",
          "date" : "2019-10-05T03:19+0000",
          "age" : 8
        },
        {
          "sign" : "capricorn",
          "moonPhaseDate" : "2019-10-05T16:47+0000",
          "signDate" : "2019-10-04T17:41+0000",
          "timeZone" : 9,
          "moonPhase" : "phase2",
          "date" : "2019-10-06T04:11+0000",
          "age" : 9
        },
        {
          "sign" : "aquarius",
          "moonPhaseDate" : "2019-10-05T16:47+0000",
          "signDate" : "2019-10-07T03:43+0000",
          "timeZone" : 9,
          "moonPhase" : "phase2",
          "date" : "2019-10-07T04:57+0000",
          "age" : 10
        },
        {
          "sign" : "aquarius",
          "moonPhaseDate" : "2019-10-05T16:47+0000",
          "signDate" : "2019-10-07T03:43+0000",
          "timeZone" : 9,
          "date" : "2019-10-08T05:38+0000",
          "moonPhase" : "phase2",
          "age" : 11
        },
        {
          "sign" : "aquarius",
          "moonPhaseDate" : "2019-10-05T16:47+0000",
          "signDate" : "2019-10-07T03:43+0000",
          "timeZone" : 9,
          "date" : "2019-10-09T06:14+0000",
          "moonPhase" : "phase2",
          "age" : 12
        },
        {
          "sign" : "pisces",
          "moonPhaseDate" : "2019-10-05T16:47+0000",
          "signDate" : "2019-10-09T16:08+0000",
          "timeZone" : 9,
          "moonPhase" : "phase2",
          "date" : "2019-10-10T06:46+0000",
          "age" : 13
        },
        {
          "sign" : "pisces",
          "moonPhaseDate" : "2019-10-05T16:47+0000",
          "signDate" : "2019-10-09T16:08+0000",
          "timeZone" : 9,
          "date" : "2019-10-11T07:15+0000",
          "moonPhase" : "phase2",
          "age" : 14
        },
        {
          "sign" : "aries",
          "moonPhaseDate" : "2019-10-05T16:47+0000",
          "signDate" : "2019-10-12T04:46+0000",
          "timeZone" : 9,
          "date" : "2019-10-12T07:43+0000",
          "moonPhase" : "phase2",
          "age" : 15
        },
        {
          "sign" : "aries",
          "moonPhaseDate" : "2019-10-05T16:47+0000",
          "signDate" : "2019-10-12T04:46+0000",
          "timeZone" : 9,
          "date" : "2019-10-13T08:10+0000",
          "moonPhase" : "phase2",
          "age" : 16
        },
        {
          "sign" : "aries",
          "moonPhaseDate" : "2019-10-13T21:08+0000",
          "signDate" : "2019-10-12T04:46+0000",
          "timeZone" : 9,
          "date" : "2019-10-14T08:38+0000",
          "moonPhase" : "fullMoon",
          "age" : 17
        },
        {
          "sign" : "taurus",
          "moonPhaseDate" : "2019-10-13T21:08+0000",
          "signDate" : "2019-10-14T16:23+0000",
          "timeZone" : 9,
          "date" : "2019-10-15T09:07+0000",
          "moonPhase" : "phase3",
          "age" : 18
        },
        {
          "sign" : "taurus",
          "moonPhaseDate" : "2019-10-13T21:08+0000",
          "signDate" : "2019-10-14T16:23+0000",
          "timeZone" : 9,
          "date" : "2019-10-16T09:39+0000",
          "moonPhase" : "phase3",
          "age" : 19
        },
        {
          "sign" : "gemini",
          "moonPhaseDate" : "2019-10-13T21:08+0000",
          "signDate" : "2019-10-17T02:29+0000",
          "timeZone" : 9,
          "date" : "2019-10-17T10:15+0000",
          "moonPhase" : "phase3",
          "age" : 20
        },
        {
          "sign" : "gemini",
          "moonPhaseDate" : "2019-10-13T21:08+0000",
          "signDate" : "2019-10-17T02:29+0000",
          "timeZone" : 9,
          "date" : "2019-10-18T10:56+0000",
          "moonPhase" : "phase3",
          "age" : 21
        },
        {
          "sign" : "cancer",
          "moonPhaseDate" : "2019-10-13T21:08+0000",
          "signDate" : "2019-10-19T10:42+0000",
          "timeZone" : 9,
          "moonPhase" : "phase3",
          "date" : "2019-10-19T11:43+0000",
          "age" : 22
        },
        {
          "sign" : "cancer",
          "moonPhaseDate" : "2019-10-13T21:08+0000",
          "signDate" : "2019-10-19T10:42+0000",
          "timeZone" : 9,
          "moonPhase" : "phase3",
          "date" : "2019-10-20T12:37+0000",
          "age" : 23
        },
        {
          "sign" : "cancer",
          "moonPhaseDate" : "2019-10-21T12:39+0000",
          "signDate" : "2019-10-19T10:42+0000",
          "timeZone" : 9,
          "moonPhase" : "phase4",
          "date" : "2019-10-21T13:38+0000",
          "age" : 24
        },
        {
          "sign" : "leo",
          "moonPhaseDate" : "2019-10-21T12:39+0000",
          "signDate" : "2019-10-21T16:30+0000",
          "timeZone" : 9,
          "date" : "2019-10-22T14:44+0000",
          "moonPhase" : "phase4",
          "age" : 25
        },
        {
          "sign" : "virgo",
          "moonPhaseDate" : "2019-10-21T12:39+0000",
          "signDate" : "2019-10-23T19:30+0000",
          "timeZone" : 9,
          "moonPhase" : "phase4",
          "date" : "2019-10-23T15:52+0000",
          "age" : 26
        },
        {
          "sign" : "virgo",
          "moonPhaseDate" : "2019-10-21T12:39+0000",
          "signDate" : "2019-10-23T19:30+0000",
          "timeZone" : 9,
          "date" : "2019-10-24T17:03+0000",
          "moonPhase" : "phase4",
          "age" : 27
        },
        {
          "sign" : "libra",
          "moonPhaseDate" : "2019-10-21T12:39+0000",
          "signDate" : "2019-10-25T20:20+0000",
          "timeZone" : 9,
          "date" : "2019-10-25T18:14+0000",
          "moonPhase" : "phase4",
          "age" : 28
        },
        {
          "sign" : "libra",
          "moonPhaseDate" : "2019-10-21T12:39+0000",
          "signDate" : "2019-10-25T20:20+0000",
          "timeZone" : 9,
          "moonPhase" : "phase4",
          "date" : "2019-10-26T19:25+0000",
          "age" : 29
        },
        {
          "sign" : "scorpio",
          "moonPhaseDate" : "2019-10-28T03:38+0000",
          "signDate" : "2019-10-27T20:31+0000",
          "timeZone" : 9,
          "date" : "2019-10-27T20:36+0000",
          "moonPhase" : "newMoon",
          "age" : 30
        },
        {
          "sign" : "scorpio",
          "moonPhaseDate" : "2019-10-28T03:38+0000",
          "signDate" : "2019-10-27T20:31+0000",
          "timeZone" : 9,
          "moonPhase" : "newMoon",
          "date" : "2019-10-28T03:38+0000",
          "age" : 1
        },
        {
          "sign" : "scorpio",
          "moonPhaseDate" : "2019-10-28T03:38+0000",
          "signDate" : "2019-10-27T20:31+0000",
          "timeZone" : 9,
          "date" : "2019-10-28T21:47+0000",
          "moonPhase" : "phase1",
          "age" : 2
        },
        {
          "sign" : "sagittarius",
          "moonPhaseDate" : "2019-10-28T03:38+0000",
          "signDate" : "2019-10-29T22:00+0000",
          "timeZone" : 9,
          "date" : "2019-10-29T22:57+0000",
          "moonPhase" : "phase1",
          "age" : 3
        },
        {
          "sign" : "sagittarius",
          "moonPhaseDate" : "2019-10-28T03:38+0000",
          "signDate" : "2019-10-29T22:00+0000",
          "timeZone" : 9,
          "date" : "2019-10-31T00:04+0000",
          "moonPhase" : "phase1",
          "age" : 4
        },
        {
          "sign" : "capricorn",
          "moonPhaseDate" : null,
          "signDate" : "2019-11-01T02:38+0000",
          "timeZone" : 9,
          "date" : "2019-11-01T01:06+0000",
          "moonPhase" : "phase1",
          "age" : 5
        },
        {
          "sign" : "capricorn",
          "moonPhaseDate" : null,
          "signDate" : "2019-11-01T02:38+0000",
          "timeZone" : 9,
          "date" : "2019-11-02T02:03+0000",
          "moonPhase" : "phase1",
          "age" : 6
        },
        {
          "sign" : "aquarius",
          "moonPhaseDate" : null,
          "signDate" : "2019-11-03T11:21+0000",
          "timeZone" : 9,
          "date" : "2019-11-03T02:53+0000",
          "moonPhase" : "phase1",
          "age" : 7
        },
        {
          "sign" : "aquarius",
          "moonPhaseDate" : "2019-11-04T10:23+0000",
          "signDate" : "2019-11-03T11:21+0000",
          "timeZone" : 9,
          "date" : "2019-11-04T03:36+0000",
          "moonPhase" : "phase2",
          "age" : 8
        },
        {
          "sign" : "aquarius",
          "moonPhaseDate" : "2019-11-04T10:23+0000",
          "signDate" : "2019-11-03T11:21+0000",
          "timeZone" : 9,
          "date" : "2019-11-05T04:14+0000",
          "moonPhase" : "phase2",
          "age" : 9
        },
        {
          "sign" : "pisces",
          "moonPhaseDate" : "2019-11-04T10:23+0000",
          "signDate" : "2019-11-05T23:11+0000",
          "timeZone" : 9,
          "moonPhase" : "phase2",
          "date" : "2019-11-06T04:48+0000",
          "age" : 10
        },
        {
          "sign" : "pisces",
          "moonPhaseDate" : "2019-11-04T10:23+0000",
          "signDate" : "2019-11-05T23:11+0000",
          "timeZone" : 9,
          "moonPhase" : "phase2",
          "date" : "2019-11-07T05:18+0000",
          "age" : 11
        },
        {
          "sign" : "aries",
          "moonPhaseDate" : "2019-11-04T10:23+0000",
          "signDate" : "2019-11-08T11:50+0000",
          "timeZone" : 9,
          "moonPhase" : "phase2",
          "date" : "2019-11-08T05:46+0000",
          "age" : 12
        },
        {
          "sign" : "aries",
          "moonPhaseDate" : "2019-11-04T10:23+0000",
          "signDate" : "2019-11-08T11:50+0000",
          "timeZone" : 9,
          "moonPhase" : "phase2",
          "date" : "2019-11-09T06:13+0000",
          "age" : 13
        },
        {
          "sign" : "aries",
          "moonPhaseDate" : "2019-11-04T10:23+0000",
          "signDate" : "2019-11-08T11:50+0000",
          "timeZone" : 9,
          "moonPhase" : "phase2",
          "date" : "2019-11-10T06:41+0000",
          "age" : 14
        },
        {
          "sign" : "taurus",
          "moonPhaseDate" : "2019-11-04T10:23+0000",
          "signDate" : "2019-11-10T23:19+0000",
          "timeZone" : 9,
          "date" : "2019-11-11T07:09+0000",
          "moonPhase" : "phase2",
          "age" : 15
        },
        {
          "sign" : "taurus",
          "moonPhaseDate" : "2019-11-12T13:35+0000",
          "signDate" : "2019-11-10T23:19+0000",
          "timeZone" : 9,
          "moonPhase" : "fullMoon",
          "date" : "2019-11-12T07:40+0000",
          "age" : 16
        },
        {
          "sign" : "gemini",
          "moonPhaseDate" : "2019-11-12T13:35+0000",
          "signDate" : "2019-11-13T08:45+0000",
          "timeZone" : 9,
          "moonPhase" : "phase3",
          "date" : "2019-11-13T08:15+0000",
          "age" : 17
        },
        {
          "sign" : "gemini",
          "moonPhaseDate" : "2019-11-12T13:35+0000",
          "signDate" : "2019-11-13T08:45+0000",
          "timeZone" : 9,
          "date" : "2019-11-14T08:54+0000",
          "moonPhase" : "phase3",
          "age" : 18
        },
        {
          "sign" : "gemini",
          "moonPhaseDate" : "2019-11-12T13:35+0000",
          "signDate" : "2019-11-13T08:45+0000",
          "timeZone" : 9,
          "moonPhase" : "phase3",
          "date" : "2019-11-15T09:40+0000",
          "age" : 19
        },
        {
          "sign" : "cancer",
          "moonPhaseDate" : "2019-11-12T13:35+0000",
          "signDate" : "2019-11-15T16:12+0000",
          "timeZone" : 9,
          "date" : "2019-11-16T10:32+0000",
          "moonPhase" : "phase3",
          "age" : 20
        },
        {
          "sign" : "cancer",
          "moonPhaseDate" : "2019-11-12T13:35+0000",
          "signDate" : "2019-11-15T16:12+0000",
          "timeZone" : 9,
          "date" : "2019-11-17T11:31+0000",
          "moonPhase" : "phase3",
          "age" : 21
        },
        {
          "sign" : "leo",
          "moonPhaseDate" : "2019-11-12T13:35+0000",
          "signDate" : "2019-11-17T21:54+0000",
          "timeZone" : 9,
          "moonPhase" : "phase3",
          "date" : "2019-11-18T12:35+0000",
          "age" : 22
        },
        {
          "sign" : "leo",
          "moonPhaseDate" : "2019-11-12T13:35+0000",
          "signDate" : "2019-11-17T21:54+0000",
          "timeZone" : 9,
          "date" : "2019-11-19T13:42+0000",
          "moonPhase" : "phase3",
          "age" : 23
        },
        {
          "sign" : "virgo",
          "moonPhaseDate" : "2019-11-19T21:11+0000",
          "signDate" : "2019-11-20T01:54+0000",
          "timeZone" : 9,
          "date" : "2019-11-20T14:50+0000",
          "moonPhase" : "phase4",
          "age" : 24
        },
        {
          "sign" : "libra",
          "moonPhaseDate" : "2019-11-19T21:11+0000",
          "signDate" : "2019-11-22T04:22+0000",
          "timeZone" : 9,
          "moonPhase" : "phase4",
          "date" : "2019-11-21T15:58+0000",
          "age" : 25
        },
        {
          "sign" : "libra",
          "moonPhaseDate" : "2019-11-19T21:11+0000",
          "signDate" : "2019-11-22T04:22+0000",
          "timeZone" : 9,
          "moonPhase" : "phase4",
          "date" : "2019-11-22T17:07+0000",
          "age" : 26
        },
        {
          "sign" : "scorpio",
          "moonPhaseDate" : "2019-11-19T21:11+0000",
          "signDate" : "2019-11-24T06:01+0000",
          "timeZone" : 9,
          "date" : "2019-11-23T18:16+0000",
          "moonPhase" : "phase4",
          "age" : 27
        },
        {
          "sign" : "scorpio",
          "moonPhaseDate" : "2019-11-19T21:11+0000",
          "signDate" : "2019-11-24T06:01+0000",
          "timeZone" : 9,
          "date" : "2019-11-24T19:25+0000",
          "moonPhase" : "phase4",
          "age" : 28
        },
        {
          "sign" : "sagittarius",
          "moonPhaseDate" : "2019-11-19T21:11+0000",
          "signDate" : "2019-11-26T08:12+0000",
          "timeZone" : 9,
          "date" : "2019-11-25T20:34+0000",
          "moonPhase" : "phase4",
          "age" : 29
        },
        {
          "sign" : "sagittarius",
          "moonPhaseDate" : "2019-11-26T15:06+0000",
          "signDate" : "2019-11-26T08:12+0000",
          "timeZone" : 9,
          "date" : "2019-11-26T15:06+0000",
          "moonPhase" : "newMoon",
          "age" : 1
        },
        {
          "sign" : "sagittarius",
          "moonPhaseDate" : "2019-11-26T15:06+0000",
          "signDate" : "2019-11-26T08:12+0000",
          "timeZone" : 9,
          "moonPhase" : "newMoon",
          "date" : "2019-11-26T21:43+0000",
          "age" : 2
        },
        {
          "sign" : "capricorn",
          "moonPhaseDate" : "2019-11-26T15:06+0000",
          "signDate" : "2019-11-28T12:32+0000",
          "timeZone" : 9,
          "moonPhase" : "phase1",
          "date" : "2019-11-27T22:48+0000",
          "age" : 3
        },
        {
          "sign" : "capricorn",
          "moonPhaseDate" : "2019-11-26T15:06+0000",
          "signDate" : "2019-11-28T12:32+0000",
          "timeZone" : 9,
          "date" : "2019-11-28T23:49+0000",
          "moonPhase" : "phase1",
          "age" : 4
        },
        {
          "sign" : "capricorn",
          "moonPhaseDate" : "2019-11-26T15:06+0000",
          "signDate" : "2019-11-28T12:32+0000",
          "timeZone" : 9,
          "moonPhase" : "phase1",
          "date" : "2019-11-30T00:44+0000",
          "age" : 5
        },
        {
          "sign" : "aquarius",
          "moonPhaseDate" : null,
          "signDate" : "2019-11-30T20:15+0000",
          "timeZone" : 9,
          "date" : "2019-12-01T01:31+0000",
          "moonPhase" : "phase1",
          "age" : 6
        },
        {
          "sign" : "aquarius",
          "moonPhaseDate" : null,
          "signDate" : "2019-11-30T20:15+0000",
          "timeZone" : 9,
          "date" : "2019-12-02T02:12+0000",
          "moonPhase" : "phase1",
          "age" : 7
        },
        {
          "sign" : "pisces",
          "moonPhaseDate" : null,
          "signDate" : "2019-12-03T07:14+0000",
          "timeZone" : 9,
          "date" : "2019-12-03T02:47+0000",
          "moonPhase" : "phase1",
          "age" : 8
        },
        {
          "sign" : "pisces",
          "moonPhaseDate" : "2019-12-04T06:58+0000",
          "signDate" : "2019-12-03T07:14+0000",
          "timeZone" : 9,
          "date" : "2019-12-04T03:19+0000",
          "moonPhase" : "phase2",
          "age" : 9
        },
        {
          "sign" : "pisces",
          "moonPhaseDate" : "2019-12-04T06:58+0000",
          "signDate" : "2019-12-03T07:14+0000",
          "timeZone" : 9,
          "date" : "2019-12-05T03:48+0000",
          "moonPhase" : "phase2",
          "age" : 10
        },
        {
          "sign" : "aries",
          "moonPhaseDate" : "2019-12-04T06:58+0000",
          "signDate" : "2019-12-05T19:46+0000",
          "timeZone" : 9,
          "date" : "2019-12-06T04:14+0000",
          "moonPhase" : "phase2",
          "age" : 11
        },
        {
          "sign" : "aries",
          "moonPhaseDate" : "2019-12-04T06:58+0000",
          "signDate" : "2019-12-05T19:46+0000",
          "timeZone" : 9,
          "moonPhase" : "phase2",
          "date" : "2019-12-07T04:42+0000",
          "age" : 12
        },
        {
          "sign" : "taurus",
          "moonPhaseDate" : "2019-12-04T06:58+0000",
          "signDate" : "2019-12-08T07:31+0000",
          "timeZone" : 9,
          "moonPhase" : "phase2",
          "date" : "2019-12-08T05:10+0000",
          "age" : 13
        },
        {
          "sign" : "taurus",
          "moonPhaseDate" : "2019-12-04T06:58+0000",
          "signDate" : "2019-12-08T07:31+0000",
          "timeZone" : 9,
          "moonPhase" : "phase2",
          "date" : "2019-12-09T05:39+0000",
          "age" : 14
        },
        {
          "sign" : "taurus",
          "moonPhaseDate" : "2019-12-04T06:58+0000",
          "signDate" : "2019-12-08T07:31+0000",
          "timeZone" : 9,
          "moonPhase" : "phase2",
          "date" : "2019-12-10T06:12+0000",
          "age" : 15
        },
        {
          "sign" : "gemini",
          "moonPhaseDate" : "2019-12-04T06:58+0000",
          "signDate" : "2019-12-10T16:49+0000",
          "timeZone" : 9,
          "date" : "2019-12-11T06:50+0000",
          "moonPhase" : "phase2",
          "age" : 16
        },
        {
          "sign" : "gemini",
          "moonPhaseDate" : "2019-12-12T05:12+0000",
          "signDate" : "2019-12-10T16:49+0000",
          "timeZone" : 9,
          "date" : "2019-12-12T07:34+0000",
          "moonPhase" : "fullMoon",
          "age" : 17
        },
        {
          "sign" : "cancer",
          "moonPhaseDate" : "2019-12-12T05:12+0000",
          "signDate" : "2019-12-12T23:24+0000",
          "timeZone" : 9,
          "date" : "2019-12-13T08:25+0000",
          "moonPhase" : "phase3",
          "age" : 18
        },
        {
          "sign" : "cancer",
          "moonPhaseDate" : "2019-12-12T05:12+0000",
          "signDate" : "2019-12-12T23:24+0000",
          "timeZone" : 9,
          "moonPhase" : "phase3",
          "date" : "2019-12-14T09:23+0000",
          "age" : 19
        },
        {
          "sign" : "leo",
          "moonPhaseDate" : "2019-12-12T05:12+0000",
          "signDate" : "2019-12-15T03:53+0000",
          "timeZone" : 9,
          "date" : "2019-12-15T10:27+0000",
          "moonPhase" : "phase3",
          "age" : 20
        },
        {
          "sign" : "leo",
          "moonPhaseDate" : "2019-12-12T05:12+0000",
          "signDate" : "2019-12-15T03:53+0000",
          "timeZone" : 9,
          "date" : "2019-12-16T11:34+0000",
          "moonPhase" : "phase3",
          "age" : 21
        },
        {
          "sign" : "virgo",
          "moonPhaseDate" : "2019-12-12T05:12+0000",
          "signDate" : "2019-12-17T07:13+0000",
          "timeZone" : 9,
          "moonPhase" : "phase3",
          "date" : "2019-12-17T12:42+0000",
          "age" : 22
        },
        {
          "sign" : "virgo",
          "moonPhaseDate" : "2019-12-12T05:12+0000",
          "signDate" : "2019-12-17T07:13+0000",
          "timeZone" : 9,
          "date" : "2019-12-18T13:50+0000",
          "moonPhase" : "phase3",
          "age" : 23
        },
        {
          "sign" : "libra",
          "moonPhaseDate" : "2019-12-19T04:57+0000",
          "signDate" : "2019-12-19T10:05+0000",
          "timeZone" : 9,
          "moonPhase" : "phase4",
          "date" : "2019-12-19T14:58+0000",
          "age" : 24
        },
        {
          "sign" : "scorpio",
          "moonPhaseDate" : "2019-12-19T04:57+0000",
          "signDate" : "2019-12-21T13:01+0000",
          "timeZone" : 9,
          "moonPhase" : "phase4",
          "date" : "2019-12-20T16:05+0000",
          "age" : 25
        },
        {
          "sign" : "scorpio",
          "moonPhaseDate" : "2019-12-19T04:57+0000",
          "signDate" : "2019-12-21T13:01+0000",
          "timeZone" : 9,
          "date" : "2019-12-21T17:11+0000",
          "moonPhase" : "phase4",
          "age" : 26
        },
        {
          "sign" : "scorpio",
          "moonPhaseDate" : "2019-12-19T04:57+0000",
          "signDate" : "2019-12-21T13:01+0000",
          "timeZone" : 9,
          "date" : "2019-12-22T18:19+0000",
          "moonPhase" : "phase4",
          "age" : 27
        },
        {
          "sign" : "sagittarius",
          "moonPhaseDate" : "2019-12-19T04:57+0000",
          "signDate" : "2019-12-23T16:37+0000",
          "timeZone" : 9,
          "moonPhase" : "phase4",
          "date" : "2019-12-23T19:26+0000",
          "age" : 28
        },
        {
          "sign" : "sagittarius",
          "moonPhaseDate" : "2019-12-19T04:57+0000",
          "signDate" : "2019-12-23T16:37+0000",
          "timeZone" : 9,
          "date" : "2019-12-24T20:31+0000",
          "moonPhase" : "phase4",
          "age" : 29
        },
        {
          "sign" : "capricorn",
          "moonPhaseDate" : "2019-12-26T05:13+0000",
          "signDate" : "2019-12-25T21:46+0000",
          "timeZone" : 9,
          "moonPhase" : "newMoon",
          "date" : "2019-12-25T21:34+0000",
          "age" : 30
        },
        {
          "sign" : "capricorn",
          "moonPhaseDate" : "2019-12-26T05:13+0000",
          "signDate" : "2019-12-25T21:46+0000",
          "timeZone" : 9,
          "moonPhase" : "newMoon",
          "date" : "2019-12-26T05:13+0000",
          "age" : 1
        },
        {
          "sign" : "capricorn",
          "moonPhaseDate" : "2019-12-26T05:13+0000",
          "signDate" : "2019-12-25T21:46+0000",
          "timeZone" : 9,
          "date" : "2019-12-26T22:31+0000",
          "moonPhase" : "phase1",
          "age" : 2
        },
        {
          "sign" : "aquarius",
          "moonPhaseDate" : "2019-12-26T05:13+0000",
          "signDate" : "2019-12-28T05:21+0000",
          "timeZone" : 9,
          "date" : "2019-12-27T23:22+0000",
          "moonPhase" : "phase1",
          "age" : 3
        },
        {
          "sign" : "aquarius",
          "moonPhaseDate" : "2019-12-26T05:13+0000",
          "signDate" : "2019-12-28T05:21+0000",
          "timeZone" : 9,
          "moonPhase" : "phase1",
          "date" : "2019-12-29T00:07+0000",
          "age" : 4
        },
        {
          "moonPhaseDate" : "2019-12-26T05:13+0000",
          "moonPhase" : "phase1",
          "timeZone" : 9,
          "date" : "2019-12-30T00:45+0000",
          "sign" : "aquarius",
          "age" : 5,
          "signDate" : "2019-12-28T05:21+0000"
        },
        {
          "sign" : "pisces",
          "moonPhaseDate" : "2019-12-26T05:13+0000",
          "signDate" : "2019-12-30T15:43+0000",
          "timeZone" : 9,
          "moonPhase" : "phase1",
          "date" : "2019-12-31T01:18+0000",
          "age" : 6
        },
        {
          "sign" : "pisces",
          "moonPhaseDate" : null,
          "signDate" : "2019-12-30T15:43+0000",
          "timeZone" : 9,
          "date" : "2020-01-01T01:48+0000",
          "moonPhase" : "phase1",
          "age" : 7
        },
        {
          "sign" : "aries",
          "moonPhaseDate" : null,
          "signDate" : "2020-01-02T04:01+0000",
          "timeZone" : 9,
          "date" : "2020-01-02T02:16+0000",
          "moonPhase" : "phase1",
          "age" : 8
        },
        {
          "sign" : "aries",
          "moonPhaseDate" : "2020-01-03T04:45+0000",
          "signDate" : "2020-01-02T04:01+0000",
          "timeZone" : 9,
          "date" : "2020-01-03T02:43+0000",
          "moonPhase" : "phase2",
          "age" : 9
        },
        {
          "sign" : "aries",
          "moonPhaseDate" : "2020-01-03T04:45+0000",
          "signDate" : "2020-01-02T04:01+0000",
          "timeZone" : 9,
          "date" : "2020-01-04T03:10+0000",
          "moonPhase" : "phase2",
          "age" : 10
        },
        {
          "sign" : "taurus",
          "moonPhaseDate" : "2020-01-03T04:45+0000",
          "signDate" : "2020-01-04T16:15+0000",
          "timeZone" : 9,
          "date" : "2020-01-05T03:38+0000",
          "moonPhase" : "phase2",
          "age" : 11
        },
        {
          "sign" : "taurus",
          "moonPhaseDate" : "2020-01-03T04:45+0000",
          "signDate" : "2020-01-04T16:15+0000",
          "timeZone" : 9,
          "date" : "2020-01-06T04:09+0000",
          "moonPhase" : "phase2",
          "age" : 12
        },
        {
          "sign" : "gemini",
          "moonPhaseDate" : "2020-01-03T04:45+0000",
          "signDate" : "2020-01-07T02:13+0000",
          "timeZone" : 9,
          "date" : "2020-01-07T04:44+0000",
          "moonPhase" : "phase2",
          "age" : 13
        },
        {
          "sign" : "gemini",
          "moonPhaseDate" : "2020-01-03T04:45+0000",
          "signDate" : "2020-01-07T02:13+0000",
          "timeZone" : 9,
          "date" : "2020-01-08T05:24+0000",
          "moonPhase" : "phase2",
          "age" : 14
        },
        {
          "sign" : "cancer",
          "moonPhaseDate" : "2020-01-03T04:45+0000",
          "signDate" : "2020-01-09T08:45+0000",
          "timeZone" : 9,
          "date" : "2020-01-09T06:12+0000",
          "moonPhase" : "phase2",
          "age" : 15
        },
        {
          "sign" : "cancer",
          "moonPhaseDate" : "2020-01-03T04:45+0000",
          "signDate" : "2020-01-09T08:45+0000",
          "timeZone" : 9,
          "moonPhase" : "phase2",
          "date" : "2020-01-10T07:08+0000",
          "age" : 16
        },
        {
          "sign" : "leo",
          "moonPhaseDate" : "2020-01-10T19:21+0000",
          "signDate" : "2020-01-11T12:16+0000",
          "timeZone" : 9,
          "date" : "2020-01-11T08:11+0000",
          "moonPhase" : "fullMoon",
          "age" : 17
        },
        {
          "sign" : "leo",
          "moonPhaseDate" : "2020-01-10T19:21+0000",
          "signDate" : "2020-01-11T12:16+0000",
          "timeZone" : 9,
          "date" : "2020-01-12T09:18+0000",
          "moonPhase" : "phase3",
          "age" : 18
        },
        {
          "sign" : "virgo",
          "moonPhaseDate" : "2020-01-10T19:21+0000",
          "signDate" : "2020-01-13T14:05+0000",
          "timeZone" : 9,
          "moonPhase" : "phase3",
          "date" : "2020-01-13T10:30+0000",
          "age" : 19
        },
        {
          "sign" : "virgo",
          "moonPhaseDate" : "2020-01-10T19:21+0000",
          "signDate" : "2020-01-13T14:05+0000",
          "timeZone" : 9,
          "date" : "2020-01-14T11:40+0000",
          "moonPhase" : "phase3",
          "age" : 20
        },
        {
          "sign" : "virgo",
          "moonPhaseDate" : "2020-01-10T19:21+0000",
          "signDate" : "2020-01-13T14:05+0000",
          "timeZone" : 9,
          "date" : "2020-01-15T12:49+0000",
          "moonPhase" : "phase3",
          "age" : 21
        },
        {
          "sign" : "libra",
          "moonPhaseDate" : "2020-01-10T19:21+0000",
          "signDate" : "2020-01-15T15:42+0000",
          "timeZone" : 9,
          "moonPhase" : "phase3",
          "date" : "2020-01-16T13:57+0000",
          "age" : 22
        },
        {
          "sign" : "scorpio",
          "moonPhaseDate" : "2020-01-17T12:58+0000",
          "signDate" : "2020-01-17T18:21+0000",
          "timeZone" : 9,
          "date" : "2020-01-17T15:04+0000",
          "moonPhase" : "phase4",
          "age" : 23
        },
        {
          "sign" : "scorpio",
          "moonPhaseDate" : "2020-01-17T12:58+0000",
          "signDate" : "2020-01-17T18:21+0000",
          "timeZone" : 9,
          "date" : "2020-01-18T16:11+0000",
          "moonPhase" : "phase4",
          "age" : 24
        },
        {
          "sign" : "sagittarius",
          "moonPhaseDate" : "2020-01-17T12:58+0000",
          "signDate" : "2020-01-19T22:43+0000",
          "timeZone" : 9,
          "moonPhase" : "phase4",
          "date" : "2020-01-19T17:17+0000",
          "age" : 25
        },
        {
          "sign" : "sagittarius",
          "moonPhaseDate" : "2020-01-17T12:58+0000",
          "signDate" : "2020-01-19T22:43+0000",
          "timeZone" : 9,
          "date" : "2020-01-20T18:21+0000",
          "moonPhase" : "phase4",
          "age" : 26
        },
        {
          "sign" : "capricorn",
          "moonPhaseDate" : "2020-01-17T12:58+0000",
          "signDate" : "2020-01-22T05:02+0000",
          "timeZone" : 9,
          "date" : "2020-01-21T19:24+0000",
          "moonPhase" : "phase4",
          "age" : 27
        },
        {
          "sign" : "capricorn",
          "moonPhaseDate" : "2020-01-17T12:58+0000",
          "signDate" : "2020-01-22T05:02+0000",
          "timeZone" : 9,
          "date" : "2020-01-22T20:22+0000",
          "moonPhase" : "phase4",
          "age" : 28
        },
        {
          "sign" : "aquarius",
          "moonPhaseDate" : "2020-01-17T12:58+0000",
          "signDate" : "2020-01-24T13:22+0000",
          "timeZone" : 9,
          "moonPhase" : "phase4",
          "date" : "2020-01-23T21:15+0000",
          "age" : 29
        },
        {
          "sign" : "aquarius",
          "moonPhaseDate" : "2020-01-24T21:42+0000",
          "signDate" : "2020-01-24T13:22+0000",
          "timeZone" : 9,
          "moonPhase" : "newMoon",
          "date" : "2020-01-24T21:42+0000",
          "age" : 1
        },
        {
          "sign" : "aquarius",
          "moonPhaseDate" : "2020-01-24T21:42+0000",
          "signDate" : "2020-01-24T13:22+0000",
          "timeZone" : 9,
          "date" : "2020-01-24T22:01+0000",
          "moonPhase" : "newMoon",
          "age" : 2
        },
        {
          "sign" : "aquarius",
          "moonPhaseDate" : "2020-01-24T21:42+0000",
          "signDate" : "2020-01-24T13:22+0000",
          "timeZone" : 9,
          "date" : "2020-01-25T22:42+0000",
          "moonPhase" : "phase1",
          "age" : 3
        },
        {
          "sign" : "pisces",
          "moonPhaseDate" : "2020-01-24T21:42+0000",
          "signDate" : "2020-01-26T23:45+0000",
          "timeZone" : 9,
          "date" : "2020-01-26T23:17+0000",
          "moonPhase" : "phase1",
          "age" : 4
        },
        {
          "sign" : "pisces",
          "moonPhaseDate" : "2020-01-24T21:42+0000",
          "signDate" : "2020-01-26T23:45+0000",
          "timeZone" : 9,
          "date" : "2020-01-27T23:48+0000",
          "moonPhase" : "phase1",
          "age" : 5
        },
        {
          "sign" : "aries",
          "moonPhaseDate" : "2020-01-24T21:42+0000",
          "signDate" : "2020-01-29T11:51+0000",
          "timeZone" : 9,
          "date" : "2020-01-29T00:17+0000",
          "moonPhase" : "phase1",
          "age" : 6
        },
        {
          "sign" : "aries",
          "moonPhaseDate" : "2020-01-24T21:42+0000",
          "signDate" : "2020-01-29T11:51+0000",
          "timeZone" : 9,
          "moonPhase" : "phase1",
          "date" : "2020-01-30T00:44+0000",
          "age" : 7
        },
        {
          "sign" : "aries",
          "moonPhaseDate" : "2020-01-24T21:42+0000",
          "signDate" : "2020-01-29T11:51+0000",
          "timeZone" : 9,
          "moonPhase" : "phase1",
          "date" : "2020-01-31T01:11+0000",
          "age" : 8
        },
        {
          "sign" : "aries",
          "moonPhaseDate" : "2020-01-24T21:42+0000",
          "signDate" : "2020-01-29T11:51+0000",
          "timeZone" : 9,
          "date" : "2020-01-31T01:11+0000",
          "moonPhase" : "phase1",
          "age" : 8
        }
      ],
      "timeZone" : 9,
      "cityName" : "Токио"
    }
  ]
}