{
  "cities" : [
    {
      "moonDays" : [
        {
          "moonPhaseDate" : null,
          "moonPhase" : null,
          "age" : 26,
          "timeZone" : 3,
          "date" : "2019-05-01T00:19+0000",
          "sign" : "aries",
          "signDate" : "2019-05-01T10:23+0000"
        },
        {
          "moonPhaseDate" : null,
          "moonPhase" : null,
          "age" : 27,
          "sign" : "aries",
          "date" : "2019-05-02T00:52+0000",
          "timeZone" : 3,
          "signDate" : "2019-05-01T10:23+0000"
        },
        {
          "moonPhaseDate" : null,
          "moonPhase" : null,
          "age" : 28,
          "sign" : "taurus",
          "date" : "2019-05-03T01:26+0000",
          "timeZone" : 3,
          "signDate" : "2019-05-03T20:21+0000"
        },
        {
          "moonPhaseDate" : null,
          "moonPhase" : null,
          "age" : 29,
          "sign" : "taurus",
          "date" : "2019-05-04T02:02+0000",
          "timeZone" : 3,
          "signDate" : "2019-05-03T20:21+0000"
        },
        {
          "moonPhaseDate" : "2019-05-04T22:45+0000",
          "moonPhase" : "newMoon",
          "age" : 1,
          "timeZone" : 3,
          "date" : "2019-05-04T22:45+0000",
          "sign" : "taurus",
          "signDate" : "2019-05-03T20:21+0000"
        },
        {
          "moonPhaseDate" : "2019-05-04T22:45+0000",
          "moonPhase" : "newMoon",
          "age" : 2,
          "sign" : "taurus",
          "date" : "2019-05-05T02:40+0000",
          "timeZone" : 3,
          "signDate" : "2019-05-03T20:21+0000"
        },
        {
          "moonPhaseDate" : "2019-05-04T22:45+0000",
          "moonPhase" : "phase1",
          "age" : 3,
          "sign" : "gemini",
          "date" : "2019-05-06T03:21+0000",
          "timeZone" : 3,
          "signDate" : "2019-05-06T03:42+0000"
        },
        {
          "moonPhaseDate" : "2019-05-04T22:45+0000",
          "moonPhase" : "phase1",
          "age" : 4,
          "sign" : "gemini",
          "date" : "2019-05-07T04:07+0000",
          "timeZone" : 3,
          "signDate" : "2019-05-06T03:42+0000"
        },
        {
          "moonPhaseDate" : "2019-05-04T22:45+0000",
          "moonPhase" : "phase1",
          "age" : 5,
          "sign" : "cancer",
          "date" : "2019-05-08T04:58+0000",
          "timeZone" : 3,
          "signDate" : "2019-05-08T09:05+0000"
        },
        {
          "moonPhaseDate" : "2019-05-04T22:45+0000",
          "moonPhase" : "phase1",
          "age" : 6,
          "sign" : "cancer",
          "date" : "2019-05-09T05:54+0000",
          "timeZone" : 3,
          "signDate" : "2019-05-08T09:05+0000"
        },
        {
          "moonPhaseDate" : "2019-05-04T22:45+0000",
          "moonPhase" : "phase1",
          "age" : 7,
          "sign" : "leo",
          "date" : "2019-05-10T06:54+0000",
          "timeZone" : 3,
          "signDate" : "2019-05-10T13:12+0000"
        },
        {
          "moonPhaseDate" : "2019-05-04T22:45+0000",
          "moonPhase" : "phase1",
          "age" : 8,
          "sign" : "leo",
          "date" : "2019-05-11T07:56+0000",
          "timeZone" : 3,
          "signDate" : "2019-05-10T13:12+0000"
        },
        {
          "moonPhaseDate" : "2019-05-12T01:12+0000",
          "moonPhase" : "phase2",
          "age" : 9,
          "timeZone" : 3,
          "date" : "2019-05-12T09:00+0000",
          "sign" : "virgo",
          "signDate" : "2019-05-12T16:23+0000"
        },
        {
          "moonPhaseDate" : "2019-05-12T01:12+0000",
          "moonPhase" : "phase2",
          "age" : 10,
          "sign" : "virgo",
          "date" : "2019-05-13T10:03+0000",
          "timeZone" : 3,
          "signDate" : "2019-05-12T16:23+0000"
        },
        {
          "moonPhaseDate" : "2019-05-12T01:12+0000",
          "moonPhase" : "phase2",
          "age" : 11,
          "sign" : "libra",
          "date" : "2019-05-14T11:05+0000",
          "timeZone" : 3,
          "signDate" : "2019-05-14T18:53+0000"
        },
        {
          "moonPhaseDate" : "2019-05-12T01:12+0000",
          "moonPhase" : "phase2",
          "age" : 12,
          "sign" : "libra",
          "date" : "2019-05-15T12:05+0000",
          "timeZone" : 3,
          "signDate" : "2019-05-14T18:53+0000"
        },
        {
          "moonPhaseDate" : "2019-05-12T01:12+0000",
          "moonPhase" : "phase2",
          "age" : 13,
          "sign" : "libra",
          "date" : "2019-05-16T13:07+0000",
          "timeZone" : 3,
          "signDate" : "2019-05-14T18:53+0000"
        },
        {
          "moonPhaseDate" : "2019-05-12T01:12+0000",
          "moonPhase" : "phase2",
          "age" : 14,
          "sign" : "scorpio",
          "date" : "2019-05-17T14:08+0000",
          "timeZone" : 3,
          "signDate" : "2019-05-16T21:25+0000"
        },
        {
          "moonPhaseDate" : "2019-05-12T01:12+0000",
          "moonPhase" : "phase2",
          "age" : 15,
          "sign" : "scorpio",
          "date" : "2019-05-18T15:09+0000",
          "timeZone" : 3,
          "signDate" : "2019-05-16T21:25+0000"
        },
        {
          "moonPhaseDate" : "2019-05-18T21:11+0000",
          "moonPhase" : "fullMoon",
          "age" : 16,
          "sign" : "sagittarius",
          "date" : "2019-05-19T16:09+0000",
          "timeZone" : 3,
          "signDate" : "2019-05-19T01:19+0000"
        },
        {
          "moonPhaseDate" : "2019-05-18T21:11+0000",
          "moonPhase" : "phase3",
          "age" : 17,
          "sign" : "sagittarius",
          "date" : "2019-05-20T17:07+0000",
          "timeZone" : 3,
          "signDate" : "2019-05-19T01:19+0000"
        },
        {
          "moonPhaseDate" : "2019-05-18T21:11+0000",
          "moonPhase" : "phase3",
          "age" : 18,
          "sign" : "capricorn",
          "date" : "2019-05-21T18:03+0000",
          "timeZone" : 3,
          "signDate" : "2019-05-21T07:56+0000"
        },
        {
          "moonPhaseDate" : "2019-05-18T21:11+0000",
          "moonPhase" : "phase3",
          "age" : 19,
          "sign" : "capricorn",
          "date" : "2019-05-22T18:55+0000",
          "timeZone" : 3,
          "signDate" : "2019-05-21T07:56+0000"
        },
        {
          "moonPhaseDate" : "2019-05-18T21:11+0000",
          "moonPhase" : "phase3",
          "age" : 20,
          "timeZone" : 3,
          "date" : "2019-05-23T19:43+0000",
          "sign" : "aquarius",
          "signDate" : "2019-05-23T17:51+0000"
        },
        {
          "moonPhaseDate" : "2019-05-18T21:11+0000",
          "moonPhase" : "phase3",
          "age" : 21,
          "sign" : "aquarius",
          "timeZone" : 3,
          "date" : "2019-05-24T20:27+0000",
          "signDate" : "2019-05-23T17:51+0000"
        },
        {
          "moonPhaseDate" : "2019-05-26T16:33+0000",
          "moonPhase" : "phase4",
          "age" : 22,
          "sign" : "pisces",
          "date" : "2019-05-25T21:06+0000",
          "timeZone" : 3,
          "signDate" : "2019-05-26T06:07+0000"
        },
        {
          "moonPhaseDate" : "2019-05-26T16:33+0000",
          "moonPhase" : "phase4",
          "age" : 23,
          "sign" : "pisces",
          "date" : "2019-05-26T21:42+0000",
          "timeZone" : 3,
          "signDate" : "2019-05-26T06:07+0000"
        },
        {
          "moonPhaseDate" : "2019-05-26T16:33+0000",
          "moonPhase" : "phase4",
          "age" : 24,
          "sign" : "aries",
          "date" : "2019-05-27T22:18+0000",
          "timeZone" : 3,
          "signDate" : "2019-05-28T18:29+0000"
        },
        {
          "moonPhaseDate" : "2019-05-26T16:33+0000",
          "moonPhase" : "phase4",
          "age" : 25,
          "sign" : "aries",
          "timeZone" : 3,
          "date" : "2019-05-28T22:51+0000",
          "signDate" : "2019-05-28T18:29+0000"
        },
        {
          "moonPhaseDate" : "2019-05-26T16:33+0000",
          "moonPhase" : "phase4",
          "age" : 26,
          "sign" : "aries",
          "date" : "2019-05-29T23:25+0000",
          "timeZone" : 3,
          "signDate" : "2019-05-28T18:29+0000"
        },
        {
          "moonPhaseDate" : "2019-05-26T16:33+0000",
          "moonPhase" : "phase4",
          "age" : 27,
          "sign" : "taurus",
          "date" : "2019-05-30T23:59+0000",
          "timeZone" : 3,
          "signDate" : "2019-05-31T04:44+0000"
        },
        {
          "moonPhaseDate" : null,
          "moonPhase" : "phase4",
          "age" : 28,
          "sign" : "taurus",
          "date" : "2019-06-01T00:36+0000",
          "timeZone" : 3,
          "signDate" : "2019-05-31T04:44+0000"
        },
        {
          "moonPhaseDate" : null,
          "moonPhase" : "phase4",
          "age" : 29,
          "timeZone" : 3,
          "date" : "2019-06-02T01:16+0000",
          "sign" : "gemini",
          "signDate" : "2019-06-02T11:51+0000"
        },
        {
          "moonPhaseDate" : "2019-06-03T10:02+0000",
          "moonPhase" : "newMoon",
          "age" : 30,
          "timeZone" : 3,
          "date" : "2019-06-03T02:00+0000",
          "sign" : "gemini",
          "signDate" : "2019-06-02T11:51+0000"
        },
        {
          "moonPhaseDate" : "2019-06-03T10:02+0000",
          "moonPhase" : "newMoon",
          "age" : 1,
          "sign" : "gemini",
          "date" : "2019-06-03T10:02+0000",
          "timeZone" : 3,
          "signDate" : "2019-06-02T11:51+0000"
        },
        {
          "moonPhaseDate" : "2019-06-03T10:02+0000",
          "moonPhase" : "phase1",
          "age" : 2,
          "sign" : "cancer",
          "date" : "2019-06-04T02:50+0000",
          "timeZone" : 3,
          "signDate" : "2019-06-04T16:18+0000"
        },
        {
          "moonPhaseDate" : "2019-06-03T10:02+0000",
          "moonPhase" : "phase1",
          "age" : 3,
          "sign" : "cancer",
          "date" : "2019-06-05T03:45+0000",
          "timeZone" : 3,
          "signDate" : "2019-06-04T16:18+0000"
        },
        {
          "moonPhaseDate" : "2019-06-03T10:02+0000",
          "moonPhase" : "phase1",
          "age" : 4,
          "sign" : "leo",
          "date" : "2019-06-06T04:46+0000",
          "timeZone" : 3,
          "signDate" : "2019-06-06T19:14+0000"
        },
        {
          "moonPhaseDate" : "2019-06-03T10:02+0000",
          "moonPhase" : "phase1",
          "age" : 5,
          "sign" : "leo",
          "date" : "2019-06-07T05:49+0000",
          "timeZone" : 3,
          "signDate" : "2019-06-06T19:14+0000"
        },
        {
          "moonPhaseDate" : "2019-06-03T10:02+0000",
          "moonPhase" : "phase1",
          "age" : 6,
          "sign" : "leo",
          "date" : "2019-06-08T06:53+0000",
          "timeZone" : 3,
          "signDate" : "2019-06-06T19:14+0000"
        },
        {
          "moonPhaseDate" : "2019-06-03T10:02+0000",
          "moonPhase" : "phase1",
          "age" : 7,
          "sign" : "virgo",
          "date" : "2019-06-09T07:56+0000",
          "timeZone" : 3,
          "signDate" : "2019-06-08T21:43+0000"
        },
        {
          "moonPhaseDate" : "2019-06-10T05:59+0000",
          "moonPhase" : "phase2",
          "age" : 8,
          "sign" : "virgo",
          "timeZone" : 3,
          "date" : "2019-06-10T08:59+0000",
          "signDate" : "2019-06-08T21:43+0000"
        },
        {
          "moonPhaseDate" : "2019-06-10T05:59+0000",
          "moonPhase" : "phase2",
          "age" : 9,
          "sign" : "libra",
          "date" : "2019-06-11T09:59+0000",
          "timeZone" : 3,
          "signDate" : "2019-06-11T00:30+0000"
        },
        {
          "moonPhaseDate" : "2019-06-10T05:59+0000",
          "moonPhase" : "phase2",
          "age" : 10,
          "sign" : "libra",
          "date" : "2019-06-12T10:59+0000",
          "timeZone" : 3,
          "signDate" : "2019-06-11T00:30+0000"
        },
        {
          "moonPhaseDate" : "2019-06-10T05:59+0000",
          "moonPhase" : "phase2",
          "age" : 11,
          "timeZone" : 3,
          "date" : "2019-06-13T11:58+0000",
          "sign" : "scorpio",
          "signDate" : "2019-06-13T04:03+0000"
        },
        {
          "moonPhaseDate" : "2019-06-10T05:59+0000",
          "moonPhase" : "phase2",
          "age" : 12,
          "timeZone" : 3,
          "date" : "2019-06-14T12:58+0000",
          "sign" : "scorpio",
          "signDate" : "2019-06-13T04:03+0000"
        },
        {
          "moonPhaseDate" : "2019-06-10T05:59+0000",
          "moonPhase" : "phase2",
          "age" : 13,
          "sign" : "sagittarius",
          "date" : "2019-06-15T13:56+0000",
          "timeZone" : 3,
          "signDate" : "2019-06-15T09:01+0000"
        },
        {
          "moonPhaseDate" : "2019-06-10T05:59+0000",
          "moonPhase" : "phase2",
          "age" : 14,
          "sign" : "sagittarius",
          "date" : "2019-06-16T14:56+0000",
          "timeZone" : 3,
          "signDate" : "2019-06-15T09:01+0000"
        },
        {
          "moonPhaseDate" : "2019-06-17T08:31+0000",
          "moonPhase" : "fullMoon",
          "age" : 15,
          "sign" : "capricorn",
          "date" : "2019-06-17T15:52+0000",
          "timeZone" : 3,
          "signDate" : "2019-06-17T16:11+0000"
        },
        {
          "moonPhaseDate" : "2019-06-17T08:31+0000",
          "moonPhase" : "phase3",
          "age" : 16,
          "sign" : "capricorn",
          "date" : "2019-06-18T16:46+0000",
          "timeZone" : 3,
          "signDate" : "2019-06-17T16:11+0000"
        },
        {
          "moonPhaseDate" : "2019-06-17T08:31+0000",
          "moonPhase" : "phase3",
          "age" : 17,
          "sign" : "capricorn",
          "date" : "2019-06-19T17:36+0000",
          "timeZone" : 3,
          "signDate" : "2019-06-17T16:11+0000"
        },
        {
          "moonPhaseDate" : "2019-06-17T08:31+0000",
          "moonPhase" : "phase3",
          "age" : 18,
          "sign" : "aquarius",
          "date" : "2019-06-20T18:22+0000",
          "timeZone" : 3,
          "signDate" : "2019-06-20T02:01+0000"
        },
        {
          "moonPhaseDate" : "2019-06-17T08:31+0000",
          "moonPhase" : "phase3",
          "age" : 19,
          "sign" : "aquarius",
          "date" : "2019-06-21T19:03+0000",
          "timeZone" : 3,
          "signDate" : "2019-06-20T02:01+0000"
        },
        {
          "moonPhaseDate" : "2019-06-17T08:31+0000",
          "moonPhase" : "phase3",
          "age" : 20,
          "sign" : "pisces",
          "date" : "2019-06-22T19:41+0000",
          "timeZone" : 3,
          "signDate" : "2019-06-22T14:01+0000"
        },
        {
          "moonPhaseDate" : "2019-06-17T08:31+0000",
          "moonPhase" : "phase3",
          "age" : 21,
          "sign" : "pisces",
          "date" : "2019-06-23T20:16+0000",
          "timeZone" : 3,
          "signDate" : "2019-06-22T14:01+0000"
        },
        {
          "moonPhaseDate" : "2019-06-17T08:31+0000",
          "moonPhase" : "phase3",
          "age" : 22,
          "sign" : "pisces",
          "date" : "2019-06-24T20:50+0000",
          "timeZone" : 3,
          "signDate" : "2019-06-22T14:01+0000"
        },
        {
          "moonPhaseDate" : "2019-06-25T09:46+0000",
          "moonPhase" : "phase4",
          "age" : 23,
          "sign" : "aries",
          "date" : "2019-06-25T21:23+0000",
          "timeZone" : 3,
          "signDate" : "2019-06-22T14:01+0000"
        },
        {
          "moonPhaseDate" : "2019-06-25T09:46+0000",
          "moonPhase" : "phase4",
          "age" : 24,
          "sign" : "taurus",
          "date" : "2019-06-26T21:56+0000",
          "timeZone" : 3,
          "signDate" : "2019-06-27T13:30+0000"
        },
        {
          "moonPhaseDate" : "2019-06-25T09:46+0000",
          "moonPhase" : "phase4",
          "age" : 25,
          "sign" : "taurus",
          "date" : "2019-06-27T22:31+0000",
          "timeZone" : 3,
          "signDate" : "2019-06-27T13:30+0000"
        },
        {
          "moonPhaseDate" : "2019-06-25T09:46+0000",
          "moonPhase" : "phase4",
          "age" : 26,
          "sign" : "taurus",
          "date" : "2019-06-28T23:09+0000",
          "timeZone" : 3,
          "signDate" : "2019-06-27T13:30+0000"
        },
        {
          "moonPhaseDate" : "2019-06-25T09:46+0000",
          "moonPhase" : "phase4",
          "age" : 27,
          "sign" : "gemini",
          "date" : "2019-06-29T23:51+0000",
          "timeZone" : 3,
          "signDate" : "2019-06-29T21:10+0000"
        },
        {
          "moonPhaseDate" : null,
          "moonPhase" : "phase4",
          "age" : 28,
          "sign" : "gemini",
          "date" : "2019-07-01T00:38+0000",
          "timeZone" : 3,
          "signDate" : "2019-06-29T21:10+0000"
        },
        {
          "moonPhaseDate" : "2019-07-02T19:16+0000",
          "moonPhase" : "newMoon",
          "age" : 29,
          "sign" : "cancer",
          "date" : "2019-07-02T01:32+0000",
          "timeZone" : 3,
          "signDate" : "2019-07-02T01:26+0000"
        },
        {
          "moonPhaseDate" : "2019-07-02T19:16+0000",
          "moonPhase" : "newMoon",
          "age" : 1,
          "sign" : "cancer",
          "date" : "2019-07-02T19:16+0000",
          "timeZone" : 3,
          "signDate" : "2019-07-02T01:26+0000"
        },
        {
          "moonPhaseDate" : "2019-07-02T19:16+0000",
          "moonPhase" : "phase1",
          "age" : 2,
          "sign" : "cancer",
          "timeZone" : 3,
          "date" : "2019-07-03T02:31+0000",
          "signDate" : "2019-07-02T01:26+0000"
        },
        {
          "moonPhaseDate" : "2019-07-02T19:16+0000",
          "moonPhase" : "phase1",
          "age" : 3,
          "sign" : "leo",
          "date" : "2019-07-04T03:35+0000",
          "timeZone" : 3,
          "signDate" : "2019-07-04T03:21+0000"
        },
        {
          "moonPhaseDate" : "2019-07-02T19:16+0000",
          "moonPhase" : "phase1",
          "age" : 4,
          "sign" : "leo",
          "date" : "2019-07-05T04:41+0000",
          "timeZone" : 3,
          "signDate" : "2019-07-04T03:21+0000"
        },
        {
          "moonPhaseDate" : "2019-07-02T19:16+0000",
          "moonPhase" : "phase1",
          "age" : 5,
          "sign" : "virgo",
          "date" : "2019-07-06T05:47+0000",
          "timeZone" : 3,
          "signDate" : "2019-07-06T04:25+0000"
        },
        {
          "moonPhaseDate" : "2019-07-02T19:16+0000",
          "moonPhase" : "phase1",
          "age" : 6,
          "sign" : "virgo",
          "date" : "2019-07-07T06:51+0000",
          "timeZone" : 3,
          "signDate" : "2019-07-06T04:25+0000"
        },
        {
          "date" : "2019-07-08T07:53+0000",
          "sign" : "libra",
          "moonPhase" : "phase1",
          "moonPhaseDate" : "2019-07-02T19:16+0000",
          "age" : 7,
          "signDate" : "2019-07-08T06:07+0000",
          "timeZone" : 3
        },
        {
          "date" : "2019-07-09T08:54+0000",
          "sign" : "libra",
          "moonPhase" : "phase2",
          "moonPhaseDate" : "2019-07-09T10:55+0000",
          "age" : 8,
          "signDate" : "2019-07-08T06:07+0000",
          "timeZone" : 3
        },
        {
          "date" : "2019-07-10T09:53+0000",
          "sign" : "scorpio",
          "moonPhase" : "phase2",
          "moonPhaseDate" : "2019-07-09T10:55+0000",
          "age" : 9,
          "signDate" : "2019-07-10T09:28+0000",
          "timeZone" : 3
        },
        {
          "date" : "2019-07-11T10:52+0000",
          "sign" : "scorpio",
          "moonPhase" : "phase2",
          "moonPhaseDate" : "2019-07-09T10:55+0000",
          "age" : 10,
          "signDate" : "2019-07-10T09:28+0000",
          "timeZone" : 3
        },
        {
          "date" : "2019-07-12T11:50+0000",
          "sign" : "sagittarius",
          "moonPhase" : "phase2",
          "moonPhaseDate" : "2019-07-09T10:55+0000",
          "age" : 11,
          "signDate" : "2019-07-12T15:04+0000",
          "timeZone" : 3
        },
        {
          "date" : "2019-07-13T12:48+0000",
          "sign" : "sagittarius",
          "moonPhase" : "phase2",
          "moonPhaseDate" : "2019-07-09T10:55+0000",
          "age" : 12,
          "signDate" : "2019-07-12T15:04+0000",
          "timeZone" : 3
        },
        {
          "date" : "2019-07-14T13:45+0000",
          "sign" : "sagittarius",
          "moonPhase" : "phase2",
          "moonPhaseDate" : "2019-07-09T10:55+0000",
          "age" : 13,
          "signDate" : "2019-07-12T15:04+0000",
          "timeZone" : 3
        },
        {
          "date" : "2019-07-15T14:39+0000",
          "sign" : "capricorn",
          "moonPhase" : "phase2",
          "moonPhaseDate" : "2019-07-09T10:55+0000",
          "age" : 14,
          "signDate" : "2019-07-14T23:03+0000",
          "timeZone" : 3
        },
        {
          "date" : "2019-07-16T15:30+0000",
          "sign" : "capricorn",
          "moonPhase" : "phase2",
          "moonPhaseDate" : "2019-07-09T10:55+0000",
          "age" : 15,
          "signDate" : "2019-07-14T23:03+0000",
          "timeZone" : 3
        },
        {
          "date" : "2019-07-17T16:17+0000",
          "sign" : "aquarius",
          "moonPhase" : "fullMoon",
          "moonPhaseDate" : "2019-07-16T21:38+0000",
          "age" : 16,
          "signDate" : "2019-07-17T09:18+0000",
          "timeZone" : 3
        },
        {
          "date" : "2019-07-18T17:00+0000",
          "sign" : "aquarius",
          "moonPhase" : "phase3",
          "moonPhaseDate" : "2019-07-16T21:38+0000",
          "age" : 17,
          "signDate" : "2019-07-17T09:18+0000",
          "timeZone" : 3
        },
        {
          "date" : "2019-07-19T17:40+0000",
          "sign" : "aquarius",
          "moonPhase" : "phase3",
          "moonPhaseDate" : "2019-07-16T21:38+0000",
          "age" : 18,
          "signDate" : "2019-07-17T09:18+0000",
          "timeZone" : 3
        },
        {
          "date" : "2019-07-20T18:16+0000",
          "sign" : "pisces",
          "moonPhase" : "phase3",
          "moonPhaseDate" : "2019-07-16T21:38+0000",
          "age" : 19,
          "signDate" : "2019-07-19T21:19+0000",
          "timeZone" : 3
        },
        {
          "date" : "2019-07-21T18:50+0000",
          "sign" : "pisces",
          "moonPhase" : "phase3",
          "moonPhaseDate" : "2019-07-16T21:38+0000",
          "age" : 20,
          "signDate" : "2019-07-19T21:19+0000",
          "timeZone" : 3
        },
        {
          "date" : "2019-07-22T19:23+0000",
          "sign" : "aries",
          "moonPhase" : "phase3",
          "moonPhaseDate" : "2019-07-16T21:38+0000",
          "age" : 21,
          "signDate" : "2019-07-22T10:01+0000",
          "timeZone" : 3
        },
        {
          "date" : "2019-07-23T19:55+0000",
          "sign" : "aries",
          "moonPhase" : "phase3",
          "moonPhaseDate" : "2019-07-16T21:38+0000",
          "age" : 22,
          "signDate" : "2019-07-22T10:01+0000",
          "timeZone" : 3
        },
        {
          "date" : "2019-07-24T20:29+0000",
          "sign" : "aries",
          "moonPhase" : "phase3",
          "moonPhaseDate" : "2019-07-16T21:38+0000",
          "age" : 23,
          "signDate" : "2019-07-22T10:01+0000",
          "timeZone" : 3
        },
        {
          "date" : "2019-07-25T21:04+0000",
          "sign" : "taurus",
          "moonPhase" : "phase4",
          "moonPhaseDate" : "2019-07-25T01:18+0000",
          "age" : 24,
          "signDate" : "2019-07-22T10:01+0000",
          "timeZone" : 3
        },
        {
          "date" : "2019-07-26T21:43+0000",
          "sign" : "gemini",
          "moonPhase" : "phase4",
          "moonPhaseDate" : "2019-07-25T01:18+0000",
          "age" : 25,
          "signDate" : "2019-07-27T06:28+0000",
          "timeZone" : 3
        },
        {
          "date" : "2019-07-27T22:27+0000",
          "sign" : "gemini",
          "moonPhase" : "phase4",
          "moonPhaseDate" : "2019-07-25T01:18+0000",
          "age" : 26,
          "signDate" : "2019-07-27T06:28+0000",
          "timeZone" : 3
        },
        {
          "date" : "2019-07-28T23:16+0000",
          "sign" : "cancer",
          "moonPhase" : "phase4",
          "moonPhaseDate" : "2019-07-25T01:18+0000",
          "age" : 27,
          "signDate" : "2019-07-29T11:30+0000",
          "timeZone" : 3
        },
        {
          "date" : "2019-07-30T00:13+0000",
          "sign" : "cancer",
          "moonPhase" : "phase4",
          "moonPhaseDate" : "2019-07-25T01:18+0000",
          "age" : 28,
          "signDate" : "2019-07-29T11:30+0000",
          "timeZone" : 3
        },
        {
          "date" : "2019-07-31T01:15+0000",
          "sign" : "leo",
          "moonPhase" : "phase4",
          "moonPhaseDate" : "2019-07-25T01:18+0000",
          "age" : 29,
          "signDate" : "2019-07-31T13:18+0000",
          "timeZone" : 3
        },
        {
          "date" : "2019-08-01T02:21+0000",
          "sign" : "leo",
          "moonPhase" : "newMoon",
          "moonPhaseDate" : "2019-08-01T03:12+0000",
          "age" : 30,
          "signDate" : "2019-07-31T13:18+0000",
          "timeZone" : 3
        },
        {
          "date" : "2019-08-01T03:12+0000",
          "sign" : "leo",
          "moonPhase" : "newMoon",
          "moonPhaseDate" : "2019-08-01T03:12+0000",
          "age" : 1,
          "signDate" : "2019-07-31T13:18+0000",
          "timeZone" : 3
        },
        {
          "date" : "2019-08-02T03:29+0000",
          "sign" : "virgo",
          "moonPhase" : "phase1",
          "moonPhaseDate" : "2019-08-01T03:12+0000",
          "age" : 2,
          "signDate" : "2019-08-02T13:23+0000",
          "timeZone" : 3
        },
        {
          "date" : "2019-08-03T04:36+0000",
          "sign" : "virgo",
          "moonPhase" : "phase1",
          "moonPhaseDate" : "2019-08-01T03:12+0000",
          "age" : 3,
          "signDate" : "2019-08-02T13:23+0000",
          "timeZone" : 3
        },
        {
          "date" : "2019-08-04T05:41+0000",
          "sign" : "libra",
          "moonPhase" : "phase1",
          "moonPhaseDate" : "2019-08-01T03:12+0000",
          "age" : 4,
          "signDate" : "2019-08-04T13:32+0000",
          "timeZone" : 3
        },
        {
          "date" : "2019-08-05T06:45+0000",
          "sign" : "libra",
          "moonPhase" : "phase1",
          "moonPhaseDate" : "2019-08-01T03:12+0000",
          "age" : 5,
          "signDate" : "2019-08-04T13:32+0000",
          "timeZone" : 3
        },
        {
          "date" : "2019-08-06T07:46+0000",
          "sign" : "scorpio",
          "moonPhase" : "phase1",
          "moonPhaseDate" : "2019-08-01T03:12+0000",
          "age" : 6,
          "signDate" : "2019-08-06T15:31+0000",
          "timeZone" : 3
        },
        {
          "date" : "2019-08-07T08:46+0000",
          "sign" : "scorpio",
          "moonPhase" : "phase2",
          "moonPhaseDate" : "2019-08-07T17:31+0000",
          "age" : 7,
          "signDate" : "2019-08-06T15:31+0000",
          "timeZone" : 3
        },
        {
          "date" : "2019-08-08T09:45+0000",
          "sign" : "sagittarius",
          "moonPhase" : "phase2",
          "moonPhaseDate" : "2019-08-07T17:31+0000",
          "age" : 8,
          "signDate" : "2019-08-08T20:32+0000",
          "timeZone" : 3
        },
        {
          "date" : "2019-08-09T10:44+0000",
          "sign" : "sagittarius",
          "moonPhase" : "phase2",
          "moonPhaseDate" : "2019-08-07T17:31+0000",
          "age" : 9,
          "signDate" : "2019-08-08T20:32+0000",
          "timeZone" : 3
        },
        {
          "date" : "2019-08-10T11:40+0000",
          "sign" : "sagittarius",
          "moonPhase" : "phase2",
          "moonPhaseDate" : "2019-08-07T17:31+0000",
          "age" : 10,
          "signDate" : "2019-08-08T20:32+0000",
          "timeZone" : 3
        },
        {
          "date" : "2019-08-11T12:35+0000",
          "sign" : "capricorn",
          "moonPhase" : "phase2",
          "moonPhaseDate" : "2019-08-07T17:31+0000",
          "age" : 11,
          "signDate" : "2019-08-11T04:48+0000",
          "timeZone" : 3
        },
        {
          "date" : "2019-08-12T13:27+0000",
          "sign" : "capricorn",
          "moonPhase" : "phase2",
          "moonPhaseDate" : "2019-08-07T17:31+0000",
          "age" : 12,
          "signDate" : "2019-08-11T04:48+0000",
          "timeZone" : 3
        },
        {
          "date" : "2019-08-13T14:15+0000",
          "sign" : "aquarius",
          "moonPhase" : "phase2",
          "moonPhaseDate" : "2019-08-07T17:31+0000",
          "age" : 13,
          "signDate" : "2019-08-13T15:36+0000",
          "timeZone" : 3
        },
        {
          "date" : "2019-08-14T14:58+0000",
          "sign" : "aquarius",
          "moonPhase" : "phase2",
          "moonPhaseDate" : "2019-08-07T17:31+0000",
          "age" : 14,
          "signDate" : "2019-08-13T15:36+0000",
          "timeZone" : 3
        },
        {
          "date" : "2019-08-15T15:39+0000",
          "sign" : "aquarius",
          "moonPhase" : "fullMoon",
          "moonPhaseDate" : "2019-08-15T12:29+0000",
          "age" : 15,
          "signDate" : "2019-08-13T15:36+0000",
          "timeZone" : 3
        },
        {
          "date" : "2019-08-16T16:16+0000",
          "sign" : "pisces",
          "moonPhase" : "phase3",
          "moonPhaseDate" : "2019-08-15T12:29+0000",
          "age" : 16,
          "signDate" : "2019-08-16T03:50+0000",
          "timeZone" : 3
        },
        {
          "date" : "2019-08-17T16:50+0000",
          "sign" : "pisces",
          "moonPhase" : "phase3",
          "moonPhaseDate" : "2019-08-15T12:29+0000",
          "age" : 17,
          "signDate" : "2019-08-16T03:50+0000",
          "timeZone" : 3
        },
        {
          "date" : "2019-08-18T17:23+0000",
          "sign" : "aries",
          "moonPhase" : "phase3",
          "moonPhaseDate" : "2019-08-15T12:29+0000",
          "age" : 18,
          "signDate" : "2019-08-18T16:32+0000",
          "timeZone" : 3
        },
        {
          "date" : "2019-08-19T17:56+0000",
          "sign" : "aries",
          "moonPhase" : "phase3",
          "moonPhaseDate" : "2019-08-15T12:29+0000",
          "age" : 19,
          "signDate" : "2019-08-18T16:32+0000",
          "timeZone" : 3
        },
        {
          "date" : "2019-08-20T18:29+0000",
          "sign" : "aries",
          "moonPhase" : "phase3",
          "moonPhaseDate" : "2019-08-15T12:29+0000",
          "age" : 20,
          "signDate" : "2019-08-18T16:32+0000",
          "timeZone" : 3
        },
        {
          "date" : "2019-08-21T19:03+0000",
          "sign" : "taurus",
          "moonPhase" : "phase3",
          "moonPhaseDate" : "2019-08-15T12:29+0000",
          "age" : 21,
          "signDate" : "2019-08-21T04:36+0000",
          "timeZone" : 3
        },
        {
          "date" : "2019-08-22T19:39+0000",
          "sign" : "taurus",
          "moonPhase" : "phase3",
          "moonPhaseDate" : "2019-08-15T12:29+0000",
          "age" : 22,
          "signDate" : "2019-08-21T04:36+0000",
          "timeZone" : 3
        },
        {
          "date" : "2019-08-23T20:20+0000",
          "sign" : "gemini",
          "moonPhase" : "phase4",
          "moonPhaseDate" : "2019-08-23T14:56+0000",
          "age" : 23,
          "signDate" : "2019-08-23T14:34+0000",
          "timeZone" : 3
        },
        {
          "date" : "2019-08-24T21:05+0000",
          "sign" : "gemini",
          "moonPhase" : "phase4",
          "moonPhaseDate" : "2019-08-23T14:56+0000",
          "age" : 24,
          "signDate" : "2019-08-23T14:34+0000",
          "timeZone" : 3
        },
        {
          "date" : "2019-08-25T21:57+0000",
          "sign" : "cancer",
          "moonPhase" : "phase4",
          "moonPhaseDate" : "2019-08-23T14:56+0000",
          "age" : 25,
          "signDate" : "2019-08-25T21:05+0000",
          "timeZone" : 3
        },
        {
          "date" : "2019-08-26T22:55+0000",
          "sign" : "cancer",
          "moonPhase" : "phase4",
          "moonPhaseDate" : "2019-08-23T14:56+0000",
          "age" : 26,
          "signDate" : "2019-08-25T21:05+0000",
          "timeZone" : 3
        },
        {
          "date" : "2019-08-27T23:58+0000",
          "sign" : "leo",
          "moonPhase" : "phase4",
          "moonPhaseDate" : "2019-08-23T14:56+0000",
          "age" : 27,
          "signDate" : "2019-08-27T23:51+0000",
          "timeZone" : 3
        },
        {
          "date" : "2019-08-29T01:05+0000",
          "sign" : "leo",
          "moonPhase" : "phase4",
          "moonPhaseDate" : "2019-08-23T14:56+0000",
          "age" : 28,
          "signDate" : "2019-08-27T23:51+0000",
          "timeZone" : 3
        },
        {
          "date" : "2019-08-30T02:13+0000",
          "sign" : "virgo",
          "moonPhase" : "newMoon",
          "moonPhaseDate" : "2019-08-30T10:37+0000",
          "age" : 29,
          "signDate" : "2019-08-29T23:57+0000",
          "timeZone" : 3
        },
        {
          "date" : "2019-08-30T10:37+0000",
          "sign" : "virgo",
          "moonPhase" : "newMoon",
          "moonPhaseDate" : "2019-08-30T10:37+0000",
          "age" : 1,
          "signDate" : "2019-08-29T23:57+0000",
          "timeZone" : 3
        },
        {
          "date" : "2019-08-31T03:21+0000",
          "sign" : "virgo",
          "moonPhase" : "phase1",
          "moonPhaseDate" : "2019-08-30T10:37+0000",
          "age" : 2,
          "signDate" : "2019-08-29T23:57+0000",
          "timeZone" : 3
        },
        {
          "date" : "2019-09-01T04:27+0000",
          "sign" : "libra",
          "moonPhase" : "phase1",
          "moonPhaseDate" : null,
          "age" : 3,
          "signDate" : "2019-08-31T23:12+0000",
          "timeZone" : 3
        },
        {
          "date" : "2019-09-02T05:32+0000",
          "sign" : "libra",
          "moonPhase" : "phase1",
          "moonPhaseDate" : null,
          "age" : 4,
          "signDate" : "2019-08-31T23:12+0000",
          "timeZone" : 3
        },
        {
          "date" : "2019-09-03T06:35+0000",
          "sign" : "scorpio",
          "moonPhase" : "phase1",
          "moonPhaseDate" : null,
          "age" : 5,
          "signDate" : "2019-09-02T23:38+0000",
          "timeZone" : 3
        },
        {
          "date" : "2019-09-04T07:36+0000",
          "sign" : "scorpio",
          "moonPhase" : "phase1",
          "moonPhaseDate" : null,
          "age" : 6,
          "signDate" : "2019-09-02T23:38+0000",
          "timeZone" : 3
        },
        {
          "date" : "2019-09-05T08:36+0000",
          "sign" : "sagittarius",
          "moonPhase" : "phase1",
          "moonPhaseDate" : null,
          "age" : 7,
          "signDate" : "2019-09-05T03:06+0000",
          "timeZone" : 3
        },
        {
          "date" : "2019-09-06T09:35+0000",
          "sign" : "sagittarius",
          "moonPhase" : "phase2",
          "moonPhaseDate" : "2019-09-06T03:10+0000",
          "age" : 8,
          "signDate" : "2019-09-05T03:06+0000",
          "timeZone" : 3
        },
        {
          "date" : "2019-09-07T10:31+0000",
          "sign" : "capricorn",
          "moonPhase" : "phase2",
          "moonPhaseDate" : "2019-09-06T03:10+0000",
          "age" : 9,
          "signDate" : "2019-09-07T10:35+0000",
          "timeZone" : 3
        },
        {
          "date" : "2019-09-08T11:24+0000",
          "sign" : "capricorn",
          "moonPhase" : "phase2",
          "moonPhaseDate" : "2019-09-06T03:10+0000",
          "age" : 10,
          "signDate" : "2019-09-07T10:35+0000",
          "timeZone" : 3
        },
        {
          "date" : "2019-09-09T12:13+0000",
          "sign" : "capricorn",
          "moonPhase" : "phase2",
          "moonPhaseDate" : "2019-09-06T03:10+0000",
          "age" : 11,
          "signDate" : "2019-09-07T10:35+0000",
          "timeZone" : 3
        },
        {
          "date" : "2019-09-10T12:58+0000",
          "sign" : "aquarius",
          "moonPhase" : "phase2",
          "moonPhaseDate" : "2019-09-06T03:10+0000",
          "age" : 12,
          "signDate" : "2019-09-09T21:25+0000",
          "timeZone" : 3
        },
        {
          "date" : "2019-09-11T13:39+0000",
          "sign" : "aquarius",
          "moonPhase" : "phase2",
          "moonPhaseDate" : "2019-09-06T03:10+0000",
          "age" : 13,
          "signDate" : "2019-09-09T21:25+0000",
          "timeZone" : 3
        },
        {
          "date" : "2019-09-12T14:17+0000",
          "sign" : "pisces",
          "moonPhase" : "phase2",
          "moonPhaseDate" : "2019-09-06T03:10+0000",
          "age" : 14,
          "signDate" : "2019-09-12T09:53+0000",
          "timeZone" : 3
        },
        {
          "date" : "2019-09-13T14:52+0000",
          "sign" : "pisces",
          "moonPhase" : "phase2",
          "moonPhaseDate" : "2019-09-06T03:10+0000",
          "age" : 15,
          "signDate" : "2019-09-12T09:53+0000",
          "timeZone" : 3
        },
        {
          "date" : "2019-09-14T15:25+0000",
          "sign" : "pisces",
          "moonPhase" : "fullMoon",
          "moonPhaseDate" : "2019-09-14T04:33+0000",
          "age" : 16,
          "signDate" : "2019-09-12T09:53+0000",
          "timeZone" : 3
        },
        {
          "date" : "2019-09-15T15:58+0000",
          "sign" : "aries",
          "moonPhase" : "phase3",
          "moonPhaseDate" : "2019-09-14T04:33+0000",
          "age" : 17,
          "signDate" : "2019-09-14T22:32+0000",
          "timeZone" : 3
        },
        {
          "date" : "2019-09-16T16:30+0000",
          "sign" : "aries",
          "moonPhase" : "phase3",
          "moonPhaseDate" : "2019-09-14T04:33+0000",
          "age" : 18,
          "signDate" : "2019-09-14T22:32+0000",
          "timeZone" : 3
        },
        {
          "date" : "2019-09-17T17:04+0000",
          "sign" : "taurus",
          "moonPhase" : "phase3",
          "moonPhaseDate" : "2019-09-14T04:33+0000",
          "age" : 19,
          "signDate" : "2019-09-17T10:30+0000",
          "timeZone" : 3
        },
        {
          "date" : "2019-09-18T17:38+0000",
          "sign" : "taurus",
          "moonPhase" : "phase3",
          "moonPhaseDate" : "2019-09-14T04:33+0000",
          "age" : 20,
          "signDate" : "2019-09-17T10:30+0000",
          "timeZone" : 3
        },
        {
          "date" : "2019-09-19T18:17+0000",
          "sign" : "gemini",
          "moonPhase" : "phase3",
          "moonPhaseDate" : "2019-09-14T04:33+0000",
          "age" : 21,
          "signDate" : "2019-09-19T20:58+0000",
          "timeZone" : 3
        },
        {
          "date" : "2019-09-20T19:00+0000",
          "sign" : "gemini",
          "moonPhase" : "phase3",
          "moonPhaseDate" : "2019-09-14T04:33+0000",
          "age" : 22,
          "signDate" : "2019-09-19T20:58+0000",
          "timeZone" : 3
        },
        {
          "date" : "2019-09-21T19:48+0000",
          "sign" : "gemini",
          "moonPhase" : "phase3",
          "moonPhaseDate" : "2019-09-14T04:33+0000",
          "age" : 23,
          "signDate" : "2019-09-19T20:58+0000",
          "timeZone" : 3
        },
        {
          "date" : "2019-09-22T20:41+0000",
          "sign" : "cancer",
          "moonPhase" : "phase4",
          "moonPhaseDate" : "2019-09-22T02:41+0000",
          "age" : 24,
          "signDate" : "2019-09-22T04:52+0000",
          "timeZone" : 3
        },
        {
          "date" : "2019-09-23T21:41+0000",
          "sign" : "leo",
          "moonPhase" : "phase4",
          "moonPhaseDate" : "2019-09-22T02:41+0000",
          "age" : 25,
          "signDate" : "2019-09-24T09:19+0000",
          "timeZone" : 3
        },
        {
          "date" : "2019-09-24T22:44+0000",
          "sign" : "leo",
          "moonPhase" : "phase4",
          "moonPhaseDate" : "2019-09-22T02:41+0000",
          "age" : 26,
          "signDate" : "2019-09-24T09:19+0000",
          "timeZone" : 3
        },
        {
          "date" : "2019-09-25T23:50+0000",
          "sign" : "virgo",
          "moonPhase" : "phase4",
          "moonPhaseDate" : "2019-09-22T02:41+0000",
          "age" : 27,
          "signDate" : "2019-09-26T10:35+0000",
          "timeZone" : 3
        },
        {
          "date" : "2019-09-27T00:57+0000",
          "sign" : "virgo",
          "moonPhase" : "phase4",
          "moonPhaseDate" : "2019-09-22T02:41+0000",
          "age" : 28,
          "signDate" : "2019-09-26T10:35+0000",
          "timeZone" : 3
        },
        {
          "date" : "2019-09-28T02:04+0000",
          "sign" : "libra",
          "moonPhase" : "newMoon",
          "moonPhaseDate" : "2019-09-28T18:26+0000",
          "age" : 29,
          "signDate" : "2019-09-28T10:04+0000",
          "timeZone" : 3
        },
        {
          "date" : "2019-09-28T18:26+0000",
          "sign" : "libra",
          "moonPhase" : "newMoon",
          "moonPhaseDate" : "2019-09-28T18:26+0000",
          "age" : 1,
          "signDate" : "2019-09-28T10:04+0000",
          "timeZone" : 3
        },
        {
          "date" : "2019-09-29T03:10+0000",
          "sign" : "libra",
          "moonPhase" : "phase1",
          "moonPhaseDate" : "2019-09-28T18:26+0000",
          "age" : 2,
          "signDate" : "2019-09-28T10:04+0000",
          "timeZone" : 3
        },
        {
          "date" : "2019-09-30T04:15+0000",
          "sign" : "scorpio",
          "moonPhase" : "phase1",
          "moonPhaseDate" : "2019-09-28T18:26+0000",
          "age" : 3,
          "signDate" : "2019-09-30T09:45+0000",
          "timeZone" : 3
        },
        {
          "date" : "2019-10-01T05:19+0000",
          "sign" : "scorpio",
          "moonPhase" : "phase1",
          "moonPhaseDate" : null,
          "age" : 4,
          "signDate" : "2019-09-30T09:45+0000",
          "timeZone" : 3
        },
        {
          "date" : "2019-10-02T06:22+0000",
          "sign" : "sagittarius",
          "moonPhase" : "phase1",
          "moonPhaseDate" : null,
          "age" : 5,
          "signDate" : "2019-10-02T11:45+0000",
          "timeZone" : 3
        },
        {
          "date" : "2019-10-03T07:24+0000",
          "sign" : "sagittarius",
          "moonPhase" : "phase1",
          "moonPhaseDate" : null,
          "age" : 6,
          "signDate" : "2019-10-02T11:45+0000",
          "timeZone" : 3
        },
        {
          "date" : "2019-10-04T08:23+0000",
          "sign" : "capricorn",
          "moonPhase" : "phase1",
          "moonPhaseDate" : null,
          "age" : 7,
          "signDate" : "2019-10-04T17:41+0000",
          "timeZone" : 3
        },
        {
          "date" : "2019-10-05T09:18+0000",
          "sign" : "capricorn",
          "moonPhase" : "phase2",
          "moonPhaseDate" : "2019-10-05T16:47+0000",
          "age" : 8,
          "signDate" : "2019-10-04T17:41+0000",
          "timeZone" : 3
        },
        {
          "date" : "2019-10-06T10:10+0000",
          "sign" : "capricorn",
          "moonPhase" : "phase2",
          "moonPhaseDate" : "2019-10-05T16:47+0000",
          "age" : 9,
          "signDate" : "2019-10-04T17:41+0000",
          "timeZone" : 3
        },
        {
          "date" : "2019-10-07T10:56+0000",
          "sign" : "aquarius",
          "moonPhase" : "phase2",
          "moonPhaseDate" : "2019-10-05T16:47+0000",
          "age" : 10,
          "signDate" : "2019-10-07T03:43+0000",
          "timeZone" : 3
        },
        {
          "date" : "2019-10-08T11:39+0000",
          "sign" : "aquarius",
          "moonPhase" : "phase2",
          "moonPhaseDate" : "2019-10-05T16:47+0000",
          "age" : 11,
          "signDate" : "2019-10-07T03:43+0000",
          "timeZone" : 3
        },
        {
          "date" : "2019-10-09T12:17+0000",
          "sign" : "pisces",
          "moonPhase" : "phase2",
          "moonPhaseDate" : "2019-10-05T16:47+0000",
          "age" : 12,
          "signDate" : "2019-10-09T16:08+0000",
          "timeZone" : 3
        },
        {
          "date" : "2019-10-10T12:53+0000",
          "sign" : "pisces",
          "moonPhase" : "phase2",
          "moonPhaseDate" : "2019-10-05T16:47+0000",
          "age" : 13,
          "signDate" : "2019-10-09T16:08+0000",
          "timeZone" : 3
        },
        {
          "date" : "2019-10-11T13:27+0000",
          "sign" : "pisces",
          "moonPhase" : "phase2",
          "moonPhaseDate" : "2019-10-05T16:47+0000",
          "age" : 14,
          "signDate" : "2019-10-09T16:08+0000",
          "timeZone" : 3
        },
        {
          "date" : "2019-10-12T13:59+0000",
          "sign" : "aries",
          "moonPhase" : "phase2",
          "moonPhaseDate" : "2019-10-05T16:47+0000",
          "age" : 15,
          "signDate" : "2019-10-12T04:46+0000",
          "timeZone" : 3
        },
        {
          "date" : "2019-10-13T14:32+0000",
          "sign" : "aries",
          "moonPhase" : "phase2",
          "moonPhaseDate" : "2019-10-05T16:47+0000",
          "age" : 16,
          "signDate" : "2019-10-12T04:46+0000",
          "timeZone" : 3
        },
        {
          "date" : "2019-10-14T15:05+0000",
          "sign" : "taurus",
          "moonPhase" : "fullMoon",
          "moonPhaseDate" : "2019-10-13T21:08+0000",
          "age" : 17,
          "signDate" : "2019-10-14T16:23+0000",
          "timeZone" : 3
        },
        {
          "date" : "2019-10-15T15:40+0000",
          "sign" : "taurus",
          "moonPhase" : "phase3",
          "moonPhaseDate" : "2019-10-13T21:08+0000",
          "age" : 18,
          "signDate" : "2019-10-14T16:23+0000",
          "timeZone" : 3
        },
        {
          "date" : "2019-10-16T16:17+0000",
          "sign" : "taurus",
          "moonPhase" : "phase3",
          "moonPhaseDate" : "2019-10-13T21:08+0000",
          "age" : 19,
          "signDate" : "2019-10-14T16:23+0000",
          "timeZone" : 3
        },
        {
          "date" : "2019-10-17T16:59+0000",
          "sign" : "gemini",
          "moonPhase" : "phase3",
          "moonPhaseDate" : "2019-10-13T21:08+0000",
          "age" : 20,
          "signDate" : "2019-10-17T02:29+0000",
          "timeZone" : 3
        },
        {
          "moonPhaseDate" : "2019-10-13T21:08+0000",
          "moonPhase" : "phase3",
          "age" : 21,
          "sign" : "gemini",
          "date" : "2019-10-18T17:44+0000",
          "timeZone" : 3,
          "signDate" : "2019-10-17T02:29+0000"
        },
        {
          "moonPhaseDate" : "2019-10-13T21:08+0000",
          "moonPhase" : "phase3",
          "age" : 22,
          "sign" : "cancer",
          "timeZone" : 3,
          "date" : "2019-10-19T18:35+0000",
          "signDate" : "2019-10-19T10:42+0000"
        },
        {
          "moonPhaseDate" : "2019-10-13T21:08+0000",
          "moonPhase" : "phase3",
          "age" : 23,
          "sign" : "cancer",
          "date" : "2019-10-20T19:32+0000",
          "timeZone" : 3,
          "signDate" : "2019-10-19T10:42+0000"
        },
        {
          "moonPhaseDate" : "2019-10-21T12:39+0000",
          "moonPhase" : "phase4",
          "age" : 24,
          "timeZone" : 3,
          "date" : "2019-10-21T20:32+0000",
          "sign" : "leo",
          "signDate" : "2019-10-21T16:30+0000"
        },
        {
          "moonPhaseDate" : "2019-10-21T12:39+0000",
          "moonPhase" : "phase4",
          "age" : 25,
          "sign" : "virgo",
          "date" : "2019-10-22T21:35+0000",
          "timeZone" : 3,
          "signDate" : "2019-10-23T19:30+0000"
        },
        {
          "moonPhaseDate" : "2019-10-21T12:39+0000",
          "moonPhase" : "phase4",
          "age" : 26,
          "sign" : "virgo",
          "timeZone" : 3,
          "date" : "2019-10-23T22:39+0000",
          "signDate" : "2019-10-23T19:30+0000"
        },
        {
          "moonPhaseDate" : "2019-10-21T12:39+0000",
          "moonPhase" : "phase4",
          "age" : 27,
          "sign" : "libra",
          "timeZone" : 3,
          "date" : "2019-10-24T23:44+0000",
          "signDate" : "2019-10-25T20:20+0000"
        },
        {
          "moonPhaseDate" : "2019-10-21T12:39+0000",
          "moonPhase" : "phase4",
          "age" : 28,
          "sign" : "libra",
          "date" : "2019-10-26T00:48+0000",
          "timeZone" : 3,
          "signDate" : "2019-10-25T20:20+0000"
        },
        {
          "moonPhaseDate" : "2019-10-21T12:39+0000",
          "moonPhase" : "phase4",
          "age" : 29,
          "sign" : "scorpio",
          "date" : "2019-10-27T01:53+0000",
          "timeZone" : 3,
          "signDate" : "2019-10-27T20:31+0000"
        },
        {
          "moonPhaseDate" : "2019-10-28T03:38+0000",
          "moonPhase" : "newMoon",
          "age" : 30,
          "sign" : "scorpio",
          "date" : "2019-10-28T02:57+0000",
          "timeZone" : 3,
          "signDate" : "2019-10-27T20:31+0000"
        },
        {
          "moonPhaseDate" : "2019-10-28T03:38+0000",
          "moonPhase" : "newMoon",
          "age" : 1,
          "sign" : "scorpio",
          "date" : "2019-10-28T03:38+0000",
          "timeZone" : 3,
          "signDate" : "2019-10-27T20:31+0000"
        },
        {
          "moonPhaseDate" : "2019-10-28T03:38+0000",
          "moonPhase" : "phase1",
          "age" : 2,
          "sign" : "scorpio",
          "date" : "2019-10-29T04:02+0000",
          "timeZone" : 3,
          "signDate" : "2019-10-27T20:31+0000"
        },
        {
          "moonPhaseDate" : "2019-10-28T03:38+0000",
          "moonPhase" : "phase1",
          "age" : 3,
          "sign" : "sagittarius",
          "date" : "2019-10-30T05:06+0000",
          "timeZone" : 3,
          "signDate" : "2019-10-29T22:00+0000"
        },
        {
          "moonPhaseDate" : "2019-10-28T03:38+0000",
          "moonPhase" : "phase1",
          "age" : 4,
          "timeZone" : 3,
          "date" : "2019-10-31T06:07+0000",
          "sign" : "sagittarius",
          "signDate" : "2019-10-29T22:00+0000"
        },
        {
          "moonPhaseDate" : null,
          "moonPhase" : "phase1",
          "age" : 5,
          "sign" : "capricorn",
          "date" : "2019-11-01T07:07+0000",
          "timeZone" : 3,
          "signDate" : "2019-11-01T02:38+0000"
        },
        {
          "moonPhaseDate" : null,
          "moonPhase" : "phase1",
          "age" : 6,
          "sign" : "capricorn",
          "date" : "2019-11-02T08:02+0000",
          "timeZone" : 3,
          "signDate" : "2019-11-01T02:38+0000"
        },
        {
          "moonPhaseDate" : null,
          "moonPhase" : "phase1",
          "age" : 7,
          "sign" : "aquarius",
          "date" : "2019-11-03T08:52+0000",
          "timeZone" : 3,
          "signDate" : "2019-11-03T11:21+0000"
        },
        {
          "moonPhaseDate" : "2019-11-04T10:23+0000",
          "moonPhase" : "phase2",
          "age" : 8,
          "sign" : "aquarius",
          "date" : "2019-11-04T09:36+0000",
          "timeZone" : 3,
          "signDate" : "2019-11-03T11:21+0000"
        },
        {
          "moonPhaseDate" : "2019-11-04T10:23+0000",
          "moonPhase" : "phase2",
          "age" : 9,
          "sign" : "aquarius",
          "date" : "2019-11-05T10:17+0000",
          "timeZone" : 3,
          "signDate" : "2019-11-03T11:21+0000"
        },
        {
          "moonPhaseDate" : "2019-11-04T10:23+0000",
          "moonPhase" : "phase2",
          "age" : 10,
          "sign" : "pisces",
          "date" : "2019-11-06T10:53+0000",
          "timeZone" : 3,
          "signDate" : "2019-11-05T23:11+0000"
        },
        {
          "moonPhaseDate" : "2019-11-04T10:23+0000",
          "moonPhase" : "phase2",
          "age" : 11,
          "sign" : "pisces",
          "date" : "2019-11-07T11:28+0000",
          "timeZone" : 3,
          "signDate" : "2019-11-05T23:11+0000"
        },
        {
          "moonPhaseDate" : "2019-11-04T10:23+0000",
          "moonPhase" : "phase2",
          "age" : 12,
          "timeZone" : 3,
          "date" : "2019-11-08T12:00+0000",
          "sign" : "aries",
          "signDate" : "2019-11-08T11:50+0000"
        },
        {
          "moonPhaseDate" : "2019-11-04T10:23+0000",
          "moonPhase" : "phase2",
          "age" : 13,
          "sign" : "aries",
          "timeZone" : 3,
          "date" : "2019-11-09T12:33+0000",
          "signDate" : "2019-11-08T11:50+0000"
        },
        {
          "moonPhaseDate" : "2019-11-04T10:23+0000",
          "moonPhase" : "phase2",
          "age" : 14,
          "timeZone" : 3,
          "date" : "2019-11-10T13:05+0000",
          "sign" : "aries",
          "signDate" : "2019-11-08T11:50+0000"
        },
        {
          "moonPhaseDate" : "2019-11-04T10:23+0000",
          "moonPhase" : "phase2",
          "age" : 15,
          "sign" : "taurus",
          "timeZone" : 3,
          "date" : "2019-11-11T13:40+0000",
          "signDate" : "2019-11-10T23:19+0000"
        },
        {
          "moonPhaseDate" : "2019-11-12T13:35+0000",
          "moonPhase" : "fullMoon",
          "age" : 16,
          "sign" : "taurus",
          "date" : "2019-11-12T14:16+0000",
          "timeZone" : 3,
          "signDate" : "2019-11-10T23:19+0000"
        },
        {
          "moonPhaseDate" : "2019-11-12T13:35+0000",
          "moonPhase" : "phase3",
          "age" : 17,
          "sign" : "gemini",
          "date" : "2019-11-13T14:57+0000",
          "timeZone" : 3,
          "signDate" : "2019-11-13T08:45+0000"
        },
        {
          "moonPhaseDate" : "2019-11-12T13:35+0000",
          "moonPhase" : "phase3",
          "age" : 18,
          "sign" : "gemini",
          "date" : "2019-11-14T15:42+0000",
          "timeZone" : 3,
          "signDate" : "2019-11-13T08:45+0000"
        },
        {
          "moonPhaseDate" : "2019-11-12T13:35+0000",
          "moonPhase" : "phase3",
          "age" : 19,
          "sign" : "cancer",
          "timeZone" : 3,
          "date" : "2019-11-15T16:32+0000",
          "signDate" : "2019-11-15T16:12+0000"
        },
        {
          "moonPhaseDate" : "2019-11-12T13:35+0000",
          "moonPhase" : "phase3",
          "age" : 20,
          "sign" : "cancer",
          "date" : "2019-11-16T17:27+0000",
          "timeZone" : 3,
          "signDate" : "2019-11-15T16:12+0000"
        },
        {
          "moonPhaseDate" : "2019-11-12T13:35+0000",
          "moonPhase" : "phase3",
          "age" : 21,
          "sign" : "cancer",
          "date" : "2019-11-17T18:26+0000",
          "timeZone" : 3,
          "signDate" : "2019-11-15T16:12+0000"
        },
        {
          "moonPhaseDate" : "2019-11-12T13:35+0000",
          "moonPhase" : "phase3",
          "age" : 22,
          "sign" : "leo",
          "date" : "2019-11-18T19:27+0000",
          "timeZone" : 3,
          "signDate" : "2019-11-17T21:54+0000"
        },
        {
          "moonPhaseDate" : "2019-11-12T13:35+0000",
          "moonPhase" : "phase3",
          "age" : 23,
          "sign" : "leo",
          "timeZone" : 3,
          "date" : "2019-11-19T20:30+0000",
          "signDate" : "2019-11-17T21:54+0000"
        },
        {
          "moonPhaseDate" : "2019-11-19T21:11+0000",
          "moonPhase" : "phase4",
          "age" : 24,
          "sign" : "virgo",
          "date" : "2019-11-20T21:32+0000",
          "timeZone" : 3,
          "signDate" : "2019-11-17T21:54+0000"
        },
        {
          "moonPhaseDate" : "2019-11-19T21:11+0000",
          "moonPhase" : "phase4",
          "age" : 25,
          "sign" : "libra",
          "date" : "2019-11-21T22:35+0000",
          "timeZone" : 3,
          "signDate" : "2019-11-22T04:22+0000"
        },
        {
          "moonPhaseDate" : "2019-11-19T21:11+0000",
          "moonPhase" : "phase4",
          "age" : 26,
          "sign" : "libra",
          "timeZone" : 3,
          "date" : "2019-11-22T23:37+0000",
          "signDate" : "2019-11-22T04:22+0000"
        },
        {
          "moonPhaseDate" : "2019-11-19T21:11+0000",
          "moonPhase" : "phase4",
          "age" : 27,
          "sign" : "scorpio",
          "date" : "2019-11-24T00:39+0000",
          "timeZone" : 3,
          "signDate" : "2019-11-24T06:01+0000"
        },
        {
          "moonPhaseDate" : "2019-11-19T21:11+0000",
          "moonPhase" : "phase4",
          "age" : 28,
          "sign" : "scorpio",
          "date" : "2019-11-25T01:43+0000",
          "timeZone" : 3,
          "signDate" : "2019-11-24T06:01+0000"
        },
        {
          "moonPhaseDate" : "2019-11-26T15:06+0000",
          "moonPhase" : "newMoon",
          "age" : 29,
          "sign" : "sagittarius",
          "date" : "2019-11-26T02:46+0000",
          "timeZone" : 3,
          "signDate" : "2019-11-26T08:12+0000"
        },
        {
          "moonPhaseDate" : "2019-11-26T15:06+0000",
          "moonPhase" : "newMoon",
          "age" : 1,
          "sign" : "sagittarius",
          "date" : "2019-11-26T15:06+0000",
          "timeZone" : 3,
          "signDate" : "2019-11-26T08:12+0000"
        },
        {
          "moonPhaseDate" : "2019-11-26T15:06+0000",
          "moonPhase" : "phase1",
          "age" : 2,
          "sign" : "sagittarius",
          "date" : "2019-11-27T03:49+0000",
          "timeZone" : 3,
          "signDate" : "2019-11-26T08:12+0000"
        },
        {
          "moonPhaseDate" : "2019-11-26T15:06+0000",
          "moonPhase" : "phase1",
          "age" : 3,
          "sign" : "capricorn",
          "date" : "2019-11-28T04:51+0000",
          "timeZone" : 3,
          "signDate" : "2019-11-28T12:32+0000"
        },
        {
          "moonPhaseDate" : "2019-11-26T15:06+0000",
          "moonPhase" : "phase1",
          "age" : 4,
          "sign" : "capricorn",
          "date" : "2019-11-29T05:49+0000",
          "timeZone" : 3,
          "signDate" : "2019-11-28T12:32+0000"
        },
        {
          "moonPhaseDate" : "2019-11-26T15:06+0000",
          "moonPhase" : "phase1",
          "age" : 5,
          "sign" : "aquarius",
          "date" : "2019-11-30T06:42+0000",
          "timeZone" : 3,
          "signDate" : "2019-11-30T20:15+0000"
        },
        {
          "moonPhaseDate" : null,
          "moonPhase" : "phase1",
          "age" : 6,
          "sign" : "aquarius",
          "date" : "2019-12-01T07:29+0000",
          "timeZone" : 3,
          "signDate" : "2019-11-30T20:15+0000"
        },
        {
          "moonPhaseDate" : null,
          "moonPhase" : "phase1",
          "age" : 7,
          "sign" : "aquarius",
          "date" : "2019-12-02T08:12+0000",
          "timeZone" : 3,
          "signDate" : "2019-11-30T20:15+0000"
        },
        {
          "moonPhaseDate" : null,
          "moonPhase" : "phase1",
          "age" : 8,
          "sign" : "pisces",
          "date" : "2019-12-03T08:52+0000",
          "timeZone" : 3,
          "signDate" : "2019-12-03T07:14+0000"
        },
        {
          "moonPhaseDate" : "2019-12-04T06:58+0000",
          "moonPhase" : "phase2",
          "age" : 9,
          "sign" : "pisces",
          "date" : "2019-12-04T09:27+0000",
          "timeZone" : 3,
          "signDate" : "2019-12-03T07:14+0000"
        },
        {
          "moonPhaseDate" : "2019-12-04T06:58+0000",
          "moonPhase" : "phase2",
          "age" : 10,
          "sign" : "aries",
          "date" : "2019-12-05T10:00+0000",
          "timeZone" : 3,
          "signDate" : "2019-12-05T19:46+0000"
        },
        {
          "moonPhaseDate" : "2019-12-04T06:58+0000",
          "moonPhase" : "phase2",
          "age" : 11,
          "sign" : "aries",
          "date" : "2019-12-06T10:32+0000",
          "timeZone" : 3,
          "signDate" : "2019-12-05T19:46+0000"
        },
        {
          "moonPhaseDate" : "2019-12-04T06:58+0000",
          "moonPhase" : "phase2",
          "age" : 12,
          "sign" : "aries",
          "date" : "2019-12-07T11:04+0000",
          "timeZone" : 3,
          "signDate" : "2019-12-05T19:46+0000"
        },
        {
          "moonPhaseDate" : "2019-12-04T06:58+0000",
          "moonPhase" : "phase2",
          "age" : 13,
          "sign" : "taurus",
          "date" : "2019-12-08T11:38+0000",
          "timeZone" : 3,
          "signDate" : "2019-12-08T07:31+0000"
        },
        {
          "moonPhaseDate" : "2019-12-04T06:58+0000",
          "moonPhase" : "phase2",
          "age" : 14,
          "sign" : "taurus",
          "date" : "2019-12-09T12:13+0000",
          "timeZone" : 3,
          "signDate" : "2019-12-08T07:31+0000"
        },
        {
          "moonPhaseDate" : "2019-12-04T06:58+0000",
          "moonPhase" : "phase2",
          "age" : 15,
          "timeZone" : 3,
          "date" : "2019-12-10T12:52+0000",
          "sign" : "gemini",
          "signDate" : "2019-12-10T16:49+0000"
        },
        {
          "moonPhaseDate" : "2019-12-04T06:58+0000",
          "moonPhase" : "phase2",
          "age" : 16,
          "sign" : "gemini",
          "date" : "2019-12-11T13:35+0000",
          "timeZone" : 3,
          "signDate" : "2019-12-10T16:49+0000"
        },
        {
          "moonPhaseDate" : "2019-12-12T05:12+0000",
          "moonPhase" : "fullMoon",
          "age" : 17,
          "sign" : "gemini",
          "date" : "2019-12-12T14:24+0000",
          "timeZone" : 3,
          "signDate" : "2019-12-10T16:49+0000"
        },
        {
          "moonPhaseDate" : "2019-12-12T05:12+0000",
          "moonPhase" : "phase3",
          "age" : 18,
          "sign" : "cancer",
          "date" : "2019-12-13T15:19+0000",
          "timeZone" : 3,
          "signDate" : "2019-12-12T23:24+0000"
        },
        {
          "moonPhaseDate" : "2019-12-12T05:12+0000",
          "moonPhase" : "phase3",
          "age" : 19,
          "sign" : "cancer",
          "date" : "2019-12-14T16:18+0000",
          "timeZone" : 3,
          "signDate" : "2019-12-12T23:24+0000"
        },
        {
          "moonPhaseDate" : "2019-12-12T05:12+0000",
          "moonPhase" : "phase3",
          "age" : 20,
          "sign" : "leo",
          "date" : "2019-12-15T17:20+0000",
          "timeZone" : 3,
          "signDate" : "2019-12-15T03:53+0000"
        },
        {
          "moonPhaseDate" : "2019-12-12T05:12+0000",
          "moonPhase" : "phase3",
          "age" : 21,
          "sign" : "leo",
          "timeZone" : 3,
          "date" : "2019-12-16T18:23+0000",
          "signDate" : "2019-12-15T03:53+0000"
        },
        {
          "moonPhaseDate" : "2019-12-12T05:12+0000",
          "moonPhase" : "phase3",
          "age" : 22,
          "sign" : "virgo",
          "date" : "2019-12-17T19:26+0000",
          "timeZone" : 3,
          "signDate" : "2019-12-17T07:13+0000"
        },
        {
          "moonPhaseDate" : "2019-12-12T05:12+0000",
          "moonPhase" : "phase3",
          "age" : 23,
          "sign" : "virgo",
          "date" : "2019-12-18T20:28+0000",
          "timeZone" : 3,
          "signDate" : "2019-12-17T07:13+0000"
        },
        {
          "moonPhaseDate" : "2019-12-19T04:57+0000",
          "moonPhase" : "phase4",
          "age" : 24,
          "sign" : "libra",
          "date" : "2019-12-19T21:29+0000",
          "timeZone" : 3,
          "signDate" : "2019-12-17T07:13+0000"
        },
        {
          "moonPhaseDate" : "2019-12-19T04:57+0000",
          "moonPhase" : "phase4",
          "age" : 25,
          "sign" : "scorpio",
          "date" : "2019-12-20T22:30+0000",
          "timeZone" : 3,
          "signDate" : "2019-12-21T13:01+0000"
        },
        {
          "moonPhaseDate" : "2019-12-19T04:57+0000",
          "moonPhase" : "phase4",
          "age" : 26,
          "sign" : "scorpio",
          "date" : "2019-12-21T23:31+0000",
          "timeZone" : 3,
          "signDate" : "2019-12-21T13:01+0000"
        },
        {
          "moonPhaseDate" : "2019-12-19T04:57+0000",
          "moonPhase" : "phase4",
          "age" : 27,
          "sign" : "sagittarius",
          "timeZone" : 3,
          "date" : "2019-12-23T00:32+0000",
          "signDate" : "2019-12-23T16:37+0000"
        },
        {
          "moonPhaseDate" : "2019-12-19T04:57+0000",
          "moonPhase" : "phase4",
          "age" : 28,
          "sign" : "sagittarius",
          "date" : "2019-12-24T01:34+0000",
          "timeZone" : 3,
          "signDate" : "2019-12-23T16:37+0000"
        },
        {
          "moonPhaseDate" : "2019-12-19T04:57+0000",
          "moonPhase" : "phase4",
          "age" : 29,
          "sign" : "sagittarius",
          "timeZone" : 3,
          "date" : "2019-12-25T02:35+0000",
          "signDate" : "2019-12-23T16:37+0000"
        },
        {
          "moonPhaseDate" : "2019-12-26T05:13+0000",
          "moonPhase" : "newMoon",
          "age" : 30,
          "sign" : "capricorn",
          "timeZone" : 3,
          "date" : "2019-12-26T03:35+0000",
          "signDate" : "2019-12-25T21:46+0000"
        },
        {
          "moonPhaseDate" : "2019-12-26T05:13+0000",
          "moonPhase" : "newMoon",
          "age" : 1,
          "sign" : "capricorn",
          "date" : "2019-12-26T05:13+0000",
          "timeZone" : 3,
          "signDate" : "2019-12-25T21:46+0000"
        },
        {
          "moonPhaseDate" : "2019-12-26T05:13+0000",
          "moonPhase" : "phase1",
          "age" : 2,
          "timeZone" : 3,
          "date" : "2019-12-27T04:30+0000",
          "sign" : "capricorn",
          "signDate" : "2019-12-25T21:46+0000"
        },
        {
          "moonPhaseDate" : "2019-12-26T05:13+0000",
          "moonPhase" : "phase1",
          "age" : 3,
          "timeZone" : 3,
          "date" : "2019-12-28T05:21+0000",
          "sign" : "aquarius",
          "signDate" : "2019-12-28T05:21+0000"
        },
        {
          "moonPhaseDate" : "2019-12-26T05:13+0000",
          "moonPhase" : "phase1",
          "age" : 4,
          "sign" : "aquarius",
          "date" : "2019-12-29T06:07+0000",
          "timeZone" : 3,
          "signDate" : "2019-12-28T05:21+0000"
        },
        {
          "moonPhaseDate" : "2019-12-26T05:13+0000",
          "moonPhase" : "phase1",
          "age" : 5,
          "sign" : "pisces",
          "date" : "2019-12-30T06:48+0000",
          "timeZone" : 3,
          "signDate" : "2019-12-30T15:43+0000"
        },
        {
          "moonPhaseDate" : "2019-12-26T05:13+0000",
          "moonPhase" : "phase1",
          "age" : 6,
          "sign" : "pisces",
          "date" : "2019-12-31T07:25+0000",
          "timeZone" : 3,
          "signDate" : "2019-12-30T15:43+0000"
        },
        {
          "moonPhaseDate" : null,
          "moonPhase" : "phase1",
          "age" : 7,
          "sign" : "pisces",
          "date" : "2020-01-01T07:59+0000",
          "timeZone" : 3,
          "signDate" : "2019-12-30T15:43+0000"
        },
        {
          "moonPhaseDate" : null,
          "moonPhase" : "phase1",
          "age" : 8,
          "timeZone" : 3,
          "date" : "2020-01-02T08:31+0000",
          "sign" : "aries",
          "signDate" : "2020-01-02T04:01+0000"
        },
        {
          "moonPhaseDate" : "2020-01-03T04:45+0000",
          "moonPhase" : "phase2",
          "age" : 9,
          "sign" : "aries",
          "date" : "2020-01-03T09:03+0000",
          "timeZone" : 3,
          "signDate" : "2020-01-02T04:01+0000"
        },
        {
          "moonPhaseDate" : "2020-01-03T04:45+0000",
          "moonPhase" : "phase2",
          "age" : 10,
          "sign" : "taurus",
          "date" : "2020-01-04T09:35+0000",
          "timeZone" : 3,
          "signDate" : "2020-01-04T16:15+0000"
        },
        {
          "moonPhaseDate" : "2020-01-03T04:45+0000",
          "moonPhase" : "phase2",
          "age" : 11,
          "sign" : "taurus",
          "date" : "2020-01-05T10:09+0000",
          "timeZone" : 3,
          "signDate" : "2020-01-04T16:15+0000"
        },
        {
          "moonPhaseDate" : "2020-01-03T04:45+0000",
          "moonPhase" : "phase2",
          "age" : 12,
          "sign" : "taurus",
          "date" : "2020-01-06T10:46+0000",
          "timeZone" : 3,
          "signDate" : "2020-01-04T16:15+0000"
        },
        {
          "moonPhaseDate" : "2020-01-03T04:45+0000",
          "moonPhase" : "phase2",
          "age" : 13,
          "sign" : "gemini",
          "timeZone" : 3,
          "date" : "2020-01-07T11:26+0000",
          "signDate" : "2020-01-07T02:13+0000"
        },
        {
          "moonPhaseDate" : "2020-01-03T04:45+0000",
          "moonPhase" : "phase2",
          "age" : 14,
          "sign" : "gemini",
          "date" : "2020-01-08T12:13+0000",
          "timeZone" : 3,
          "signDate" : "2020-01-07T02:13+0000"
        },
        {
          "moonPhaseDate" : "2020-01-03T04:45+0000",
          "moonPhase" : "phase2",
          "age" : 15,
          "sign" : "cancer",
          "date" : "2020-01-09T13:05+0000",
          "timeZone" : 3,
          "signDate" : "2020-01-09T08:45+0000"
        },
        {
          "moonPhaseDate" : "2020-01-10T19:21+0000",
          "moonPhase" : "fullMoon",
          "age" : 16,
          "sign" : "cancer",
          "date" : "2020-01-10T14:03+0000",
          "timeZone" : 3,
          "signDate" : "2020-01-09T08:45+0000"
        },
        {
          "moonPhaseDate" : "2020-01-10T19:21+0000",
          "moonPhase" : "phase3",
          "age" : 17,
          "sign" : "leo",
          "timeZone" : 3,
          "date" : "2020-01-11T15:06+0000",
          "signDate" : "2020-01-11T12:16+0000"
        },
        {
          "moonPhaseDate" : "2020-01-10T19:21+0000",
          "moonPhase" : "phase3",
          "age" : 18,
          "sign" : "leo",
          "date" : "2020-01-12T16:11+0000",
          "timeZone" : 3,
          "signDate" : "2020-01-11T12:16+0000"
        },
        {
          "moonPhaseDate" : "2020-01-10T19:21+0000",
          "moonPhase" : "phase3",
          "age" : 19,
          "timeZone" : 3,
          "date" : "2020-01-13T17:17+0000",
          "sign" : "virgo",
          "signDate" : "2020-01-13T14:05+0000"
        },
        {
          "moonPhaseDate" : "2020-01-10T19:21+0000",
          "moonPhase" : "phase3",
          "age" : 20,
          "sign" : "virgo",
          "date" : "2020-01-14T18:21+0000",
          "timeZone" : 3,
          "signDate" : "2020-01-13T14:05+0000"
        },
        {
          "moonPhaseDate" : "2020-01-10T19:21+0000",
          "moonPhase" : "phase3",
          "age" : 21,
          "sign" : "libra",
          "date" : "2020-01-15T19:23+0000",
          "timeZone" : 3,
          "signDate" : "2020-01-15T15:42+0000"
        },
        {
          "moonPhaseDate" : "2020-01-10T19:21+0000",
          "moonPhase" : "phase3",
          "age" : 22,
          "sign" : "libra",
          "date" : "2020-01-16T20:25+0000",
          "timeZone" : 3,
          "signDate" : "2020-01-15T15:42+0000"
        },
        {
          "moonPhaseDate" : "2020-01-17T12:58+0000",
          "moonPhase" : "phase4",
          "age" : 23,
          "sign" : "scorpio",
          "timeZone" : 3,
          "date" : "2020-01-17T21:25+0000",
          "signDate" : "2020-01-15T15:42+0000"
        },
        {
          "moonPhaseDate" : "2020-01-17T12:58+0000",
          "moonPhase" : "phase4",
          "age" : 24,
          "sign" : "scorpio",
          "timeZone" : 3,
          "date" : "2020-01-18T22:26+0000",
          "signDate" : "2020-01-15T15:42+0000"
        },
        {
          "moonPhaseDate" : "2020-01-17T12:58+0000",
          "moonPhase" : "phase4",
          "age" : 25,
          "sign" : "sagittarius",
          "date" : "2020-01-19T23:26+0000",
          "timeZone" : 3,
          "signDate" : "2020-01-19T22:43+0000"
        },
        {
          "moonPhaseDate" : "2020-01-17T12:58+0000",
          "moonPhase" : "phase4",
          "age" : 26,
          "sign" : "sagittarius",
          "date" : "2020-01-21T00:26+0000",
          "timeZone" : 3,
          "signDate" : "2020-01-19T22:43+0000"
        },
        {
          "moonPhaseDate" : "2020-01-17T12:58+0000",
          "moonPhase" : "phase4",
          "age" : 27,
          "sign" : "capricorn",
          "date" : "2020-01-22T01:25+0000",
          "timeZone" : 3,
          "signDate" : "2020-01-22T05:02+0000"
        },
        {
          "moonPhaseDate" : "2020-01-17T12:58+0000",
          "moonPhase" : "phase4",
          "age" : 28,
          "sign" : "capricorn",
          "date" : "2020-01-23T02:21+0000",
          "timeZone" : 3,
          "signDate" : "2020-01-22T05:02+0000"
        },
        {
          "moonPhaseDate" : "2020-01-17T12:58+0000",
          "moonPhase" : "phase4",
          "age" : 29,
          "sign" : "aquarius",
          "date" : "2020-01-24T03:13+0000",
          "timeZone" : 3,
          "signDate" : "2020-01-24T13:22+0000"
        },
        {
          "moonPhaseDate" : "2020-01-24T21:42+0000",
          "moonPhase" : "newMoon",
          "age" : 1,
          "sign" : "aquarius",
          "date" : "2020-01-24T21:42+0000",
          "timeZone" : 3,
          "signDate" : "2020-01-24T13:22+0000"
        },
        {
          "moonPhaseDate" : "2020-01-24T21:42+0000",
          "moonPhase" : "newMoon",
          "age" : 2,
          "timeZone" : 3,
          "date" : "2020-01-25T04:01+0000",
          "sign" : "aquarius",
          "signDate" : "2020-01-24T13:22+0000"
        },
        {
          "moonPhaseDate" : "2020-01-24T21:42+0000",
          "moonPhase" : "phase1",
          "age" : 3,
          "sign" : "aquarius",
          "date" : "2020-01-26T04:43+0000",
          "timeZone" : 3,
          "signDate" : "2020-01-24T13:22+0000"
        },
        {
          "moonPhaseDate" : "2020-01-24T21:42+0000",
          "moonPhase" : "phase1",
          "age" : 4,
          "sign" : "pisces",
          "date" : "2020-01-27T05:22+0000",
          "timeZone" : 3,
          "signDate" : "2020-01-26T23:45+0000"
        },
        {
          "moonPhaseDate" : "2020-01-24T21:42+0000",
          "moonPhase" : "phase1",
          "age" : 5,
          "sign" : "pisces",
          "date" : "2020-01-28T05:57+0000",
          "timeZone" : 3,
          "signDate" : "2020-01-26T23:45+0000"
        },
        {
          "moonPhaseDate" : "2020-01-24T21:42+0000",
          "moonPhase" : "phase1",
          "age" : 6,
          "timeZone" : 3,
          "date" : "2020-01-29T06:30+0000",
          "sign" : "aries",
          "signDate" : "2020-01-29T11:51+0000"
        },
        {
          "moonPhaseDate" : "2020-01-24T21:42+0000",
          "moonPhase" : "phase1",
          "age" : 7,
          "timeZone" : 3,
          "date" : "2020-01-30T07:02+0000",
          "sign" : "aries",
          "signDate" : "2020-01-29T11:51+0000"
        },
        {
          "moonPhaseDate" : "2020-01-24T21:42+0000",
          "moonPhase" : "phase1",
          "age" : 8,
          "sign" : "aries",
          "date" : "2020-01-31T07:34+0000",
          "timeZone" : 3,
          "signDate" : "2020-01-29T11:51+0000"
        },
        {
          "moonPhaseDate" : "2020-01-24T21:42+0000",
          "moonPhase" : "phase1",
          "age" : 8,
          "sign" : "aries",
          "date" : "2020-01-31T07:34+0000",
          "timeZone" : 3,
          "signDate" : "2020-01-29T11:51+0000"
        }
      ],
      "timeZone" : 3,
      "cityName" : "Эр-Рияд"
    }
  ],
  "countryName" : "СА"
}