{
  "countryName" : "Вьетнам",
  "cities" : [
    {
      "cityName" : "Ханой",
      "timeZone" : 7,
      "moonDays" : [
        {
          "date" : "2019-04-30T20:14+0000",
          "moonPhase" : null,
          "timeZone" : 7,
          "age" : 26,
          "sign" : "aries",
          "moonPhaseDate" : null,
          "signDate" : "2019-05-01T10:23+0000"
        },
        {
          "date" : "2019-05-01T20:50+0000",
          "timeZone" : 7,
          "moonPhase" : null,
          "age" : 27,
          "sign" : "aries",
          "moonPhaseDate" : null,
          "signDate" : "2019-05-01T10:23+0000"
        },
        {
          "date" : "2019-05-02T21:25+0000",
          "timeZone" : 7,
          "moonPhase" : null,
          "age" : 28,
          "sign" : "aries",
          "moonPhaseDate" : null,
          "signDate" : "2019-05-01T10:23+0000"
        },
        {
          "date" : "2019-05-03T22:02+0000",
          "timeZone" : 7,
          "moonPhase" : null,
          "age" : 29,
          "sign" : "taurus",
          "moonPhaseDate" : null,
          "signDate" : "2019-05-03T20:21+0000"
        },
        {
          "date" : "2019-05-04T22:41+0000",
          "timeZone" : 7,
          "moonPhase" : "newMoon",
          "age" : 30,
          "sign" : "taurus",
          "moonPhaseDate" : "2019-05-04T22:45+0000",
          "signDate" : "2019-05-03T20:21+0000"
        },
        {
          "date" : "2019-05-04T22:45+0000",
          "timeZone" : 7,
          "moonPhase" : "newMoon",
          "age" : 1,
          "sign" : "taurus",
          "moonPhaseDate" : "2019-05-04T22:45+0000",
          "signDate" : "2019-05-03T20:21+0000"
        },
        {
          "date" : "2019-05-05T23:23+0000",
          "timeZone" : 7,
          "moonPhase" : "phase1",
          "age" : 2,
          "sign" : "gemini",
          "moonPhaseDate" : "2019-05-04T22:45+0000",
          "signDate" : "2019-05-06T03:42+0000"
        },
        {
          "date" : "2019-05-07T00:09+0000",
          "timeZone" : 7,
          "moonPhase" : "phase1",
          "age" : 3,
          "sign" : "gemini",
          "moonPhaseDate" : "2019-05-04T22:45+0000",
          "signDate" : "2019-05-06T03:42+0000"
        },
        {
          "date" : "2019-05-08T01:00+0000",
          "timeZone" : 7,
          "moonPhase" : "phase1",
          "age" : 4,
          "sign" : "cancer",
          "moonPhaseDate" : "2019-05-04T22:45+0000",
          "signDate" : "2019-05-08T09:05+0000"
        },
        {
          "date" : "2019-05-09T01:56+0000",
          "moonPhase" : "phase1",
          "timeZone" : 7,
          "age" : 5,
          "sign" : "cancer",
          "moonPhaseDate" : "2019-05-04T22:45+0000",
          "signDate" : "2019-05-08T09:05+0000"
        },
        {
          "date" : "2019-05-10T02:55+0000",
          "timeZone" : 7,
          "moonPhase" : "phase1",
          "age" : 6,
          "sign" : "leo",
          "moonPhaseDate" : "2019-05-04T22:45+0000",
          "signDate" : "2019-05-10T13:12+0000"
        },
        {
          "date" : "2019-05-11T03:56+0000",
          "timeZone" : 7,
          "moonPhase" : "phase1",
          "age" : 7,
          "sign" : "leo",
          "moonPhaseDate" : "2019-05-04T22:45+0000",
          "signDate" : "2019-05-10T13:12+0000"
        },
        {
          "date" : "2019-05-12T04:58+0000",
          "timeZone" : 7,
          "moonPhase" : "phase2",
          "age" : 8,
          "sign" : "virgo",
          "moonPhaseDate" : "2019-05-12T01:12+0000",
          "signDate" : "2019-05-12T16:23+0000"
        },
        {
          "date" : "2019-05-13T06:00+0000",
          "timeZone" : 7,
          "moonPhase" : "phase2",
          "age" : 9,
          "sign" : "virgo",
          "moonPhaseDate" : "2019-05-12T01:12+0000",
          "signDate" : "2019-05-12T16:23+0000"
        },
        {
          "date" : "2019-05-14T07:00+0000",
          "timeZone" : 7,
          "moonPhase" : "phase2",
          "age" : 10,
          "sign" : "virgo",
          "moonPhaseDate" : "2019-05-12T01:12+0000",
          "signDate" : "2019-05-12T16:23+0000"
        },
        {
          "date" : "2019-05-15T08:00+0000",
          "timeZone" : 7,
          "moonPhase" : "phase2",
          "age" : 11,
          "sign" : "libra",
          "moonPhaseDate" : "2019-05-12T01:12+0000",
          "signDate" : "2019-05-14T18:53+0000"
        },
        {
          "date" : "2019-05-16T08:59+0000",
          "timeZone" : 7,
          "moonPhase" : "phase2",
          "age" : 12,
          "sign" : "libra",
          "moonPhaseDate" : "2019-05-12T01:12+0000",
          "signDate" : "2019-05-14T18:53+0000"
        },
        {
          "timeZone" : 7,
          "moonPhase" : "phase2",
          "date" : "2019-05-17T09:58+0000",
          "age" : 13,
          "sign" : "scorpio",
          "moonPhaseDate" : "2019-05-12T01:12+0000",
          "signDate" : "2019-05-16T21:25+0000"
        },
        {
          "date" : "2019-05-18T10:58+0000",
          "moonPhase" : "phase2",
          "timeZone" : 7,
          "age" : 14,
          "sign" : "scorpio",
          "moonPhaseDate" : "2019-05-12T01:12+0000",
          "signDate" : "2019-05-16T21:25+0000"
        },
        {
          "date" : "2019-05-19T11:57+0000",
          "timeZone" : 7,
          "moonPhase" : "fullMoon",
          "age" : 15,
          "sign" : "sagittarius",
          "moonPhaseDate" : "2019-05-18T21:11+0000",
          "signDate" : "2019-05-19T01:19+0000"
        },
        {
          "date" : "2019-05-20T12:54+0000",
          "timeZone" : 7,
          "moonPhase" : "phase3",
          "age" : 16,
          "sign" : "sagittarius",
          "moonPhaseDate" : "2019-05-18T21:11+0000",
          "signDate" : "2019-05-19T01:19+0000"
        },
        {
          "date" : "2019-05-21T13:50+0000",
          "timeZone" : 7,
          "moonPhase" : "phase3",
          "age" : 17,
          "sign" : "capricorn",
          "moonPhaseDate" : "2019-05-18T21:11+0000",
          "signDate" : "2019-05-21T07:56+0000"
        },
        {
          "date" : "2019-05-22T14:43+0000",
          "timeZone" : 7,
          "moonPhase" : "phase3",
          "age" : 18,
          "sign" : "capricorn",
          "moonPhaseDate" : "2019-05-18T21:11+0000",
          "signDate" : "2019-05-21T07:56+0000"
        },
        {
          "age" : 19,
          "sign" : "capricorn",
          "moonPhaseDate" : "2019-05-18T21:11+0000",
          "date" : "2019-05-23T15:32+0000",
          "timeZone" : 7,
          "moonPhase" : "phase3",
          "signDate" : "2019-05-21T07:56+0000"
        },
        {
          "date" : "2019-05-24T16:17+0000",
          "timeZone" : 7,
          "moonPhase" : "phase3",
          "age" : 20,
          "sign" : "aquarius",
          "moonPhaseDate" : "2019-05-18T21:11+0000",
          "signDate" : "2019-05-23T17:51+0000"
        },
        {
          "date" : "2019-05-25T16:58+0000",
          "timeZone" : 7,
          "moonPhase" : "phase3",
          "age" : 21,
          "sign" : "aquarius",
          "moonPhaseDate" : "2019-05-18T21:11+0000",
          "signDate" : "2019-05-23T17:51+0000"
        },
        {
          "timeZone" : 7,
          "moonPhase" : "phase4",
          "date" : "2019-05-26T17:37+0000",
          "age" : 22,
          "sign" : "pisces",
          "moonPhaseDate" : "2019-05-26T16:33+0000",
          "signDate" : "2019-05-23T17:51+0000"
        },
        {
          "date" : "2019-05-27T18:13+0000",
          "timeZone" : 7,
          "moonPhase" : "phase4",
          "age" : 23,
          "sign" : "pisces",
          "moonPhaseDate" : "2019-05-26T16:33+0000",
          "signDate" : "2019-05-23T17:51+0000"
        },
        {
          "timeZone" : 7,
          "moonPhase" : "phase4",
          "date" : "2019-05-28T18:48+0000",
          "age" : 24,
          "sign" : "aries",
          "moonPhaseDate" : "2019-05-26T16:33+0000",
          "signDate" : "2019-05-28T18:29+0000"
        },
        {
          "date" : "2019-05-29T19:23+0000",
          "moonPhase" : "phase4",
          "timeZone" : 7,
          "age" : 25,
          "sign" : "aries",
          "moonPhaseDate" : "2019-05-26T16:33+0000",
          "signDate" : "2019-05-28T18:29+0000"
        },
        {
          "date" : "2019-05-30T19:58+0000",
          "timeZone" : 7,
          "moonPhase" : "phase4",
          "age" : 26,
          "sign" : "taurus",
          "moonPhaseDate" : "2019-05-26T16:33+0000",
          "signDate" : "2019-05-31T04:44+0000"
        },
        {
          "date" : "2019-05-31T20:36+0000",
          "timeZone" : 7,
          "moonPhase" : "phase4",
          "age" : 27,
          "sign" : "taurus",
          "moonPhaseDate" : null,
          "signDate" : "2019-05-31T04:44+0000"
        },
        {
          "timeZone" : 7,
          "moonPhase" : "phase4",
          "date" : "2019-06-01T21:17+0000",
          "age" : 28,
          "sign" : "gemini",
          "moonPhaseDate" : null,
          "signDate" : "2019-06-02T11:51+0000"
        },
        {
          "date" : "2019-06-02T22:02+0000",
          "timeZone" : 7,
          "moonPhase" : "newMoon",
          "age" : 29,
          "sign" : "gemini",
          "moonPhaseDate" : "2019-06-03T10:02+0000",
          "signDate" : "2019-06-02T11:51+0000"
        },
        {
          "date" : "2019-06-03T10:02+0000",
          "timeZone" : 7,
          "moonPhase" : "newMoon",
          "age" : 1,
          "sign" : "gemini",
          "moonPhaseDate" : "2019-06-03T10:02+0000",
          "signDate" : "2019-06-02T11:51+0000"
        },
        {
          "date" : "2019-06-03T22:52+0000",
          "timeZone" : 7,
          "moonPhase" : "phase1",
          "age" : 2,
          "sign" : "cancer",
          "moonPhaseDate" : "2019-06-03T10:02+0000",
          "signDate" : "2019-06-04T16:18+0000"
        },
        {
          "timeZone" : 7,
          "moonPhase" : "phase1",
          "date" : "2019-06-04T23:47+0000",
          "age" : 3,
          "sign" : "cancer",
          "moonPhaseDate" : "2019-06-03T10:02+0000",
          "signDate" : "2019-06-04T16:18+0000"
        },
        {
          "timeZone" : 7,
          "moonPhase" : "phase1",
          "date" : "2019-06-06T00:46+0000",
          "age" : 4,
          "sign" : "cancer",
          "moonPhaseDate" : "2019-06-03T10:02+0000",
          "signDate" : "2019-06-04T16:18+0000"
        },
        {
          "date" : "2019-06-07T01:49+0000",
          "timeZone" : 7,
          "moonPhase" : "phase1",
          "age" : 5,
          "sign" : "leo",
          "moonPhaseDate" : "2019-06-03T10:02+0000",
          "signDate" : "2019-06-06T19:14+0000"
        },
        {
          "date" : "2019-06-08T02:52+0000",
          "timeZone" : 7,
          "moonPhase" : "phase1",
          "age" : 6,
          "sign" : "leo",
          "moonPhaseDate" : "2019-06-03T10:02+0000",
          "signDate" : "2019-06-06T19:14+0000"
        },
        {
          "date" : "2019-06-09T03:54+0000",
          "timeZone" : 7,
          "moonPhase" : "phase1",
          "age" : 7,
          "sign" : "virgo",
          "moonPhaseDate" : "2019-06-03T10:02+0000",
          "signDate" : "2019-06-08T21:43+0000"
        },
        {
          "date" : "2019-06-10T04:55+0000",
          "timeZone" : 7,
          "moonPhase" : "phase2",
          "age" : 8,
          "sign" : "virgo",
          "moonPhaseDate" : "2019-06-10T05:59+0000",
          "signDate" : "2019-06-08T21:43+0000"
        },
        {
          "date" : "2019-06-11T05:54+0000",
          "timeZone" : 7,
          "moonPhase" : "phase2",
          "age" : 9,
          "sign" : "libra",
          "moonPhaseDate" : "2019-06-10T05:59+0000",
          "signDate" : "2019-06-11T00:30+0000"
        },
        {
          "date" : "2019-06-12T06:52+0000",
          "timeZone" : 7,
          "moonPhase" : "phase2",
          "age" : 10,
          "sign" : "libra",
          "moonPhaseDate" : "2019-06-10T05:59+0000",
          "signDate" : "2019-06-11T00:30+0000"
        },
        {
          "date" : "2019-06-13T07:50+0000",
          "timeZone" : 7,
          "moonPhase" : "phase2",
          "age" : 11,
          "sign" : "scorpio",
          "moonPhaseDate" : "2019-06-10T05:59+0000",
          "signDate" : "2019-06-13T04:03+0000"
        },
        {
          "date" : "2019-06-14T08:48+0000",
          "timeZone" : 7,
          "moonPhase" : "phase2",
          "age" : 12,
          "sign" : "scorpio",
          "moonPhaseDate" : "2019-06-10T05:59+0000",
          "signDate" : "2019-06-13T04:03+0000"
        },
        {
          "age" : 13,
          "sign" : "sagittarius",
          "date" : "2019-06-15T09:45+0000",
          "moonPhase" : "phase2",
          "signDate" : "2019-06-15T09:01+0000",
          "timeZone" : 7,
          "moonPhaseDate" : "2019-06-10T05:59+0000"
        },
        {
          "moonPhaseDate" : "2019-06-10T05:59+0000",
          "date" : "2019-06-16T10:43+0000",
          "age" : 14,
          "sign" : "sagittarius",
          "moonPhase" : "phase2",
          "timeZone" : 7,
          "signDate" : "2019-06-15T09:01+0000"
        },
        {
          "moonPhase" : "fullMoon",
          "age" : 15,
          "timeZone" : 7,
          "moonPhaseDate" : "2019-06-17T08:31+0000",
          "sign" : "capricorn",
          "date" : "2019-06-17T11:40+0000",
          "signDate" : "2019-06-17T16:11+0000"
        },
        {
          "moonPhase" : "phase3",
          "age" : 16,
          "timeZone" : 7,
          "moonPhaseDate" : "2019-06-17T08:31+0000",
          "sign" : "capricorn",
          "date" : "2019-06-18T12:34+0000",
          "signDate" : "2019-06-17T16:11+0000"
        },
        {
          "moonPhase" : "phase3",
          "age" : 17,
          "timeZone" : 7,
          "moonPhaseDate" : "2019-06-17T08:31+0000",
          "sign" : "capricorn",
          "date" : "2019-06-19T13:24+0000",
          "signDate" : "2019-06-17T16:11+0000"
        },
        {
          "moonPhase" : "phase3",
          "age" : 18,
          "timeZone" : 7,
          "moonPhaseDate" : "2019-06-17T08:31+0000",
          "sign" : "aquarius",
          "date" : "2019-06-20T14:11+0000",
          "signDate" : "2019-06-20T02:01+0000"
        },
        {
          "moonPhase" : "phase3",
          "age" : 19,
          "timeZone" : 7,
          "moonPhaseDate" : "2019-06-17T08:31+0000",
          "sign" : "aquarius",
          "date" : "2019-06-21T14:54+0000",
          "signDate" : "2019-06-20T02:01+0000"
        },
        {
          "moonPhase" : "phase3",
          "age" : 20,
          "timeZone" : 7,
          "moonPhaseDate" : "2019-06-17T08:31+0000",
          "sign" : "pisces",
          "date" : "2019-06-22T15:34+0000",
          "signDate" : "2019-06-22T14:01+0000"
        },
        {
          "moonPhase" : "phase3",
          "age" : 21,
          "timeZone" : 7,
          "moonPhaseDate" : "2019-06-17T08:31+0000",
          "sign" : "pisces",
          "date" : "2019-06-23T16:11+0000",
          "signDate" : "2019-06-22T14:01+0000"
        },
        {
          "moonPhase" : "phase3",
          "age" : 22,
          "timeZone" : 7,
          "moonPhaseDate" : "2019-06-17T08:31+0000",
          "sign" : "pisces",
          "date" : "2019-06-24T16:46+0000",
          "signDate" : "2019-06-22T14:01+0000"
        },
        {
          "moonPhase" : "phase4",
          "age" : 23,
          "timeZone" : 7,
          "moonPhaseDate" : "2019-06-25T09:46+0000",
          "sign" : "aries",
          "date" : "2019-06-25T17:21+0000",
          "signDate" : "2019-06-22T14:01+0000"
        },
        {
          "moonPhase" : "phase4",
          "age" : 24,
          "timeZone" : 7,
          "moonPhaseDate" : "2019-06-25T09:46+0000",
          "sign" : "taurus",
          "date" : "2019-06-26T17:55+0000",
          "signDate" : "2019-06-27T13:30+0000"
        },
        {
          "moonPhase" : "phase4",
          "age" : 25,
          "timeZone" : 7,
          "moonPhaseDate" : "2019-06-25T09:46+0000",
          "sign" : "taurus",
          "date" : "2019-06-27T18:31+0000",
          "signDate" : "2019-06-27T13:30+0000"
        },
        {
          "moonPhase" : "phase4",
          "age" : 26,
          "timeZone" : 7,
          "moonPhaseDate" : "2019-06-25T09:46+0000",
          "sign" : "taurus",
          "date" : "2019-06-28T19:10+0000",
          "signDate" : "2019-06-27T13:30+0000"
        },
        {
          "moonPhase" : "phase4",
          "age" : 27,
          "timeZone" : 7,
          "moonPhaseDate" : "2019-06-25T09:46+0000",
          "sign" : "gemini",
          "date" : "2019-06-29T19:53+0000",
          "signDate" : "2019-06-29T21:10+0000"
        },
        {
          "moonPhase" : "phase4",
          "age" : 28,
          "timeZone" : 7,
          "moonPhaseDate" : null,
          "sign" : "gemini",
          "date" : "2019-06-30T20:39+0000",
          "signDate" : "2019-06-29T21:10+0000"
        },
        {
          "moonPhase" : "phase4",
          "age" : 29,
          "timeZone" : 7,
          "moonPhaseDate" : null,
          "sign" : "cancer",
          "date" : "2019-07-01T21:33+0000",
          "signDate" : "2019-07-02T01:26+0000"
        },
        {
          "moonPhase" : "newMoon",
          "age" : 1,
          "timeZone" : 7,
          "moonPhaseDate" : "2019-07-02T19:16+0000",
          "sign" : "cancer",
          "date" : "2019-07-02T19:16+0000",
          "signDate" : "2019-07-02T01:26+0000"
        },
        {
          "moonPhase" : "newMoon",
          "age" : 2,
          "timeZone" : 7,
          "moonPhaseDate" : "2019-07-02T19:16+0000",
          "sign" : "cancer",
          "date" : "2019-07-02T22:32+0000",
          "signDate" : "2019-07-02T01:26+0000"
        },
        {
          "moonPhase" : "phase1",
          "age" : 3,
          "timeZone" : 7,
          "moonPhaseDate" : "2019-07-02T19:16+0000",
          "sign" : "leo",
          "date" : "2019-07-03T23:35+0000",
          "signDate" : "2019-07-04T03:21+0000"
        },
        {
          "moonPhase" : "phase1",
          "age" : 4,
          "timeZone" : 7,
          "moonPhaseDate" : "2019-07-02T19:16+0000",
          "sign" : "leo",
          "date" : "2019-07-05T00:40+0000",
          "signDate" : "2019-07-04T03:21+0000"
        },
        {
          "moonPhase" : "phase1",
          "age" : 5,
          "timeZone" : 7,
          "moonPhaseDate" : "2019-07-02T19:16+0000",
          "sign" : "virgo",
          "date" : "2019-07-06T01:44+0000",
          "signDate" : "2019-07-06T04:25+0000"
        },
        {
          "moonPhase" : "phase1",
          "age" : 6,
          "timeZone" : 7,
          "moonPhaseDate" : "2019-07-02T19:16+0000",
          "sign" : "virgo",
          "date" : "2019-07-07T02:47+0000",
          "signDate" : "2019-07-06T04:25+0000"
        },
        {
          "moonPhase" : "phase1",
          "age" : 7,
          "timeZone" : 7,
          "moonPhaseDate" : "2019-07-02T19:16+0000",
          "sign" : "libra",
          "date" : "2019-07-08T03:48+0000",
          "signDate" : "2019-07-08T06:07+0000"
        },
        {
          "moonPhase" : "phase2",
          "age" : 8,
          "timeZone" : 7,
          "moonPhaseDate" : "2019-07-09T10:55+0000",
          "sign" : "libra",
          "date" : "2019-07-09T04:47+0000",
          "signDate" : "2019-07-08T06:07+0000"
        },
        {
          "moonPhase" : "phase2",
          "age" : 9,
          "timeZone" : 7,
          "moonPhaseDate" : "2019-07-09T10:55+0000",
          "sign" : "scorpio",
          "date" : "2019-07-10T05:45+0000",
          "signDate" : "2019-07-10T09:28+0000"
        },
        {
          "moonPhase" : "phase2",
          "age" : 10,
          "timeZone" : 7,
          "moonPhaseDate" : "2019-07-09T10:55+0000",
          "sign" : "scorpio",
          "date" : "2019-07-11T06:42+0000",
          "signDate" : "2019-07-10T09:28+0000"
        },
        {
          "moonPhase" : "phase2",
          "age" : 11,
          "timeZone" : 7,
          "moonPhaseDate" : "2019-07-09T10:55+0000",
          "sign" : "sagittarius",
          "date" : "2019-07-12T07:39+0000",
          "signDate" : "2019-07-12T15:04+0000"
        },
        {
          "moonPhase" : "phase2",
          "age" : 12,
          "timeZone" : 7,
          "moonPhaseDate" : "2019-07-09T10:55+0000",
          "sign" : "sagittarius",
          "date" : "2019-07-13T08:36+0000",
          "signDate" : "2019-07-12T15:04+0000"
        },
        {
          "moonPhase" : "phase2",
          "age" : 13,
          "timeZone" : 7,
          "moonPhaseDate" : "2019-07-09T10:55+0000",
          "sign" : "sagittarius",
          "date" : "2019-07-14T09:32+0000",
          "signDate" : "2019-07-12T15:04+0000"
        },
        {
          "moonPhase" : "phase2",
          "age" : 14,
          "timeZone" : 7,
          "moonPhaseDate" : "2019-07-09T10:55+0000",
          "sign" : "capricorn",
          "date" : "2019-07-15T10:27+0000",
          "signDate" : "2019-07-14T23:03+0000"
        },
        {
          "moonPhase" : "phase2",
          "age" : 15,
          "timeZone" : 7,
          "moonPhaseDate" : "2019-07-09T10:55+0000",
          "sign" : "capricorn",
          "date" : "2019-07-16T11:18+0000",
          "signDate" : "2019-07-14T23:03+0000"
        },
        {
          "moonPhase" : "fullMoon",
          "age" : 16,
          "timeZone" : 7,
          "moonPhaseDate" : "2019-07-16T21:38+0000",
          "sign" : "aquarius",
          "date" : "2019-07-17T12:06+0000",
          "signDate" : "2019-07-17T09:18+0000"
        },
        {
          "moonPhase" : "phase3",
          "age" : 17,
          "timeZone" : 7,
          "moonPhaseDate" : "2019-07-16T21:38+0000",
          "sign" : "aquarius",
          "date" : "2019-07-18T12:51+0000",
          "signDate" : "2019-07-17T09:18+0000"
        },
        {
          "moonPhase" : "phase3",
          "age" : 18,
          "timeZone" : 7,
          "moonPhaseDate" : "2019-07-16T21:38+0000",
          "sign" : "aquarius",
          "date" : "2019-07-19T13:32+0000",
          "signDate" : "2019-07-17T09:18+0000"
        },
        {
          "moonPhase" : "phase3",
          "age" : 19,
          "timeZone" : 7,
          "moonPhaseDate" : "2019-07-16T21:38+0000",
          "sign" : "pisces",
          "date" : "2019-07-20T14:10+0000",
          "signDate" : "2019-07-19T21:19+0000"
        },
        {
          "moonPhase" : "phase3",
          "age" : 20,
          "timeZone" : 7,
          "moonPhaseDate" : "2019-07-16T21:38+0000",
          "sign" : "pisces",
          "date" : "2019-07-21T14:45+0000",
          "signDate" : "2019-07-19T21:19+0000"
        },
        {
          "moonPhaseDate" : "2019-07-16T21:38+0000",
          "date" : "2019-07-22T15:20+0000",
          "age" : 21,
          "sign" : "aries",
          "moonPhase" : "phase3",
          "timeZone" : 7,
          "signDate" : "2019-07-22T10:01+0000"
        },
        {
          "date" : "2019-07-23T15:54+0000",
          "moonPhaseDate" : "2019-07-16T21:38+0000",
          "age" : 22,
          "sign" : "aries",
          "moonPhase" : "phase3",
          "timeZone" : 7,
          "signDate" : "2019-07-22T10:01+0000"
        },
        {
          "date" : "2019-07-24T16:28+0000",
          "moonPhaseDate" : "2019-07-16T21:38+0000",
          "age" : 23,
          "sign" : "aries",
          "moonPhase" : "phase3",
          "timeZone" : 7,
          "signDate" : "2019-07-22T10:01+0000"
        },
        {
          "date" : "2019-07-25T17:05+0000",
          "moonPhaseDate" : "2019-07-25T01:18+0000",
          "age" : 24,
          "sign" : "taurus",
          "moonPhase" : "phase4",
          "timeZone" : 7,
          "signDate" : "2019-07-22T10:01+0000"
        },
        {
          "moonPhaseDate" : "2019-07-25T01:18+0000",
          "date" : "2019-07-26T17:45+0000",
          "age" : 25,
          "sign" : "gemini",
          "moonPhase" : "phase4",
          "timeZone" : 7,
          "signDate" : "2019-07-27T06:28+0000"
        },
        {
          "moonPhaseDate" : "2019-07-25T01:18+0000",
          "date" : "2019-07-27T18:29+0000",
          "age" : 26,
          "sign" : "gemini",
          "moonPhase" : "phase4",
          "timeZone" : 7,
          "signDate" : "2019-07-27T06:28+0000"
        },
        {
          "moonPhaseDate" : "2019-07-25T01:18+0000",
          "date" : "2019-07-28T19:18+0000",
          "age" : 27,
          "sign" : "cancer",
          "moonPhase" : "phase4",
          "timeZone" : 7,
          "signDate" : "2019-07-29T11:30+0000"
        },
        {
          "moonPhaseDate" : "2019-07-25T01:18+0000",
          "date" : "2019-07-29T20:14+0000",
          "age" : 28,
          "sign" : "cancer",
          "moonPhase" : "phase4",
          "timeZone" : 7,
          "signDate" : "2019-07-29T11:30+0000"
        },
        {
          "date" : "2019-07-30T21:15+0000",
          "moonPhaseDate" : "2019-07-25T01:18+0000",
          "age" : 29,
          "sign" : "leo",
          "moonPhase" : "phase4",
          "timeZone" : 7,
          "signDate" : "2019-07-31T13:18+0000"
        },
        {
          "date" : "2019-07-31T22:20+0000",
          "moonPhaseDate" : "2019-08-01T03:12+0000",
          "age" : 30,
          "sign" : "leo",
          "moonPhase" : "newMoon",
          "timeZone" : 7,
          "signDate" : "2019-07-31T13:18+0000"
        },
        {
          "date" : "2019-08-01T03:12+0000",
          "moonPhaseDate" : "2019-08-01T03:12+0000",
          "age" : 1,
          "sign" : "leo",
          "moonPhase" : "newMoon",
          "timeZone" : 7,
          "signDate" : "2019-07-31T13:18+0000"
        },
        {
          "moonPhaseDate" : "2019-08-01T03:12+0000",
          "date" : "2019-08-01T23:27+0000",
          "age" : 2,
          "sign" : "virgo",
          "moonPhase" : "phase1",
          "timeZone" : 7,
          "signDate" : "2019-08-02T13:23+0000"
        },
        {
          "moonPhaseDate" : "2019-08-01T03:12+0000",
          "date" : "2019-08-03T00:33+0000",
          "age" : 3,
          "sign" : "virgo",
          "moonPhase" : "phase1",
          "timeZone" : 7,
          "signDate" : "2019-08-02T13:23+0000"
        },
        {
          "date" : "2019-08-04T01:37+0000",
          "moonPhaseDate" : "2019-08-01T03:12+0000",
          "age" : 4,
          "sign" : "libra",
          "moonPhase" : "phase1",
          "timeZone" : 7,
          "signDate" : "2019-08-04T13:32+0000"
        },
        {
          "date" : "2019-08-05T02:38+0000",
          "moonPhaseDate" : "2019-08-01T03:12+0000",
          "age" : 5,
          "sign" : "libra",
          "moonPhase" : "phase1",
          "timeZone" : 7,
          "signDate" : "2019-08-04T13:32+0000"
        },
        {
          "date" : "2019-08-06T03:38+0000",
          "moonPhaseDate" : "2019-08-01T03:12+0000",
          "age" : 6,
          "sign" : "scorpio",
          "moonPhase" : "phase1",
          "timeZone" : 7,
          "signDate" : "2019-08-06T15:31+0000"
        },
        {
          "moonPhaseDate" : "2019-08-01T03:12+0000",
          "date" : "2019-08-07T04:37+0000",
          "age" : 7,
          "sign" : "scorpio",
          "moonPhase" : "phase1",
          "timeZone" : 7,
          "signDate" : "2019-08-06T15:31+0000"
        },
        {
          "date" : "2019-08-08T05:35+0000",
          "moonPhaseDate" : "2019-08-07T17:31+0000",
          "age" : 8,
          "sign" : "scorpio",
          "moonPhase" : "phase2",
          "timeZone" : 7,
          "signDate" : "2019-08-06T15:31+0000"
        },
        {
          "date" : "2019-08-09T06:32+0000",
          "moonPhaseDate" : "2019-08-07T17:31+0000",
          "age" : 9,
          "sign" : "sagittarius",
          "moonPhase" : "phase2",
          "timeZone" : 7,
          "signDate" : "2019-08-08T20:32+0000"
        },
        {
          "moonPhaseDate" : "2019-08-07T17:31+0000",
          "date" : "2019-08-10T07:28+0000",
          "age" : 10,
          "sign" : "sagittarius",
          "moonPhase" : "phase2",
          "timeZone" : 7,
          "signDate" : "2019-08-08T20:32+0000"
        },
        {
          "date" : "2019-08-11T08:22+0000",
          "moonPhaseDate" : "2019-08-07T17:31+0000",
          "age" : 11,
          "sign" : "capricorn",
          "moonPhase" : "phase2",
          "timeZone" : 7,
          "signDate" : "2019-08-11T04:48+0000"
        },
        {
          "date" : "2019-08-12T09:14+0000",
          "moonPhaseDate" : "2019-08-07T17:31+0000",
          "age" : 12,
          "sign" : "capricorn",
          "moonPhase" : "phase2",
          "timeZone" : 7,
          "signDate" : "2019-08-11T04:48+0000"
        },
        {
          "date" : "2019-08-13T10:03+0000",
          "moonPhaseDate" : "2019-08-07T17:31+0000",
          "age" : 13,
          "sign" : "aquarius",
          "moonPhase" : "phase2",
          "timeZone" : 7,
          "signDate" : "2019-08-13T15:36+0000"
        },
        {
          "date" : "2019-08-14T10:49+0000",
          "moonPhaseDate" : "2019-08-07T17:31+0000",
          "age" : 14,
          "sign" : "aquarius",
          "moonPhase" : "phase2",
          "timeZone" : 7,
          "signDate" : "2019-08-13T15:36+0000"
        },
        {
          "date" : "2019-08-15T11:30+0000",
          "moonPhaseDate" : "2019-08-15T12:29+0000",
          "age" : 15,
          "sign" : "aquarius",
          "moonPhase" : "fullMoon",
          "timeZone" : 7,
          "signDate" : "2019-08-13T15:36+0000"
        },
        {
          "date" : "2019-08-16T12:09+0000",
          "moonPhaseDate" : "2019-08-15T12:29+0000",
          "age" : 16,
          "sign" : "pisces",
          "moonPhase" : "phase3",
          "timeZone" : 7,
          "signDate" : "2019-08-16T03:50+0000"
        },
        {
          "date" : "2019-08-17T12:45+0000",
          "moonPhaseDate" : "2019-08-15T12:29+0000",
          "age" : 17,
          "sign" : "pisces",
          "moonPhase" : "phase3",
          "timeZone" : 7,
          "signDate" : "2019-08-16T03:50+0000"
        },
        {
          "moonPhaseDate" : "2019-08-15T12:29+0000",
          "date" : "2019-08-18T13:20+0000",
          "age" : 18,
          "sign" : "aries",
          "moonPhase" : "phase3",
          "timeZone" : 7,
          "signDate" : "2019-08-18T16:32+0000"
        },
        {
          "moonPhaseDate" : "2019-08-15T12:29+0000",
          "date" : "2019-08-19T13:54+0000",
          "age" : 19,
          "sign" : "aries",
          "moonPhase" : "phase3",
          "timeZone" : 7,
          "signDate" : "2019-08-18T16:32+0000"
        },
        {
          "date" : "2019-08-20T14:28+0000",
          "moonPhaseDate" : "2019-08-15T12:29+0000",
          "age" : 20,
          "sign" : "aries",
          "moonPhase" : "phase3",
          "timeZone" : 7,
          "signDate" : "2019-08-18T16:32+0000"
        },
        {
          "moonPhaseDate" : "2019-08-15T12:29+0000",
          "date" : "2019-08-21T15:03+0000",
          "age" : 21,
          "sign" : "taurus",
          "moonPhase" : "phase3",
          "timeZone" : 7,
          "signDate" : "2019-08-21T04:36+0000"
        },
        {
          "date" : "2019-08-22T15:41+0000",
          "moonPhaseDate" : "2019-08-15T12:29+0000",
          "age" : 22,
          "sign" : "taurus",
          "moonPhase" : "phase3",
          "timeZone" : 7,
          "signDate" : "2019-08-21T04:36+0000"
        },
        {
          "date" : "2019-08-23T16:22+0000",
          "moonPhaseDate" : "2019-08-23T14:56+0000",
          "age" : 23,
          "sign" : "gemini",
          "moonPhase" : "phase4",
          "timeZone" : 7,
          "signDate" : "2019-08-23T14:34+0000"
        },
        {
          "moonPhaseDate" : "2019-08-23T14:56+0000",
          "date" : "2019-08-24T17:08+0000",
          "age" : 24,
          "sign" : "gemini",
          "moonPhase" : "phase4",
          "timeZone" : 7,
          "signDate" : "2019-08-23T14:34+0000"
        },
        {
          "date" : "2019-08-25T17:59+0000",
          "moonPhaseDate" : "2019-08-23T14:56+0000",
          "age" : 25,
          "sign" : "cancer",
          "moonPhase" : "phase4",
          "timeZone" : 7,
          "signDate" : "2019-08-25T21:05+0000"
        },
        {
          "moonPhaseDate" : "2019-08-23T14:56+0000",
          "date" : "2019-08-26T18:56+0000",
          "age" : 26,
          "sign" : "cancer",
          "moonPhase" : "phase4",
          "timeZone" : 7,
          "signDate" : "2019-08-25T21:05+0000"
        },
        {
          "date" : "2019-08-27T19:58+0000",
          "moonPhaseDate" : "2019-08-23T14:56+0000",
          "age" : 27,
          "sign" : "leo",
          "moonPhase" : "phase4",
          "timeZone" : 7,
          "signDate" : "2019-08-27T23:51+0000"
        },
        {
          "date" : "2019-08-28T21:04+0000",
          "moonPhaseDate" : "2019-08-23T14:56+0000",
          "age" : 28,
          "sign" : "leo",
          "moonPhase" : "phase4",
          "timeZone" : 7,
          "signDate" : "2019-08-27T23:51+0000"
        },
        {
          "moonPhaseDate" : "2019-08-30T10:37+0000",
          "date" : "2019-08-29T22:10+0000",
          "age" : 29,
          "sign" : "virgo",
          "moonPhase" : "newMoon",
          "timeZone" : 7,
          "signDate" : "2019-08-29T23:57+0000"
        },
        {
          "date" : "2019-08-30T10:37+0000",
          "moonPhaseDate" : "2019-08-30T10:37+0000",
          "age" : 1,
          "sign" : "virgo",
          "moonPhase" : "newMoon",
          "timeZone" : 7,
          "signDate" : "2019-08-29T23:57+0000"
        },
        {
          "date" : "2019-08-30T23:17+0000",
          "moonPhaseDate" : "2019-08-30T10:37+0000",
          "age" : 2,
          "sign" : "virgo",
          "moonPhase" : "phase1",
          "timeZone" : 7,
          "signDate" : "2019-08-29T23:57+0000"
        },
        {
          "date" : "2019-09-01T00:21+0000",
          "moonPhaseDate" : null,
          "age" : 3,
          "sign" : "libra",
          "moonPhase" : "phase1",
          "timeZone" : 7,
          "signDate" : "2019-08-31T23:12+0000"
        },
        {
          "moonPhaseDate" : null,
          "date" : "2019-09-02T01:24+0000",
          "age" : 4,
          "sign" : "libra",
          "moonPhase" : "phase1",
          "timeZone" : 7,
          "signDate" : "2019-08-31T23:12+0000"
        },
        {
          "date" : "2019-09-03T02:25+0000",
          "moonPhaseDate" : null,
          "age" : 5,
          "sign" : "scorpio",
          "moonPhase" : "phase1",
          "timeZone" : 7,
          "signDate" : "2019-09-02T23:38+0000"
        },
        {
          "date" : "2019-09-04T03:26+0000",
          "moonPhaseDate" : null,
          "age" : 6,
          "sign" : "scorpio",
          "moonPhase" : "phase1",
          "timeZone" : 7,
          "signDate" : "2019-09-02T23:38+0000"
        },
        {
          "moonPhaseDate" : null,
          "date" : "2019-09-05T04:25+0000",
          "age" : 7,
          "sign" : "sagittarius",
          "moonPhase" : "phase1",
          "timeZone" : 7,
          "signDate" : "2019-09-05T03:06+0000"
        },
        {
          "moonPhaseDate" : "2019-09-06T03:10+0000",
          "date" : "2019-09-06T05:22+0000",
          "age" : 8,
          "sign" : "sagittarius",
          "moonPhase" : "phase2",
          "timeZone" : 7,
          "signDate" : "2019-09-05T03:06+0000"
        },
        {
          "moonPhaseDate" : "2019-09-06T03:10+0000",
          "date" : "2019-09-07T06:18+0000",
          "age" : 9,
          "sign" : "capricorn",
          "moonPhase" : "phase2",
          "timeZone" : 7,
          "signDate" : "2019-09-07T10:35+0000"
        },
        {
          "date" : "2019-09-08T07:11+0000",
          "moonPhaseDate" : "2019-09-06T03:10+0000",
          "age" : 10,
          "sign" : "capricorn",
          "moonPhase" : "phase2",
          "timeZone" : 7,
          "signDate" : "2019-09-07T10:35+0000"
        },
        {
          "date" : "2019-09-09T08:01+0000",
          "moonPhaseDate" : "2019-09-06T03:10+0000",
          "age" : 11,
          "sign" : "capricorn",
          "moonPhase" : "phase2",
          "timeZone" : 7,
          "signDate" : "2019-09-07T10:35+0000"
        },
        {
          "moonPhaseDate" : "2019-09-06T03:10+0000",
          "date" : "2019-09-10T08:47+0000",
          "age" : 12,
          "sign" : "aquarius",
          "moonPhase" : "phase2",
          "timeZone" : 7,
          "signDate" : "2019-09-09T21:25+0000"
        },
        {
          "date" : "2019-09-11T09:29+0000",
          "moonPhaseDate" : "2019-09-06T03:10+0000",
          "age" : 13,
          "sign" : "aquarius",
          "moonPhase" : "phase2",
          "timeZone" : 7,
          "signDate" : "2019-09-09T21:25+0000"
        },
        {
          "date" : "2019-09-12T10:09+0000",
          "moonPhaseDate" : "2019-09-06T03:10+0000",
          "age" : 14,
          "sign" : "pisces",
          "moonPhase" : "phase2",
          "timeZone" : 7,
          "signDate" : "2019-09-12T09:53+0000"
        },
        {
          "date" : "2019-09-13T10:46+0000",
          "moonPhaseDate" : "2019-09-06T03:10+0000",
          "age" : 15,
          "sign" : "pisces",
          "moonPhase" : "phase2",
          "timeZone" : 7,
          "signDate" : "2019-09-12T09:53+0000"
        },
        {
          "date" : "2019-09-14T11:21+0000",
          "moonPhaseDate" : "2019-09-14T04:33+0000",
          "age" : 16,
          "sign" : "pisces",
          "moonPhase" : "fullMoon",
          "timeZone" : 7,
          "signDate" : "2019-09-12T09:53+0000"
        },
        {
          "date" : "2019-09-15T11:55+0000",
          "moonPhaseDate" : "2019-09-14T04:33+0000",
          "age" : 17,
          "sign" : "aries",
          "moonPhase" : "phase3",
          "timeZone" : 7,
          "signDate" : "2019-09-14T22:32+0000"
        },
        {
          "date" : "2019-09-16T12:29+0000",
          "moonPhaseDate" : "2019-09-14T04:33+0000",
          "age" : 18,
          "sign" : "aries",
          "moonPhase" : "phase3",
          "timeZone" : 7,
          "signDate" : "2019-09-14T22:32+0000"
        },
        {
          "date" : "2019-09-17T13:04+0000",
          "moonPhaseDate" : "2019-09-14T04:33+0000",
          "age" : 19,
          "sign" : "taurus",
          "moonPhase" : "phase3",
          "timeZone" : 7,
          "signDate" : "2019-09-17T10:30+0000"
        },
        {
          "moonPhaseDate" : "2019-09-14T04:33+0000",
          "date" : "2019-09-18T13:40+0000",
          "age" : 20,
          "sign" : "taurus",
          "moonPhase" : "phase3",
          "timeZone" : 7,
          "signDate" : "2019-09-17T10:30+0000"
        },
        {
          "date" : "2019-09-19T14:19+0000",
          "moonPhaseDate" : "2019-09-14T04:33+0000",
          "age" : 21,
          "sign" : "taurus",
          "moonPhase" : "phase3",
          "timeZone" : 7,
          "signDate" : "2019-09-17T10:30+0000"
        },
        {
          "moonPhaseDate" : "2019-09-14T04:33+0000",
          "date" : "2019-09-20T15:03+0000",
          "age" : 22,
          "sign" : "gemini",
          "moonPhase" : "phase3",
          "timeZone" : 7,
          "signDate" : "2019-09-19T20:58+0000"
        },
        {
          "moonPhaseDate" : "2019-09-14T04:33+0000",
          "date" : "2019-09-21T15:50+0000",
          "age" : 23,
          "sign" : "gemini",
          "moonPhase" : "phase3",
          "timeZone" : 7,
          "signDate" : "2019-09-19T20:58+0000"
        },
        {
          "moonPhaseDate" : "2019-09-22T02:41+0000",
          "date" : "2019-09-22T16:43+0000",
          "age" : 24,
          "sign" : "cancer",
          "moonPhase" : "phase4",
          "timeZone" : 7,
          "signDate" : "2019-09-22T04:52+0000"
        },
        {
          "moonPhaseDate" : "2019-09-22T02:41+0000",
          "date" : "2019-09-23T17:42+0000",
          "age" : 25,
          "sign" : "leo",
          "moonPhase" : "phase4",
          "timeZone" : 7,
          "signDate" : "2019-09-24T09:19+0000"
        },
        {
          "moonPhaseDate" : "2019-09-22T02:41+0000",
          "date" : "2019-09-24T18:44+0000",
          "age" : 26,
          "sign" : "leo",
          "moonPhase" : "phase4",
          "timeZone" : 7,
          "signDate" : "2019-09-24T09:19+0000"
        },
        {
          "date" : "2019-09-25T19:48+0000",
          "moonPhaseDate" : "2019-09-22T02:41+0000",
          "age" : 27,
          "sign" : "virgo",
          "moonPhase" : "phase4",
          "timeZone" : 7,
          "signDate" : "2019-09-26T10:35+0000"
        },
        {
          "date" : "2019-09-26T20:54+0000",
          "moonPhaseDate" : "2019-09-22T02:41+0000",
          "age" : 28,
          "sign" : "virgo",
          "moonPhase" : "phase4",
          "timeZone" : 7,
          "signDate" : "2019-09-26T10:35+0000"
        },
        {
          "date" : "2019-09-27T21:59+0000",
          "moonPhaseDate" : "2019-09-22T02:41+0000",
          "age" : 29,
          "sign" : "libra",
          "moonPhase" : "phase4",
          "timeZone" : 7,
          "signDate" : "2019-09-28T10:04+0000"
        },
        {
          "moonPhaseDate" : "2019-09-28T18:26+0000",
          "date" : "2019-09-28T18:26+0000",
          "age" : 1,
          "sign" : "libra",
          "moonPhase" : "newMoon",
          "timeZone" : 7,
          "signDate" : "2019-09-28T10:04+0000"
        },
        {
          "moonPhaseDate" : "2019-09-28T18:26+0000",
          "date" : "2019-09-28T23:03+0000",
          "age" : 2,
          "sign" : "libra",
          "moonPhase" : "newMoon",
          "timeZone" : 7,
          "signDate" : "2019-09-28T10:04+0000"
        },
        {
          "moonPhaseDate" : "2019-09-28T18:26+0000",
          "date" : "2019-09-30T00:06+0000",
          "age" : 3,
          "sign" : "scorpio",
          "moonPhase" : "phase1",
          "timeZone" : 7,
          "signDate" : "2019-09-30T09:45+0000"
        },
        {
          "date" : "2019-10-01T01:09+0000",
          "moonPhaseDate" : null,
          "age" : 4,
          "sign" : "scorpio",
          "moonPhase" : "phase1",
          "timeZone" : 7,
          "signDate" : "2019-09-30T09:45+0000"
        },
        {
          "date" : "2019-10-02T02:11+0000",
          "moonPhaseDate" : null,
          "age" : 5,
          "sign" : "sagittarius",
          "moonPhase" : "phase1",
          "timeZone" : 7,
          "signDate" : "2019-10-02T11:45+0000"
        },
        {
          "date" : "2019-10-03T03:11+0000",
          "moonPhaseDate" : null,
          "age" : 6,
          "sign" : "sagittarius",
          "moonPhase" : "phase1",
          "timeZone" : 7,
          "signDate" : "2019-10-02T11:45+0000"
        },
        {
          "moonPhaseDate" : null,
          "date" : "2019-10-04T04:10+0000",
          "age" : 7,
          "sign" : "sagittarius",
          "moonPhase" : "phase1",
          "timeZone" : 7,
          "signDate" : "2019-10-02T11:45+0000"
        },
        {
          "moonPhaseDate" : "2019-10-05T16:47+0000",
          "date" : "2019-10-05T05:05+0000",
          "age" : 8,
          "sign" : "capricorn",
          "moonPhase" : "phase2",
          "timeZone" : 7,
          "signDate" : "2019-10-04T17:41+0000"
        },
        {
          "date" : "2019-10-06T05:57+0000",
          "moonPhaseDate" : "2019-10-05T16:47+0000",
          "age" : 9,
          "sign" : "capricorn",
          "moonPhase" : "phase2",
          "timeZone" : 7,
          "signDate" : "2019-10-04T17:41+0000"
        },
        {
          "date" : "2019-10-07T06:45+0000",
          "moonPhaseDate" : "2019-10-05T16:47+0000",
          "age" : 10,
          "sign" : "aquarius",
          "moonPhase" : "phase2",
          "timeZone" : 7,
          "signDate" : "2019-10-07T03:43+0000"
        },
        {
          "moonPhaseDate" : "2019-10-05T16:47+0000",
          "date" : "2019-10-08T07:29+0000",
          "age" : 11,
          "sign" : "aquarius",
          "moonPhase" : "phase2",
          "timeZone" : 7,
          "signDate" : "2019-10-07T03:43+0000"
        },
        {
          "moonPhaseDate" : "2019-10-05T16:47+0000",
          "date" : "2019-10-09T08:10+0000",
          "age" : 12,
          "sign" : "pisces",
          "moonPhase" : "phase2",
          "timeZone" : 7,
          "signDate" : "2019-10-09T16:08+0000"
        },
        {
          "moonPhaseDate" : "2019-10-05T16:47+0000",
          "date" : "2019-10-10T08:47+0000",
          "age" : 13,
          "sign" : "pisces",
          "moonPhase" : "phase2",
          "timeZone" : 7,
          "signDate" : "2019-10-09T16:08+0000"
        },
        {
          "moonPhaseDate" : "2019-10-05T16:47+0000",
          "date" : "2019-10-11T09:22+0000",
          "age" : 14,
          "sign" : "pisces",
          "moonPhase" : "phase2",
          "timeZone" : 7,
          "signDate" : "2019-10-09T16:08+0000"
        },
        {
          "moonPhaseDate" : "2019-10-05T16:47+0000",
          "date" : "2019-10-12T09:57+0000",
          "age" : 15,
          "sign" : "aries",
          "moonPhase" : "phase2",
          "timeZone" : 7,
          "signDate" : "2019-10-12T04:46+0000"
        },
        {
          "moonPhaseDate" : "2019-10-05T16:47+0000",
          "date" : "2019-10-13T10:30+0000",
          "age" : 16,
          "sign" : "aries",
          "moonPhase" : "phase2",
          "timeZone" : 7,
          "signDate" : "2019-10-12T04:46+0000"
        },
        {
          "moonPhaseDate" : "2019-10-13T21:08+0000",
          "date" : "2019-10-14T11:05+0000",
          "age" : 17,
          "sign" : "taurus",
          "moonPhase" : "fullMoon",
          "timeZone" : 7,
          "signDate" : "2019-10-14T16:23+0000"
        },
        {
          "moonPhaseDate" : "2019-10-13T21:08+0000",
          "date" : "2019-10-15T11:41+0000",
          "age" : 18,
          "sign" : "taurus",
          "moonPhase" : "phase3",
          "timeZone" : 7,
          "signDate" : "2019-10-14T16:23+0000"
        },
        {
          "date" : "2019-10-16T12:19+0000",
          "moonPhaseDate" : "2019-10-13T21:08+0000",
          "age" : 19,
          "sign" : "taurus",
          "moonPhase" : "phase3",
          "timeZone" : 7,
          "signDate" : "2019-10-14T16:23+0000"
        },
        {
          "moonPhaseDate" : "2019-10-13T21:08+0000",
          "date" : "2019-10-17T13:01+0000",
          "age" : 20,
          "sign" : "gemini",
          "moonPhase" : "phase3",
          "timeZone" : 7,
          "signDate" : "2019-10-17T02:29+0000"
        },
        {
          "moonPhaseDate" : "2019-10-13T21:08+0000",
          "date" : "2019-10-18T13:47+0000",
          "age" : 21,
          "sign" : "gemini",
          "moonPhase" : "phase3",
          "timeZone" : 7,
          "signDate" : "2019-10-17T02:29+0000"
        },
        {
          "date" : "2019-10-19T14:38+0000",
          "moonPhaseDate" : "2019-10-13T21:08+0000",
          "age" : 22,
          "sign" : "cancer",
          "moonPhase" : "phase3",
          "timeZone" : 7,
          "signDate" : "2019-10-19T10:42+0000"
        },
        {
          "date" : "2019-10-20T15:33+0000",
          "moonPhaseDate" : "2019-10-13T21:08+0000",
          "age" : 23,
          "sign" : "cancer",
          "moonPhase" : "phase3",
          "timeZone" : 7,
          "signDate" : "2019-10-19T10:42+0000"
        },
        {
          "date" : "2019-10-21T16:32+0000",
          "moonPhaseDate" : "2019-10-21T12:39+0000",
          "age" : 24,
          "sign" : "leo",
          "moonPhase" : "phase4",
          "timeZone" : 7,
          "signDate" : "2019-10-21T16:30+0000"
        },
        {
          "date" : "2019-10-22T17:34+0000",
          "moonPhaseDate" : "2019-10-21T12:39+0000",
          "age" : 25,
          "sign" : "leo",
          "moonPhase" : "phase4",
          "timeZone" : 7,
          "signDate" : "2019-10-21T16:30+0000"
        },
        {
          "moonPhaseDate" : "2019-10-21T12:39+0000",
          "date" : "2019-10-23T18:37+0000",
          "age" : 26,
          "sign" : "virgo",
          "moonPhase" : "phase4",
          "timeZone" : 7,
          "signDate" : "2019-10-23T19:30+0000"
        },
        {
          "date" : "2019-10-24T19:40+0000",
          "moonPhaseDate" : "2019-10-21T12:39+0000",
          "age" : 27,
          "sign" : "virgo",
          "moonPhase" : "phase4",
          "timeZone" : 7,
          "signDate" : "2019-10-23T19:30+0000"
        },
        {
          "date" : "2019-10-25T20:43+0000",
          "moonPhaseDate" : "2019-10-21T12:39+0000",
          "age" : 28,
          "sign" : "libra",
          "moonPhase" : "phase4",
          "timeZone" : 7,
          "signDate" : "2019-10-25T20:20+0000"
        },
        {
          "date" : "2019-10-26T21:45+0000",
          "moonPhaseDate" : "2019-10-21T12:39+0000",
          "age" : 29,
          "sign" : "libra",
          "moonPhase" : "phase4",
          "timeZone" : 7,
          "signDate" : "2019-10-25T20:20+0000"
        },
        {
          "date" : "2019-10-27T22:48+0000",
          "moonPhaseDate" : "2019-10-28T03:38+0000",
          "age" : 30,
          "sign" : "scorpio",
          "moonPhase" : "newMoon",
          "timeZone" : 7,
          "signDate" : "2019-10-27T20:31+0000"
        },
        {
          "date" : "2019-10-28T03:38+0000",
          "moonPhaseDate" : "2019-10-28T03:38+0000",
          "age" : 1,
          "sign" : "scorpio",
          "moonPhase" : "newMoon",
          "timeZone" : 7,
          "signDate" : "2019-10-27T20:31+0000"
        },
        {
          "moonPhaseDate" : "2019-10-28T03:38+0000",
          "date" : "2019-10-28T23:51+0000",
          "age" : 2,
          "sign" : "scorpio",
          "moonPhase" : "phase1",
          "timeZone" : 7,
          "signDate" : "2019-10-27T20:31+0000"
        },
        {
          "date" : "2019-10-30T00:53+0000",
          "moonPhaseDate" : "2019-10-28T03:38+0000",
          "age" : 3,
          "sign" : "sagittarius",
          "moonPhase" : "phase1",
          "timeZone" : 7,
          "signDate" : "2019-10-29T22:00+0000"
        },
        {
          "date" : "2019-10-31T01:55+0000",
          "moonPhaseDate" : "2019-10-28T03:38+0000",
          "age" : 4,
          "sign" : "sagittarius",
          "moonPhase" : "phase1",
          "timeZone" : 7,
          "signDate" : "2019-10-29T22:00+0000"
        },
        {
          "date" : "2019-11-01T02:54+0000",
          "moonPhaseDate" : null,
          "age" : 5,
          "sign" : "capricorn",
          "moonPhase" : "phase1",
          "timeZone" : 7,
          "signDate" : "2019-11-01T02:38+0000"
        },
        {
          "date" : "2019-11-02T03:49+0000",
          "moonPhaseDate" : null,
          "age" : 6,
          "sign" : "capricorn",
          "moonPhase" : "phase1",
          "timeZone" : 7,
          "signDate" : "2019-11-01T02:38+0000"
        },
        {
          "date" : "2019-11-03T04:40+0000",
          "moonPhaseDate" : null,
          "age" : 7,
          "sign" : "aquarius",
          "moonPhase" : "phase1",
          "timeZone" : 7,
          "signDate" : "2019-11-03T11:21+0000"
        },
        {
          "moonPhaseDate" : "2019-11-04T10:23+0000",
          "date" : "2019-11-04T05:26+0000",
          "age" : 8,
          "sign" : "aquarius",
          "moonPhase" : "phase2",
          "timeZone" : 7,
          "signDate" : "2019-11-03T11:21+0000"
        },
        {
          "moonPhaseDate" : "2019-11-04T10:23+0000",
          "date" : "2019-11-05T06:08+0000",
          "age" : 9,
          "sign" : "aquarius",
          "moonPhase" : "phase2",
          "timeZone" : 7,
          "signDate" : "2019-11-03T11:21+0000"
        },
        {
          "date" : "2019-11-06T06:47+0000",
          "moonPhaseDate" : "2019-11-04T10:23+0000",
          "age" : 10,
          "sign" : "pisces",
          "moonPhase" : "phase2",
          "timeZone" : 7,
          "signDate" : "2019-11-05T23:11+0000"
        },
        {
          "moonPhaseDate" : "2019-11-04T10:23+0000",
          "date" : "2019-11-07T07:23+0000",
          "age" : 11,
          "sign" : "pisces",
          "moonPhase" : "phase2",
          "timeZone" : 7,
          "signDate" : "2019-11-05T23:11+0000"
        },
        {
          "date" : "2019-11-08T07:57+0000",
          "moonPhaseDate" : "2019-11-04T10:23+0000",
          "age" : 12,
          "sign" : "aries",
          "moonPhase" : "phase2",
          "timeZone" : 7,
          "signDate" : "2019-11-08T11:50+0000"
        },
        {
          "date" : "2019-11-09T08:31+0000",
          "moonPhaseDate" : "2019-11-04T10:23+0000",
          "age" : 13,
          "sign" : "aries",
          "moonPhase" : "phase2",
          "timeZone" : 7,
          "signDate" : "2019-11-08T11:50+0000"
        },
        {
          "date" : "2019-11-10T09:05+0000",
          "moonPhaseDate" : "2019-11-04T10:23+0000",
          "age" : 14,
          "sign" : "aries",
          "moonPhase" : "phase2",
          "timeZone" : 7,
          "signDate" : "2019-11-08T11:50+0000"
        },
        {
          "moonPhaseDate" : "2019-11-04T10:23+0000",
          "date" : "2019-11-11T09:40+0000",
          "age" : 15,
          "sign" : "taurus",
          "moonPhase" : "phase2",
          "timeZone" : 7,
          "signDate" : "2019-11-10T23:19+0000"
        },
        {
          "date" : "2019-11-12T10:18+0000",
          "moonPhaseDate" : "2019-11-12T13:35+0000",
          "age" : 16,
          "sign" : "taurus",
          "moonPhase" : "fullMoon",
          "timeZone" : 7,
          "signDate" : "2019-11-10T23:19+0000"
        },
        {
          "date" : "2019-11-13T10:59+0000",
          "moonPhaseDate" : "2019-11-12T13:35+0000",
          "age" : 17,
          "sign" : "gemini",
          "moonPhase" : "phase3",
          "timeZone" : 7,
          "signDate" : "2019-11-13T08:45+0000"
        },
        {
          "date" : "2019-11-14T11:44+0000",
          "moonPhaseDate" : "2019-11-12T13:35+0000",
          "age" : 18,
          "sign" : "gemini",
          "moonPhase" : "phase3",
          "timeZone" : 7,
          "signDate" : "2019-11-13T08:45+0000"
        },
        {
          "moonPhaseDate" : "2019-11-12T13:35+0000",
          "date" : "2019-11-15T12:34+0000",
          "age" : 19,
          "sign" : "cancer",
          "moonPhase" : "phase3",
          "timeZone" : 7,
          "signDate" : "2019-11-15T16:12+0000"
        },
        {
          "moonPhaseDate" : "2019-11-12T13:35+0000",
          "date" : "2019-11-16T13:29+0000",
          "age" : 20,
          "sign" : "cancer",
          "moonPhase" : "phase3",
          "timeZone" : 7,
          "signDate" : "2019-11-15T16:12+0000"
        },
        {
          "date" : "2019-11-17T14:27+0000",
          "moonPhaseDate" : "2019-11-12T13:35+0000",
          "age" : 21,
          "sign" : "cancer",
          "moonPhase" : "phase3",
          "timeZone" : 7,
          "signDate" : "2019-11-15T16:12+0000"
        },
        {
          "date" : "2019-11-18T15:27+0000",
          "moonPhaseDate" : "2019-11-12T13:35+0000",
          "age" : 22,
          "sign" : "leo",
          "moonPhase" : "phase3",
          "timeZone" : 7,
          "signDate" : "2019-11-17T21:54+0000"
        },
        {
          "date" : "2019-11-19T16:28+0000",
          "moonPhaseDate" : "2019-11-12T13:35+0000",
          "age" : 23,
          "sign" : "leo",
          "moonPhase" : "phase3",
          "timeZone" : 7,
          "signDate" : "2019-11-17T21:54+0000"
        },
        {
          "moonPhaseDate" : "2019-11-19T21:11+0000",
          "date" : "2019-11-20T17:30+0000",
          "age" : 24,
          "sign" : "virgo",
          "moonPhase" : "phase4",
          "timeZone" : 7,
          "signDate" : "2019-11-17T21:54+0000"
        },
        {
          "date" : "2019-11-21T18:30+0000",
          "moonPhaseDate" : "2019-11-19T21:11+0000",
          "age" : 25,
          "sign" : "libra",
          "moonPhase" : "phase4",
          "timeZone" : 7,
          "signDate" : "2019-11-22T04:22+0000"
        },
        {
          "date" : "2019-11-22T19:31+0000",
          "moonPhaseDate" : "2019-11-19T21:11+0000",
          "age" : 26,
          "sign" : "libra",
          "moonPhase" : "phase4",
          "timeZone" : 7,
          "signDate" : "2019-11-22T04:22+0000"
        },
        {
          "date" : "2019-11-23T20:31+0000",
          "moonPhaseDate" : "2019-11-19T21:11+0000",
          "age" : 27,
          "sign" : "scorpio",
          "moonPhase" : "phase4",
          "timeZone" : 7,
          "signDate" : "2019-11-24T06:01+0000"
        },
        {
          "moonPhaseDate" : "2019-11-19T21:11+0000",
          "date" : "2019-11-24T21:32+0000",
          "age" : 28,
          "sign" : "scorpio",
          "moonPhase" : "phase4",
          "timeZone" : 7,
          "signDate" : "2019-11-24T06:01+0000"
        },
        {
          "moonPhaseDate" : "2019-11-26T15:06+0000",
          "date" : "2019-11-25T22:34+0000",
          "age" : 29,
          "sign" : "sagittarius",
          "moonPhase" : "newMoon",
          "timeZone" : 7,
          "signDate" : "2019-11-26T08:12+0000"
        },
        {
          "date" : "2019-11-26T15:06+0000",
          "moonPhaseDate" : "2019-11-26T15:06+0000",
          "age" : 1,
          "sign" : "sagittarius",
          "moonPhase" : "newMoon",
          "timeZone" : 7,
          "signDate" : "2019-11-26T08:12+0000"
        },
        {
          "date" : "2019-11-26T23:35+0000",
          "moonPhaseDate" : "2019-11-26T15:06+0000",
          "age" : 2,
          "sign" : "sagittarius",
          "moonPhase" : "phase1",
          "timeZone" : 7,
          "signDate" : "2019-11-26T08:12+0000"
        },
        {
          "date" : "2019-11-28T00:37+0000",
          "moonPhaseDate" : "2019-11-26T15:06+0000",
          "age" : 3,
          "sign" : "capricorn",
          "moonPhase" : "phase1",
          "timeZone" : 7,
          "signDate" : "2019-11-28T12:32+0000"
        },
        {
          "date" : "2019-11-29T01:35+0000",
          "moonPhaseDate" : "2019-11-26T15:06+0000",
          "age" : 4,
          "sign" : "capricorn",
          "moonPhase" : "phase1",
          "timeZone" : 7,
          "signDate" : "2019-11-28T12:32+0000"
        },
        {
          "moonPhaseDate" : "2019-11-26T15:06+0000",
          "date" : "2019-11-30T02:29+0000",
          "age" : 5,
          "sign" : "capricorn",
          "moonPhase" : "phase1",
          "timeZone" : 7,
          "signDate" : "2019-11-28T12:32+0000"
        },
        {
          "date" : "2019-12-01T03:19+0000",
          "moonPhaseDate" : null,
          "age" : 6,
          "sign" : "aquarius",
          "moonPhase" : "phase1",
          "timeZone" : 7,
          "signDate" : "2019-11-30T20:15+0000"
        },
        {
          "date" : "2019-12-02T04:04+0000",
          "moonPhaseDate" : null,
          "age" : 7,
          "sign" : "aquarius",
          "moonPhase" : "phase1",
          "timeZone" : 7,
          "signDate" : "2019-11-30T20:15+0000"
        },
        {
          "date" : "2019-12-03T04:44+0000",
          "moonPhaseDate" : null,
          "age" : 8,
          "sign" : "pisces",
          "moonPhase" : "phase1",
          "timeZone" : 7,
          "signDate" : "2019-12-03T07:14+0000"
        },
        {
          "date" : "2019-12-04T05:21+0000",
          "moonPhaseDate" : "2019-12-04T06:58+0000",
          "age" : 9,
          "sign" : "pisces",
          "moonPhase" : "phase2",
          "timeZone" : 7,
          "signDate" : "2019-12-03T07:14+0000"
        },
        {
          "moonPhaseDate" : "2019-12-04T06:58+0000",
          "date" : "2019-12-05T05:56+0000",
          "age" : 10,
          "sign" : "pisces",
          "moonPhase" : "phase2",
          "timeZone" : 7,
          "signDate" : "2019-12-03T07:14+0000"
        },
        {
          "date" : "2019-12-06T06:30+0000",
          "moonPhaseDate" : "2019-12-04T06:58+0000",
          "age" : 11,
          "sign" : "aries",
          "moonPhase" : "phase2",
          "timeZone" : 7,
          "signDate" : "2019-12-05T19:46+0000"
        },
        {
          "moonPhaseDate" : "2019-12-04T06:58+0000",
          "date" : "2019-12-07T07:03+0000",
          "age" : 12,
          "sign" : "aries",
          "moonPhase" : "phase2",
          "timeZone" : 7,
          "signDate" : "2019-12-05T19:46+0000"
        },
        {
          "moonPhaseDate" : "2019-12-04T06:58+0000",
          "date" : "2019-12-08T07:38+0000",
          "age" : 13,
          "sign" : "taurus",
          "moonPhase" : "phase2",
          "timeZone" : 7,
          "signDate" : "2019-12-08T07:31+0000"
        },
        {
          "date" : "2019-12-09T08:14+0000",
          "moonPhaseDate" : "2019-12-04T06:58+0000",
          "age" : 14,
          "sign" : "taurus",
          "moonPhase" : "phase2",
          "timeZone" : 7,
          "signDate" : "2019-12-08T07:31+0000"
        },
        {
          "moonPhaseDate" : "2019-12-04T06:58+0000",
          "date" : "2019-12-10T08:54+0000",
          "age" : 15,
          "sign" : "gemini",
          "moonPhase" : "phase2",
          "timeZone" : 7,
          "signDate" : "2019-12-10T16:49+0000"
        },
        {
          "moonPhaseDate" : "2019-12-04T06:58+0000",
          "date" : "2019-12-11T09:38+0000",
          "age" : 16,
          "sign" : "gemini",
          "moonPhase" : "phase2",
          "timeZone" : 7,
          "signDate" : "2019-12-10T16:49+0000"
        },
        {
          "moonPhaseDate" : "2019-12-12T05:12+0000",
          "date" : "2019-12-12T10:27+0000",
          "age" : 17,
          "sign" : "gemini",
          "moonPhase" : "fullMoon",
          "timeZone" : 7,
          "signDate" : "2019-12-10T16:49+0000"
        },
        {
          "date" : "2019-12-13T11:21+0000",
          "moonPhaseDate" : "2019-12-12T05:12+0000",
          "age" : 18,
          "sign" : "cancer",
          "moonPhase" : "phase3",
          "timeZone" : 7,
          "signDate" : "2019-12-12T23:24+0000"
        },
        {
          "date" : "2019-12-14T12:19+0000",
          "moonPhaseDate" : "2019-12-12T05:12+0000",
          "age" : 19,
          "sign" : "cancer",
          "moonPhase" : "phase3",
          "timeZone" : 7,
          "signDate" : "2019-12-12T23:24+0000"
        },
        {
          "moonPhaseDate" : "2019-12-12T05:12+0000",
          "date" : "2019-12-15T13:20+0000",
          "age" : 20,
          "sign" : "leo",
          "moonPhase" : "phase3",
          "timeZone" : 7,
          "signDate" : "2019-12-15T03:53+0000"
        },
        {
          "moonPhaseDate" : "2019-12-12T05:12+0000",
          "date" : "2019-12-16T14:23+0000",
          "age" : 21,
          "sign" : "leo",
          "moonPhase" : "phase3",
          "timeZone" : 7,
          "signDate" : "2019-12-15T03:53+0000"
        },
        {
          "moonPhaseDate" : "2019-12-12T05:12+0000",
          "date" : "2019-12-17T15:24+0000",
          "age" : 22,
          "sign" : "virgo",
          "moonPhase" : "phase3",
          "timeZone" : 7,
          "signDate" : "2019-12-17T07:13+0000"
        },
        {
          "date" : "2019-12-18T16:25+0000",
          "moonPhaseDate" : "2019-12-12T05:12+0000",
          "age" : 23,
          "sign" : "virgo",
          "moonPhase" : "phase3",
          "timeZone" : 7,
          "signDate" : "2019-12-17T07:13+0000"
        },
        {
          "date" : "2019-12-19T17:24+0000",
          "moonPhaseDate" : "2019-12-19T04:57+0000",
          "age" : 24,
          "sign" : "libra",
          "moonPhase" : "phase4",
          "timeZone" : 7,
          "signDate" : "2019-12-17T07:13+0000"
        },
        {
          "moonPhaseDate" : "2019-12-19T04:57+0000",
          "date" : "2019-12-20T18:23+0000",
          "age" : 25,
          "sign" : "scorpio",
          "moonPhase" : "phase4",
          "timeZone" : 7,
          "signDate" : "2019-12-21T13:01+0000"
        },
        {
          "moonPhaseDate" : "2019-12-19T04:57+0000",
          "date" : "2019-12-21T19:22+0000",
          "age" : 26,
          "sign" : "scorpio",
          "moonPhase" : "phase4",
          "timeZone" : 7,
          "signDate" : "2019-12-21T13:01+0000"
        },
        {
          "date" : "2019-12-22T20:21+0000",
          "moonPhaseDate" : "2019-12-19T04:57+0000",
          "age" : 27,
          "sign" : "sagittarius",
          "moonPhase" : "phase4",
          "timeZone" : 7,
          "signDate" : "2019-12-23T16:37+0000"
        },
        {
          "date" : "2019-12-23T21:22+0000",
          "moonPhaseDate" : "2019-12-19T04:57+0000",
          "age" : 28,
          "sign" : "sagittarius",
          "moonPhase" : "phase4",
          "timeZone" : 7,
          "signDate" : "2019-12-23T16:37+0000"
        },
        {
          "moonPhaseDate" : "2019-12-19T04:57+0000",
          "date" : "2019-12-24T22:22+0000",
          "age" : 29,
          "sign" : "sagittarius",
          "moonPhase" : "phase4",
          "timeZone" : 7,
          "signDate" : "2019-12-23T16:37+0000"
        },
        {
          "date" : "2019-12-25T23:21+0000",
          "moonPhaseDate" : "2019-12-26T05:13+0000",
          "age" : 30,
          "sign" : "capricorn",
          "moonPhase" : "newMoon",
          "timeZone" : 7,
          "signDate" : "2019-12-25T21:46+0000"
        },
        {
          "moonPhaseDate" : "2019-12-26T05:13+0000",
          "date" : "2019-12-26T05:13+0000",
          "age" : 1,
          "sign" : "capricorn",
          "moonPhase" : "newMoon",
          "timeZone" : 7,
          "signDate" : "2019-12-25T21:46+0000"
        },
        {
          "date" : "2019-12-27T00:17+0000",
          "moonPhaseDate" : "2019-12-26T05:13+0000",
          "age" : 2,
          "sign" : "capricorn",
          "moonPhase" : "phase1",
          "timeZone" : 7,
          "signDate" : "2019-12-25T21:46+0000"
        },
        {
          "date" : "2019-12-28T01:09+0000",
          "moonPhaseDate" : "2019-12-26T05:13+0000",
          "age" : 3,
          "sign" : "aquarius",
          "moonPhase" : "phase1",
          "timeZone" : 7,
          "signDate" : "2019-12-28T05:21+0000"
        },
        {
          "moonPhaseDate" : "2019-12-26T05:13+0000",
          "date" : "2019-12-29T01:56+0000",
          "age" : 4,
          "sign" : "aquarius",
          "moonPhase" : "phase1",
          "timeZone" : 7,
          "signDate" : "2019-12-28T05:21+0000"
        },
        {
          "date" : "2019-12-30T02:39+0000",
          "moonPhaseDate" : "2019-12-26T05:13+0000",
          "age" : 5,
          "sign" : "pisces",
          "moonPhase" : "phase1",
          "timeZone" : 7,
          "signDate" : "2019-12-30T15:43+0000"
        },
        {
          "moonPhaseDate" : "2019-12-26T05:13+0000",
          "date" : "2019-12-31T03:18+0000",
          "age" : 6,
          "sign" : "pisces",
          "moonPhase" : "phase1",
          "timeZone" : 7,
          "signDate" : "2019-12-30T15:43+0000"
        },
        {
          "date" : "2020-01-01T03:54+0000",
          "moonPhaseDate" : null,
          "age" : 7,
          "sign" : "pisces",
          "moonPhase" : "phase1",
          "timeZone" : 7,
          "signDate" : "2019-12-30T15:43+0000"
        },
        {
          "date" : "2020-01-02T04:28+0000",
          "moonPhaseDate" : null,
          "age" : 8,
          "sign" : "aries",
          "moonPhase" : "phase1",
          "timeZone" : 7,
          "signDate" : "2020-01-02T04:01+0000"
        },
        {
          "moonPhaseDate" : "2020-01-03T04:45+0000",
          "date" : "2020-01-03T05:01+0000",
          "age" : 9,
          "sign" : "aries",
          "moonPhase" : "phase2",
          "timeZone" : 7,
          "signDate" : "2020-01-02T04:01+0000"
        },
        {
          "moonPhaseDate" : "2020-01-03T04:45+0000",
          "date" : "2020-01-04T05:35+0000",
          "age" : 10,
          "sign" : "taurus",
          "moonPhase" : "phase2",
          "timeZone" : 7,
          "signDate" : "2020-01-04T16:15+0000"
        },
        {
          "date" : "2020-01-05T06:10+0000",
          "moonPhaseDate" : "2020-01-03T04:45+0000",
          "age" : 11,
          "sign" : "taurus",
          "moonPhase" : "phase2",
          "timeZone" : 7,
          "signDate" : "2020-01-04T16:15+0000"
        },
        {
          "timeZone" : 7,
          "date" : "2020-01-06T06:47+0000",
          "age" : 12,
          "moonPhaseDate" : "2020-01-03T04:45+0000",
          "moonPhase" : "phase2",
          "signDate" : "2020-01-04T16:15+0000",
          "sign" : "taurus"
        },
        {
          "timeZone" : 7,
          "age" : 13,
          "date" : "2020-01-07T07:29+0000",
          "moonPhaseDate" : "2020-01-03T04:45+0000",
          "moonPhase" : "phase2",
          "signDate" : "2020-01-07T02:13+0000",
          "sign" : "gemini"
        },
        {
          "timeZone" : 7,
          "date" : "2020-01-08T08:15+0000",
          "age" : 14,
          "moonPhaseDate" : "2020-01-03T04:45+0000",
          "moonPhase" : "phase2",
          "signDate" : "2020-01-07T02:13+0000",
          "sign" : "gemini"
        },
        {
          "timeZone" : 7,
          "age" : 15,
          "date" : "2020-01-09T09:07+0000",
          "moonPhaseDate" : "2020-01-03T04:45+0000",
          "moonPhase" : "phase2",
          "signDate" : "2020-01-09T08:45+0000",
          "sign" : "cancer"
        },
        {
          "timeZone" : 7,
          "age" : 16,
          "date" : "2020-01-10T10:05+0000",
          "moonPhaseDate" : "2020-01-03T04:45+0000",
          "moonPhase" : "phase2",
          "signDate" : "2020-01-09T08:45+0000",
          "sign" : "cancer"
        },
        {
          "timeZone" : 7,
          "date" : "2020-01-11T11:06+0000",
          "age" : 17,
          "moonPhaseDate" : "2020-01-10T19:21+0000",
          "moonPhase" : "fullMoon",
          "signDate" : "2020-01-11T12:16+0000",
          "sign" : "leo"
        },
        {
          "timeZone" : 7,
          "age" : 18,
          "date" : "2020-01-12T12:10+0000",
          "moonPhaseDate" : "2020-01-10T19:21+0000",
          "moonPhase" : "phase3",
          "signDate" : "2020-01-11T12:16+0000",
          "sign" : "leo"
        },
        {
          "timeZone" : 7,
          "age" : 19,
          "date" : "2020-01-13T13:14+0000",
          "moonPhaseDate" : "2020-01-10T19:21+0000",
          "moonPhase" : "phase3",
          "signDate" : "2020-01-13T14:05+0000",
          "sign" : "virgo"
        },
        {
          "timeZone" : 7,
          "age" : 20,
          "date" : "2020-01-14T14:17+0000",
          "moonPhaseDate" : "2020-01-10T19:21+0000",
          "moonPhase" : "phase3",
          "signDate" : "2020-01-13T14:05+0000",
          "sign" : "virgo"
        },
        {
          "timeZone" : 7,
          "age" : 21,
          "date" : "2020-01-15T15:18+0000",
          "moonPhaseDate" : "2020-01-10T19:21+0000",
          "moonPhase" : "phase3",
          "signDate" : "2020-01-15T15:42+0000",
          "sign" : "libra"
        },
        {
          "timeZone" : 7,
          "date" : "2020-01-16T16:18+0000",
          "age" : 22,
          "moonPhaseDate" : "2020-01-10T19:21+0000",
          "moonPhase" : "phase3",
          "signDate" : "2020-01-15T15:42+0000",
          "sign" : "libra"
        },
        {
          "timeZone" : 7,
          "age" : 23,
          "date" : "2020-01-17T17:17+0000",
          "moonPhaseDate" : "2020-01-17T12:58+0000",
          "moonPhase" : "phase4",
          "signDate" : "2020-01-17T18:21+0000",
          "sign" : "scorpio"
        },
        {
          "timeZone" : 7,
          "date" : "2020-01-18T18:16+0000",
          "age" : 24,
          "moonPhaseDate" : "2020-01-17T12:58+0000",
          "moonPhase" : "phase4",
          "signDate" : "2020-01-17T18:21+0000",
          "sign" : "scorpio"
        },
        {
          "timeZone" : 7,
          "age" : 25,
          "date" : "2020-01-19T19:14+0000",
          "moonPhaseDate" : "2020-01-17T12:58+0000",
          "moonPhase" : "phase4",
          "signDate" : "2020-01-19T22:43+0000",
          "sign" : "sagittarius"
        },
        {
          "timeZone" : 7,
          "age" : 26,
          "date" : "2020-01-20T20:13+0000",
          "moonPhaseDate" : "2020-01-17T12:58+0000",
          "moonPhase" : "phase4",
          "signDate" : "2020-01-19T22:43+0000",
          "sign" : "sagittarius"
        },
        {
          "timeZone" : 7,
          "age" : 27,
          "date" : "2020-01-21T21:12+0000",
          "moonPhaseDate" : "2020-01-17T12:58+0000",
          "moonPhase" : "phase4",
          "signDate" : "2020-01-22T05:02+0000",
          "sign" : "capricorn"
        },
        {
          "timeZone" : 7,
          "age" : 28,
          "date" : "2020-01-22T22:08+0000",
          "moonPhaseDate" : "2020-01-17T12:58+0000",
          "moonPhase" : "phase4",
          "signDate" : "2020-01-22T05:02+0000",
          "sign" : "capricorn"
        },
        {
          "timeZone" : 7,
          "age" : 29,
          "date" : "2020-01-23T23:01+0000",
          "moonPhaseDate" : "2020-01-17T12:58+0000",
          "moonPhase" : "phase4",
          "signDate" : "2020-01-24T13:22+0000",
          "sign" : "aquarius"
        },
        {
          "timeZone" : 7,
          "age" : 1,
          "date" : "2020-01-24T21:42+0000",
          "moonPhaseDate" : "2020-01-24T21:42+0000",
          "moonPhase" : "newMoon",
          "signDate" : "2020-01-24T13:22+0000",
          "sign" : "aquarius"
        },
        {
          "timeZone" : 7,
          "age" : 2,
          "date" : "2020-01-24T23:50+0000",
          "moonPhaseDate" : "2020-01-24T21:42+0000",
          "moonPhase" : "newMoon",
          "signDate" : "2020-01-24T13:22+0000",
          "sign" : "aquarius"
        },
        {
          "timeZone" : 7,
          "date" : "2020-01-26T00:34+0000",
          "age" : 3,
          "moonPhaseDate" : "2020-01-24T21:42+0000",
          "moonPhase" : "phase1",
          "signDate" : "2020-01-24T13:22+0000",
          "sign" : "aquarius"
        },
        {
          "timeZone" : 7,
          "date" : "2020-01-27T01:15+0000",
          "age" : 4,
          "moonPhaseDate" : "2020-01-24T21:42+0000",
          "moonPhase" : "phase1",
          "signDate" : "2020-01-26T23:45+0000",
          "sign" : "pisces"
        },
        {
          "timeZone" : 7,
          "age" : 5,
          "date" : "2020-01-28T01:52+0000",
          "moonPhaseDate" : "2020-01-24T21:42+0000",
          "moonPhase" : "phase1",
          "signDate" : "2020-01-26T23:45+0000",
          "sign" : "pisces"
        },
        {
          "timeZone" : 7,
          "age" : 6,
          "date" : "2020-01-29T02:26+0000",
          "moonPhaseDate" : "2020-01-24T21:42+0000",
          "moonPhase" : "phase1",
          "signDate" : "2020-01-29T11:51+0000",
          "sign" : "aries"
        },
        {
          "timeZone" : 7,
          "age" : 7,
          "date" : "2020-01-30T03:00+0000",
          "moonPhaseDate" : "2020-01-24T21:42+0000",
          "moonPhase" : "phase1",
          "signDate" : "2020-01-29T11:51+0000",
          "sign" : "aries"
        },
        {
          "timeZone" : 7,
          "date" : "2020-01-31T03:33+0000",
          "age" : 8,
          "moonPhaseDate" : "2020-01-24T21:42+0000",
          "moonPhase" : "phase1",
          "signDate" : "2020-01-29T11:51+0000",
          "sign" : "aries"
        },
        {
          "timeZone" : 7,
          "date" : "2020-01-31T03:33+0000",
          "age" : 8,
          "moonPhaseDate" : "2020-01-24T21:42+0000",
          "moonPhase" : "phase1",
          "signDate" : "2020-01-29T11:51+0000",
          "sign" : "aries"
        }
      ]
    }
  ]
}