{
  "cities" : [
    {
      "cityName" : "Сеул",
      "timeZone" : 9,
      "moonDays" : [
        {
          "date" : "2019-04-30T18:59+0000",
          "age" : 26,
          "moonPhase" : null,
          "signDate" : "2019-05-01T10:23+0000",
          "timeZone" : 9,
          "sign" : "aries",
          "moonPhaseDate" : null
        },
        {
          "date" : "2019-05-01T19:27+0000",
          "age" : 27,
          "moonPhase" : null,
          "timeZone" : 9,
          "signDate" : "2019-05-01T10:23+0000",
          "sign" : "aries",
          "moonPhaseDate" : null
        },
        {
          "date" : "2019-05-02T19:55+0000",
          "age" : 28,
          "moonPhase" : null,
          "timeZone" : 9,
          "signDate" : "2019-05-01T10:23+0000",
          "sign" : "aries",
          "moonPhaseDate" : null
        },
        {
          "date" : "2019-05-03T20:23+0000",
          "age" : 29,
          "moonPhase" : null,
          "timeZone" : 9,
          "signDate" : "2019-05-03T20:21+0000",
          "sign" : "taurus",
          "moonPhaseDate" : null
        },
        {
          "date" : "2019-05-04T20:55+0000",
          "age" : 30,
          "moonPhase" : "newMoon",
          "timeZone" : 9,
          "signDate" : "2019-05-03T20:21+0000",
          "sign" : "taurus",
          "moonPhaseDate" : "2019-05-04T22:45+0000"
        },
        {
          "date" : "2019-05-04T22:45+0000",
          "age" : 1,
          "moonPhase" : "newMoon",
          "timeZone" : 9,
          "signDate" : "2019-05-03T20:21+0000",
          "sign" : "taurus",
          "moonPhaseDate" : "2019-05-04T22:45+0000"
        },
        {
          "date" : "2019-05-05T21:30+0000",
          "age" : 2,
          "moonPhase" : "phase1",
          "signDate" : "2019-05-06T03:42+0000",
          "timeZone" : 9,
          "sign" : "gemini",
          "moonPhaseDate" : "2019-05-04T22:45+0000"
        },
        {
          "date" : "2019-05-06T22:10+0000",
          "age" : 3,
          "moonPhase" : "phase1",
          "timeZone" : 9,
          "signDate" : "2019-05-06T03:42+0000",
          "sign" : "gemini",
          "moonPhaseDate" : "2019-05-04T22:45+0000"
        },
        {
          "date" : "2019-05-07T22:56+0000",
          "age" : 4,
          "moonPhase" : "phase1",
          "timeZone" : 9,
          "signDate" : "2019-05-08T09:05+0000",
          "sign" : "cancer",
          "moonPhaseDate" : "2019-05-04T22:45+0000"
        },
        {
          "date" : "2019-05-08T23:49+0000",
          "age" : 5,
          "moonPhase" : "phase1",
          "signDate" : "2019-05-08T09:05+0000",
          "timeZone" : 9,
          "sign" : "cancer",
          "moonPhaseDate" : "2019-05-04T22:45+0000"
        },
        {
          "date" : "2019-05-10T00:49+0000",
          "age" : 6,
          "moonPhase" : "phase1",
          "timeZone" : 9,
          "signDate" : "2019-05-10T13:12+0000",
          "sign" : "leo",
          "moonPhaseDate" : "2019-05-04T22:45+0000"
        },
        {
          "date" : "2019-05-11T01:54+0000",
          "age" : 7,
          "moonPhase" : "phase1",
          "timeZone" : 9,
          "signDate" : "2019-05-10T13:12+0000",
          "sign" : "leo",
          "moonPhaseDate" : "2019-05-04T22:45+0000"
        },
        {
          "date" : "2019-05-12T03:02+0000",
          "age" : 8,
          "moonPhase" : "phase2",
          "signDate" : "2019-05-10T13:12+0000",
          "timeZone" : 9,
          "sign" : "leo",
          "moonPhaseDate" : "2019-05-12T01:12+0000"
        },
        {
          "date" : "2019-05-13T04:11+0000",
          "age" : 9,
          "moonPhase" : "phase2",
          "timeZone" : 9,
          "signDate" : "2019-05-12T16:23+0000",
          "sign" : "virgo",
          "moonPhaseDate" : "2019-05-12T01:12+0000"
        },
        {
          "date" : "2019-05-14T05:20+0000",
          "age" : 10,
          "moonPhase" : "phase2",
          "timeZone" : 9,
          "signDate" : "2019-05-12T16:23+0000",
          "sign" : "virgo",
          "moonPhaseDate" : "2019-05-12T01:12+0000"
        },
        {
          "date" : "2019-05-15T06:28+0000",
          "age" : 11,
          "moonPhase" : "phase2",
          "timeZone" : 9,
          "signDate" : "2019-05-14T18:53+0000",
          "sign" : "libra",
          "moonPhaseDate" : "2019-05-12T01:12+0000"
        },
        {
          "date" : "2019-05-16T07:37+0000",
          "age" : 12,
          "moonPhase" : "phase2",
          "signDate" : "2019-05-14T18:53+0000",
          "timeZone" : 9,
          "sign" : "libra",
          "moonPhaseDate" : "2019-05-12T01:12+0000"
        },
        {
          "date" : "2019-05-17T08:45+0000",
          "age" : 13,
          "moonPhase" : "phase2",
          "timeZone" : 9,
          "signDate" : "2019-05-16T21:25+0000",
          "sign" : "scorpio",
          "moonPhaseDate" : "2019-05-12T01:12+0000"
        },
        {
          "date" : "2019-05-18T09:53+0000",
          "age" : 14,
          "moonPhase" : "phase2",
          "timeZone" : 9,
          "signDate" : "2019-05-16T21:25+0000",
          "sign" : "scorpio",
          "moonPhaseDate" : "2019-05-12T01:12+0000"
        },
        {
          "date" : "2019-05-19T10:58+0000",
          "age" : 15,
          "moonPhase" : "fullMoon",
          "timeZone" : 9,
          "signDate" : "2019-05-19T01:19+0000",
          "sign" : "sagittarius",
          "moonPhaseDate" : "2019-05-18T21:11+0000"
        },
        {
          "date" : "2019-05-20T12:02+0000",
          "age" : 16,
          "moonPhase" : "phase3",
          "signDate" : "2019-05-19T01:19+0000",
          "timeZone" : 9,
          "sign" : "sagittarius",
          "moonPhaseDate" : "2019-05-18T21:11+0000"
        },
        {
          "date" : "2019-05-21T13:01+0000",
          "age" : 17,
          "moonPhase" : "phase3",
          "signDate" : "2019-05-21T07:56+0000",
          "timeZone" : 9,
          "sign" : "capricorn",
          "moonPhaseDate" : "2019-05-18T21:11+0000"
        },
        {
          "date" : "2019-05-22T13:54+0000",
          "age" : 18,
          "moonPhase" : "phase3",
          "signDate" : "2019-05-21T07:56+0000",
          "timeZone" : 9,
          "sign" : "capricorn",
          "moonPhaseDate" : "2019-05-18T21:11+0000"
        },
        {
          "date" : "2019-05-23T14:41+0000",
          "age" : 19,
          "moonPhase" : "phase3",
          "signDate" : "2019-05-21T07:56+0000",
          "timeZone" : 9,
          "sign" : "capricorn",
          "moonPhaseDate" : "2019-05-18T21:11+0000"
        },
        {
          "date" : "2019-05-24T15:23+0000",
          "age" : 20,
          "moonPhase" : "phase3",
          "timeZone" : 9,
          "signDate" : "2019-05-21T07:56+0000",
          "sign" : "aquarius",
          "moonPhaseDate" : "2019-05-18T21:11+0000"
        },
        {
          "date" : "2019-05-25T15:59+0000",
          "age" : 21,
          "moonPhase" : "phase3",
          "timeZone" : 9,
          "signDate" : "2019-05-26T06:07+0000",
          "sign" : "pisces",
          "moonPhaseDate" : "2019-05-18T21:11+0000"
        },
        {
          "date" : "2019-05-26T16:31+0000",
          "age" : 22,
          "moonPhase" : "phase4",
          "signDate" : "2019-05-26T06:07+0000",
          "timeZone" : 9,
          "sign" : "pisces",
          "moonPhaseDate" : "2019-05-26T16:33+0000"
        },
        {
          "date" : "2019-05-27T17:01+0000",
          "age" : 23,
          "moonPhase" : "phase4",
          "timeZone" : 9,
          "signDate" : "2019-05-26T06:07+0000",
          "sign" : "pisces",
          "moonPhaseDate" : "2019-05-26T16:33+0000"
        },
        {
          "date" : "2019-05-28T17:29+0000",
          "age" : 24,
          "moonPhase" : "phase4",
          "timeZone" : 9,
          "signDate" : "2019-05-28T18:29+0000",
          "sign" : "aries",
          "moonPhaseDate" : "2019-05-26T16:33+0000"
        },
        {
          "signDate" : "2019-05-28T18:29+0000",
          "timeZone" : 9,
          "date" : "2019-05-29T17:56+0000",
          "sign" : "aries",
          "moonPhase" : "phase4",
          "moonPhaseDate" : "2019-05-26T16:33+0000",
          "age" : 25
        },
        {
          "sign" : "taurus",
          "moonPhaseDate" : "2019-05-26T16:33+0000",
          "timeZone" : 9,
          "age" : 26,
          "moonPhase" : "phase4",
          "date" : "2019-05-30T18:24+0000",
          "signDate" : "2019-05-31T04:44+0000"
        },
        {
          "signDate" : "2019-05-31T04:44+0000",
          "timeZone" : 9,
          "date" : "2019-05-31T18:54+0000",
          "sign" : "taurus",
          "moonPhase" : "phase4",
          "moonPhaseDate" : null,
          "age" : 27
        },
        {
          "signDate" : "2019-06-02T11:51+0000",
          "timeZone" : 9,
          "date" : "2019-06-01T19:27+0000",
          "sign" : "gemini",
          "moonPhase" : "phase4",
          "moonPhaseDate" : null,
          "age" : 28
        },
        {
          "signDate" : "2019-06-02T11:51+0000",
          "timeZone" : 9,
          "age" : 29,
          "sign" : "gemini",
          "moonPhase" : "newMoon",
          "moonPhaseDate" : "2019-06-03T10:02+0000",
          "date" : "2019-06-02T20:05+0000"
        },
        {
          "signDate" : "2019-06-02T11:51+0000",
          "timeZone" : 9,
          "moonPhase" : "newMoon",
          "sign" : "gemini",
          "date" : "2019-06-03T10:02+0000",
          "moonPhaseDate" : "2019-06-03T10:02+0000",
          "age" : 1
        },
        {
          "signDate" : "2019-06-02T11:51+0000",
          "timeZone" : 9,
          "moonPhaseDate" : "2019-06-03T10:02+0000",
          "moonPhase" : "phase1",
          "sign" : "gemini",
          "age" : 2,
          "date" : "2019-06-03T20:49+0000"
        },
        {
          "signDate" : "2019-06-04T16:18+0000",
          "date" : "2019-06-04T21:41+0000",
          "timeZone" : 9,
          "sign" : "cancer",
          "moonPhase" : "phase1",
          "moonPhaseDate" : "2019-06-03T10:02+0000",
          "age" : 3
        },
        {
          "signDate" : "2019-06-04T16:18+0000",
          "timeZone" : 9,
          "moonPhaseDate" : "2019-06-03T10:02+0000",
          "sign" : "cancer",
          "moonPhase" : "phase1",
          "age" : 4,
          "date" : "2019-06-05T22:40+0000"
        },
        {
          "signDate" : "2019-06-06T19:14+0000",
          "timeZone" : 9,
          "sign" : "leo",
          "moonPhase" : "phase1",
          "date" : "2019-06-06T23:44+0000",
          "moonPhaseDate" : "2019-06-03T10:02+0000",
          "age" : 5
        },
        {
          "date" : "2019-06-08T00:53+0000",
          "timeZone" : 9,
          "signDate" : "2019-06-06T19:14+0000",
          "sign" : "leo",
          "moonPhase" : "phase1",
          "moonPhaseDate" : "2019-06-03T10:02+0000",
          "age" : 6
        },
        {
          "signDate" : "2019-06-08T21:43+0000",
          "timeZone" : 9,
          "age" : 7,
          "sign" : "virgo",
          "moonPhase" : "phase1",
          "moonPhaseDate" : "2019-06-03T10:02+0000",
          "date" : "2019-06-09T02:03+0000"
        },
        {
          "date" : "2019-06-10T03:12+0000",
          "signDate" : "2019-06-08T21:43+0000",
          "timeZone" : 9,
          "sign" : "virgo",
          "moonPhase" : "phase2",
          "moonPhaseDate" : "2019-06-10T05:59+0000",
          "age" : 8
        },
        {
          "signDate" : "2019-06-11T00:30+0000",
          "timeZone" : 9,
          "moonPhase" : "phase2",
          "sign" : "libra",
          "date" : "2019-06-11T04:20+0000",
          "moonPhaseDate" : "2019-06-10T05:59+0000",
          "age" : 9
        },
        {
          "signDate" : "2019-06-11T00:30+0000",
          "timeZone" : 9,
          "moonPhaseDate" : "2019-06-10T05:59+0000",
          "date" : "2019-06-12T05:27+0000",
          "sign" : "libra",
          "age" : 10,
          "moonPhase" : "phase2"
        },
        {
          "signDate" : "2019-06-13T04:03+0000",
          "timeZone" : 9,
          "date" : "2019-06-13T06:34+0000",
          "sign" : "scorpio",
          "moonPhase" : "phase2",
          "moonPhaseDate" : "2019-06-10T05:59+0000",
          "age" : 11
        },
        {
          "date" : "2019-06-14T07:40+0000",
          "timeZone" : 9,
          "signDate" : "2019-06-13T04:03+0000",
          "sign" : "scorpio",
          "moonPhase" : "phase2",
          "moonPhaseDate" : "2019-06-10T05:59+0000",
          "age" : 12
        },
        {
          "signDate" : "2019-06-15T09:01+0000",
          "timeZone" : 9,
          "age" : 13,
          "sign" : "sagittarius",
          "moonPhase" : "phase2",
          "moonPhaseDate" : "2019-06-10T05:59+0000",
          "date" : "2019-06-15T08:45+0000"
        },
        {
          "signDate" : "2019-06-15T09:01+0000",
          "timeZone" : 9,
          "moonPhaseDate" : "2019-06-10T05:59+0000",
          "sign" : "sagittarius",
          "moonPhase" : "phase2",
          "age" : 14,
          "date" : "2019-06-16T09:48+0000"
        },
        {
          "date" : "2019-06-17T10:49+0000",
          "timeZone" : 9,
          "signDate" : "2019-06-15T09:01+0000",
          "sign" : "sagittarius",
          "moonPhase" : "fullMoon",
          "moonPhaseDate" : "2019-06-17T08:31+0000",
          "age" : 15
        },
        {
          "signDate" : "2019-06-17T16:11+0000",
          "timeZone" : 9,
          "moonPhaseDate" : "2019-06-17T08:31+0000",
          "date" : "2019-06-18T11:45+0000",
          "sign" : "capricorn",
          "age" : 16,
          "moonPhase" : "phase3"
        },
        {
          "signDate" : "2019-06-17T16:11+0000",
          "timeZone" : 9,
          "moonPhase" : "phase3",
          "sign" : "capricorn",
          "date" : "2019-06-19T12:35+0000",
          "moonPhaseDate" : "2019-06-17T08:31+0000",
          "age" : 17
        },
        {
          "age" : 18,
          "timeZone" : 9,
          "signDate" : "2019-06-20T02:01+0000",
          "sign" : "aquarius",
          "moonPhase" : "phase3",
          "moonPhaseDate" : "2019-06-17T08:31+0000",
          "date" : "2019-06-20T13:19+0000"
        },
        {
          "signDate" : "2019-06-20T02:01+0000",
          "timeZone" : 9,
          "moonPhaseDate" : "2019-06-17T08:31+0000",
          "moonPhase" : "phase3",
          "sign" : "aquarius",
          "age" : 19,
          "date" : "2019-06-21T13:57+0000"
        },
        {
          "signDate" : "2019-06-22T14:01+0000",
          "timeZone" : 9,
          "date" : "2019-06-22T14:31+0000",
          "sign" : "pisces",
          "moonPhase" : "phase3",
          "moonPhaseDate" : "2019-06-17T08:31+0000",
          "age" : 20
        },
        {
          "signDate" : "2019-06-22T14:01+0000",
          "date" : "2019-06-23T15:02+0000",
          "timeZone" : 9,
          "sign" : "pisces",
          "moonPhase" : "phase3",
          "moonPhaseDate" : "2019-06-17T08:31+0000",
          "age" : 21
        },
        {
          "signDate" : "2019-06-25T02:34+0000",
          "timeZone" : 9,
          "sign" : "aries",
          "moonPhase" : "phase4",
          "date" : "2019-06-24T15:30+0000",
          "age" : 22,
          "moonPhaseDate" : "2019-06-25T09:46+0000"
        },
        {
          "signDate" : "2019-06-25T02:34+0000",
          "timeZone" : 9,
          "age" : 23,
          "sign" : "aries",
          "moonPhase" : "phase4",
          "moonPhaseDate" : "2019-06-25T09:46+0000",
          "date" : "2019-06-25T15:57+0000"
        },
        {
          "signDate" : "2019-06-27T13:30+0000",
          "timeZone" : 9,
          "age" : 24,
          "sign" : "taurus",
          "moonPhase" : "phase4",
          "moonPhaseDate" : "2019-06-25T09:46+0000",
          "date" : "2019-06-26T16:25+0000"
        },
        {
          "signDate" : "2019-06-27T13:30+0000",
          "timeZone" : 9,
          "moonPhase" : "phase4",
          "sign" : "taurus",
          "date" : "2019-06-27T16:53+0000",
          "moonPhaseDate" : "2019-06-25T09:46+0000",
          "age" : 25
        },
        {
          "signDate" : "2019-06-27T13:30+0000",
          "timeZone" : 9,
          "age" : 26,
          "sign" : "taurus",
          "moonPhase" : "phase4",
          "moonPhaseDate" : "2019-06-25T09:46+0000",
          "date" : "2019-06-28T17:24+0000"
        },
        {
          "date" : "2019-06-29T17:59+0000",
          "timeZone" : 9,
          "signDate" : "2019-06-29T21:10+0000",
          "sign" : "gemini",
          "moonPhase" : "phase4",
          "moonPhaseDate" : "2019-06-25T09:46+0000",
          "age" : 27
        },
        {
          "signDate" : "2019-06-29T21:10+0000",
          "timeZone" : 9,
          "age" : 28,
          "sign" : "gemini",
          "moonPhase" : "phase4",
          "moonPhaseDate" : null,
          "date" : "2019-06-30T18:40+0000"
        },
        {
          "signDate" : "2019-07-02T01:26+0000",
          "timeZone" : 9,
          "moonPhaseDate" : null,
          "sign" : "cancer",
          "moonPhase" : "phase4",
          "age" : 29,
          "date" : "2019-07-01T19:28+0000"
        },
        {
          "signDate" : "2019-07-02T01:26+0000",
          "date" : "2019-07-02T19:16+0000",
          "timeZone" : 9,
          "sign" : "cancer",
          "moonPhase" : "newMoon",
          "moonPhaseDate" : "2019-07-02T19:16+0000",
          "age" : 1
        },
        {
          "signDate" : "2019-07-02T01:26+0000",
          "timeZone" : 9,
          "date" : "2019-07-02T20:25+0000",
          "sign" : "cancer",
          "moonPhase" : "newMoon",
          "moonPhaseDate" : "2019-07-02T19:16+0000",
          "age" : 2
        },
        {
          "signDate" : "2019-07-04T03:21+0000",
          "timeZone" : 9,
          "age" : 3,
          "sign" : "leo",
          "moonPhase" : "phase1",
          "moonPhaseDate" : "2019-07-02T19:16+0000",
          "date" : "2019-07-03T21:28+0000"
        },
        {
          "signDate" : "2019-07-04T03:21+0000",
          "timeZone" : 9,
          "date" : "2019-07-04T22:38+0000",
          "sign" : "leo",
          "moonPhase" : "phase1",
          "moonPhaseDate" : "2019-07-02T19:16+0000",
          "age" : 4
        },
        {
          "signDate" : "2019-07-06T04:25+0000",
          "timeZone" : 9,
          "date" : "2019-07-05T23:50+0000",
          "sign" : "virgo",
          "moonPhase" : "phase1",
          "moonPhaseDate" : "2019-07-02T19:16+0000",
          "age" : 5
        },
        {
          "signDate" : "2019-07-06T04:25+0000",
          "timeZone" : 9,
          "age" : 6,
          "sign" : "virgo",
          "moonPhase" : "phase1",
          "moonPhaseDate" : "2019-07-02T19:16+0000",
          "date" : "2019-07-07T01:02+0000"
        },
        {
          "signDate" : "2019-07-08T06:07+0000",
          "date" : "2019-07-08T02:11+0000",
          "timeZone" : 9,
          "sign" : "libra",
          "moonPhase" : "phase1",
          "moonPhaseDate" : "2019-07-02T19:16+0000",
          "age" : 7
        },
        {
          "signDate" : "2019-07-08T06:07+0000",
          "timeZone" : 9,
          "moonPhaseDate" : "2019-07-09T10:55+0000",
          "sign" : "libra",
          "moonPhase" : "phase2",
          "age" : 8,
          "date" : "2019-07-09T03:20+0000"
        },
        {
          "date" : "2019-07-10T04:26+0000",
          "timeZone" : 9,
          "signDate" : "2019-07-10T09:28+0000",
          "sign" : "scorpio",
          "moonPhase" : "phase2",
          "moonPhaseDate" : "2019-07-09T10:55+0000",
          "age" : 9
        },
        {
          "signDate" : "2019-07-10T09:28+0000",
          "timeZone" : 9,
          "sign" : "scorpio",
          "moonPhase" : "phase2",
          "date" : "2019-07-11T05:32+0000",
          "moonPhaseDate" : "2019-07-09T10:55+0000",
          "age" : 10
        },
        {
          "signDate" : "2019-07-10T09:28+0000",
          "timeZone" : 9,
          "sign" : "scorpio",
          "moonPhase" : "phase2",
          "date" : "2019-07-12T06:37+0000",
          "moonPhaseDate" : "2019-07-09T10:55+0000",
          "age" : 11
        },
        {
          "signDate" : "2019-07-12T15:04+0000",
          "timeZone" : 9,
          "date" : "2019-07-13T07:40+0000",
          "sign" : "sagittarius",
          "moonPhase" : "phase2",
          "moonPhaseDate" : "2019-07-09T10:55+0000",
          "age" : 12
        },
        {
          "signDate" : "2019-07-12T15:04+0000",
          "timeZone" : 9,
          "moonPhaseDate" : "2019-07-09T10:55+0000",
          "moonPhase" : "phase2",
          "sign" : "sagittarius",
          "age" : 13,
          "date" : "2019-07-14T08:41+0000"
        },
        {
          "signDate" : "2019-07-14T23:03+0000",
          "timeZone" : 9,
          "moonPhaseDate" : "2019-07-09T10:55+0000",
          "date" : "2019-07-15T09:37+0000",
          "sign" : "capricorn",
          "moonPhase" : "phase2",
          "age" : 14
        },
        {
          "date" : "2019-07-16T10:29+0000",
          "signDate" : "2019-07-14T23:03+0000",
          "timeZone" : 9,
          "sign" : "capricorn",
          "moonPhase" : "phase2",
          "moonPhaseDate" : "2019-07-09T10:55+0000",
          "age" : 15
        },
        {
          "signDate" : "2019-07-17T09:18+0000",
          "timeZone" : 9,
          "sign" : "aquarius",
          "date" : "2019-07-17T11:15+0000",
          "moonPhase" : "fullMoon",
          "moonPhaseDate" : "2019-07-16T21:38+0000",
          "age" : 16
        },
        {
          "signDate" : "2019-07-17T09:18+0000",
          "timeZone" : 9,
          "moonPhaseDate" : "2019-07-16T21:38+0000",
          "sign" : "aquarius",
          "moonPhase" : "phase3",
          "age" : 17,
          "date" : "2019-07-18T11:56+0000"
        },
        {
          "signDate" : "2019-07-17T09:18+0000",
          "timeZone" : 9,
          "moonPhaseDate" : "2019-07-16T21:38+0000",
          "sign" : "aquarius",
          "moonPhase" : "phase3",
          "age" : 18,
          "date" : "2019-07-19T12:31+0000"
        },
        {
          "moonPhase" : "phase3",
          "timeZone" : 9,
          "signDate" : "2019-07-19T21:19+0000",
          "sign" : "pisces",
          "date" : "2019-07-20T13:03+0000",
          "moonPhaseDate" : "2019-07-16T21:38+0000",
          "age" : 19
        },
        {
          "date" : "2019-07-21T13:32+0000",
          "timeZone" : 9,
          "signDate" : "2019-07-19T21:19+0000",
          "sign" : "pisces",
          "moonPhase" : "phase3",
          "moonPhaseDate" : "2019-07-16T21:38+0000",
          "age" : 20
        },
        {
          "signDate" : "2019-07-22T10:01+0000",
          "timeZone" : 9,
          "moonPhaseDate" : "2019-07-16T21:38+0000",
          "sign" : "aries",
          "moonPhase" : "phase3",
          "age" : 21,
          "date" : "2019-07-22T13:59+0000"
        },
        {
          "signDate" : "2019-07-22T10:01+0000",
          "timeZone" : 9,
          "moonPhaseDate" : "2019-07-16T21:38+0000",
          "sign" : "aries",
          "moonPhase" : "phase3",
          "age" : 22,
          "date" : "2019-07-23T14:26+0000"
        },
        {
          "date" : "2019-07-24T14:53+0000",
          "timeZone" : 9,
          "signDate" : "2019-07-22T10:01+0000",
          "sign" : "aries",
          "moonPhase" : "phase3",
          "moonPhaseDate" : "2019-07-16T21:38+0000",
          "age" : 23
        },
        {
          "signDate" : "2019-07-22T10:01+0000",
          "timeZone" : 9,
          "moonPhaseDate" : "2019-07-25T01:18+0000",
          "sign" : "taurus",
          "moonPhase" : "phase4",
          "age" : 24,
          "date" : "2019-07-25T15:22+0000"
        },
        {
          "moonPhase" : "phase4",
          "timeZone" : 9,
          "signDate" : "2019-07-27T06:28+0000",
          "sign" : "gemini",
          "date" : "2019-07-26T15:55+0000",
          "moonPhaseDate" : "2019-07-25T01:18+0000",
          "age" : 25
        },
        {
          "signDate" : "2019-07-27T06:28+0000",
          "timeZone" : 9,
          "moonPhaseDate" : "2019-07-25T01:18+0000",
          "sign" : "gemini",
          "date" : "2019-07-27T16:32+0000",
          "age" : 26,
          "moonPhase" : "phase4"
        },
        {
          "signDate" : "2019-07-29T11:30+0000",
          "timeZone" : 9,
          "age" : 27,
          "sign" : "cancer",
          "moonPhase" : "phase4",
          "moonPhaseDate" : "2019-07-25T01:18+0000",
          "date" : "2019-07-28T17:16+0000"
        },
        {
          "signDate" : "2019-07-29T11:30+0000",
          "date" : "2019-07-29T18:07+0000",
          "timeZone" : 9,
          "sign" : "cancer",
          "moonPhase" : "phase4",
          "moonPhaseDate" : "2019-07-25T01:18+0000",
          "age" : 28
        },
        {
          "signDate" : "2019-07-31T13:18+0000",
          "timeZone" : 9,
          "moonPhaseDate" : "2019-07-25T01:18+0000",
          "moonPhase" : "phase4",
          "sign" : "leo",
          "age" : 29,
          "date" : "2019-07-30T19:07+0000"
        },
        {
          "signDate" : "2019-07-31T13:18+0000",
          "timeZone" : 9,
          "moonPhaseDate" : "2019-08-01T03:12+0000",
          "date" : "2019-07-31T20:16+0000",
          "sign" : "leo",
          "moonPhase" : "newMoon",
          "age" : 30
        },
        {
          "signDate" : "2019-07-31T13:18+0000",
          "timeZone" : 9,
          "moonPhase" : "newMoon",
          "sign" : "leo",
          "date" : "2019-08-01T03:12+0000",
          "moonPhaseDate" : "2019-08-01T03:12+0000",
          "age" : 1
        },
        {
          "date" : "2019-08-01T21:29+0000",
          "signDate" : "2019-08-02T13:23+0000",
          "timeZone" : 9,
          "sign" : "virgo",
          "moonPhase" : "phase1",
          "moonPhaseDate" : "2019-08-01T03:12+0000",
          "age" : 2
        },
        {
          "signDate" : "2019-08-02T13:23+0000",
          "date" : "2019-08-02T22:43+0000",
          "timeZone" : 9,
          "sign" : "virgo",
          "moonPhase" : "phase1",
          "moonPhaseDate" : "2019-08-01T03:12+0000",
          "age" : 3
        },
        {
          "date" : "2019-08-03T23:56+0000",
          "timeZone" : 9,
          "signDate" : "2019-08-04T13:32+0000",
          "sign" : "libra",
          "moonPhase" : "phase1",
          "moonPhaseDate" : "2019-08-01T03:12+0000",
          "age" : 4
        },
        {
          "signDate" : "2019-08-04T13:32+0000",
          "timeZone" : 9,
          "sign" : "libra",
          "moonPhase" : "phase1",
          "date" : "2019-08-05T01:07+0000",
          "moonPhaseDate" : "2019-08-01T03:12+0000",
          "age" : 5
        },
        {
          "signDate" : "2019-08-04T13:32+0000",
          "timeZone" : 9,
          "moonPhase" : "phase1",
          "sign" : "libra",
          "date" : "2019-08-06T02:16+0000",
          "moonPhaseDate" : "2019-08-01T03:12+0000",
          "age" : 6
        },
        {
          "signDate" : "2019-08-06T15:31+0000",
          "timeZone" : 9,
          "sign" : "scorpio",
          "moonPhase" : "phase1",
          "date" : "2019-08-07T03:24+0000",
          "moonPhaseDate" : "2019-08-01T03:12+0000",
          "age" : 7
        },
        {
          "signDate" : "2019-08-06T15:31+0000",
          "timeZone" : 9,
          "age" : 8,
          "sign" : "scorpio",
          "moonPhase" : "phase2",
          "moonPhaseDate" : "2019-08-07T17:31+0000",
          "date" : "2019-08-08T04:30+0000"
        },
        {
          "signDate" : "2019-08-08T20:32+0000",
          "timeZone" : 9,
          "moonPhaseDate" : "2019-08-07T17:31+0000",
          "date" : "2019-08-09T05:34+0000",
          "sign" : "sagittarius",
          "moonPhase" : "phase2",
          "age" : 9
        },
        {
          "age" : 10,
          "timeZone" : 9,
          "signDate" : "2019-08-08T20:32+0000",
          "sign" : "sagittarius",
          "moonPhase" : "phase2",
          "moonPhaseDate" : "2019-08-07T17:31+0000",
          "date" : "2019-08-10T06:35+0000"
        },
        {
          "signDate" : "2019-08-11T04:48+0000",
          "timeZone" : 9,
          "sign" : "capricorn",
          "moonPhase" : "phase2",
          "date" : "2019-08-11T07:33+0000",
          "moonPhaseDate" : "2019-08-07T17:31+0000",
          "age" : 11
        },
        {
          "signDate" : "2019-08-11T04:48+0000",
          "timeZone" : 9,
          "moonPhase" : "phase2",
          "sign" : "capricorn",
          "date" : "2019-08-12T08:26+0000",
          "moonPhaseDate" : "2019-08-07T17:31+0000",
          "age" : 12
        },
        {
          "signDate" : "2019-08-11T04:48+0000",
          "timeZone" : 9,
          "moonPhaseDate" : "2019-08-07T17:31+0000",
          "moonPhase" : "phase2",
          "sign" : "capricorn",
          "age" : 13,
          "date" : "2019-08-13T09:13+0000"
        },
        {
          "signDate" : "2019-08-13T15:36+0000",
          "timeZone" : 9,
          "moonPhaseDate" : "2019-08-07T17:31+0000",
          "sign" : "aquarius",
          "moonPhase" : "phase2",
          "age" : 14,
          "date" : "2019-08-14T09:55+0000"
        },
        {
          "signDate" : "2019-08-13T15:36+0000",
          "timeZone" : 9,
          "age" : 15,
          "sign" : "aquarius",
          "moonPhase" : "fullMoon",
          "moonPhaseDate" : "2019-08-15T12:29+0000",
          "date" : "2019-08-15T10:32+0000"
        },
        {
          "date" : "2019-08-16T11:05+0000",
          "timeZone" : 9,
          "signDate" : "2019-08-16T03:50+0000",
          "sign" : "pisces",
          "moonPhase" : "phase3",
          "moonPhaseDate" : "2019-08-15T12:29+0000",
          "age" : 16
        },
        {
          "date" : "2019-08-17T11:34+0000",
          "signDate" : "2019-08-16T03:50+0000",
          "timeZone" : 9,
          "sign" : "pisces",
          "moonPhase" : "phase3",
          "moonPhaseDate" : "2019-08-15T12:29+0000",
          "age" : 17
        },
        {
          "moonPhase" : "phase3",
          "timeZone" : 9,
          "signDate" : "2019-08-16T03:50+0000",
          "sign" : "pisces",
          "date" : "2019-08-18T12:01+0000",
          "moonPhaseDate" : "2019-08-15T12:29+0000",
          "age" : 18
        },
        {
          "signDate" : "2019-08-18T16:32+0000",
          "timeZone" : 9,
          "age" : 19,
          "sign" : "aries",
          "moonPhase" : "phase3",
          "moonPhaseDate" : "2019-08-15T12:29+0000",
          "date" : "2019-08-19T12:29+0000"
        },
        {
          "signDate" : "2019-08-18T16:32+0000",
          "timeZone" : 9,
          "moonPhaseDate" : "2019-08-15T12:29+0000",
          "sign" : "aries",
          "moonPhase" : "phase3",
          "age" : 20,
          "date" : "2019-08-20T12:55+0000"
        },
        {
          "signDate" : "2019-08-21T04:36+0000",
          "timeZone" : 9,
          "moonPhaseDate" : "2019-08-15T12:29+0000",
          "sign" : "taurus",
          "date" : "2019-08-21T13:23+0000",
          "age" : 21,
          "moonPhase" : "phase3"
        },
        {
          "signDate" : "2019-08-21T04:36+0000",
          "timeZone" : 9,
          "date" : "2019-08-22T13:53+0000",
          "sign" : "taurus",
          "moonPhase" : "phase3",
          "moonPhaseDate" : "2019-08-15T12:29+0000",
          "age" : 22
        },
        {
          "signDate" : "2019-08-23T14:34+0000",
          "timeZone" : 9,
          "moonPhaseDate" : "2019-08-23T14:56+0000",
          "sign" : "gemini",
          "moonPhase" : "phase4",
          "age" : 23,
          "date" : "2019-08-23T14:28+0000"
        },
        {
          "signDate" : "2019-08-23T14:34+0000",
          "timeZone" : 9,
          "date" : "2019-08-24T15:07+0000",
          "sign" : "gemini",
          "moonPhase" : "phase4",
          "moonPhaseDate" : "2019-08-23T14:56+0000",
          "age" : 24
        },
        {
          "signDate" : "2019-08-25T21:05+0000",
          "date" : "2019-08-25T15:54+0000",
          "timeZone" : 9,
          "sign" : "cancer",
          "moonPhase" : "phase4",
          "moonPhaseDate" : "2019-08-23T14:56+0000",
          "age" : 25
        },
        {
          "signDate" : "2019-08-25T21:05+0000",
          "timeZone" : 9,
          "moonPhaseDate" : "2019-08-23T14:56+0000",
          "sign" : "cancer",
          "moonPhase" : "phase4",
          "age" : 26,
          "date" : "2019-08-26T16:49+0000"
        },
        {
          "signDate" : "2019-08-27T23:51+0000",
          "timeZone" : 9,
          "sign" : "leo",
          "moonPhase" : "phase4",
          "date" : "2019-08-27T17:52+0000",
          "moonPhaseDate" : "2019-08-23T14:56+0000",
          "age" : 27
        },
        {
          "signDate" : "2019-08-27T23:51+0000",
          "timeZone" : 9,
          "moonPhaseDate" : "2019-08-23T14:56+0000",
          "moonPhase" : "phase4",
          "sign" : "leo",
          "age" : 28,
          "date" : "2019-08-28T19:02+0000"
        },
        {
          "signDate" : "2019-08-29T23:57+0000",
          "timeZone" : 9,
          "moonPhaseDate" : "2019-08-30T10:37+0000",
          "moonPhase" : "newMoon",
          "sign" : "virgo",
          "age" : 29,
          "date" : "2019-08-29T20:16+0000"
        },
        {
          "date" : "2019-08-30T10:37+0000",
          "signDate" : "2019-08-29T23:57+0000",
          "timeZone" : 9,
          "sign" : "virgo",
          "moonPhase" : "newMoon",
          "moonPhaseDate" : "2019-08-30T10:37+0000",
          "age" : 1
        },
        {
          "signDate" : "2019-08-29T23:57+0000",
          "timeZone" : 9,
          "age" : 2,
          "sign" : "virgo",
          "moonPhase" : "phase1",
          "moonPhaseDate" : "2019-08-30T10:37+0000",
          "date" : "2019-08-30T21:31+0000"
        },
        {
          "signDate" : "2019-08-31T23:12+0000",
          "timeZone" : 9,
          "moonPhaseDate" : null,
          "moonPhase" : "phase1",
          "sign" : "libra",
          "age" : 3,
          "date" : "2019-08-31T22:46+0000"
        },
        {
          "signDate" : "2019-08-31T23:12+0000",
          "timeZone" : 9,
          "moonPhase" : "phase1",
          "sign" : "libra",
          "date" : "2019-09-01T23:58+0000",
          "moonPhaseDate" : null,
          "age" : 4
        },
        {
          "signDate" : "2019-09-02T23:38+0000",
          "timeZone" : 9,
          "date" : "2019-09-03T01:09+0000",
          "sign" : "scorpio",
          "moonPhase" : "phase1",
          "moonPhaseDate" : null,
          "age" : 5
        },
        {
          "signDate" : "2019-09-02T23:38+0000",
          "timeZone" : 9,
          "age" : 6,
          "sign" : "scorpio",
          "moonPhase" : "phase1",
          "moonPhaseDate" : null,
          "date" : "2019-09-04T02:18+0000"
        },
        {
          "signDate" : "2019-09-05T03:06+0000",
          "timeZone" : 9,
          "moonPhaseDate" : null,
          "date" : "2019-09-05T03:24+0000",
          "sign" : "sagittarius",
          "moonPhase" : "phase1",
          "age" : 7
        },
        {
          "moonPhase" : "phase2",
          "timeZone" : 9,
          "signDate" : "2019-09-05T03:06+0000",
          "sign" : "sagittarius",
          "date" : "2019-09-06T04:28+0000",
          "moonPhaseDate" : "2019-09-06T03:10+0000",
          "age" : 8
        },
        {
          "date" : "2019-09-07T05:28+0000",
          "signDate" : "2019-09-07T10:35+0000",
          "timeZone" : 9,
          "sign" : "capricorn",
          "moonPhase" : "phase2",
          "moonPhaseDate" : "2019-09-06T03:10+0000",
          "age" : 9
        },
        {
          "date" : "2019-09-08T06:23+0000",
          "signDate" : "2019-09-07T10:35+0000",
          "timeZone" : 9,
          "sign" : "capricorn",
          "moonPhase" : "phase2",
          "moonPhaseDate" : "2019-09-06T03:10+0000",
          "age" : 10
        },
        {
          "signDate" : "2019-09-07T10:35+0000",
          "timeZone" : 9,
          "moonPhase" : "phase2",
          "sign" : "capricorn",
          "date" : "2019-09-09T07:12+0000",
          "moonPhaseDate" : "2019-09-06T03:10+0000",
          "age" : 11
        },
        {
          "signDate" : "2019-09-09T21:25+0000",
          "timeZone" : 9,
          "date" : "2019-09-10T07:55+0000",
          "sign" : "aquarius",
          "moonPhase" : "phase2",
          "moonPhaseDate" : "2019-09-06T03:10+0000",
          "age" : 12
        },
        {
          "signDate" : "2019-09-09T21:25+0000",
          "timeZone" : 9,
          "moonPhase" : "phase2",
          "sign" : "aquarius",
          "date" : "2019-09-11T08:33+0000",
          "moonPhaseDate" : "2019-09-06T03:10+0000",
          "age" : 13
        },
        {
          "signDate" : "2019-09-12T09:53+0000",
          "timeZone" : 9,
          "moonPhaseDate" : "2019-09-06T03:10+0000",
          "sign" : "pisces",
          "moonPhase" : "phase2",
          "date" : "2019-09-12T09:07+0000",
          "age" : 14
        },
        {
          "signDate" : "2019-09-12T09:53+0000",
          "timeZone" : 9,
          "sign" : "pisces",
          "moonPhase" : "phase2",
          "date" : "2019-09-13T09:37+0000",
          "age" : 15,
          "moonPhaseDate" : "2019-09-06T03:10+0000"
        },
        {
          "signDate" : "2019-09-12T09:53+0000",
          "timeZone" : 9,
          "moonPhaseDate" : "2019-09-14T04:33+0000",
          "sign" : "pisces",
          "moonPhase" : "fullMoon",
          "date" : "2019-09-14T10:05+0000",
          "age" : 16
        },
        {
          "date" : "2019-09-15T10:32+0000",
          "signDate" : "2019-09-14T22:32+0000",
          "timeZone" : 9,
          "sign" : "aries",
          "moonPhase" : "phase3",
          "moonPhaseDate" : "2019-09-14T04:33+0000",
          "age" : 17
        },
        {
          "signDate" : "2019-09-14T22:32+0000",
          "date" : "2019-09-16T10:59+0000",
          "timeZone" : 9,
          "sign" : "aries",
          "moonPhase" : "phase3",
          "moonPhaseDate" : "2019-09-14T04:33+0000",
          "age" : 18
        },
        {
          "signDate" : "2019-09-17T10:30+0000",
          "timeZone" : 9,
          "sign" : "taurus",
          "date" : "2019-09-17T11:26+0000",
          "moonPhase" : "phase3",
          "moonPhaseDate" : "2019-09-14T04:33+0000",
          "age" : 19
        },
        {
          "signDate" : "2019-09-17T10:30+0000",
          "timeZone" : 9,
          "moonPhaseDate" : "2019-09-14T04:33+0000",
          "sign" : "taurus",
          "moonPhase" : "phase3",
          "age" : 20,
          "date" : "2019-09-18T11:55+0000"
        },
        {
          "signDate" : "2019-09-17T10:30+0000",
          "timeZone" : 9,
          "moonPhaseDate" : "2019-09-14T04:33+0000",
          "sign" : "taurus",
          "moonPhase" : "phase3",
          "date" : "2019-09-19T12:27+0000",
          "age" : 21
        },
        {
          "signDate" : "2019-09-19T20:58+0000",
          "timeZone" : 9,
          "moonPhaseDate" : "2019-09-14T04:33+0000",
          "sign" : "gemini",
          "moonPhase" : "phase3",
          "age" : 22,
          "date" : "2019-09-20T13:04+0000"
        },
        {
          "signDate" : "2019-09-19T20:58+0000",
          "timeZone" : 9,
          "moonPhase" : "phase3",
          "sign" : "gemini",
          "date" : "2019-09-21T13:46+0000",
          "moonPhaseDate" : "2019-09-14T04:33+0000",
          "age" : 23
        },
        {
          "moonPhase" : "phase4",
          "timeZone" : 9,
          "signDate" : "2019-09-22T04:52+0000",
          "sign" : "cancer",
          "date" : "2019-09-22T14:36+0000",
          "moonPhaseDate" : "2019-09-22T02:41+0000",
          "age" : 24
        },
        {
          "signDate" : "2019-09-24T09:19+0000",
          "timeZone" : 9,
          "moonPhaseDate" : "2019-09-22T02:41+0000",
          "date" : "2019-09-23T15:34+0000",
          "sign" : "leo",
          "age" : 25,
          "moonPhase" : "phase4"
        },
        {
          "signDate" : "2019-09-24T09:19+0000",
          "timeZone" : 9,
          "age" : 26,
          "sign" : "leo",
          "moonPhase" : "phase4",
          "moonPhaseDate" : "2019-09-22T02:41+0000",
          "date" : "2019-09-24T16:39+0000"
        },
        {
          "signDate" : "2019-09-26T10:35+0000",
          "timeZone" : 9,
          "moonPhase" : "phase4",
          "sign" : "virgo",
          "date" : "2019-09-25T17:50+0000",
          "moonPhaseDate" : "2019-09-22T02:41+0000",
          "age" : 27
        },
        {
          "signDate" : "2019-09-26T10:35+0000",
          "timeZone" : 9,
          "moonPhaseDate" : "2019-09-22T02:41+0000",
          "date" : "2019-09-26T19:04+0000",
          "sign" : "virgo",
          "age" : 28,
          "moonPhase" : "phase4"
        },
        {
          "signDate" : "2019-09-28T10:04+0000",
          "timeZone" : 9,
          "moonPhase" : "phase4",
          "sign" : "libra",
          "date" : "2019-09-27T20:18+0000",
          "moonPhaseDate" : "2019-09-22T02:41+0000",
          "age" : 29
        },
        {
          "signDate" : "2019-09-28T10:04+0000",
          "date" : "2019-09-28T18:26+0000",
          "timeZone" : 9,
          "sign" : "libra",
          "moonPhase" : "newMoon",
          "moonPhaseDate" : "2019-09-28T18:26+0000",
          "age" : 1
        },
        {
          "signDate" : "2019-09-28T10:04+0000",
          "timeZone" : 9,
          "date" : "2019-09-28T21:32+0000",
          "sign" : "libra",
          "moonPhase" : "newMoon",
          "moonPhaseDate" : "2019-09-28T18:26+0000",
          "age" : 2
        },
        {
          "signDate" : "2019-09-30T09:45+0000",
          "timeZone" : 9,
          "moonPhaseDate" : "2019-09-28T18:26+0000",
          "sign" : "scorpio",
          "moonPhase" : "phase1",
          "age" : 3,
          "date" : "2019-09-29T22:45+0000"
        },
        {
          "date" : "2019-09-30T23:57+0000",
          "timeZone" : 9,
          "signDate" : "2019-09-30T09:45+0000",
          "sign" : "scorpio",
          "moonPhase" : "phase1",
          "moonPhaseDate" : null,
          "age" : 4
        },
        {
          "signDate" : "2019-10-02T11:45+0000",
          "timeZone" : 9,
          "age" : 5,
          "sign" : "sagittarius",
          "moonPhase" : "phase1",
          "moonPhaseDate" : null,
          "date" : "2019-10-02T01:08+0000"
        },
        {
          "signDate" : "2019-10-02T11:45+0000",
          "timeZone" : 9,
          "moonPhaseDate" : null,
          "sign" : "sagittarius",
          "moonPhase" : "phase1",
          "age" : 6,
          "date" : "2019-10-03T02:15+0000"
        },
        {
          "signDate" : "2019-10-02T11:45+0000",
          "timeZone" : 9,
          "moonPhase" : "phase1",
          "sign" : "sagittarius",
          "date" : "2019-10-04T03:19+0000",
          "moonPhaseDate" : null,
          "age" : 7
        },
        {
          "moonPhase" : "phase1",
          "timeZone" : 9,
          "signDate" : "2019-10-04T17:41+0000",
          "sign" : "capricorn",
          "date" : "2019-10-05T04:17+0000",
          "moonPhaseDate" : null,
          "age" : 8
        },
        {
          "moonPhase" : "phase2",
          "timeZone" : 9,
          "signDate" : "2019-10-04T17:41+0000",
          "sign" : "capricorn",
          "date" : "2019-10-06T05:09+0000",
          "moonPhaseDate" : "2019-10-05T16:47+0000",
          "age" : 9
        },
        {
          "signDate" : "2019-10-07T03:43+0000",
          "timeZone" : 9,
          "date" : "2019-10-07T05:55+0000",
          "sign" : "aquarius",
          "moonPhase" : "phase2",
          "moonPhaseDate" : "2019-10-05T16:47+0000",
          "age" : 10
        },
        {
          "signDate" : "2019-10-07T03:43+0000",
          "date" : "2019-10-08T06:35+0000",
          "timeZone" : 9,
          "sign" : "aquarius",
          "moonPhase" : "phase2",
          "moonPhaseDate" : "2019-10-05T16:47+0000",
          "age" : 11
        },
        {
          "signDate" : "2019-10-07T03:43+0000",
          "timeZone" : 9,
          "moonPhaseDate" : "2019-10-05T16:47+0000",
          "moonPhase" : "phase2",
          "sign" : "aquarius",
          "age" : 12,
          "date" : "2019-10-09T07:10+0000"
        },
        {
          "signDate" : "2019-10-09T16:08+0000",
          "date" : "2019-10-10T07:41+0000",
          "timeZone" : 9,
          "sign" : "pisces",
          "moonPhase" : "phase2",
          "moonPhaseDate" : "2019-10-05T16:47+0000",
          "age" : 13
        },
        {
          "signDate" : "2019-10-09T16:08+0000",
          "timeZone" : 9,
          "moonPhase" : "phase2",
          "sign" : "pisces",
          "date" : "2019-10-11T08:09+0000",
          "moonPhaseDate" : "2019-10-05T16:47+0000",
          "age" : 14
        },
        {
          "date" : "2019-10-12T08:36+0000",
          "timeZone" : 9,
          "signDate" : "2019-10-12T04:46+0000",
          "sign" : "aries",
          "moonPhase" : "phase2",
          "moonPhaseDate" : "2019-10-05T16:47+0000",
          "age" : 15
        },
        {
          "signDate" : "2019-10-12T04:46+0000",
          "timeZone" : 9,
          "sign" : "aries",
          "moonPhase" : "phase2",
          "date" : "2019-10-13T09:02+0000",
          "moonPhaseDate" : "2019-10-05T16:47+0000",
          "age" : 16
        },
        {
          "date" : "2019-10-14T09:29+0000",
          "timeZone" : 9,
          "signDate" : "2019-10-12T04:46+0000",
          "sign" : "aries",
          "moonPhase" : "fullMoon",
          "moonPhaseDate" : "2019-10-13T21:08+0000",
          "age" : 17
        },
        {
          "signDate" : "2019-10-14T16:23+0000",
          "timeZone" : 9,
          "age" : 18,
          "sign" : "taurus",
          "moonPhase" : "phase3",
          "moonPhaseDate" : "2019-10-13T21:08+0000",
          "date" : "2019-10-15T09:58+0000"
        },
        {
          "date" : "2019-10-16T10:29+0000",
          "signDate" : "2019-10-14T16:23+0000",
          "timeZone" : 9,
          "sign" : "taurus",
          "moonPhase" : "phase3",
          "moonPhaseDate" : "2019-10-13T21:08+0000",
          "age" : 19
        },
        {
          "signDate" : "2019-10-17T02:29+0000",
          "timeZone" : 9,
          "moonPhase" : "phase3",
          "sign" : "gemini",
          "date" : "2019-10-17T11:04+0000",
          "moonPhaseDate" : "2019-10-13T21:08+0000",
          "age" : 20
        },
        {
          "signDate" : "2019-10-17T02:29+0000",
          "timeZone" : 9,
          "moonPhase" : "phase3",
          "sign" : "gemini",
          "date" : "2019-10-18T11:44+0000",
          "moonPhaseDate" : "2019-10-13T21:08+0000",
          "age" : 21
        },
        {
          "moonPhase" : "phase3",
          "timeZone" : 9,
          "signDate" : "2019-10-19T10:42+0000",
          "sign" : "cancer",
          "date" : "2019-10-19T12:31+0000",
          "moonPhaseDate" : "2019-10-13T21:08+0000",
          "age" : 22
        },
        {
          "signDate" : "2019-10-19T10:42+0000",
          "timeZone" : 9,
          "date" : "2019-10-20T13:25+0000",
          "sign" : "cancer",
          "moonPhase" : "phase3",
          "moonPhaseDate" : "2019-10-13T21:08+0000",
          "age" : 23
        },
        {
          "moonPhase" : "phase4",
          "timeZone" : 9,
          "signDate" : "2019-10-19T10:42+0000",
          "sign" : "cancer",
          "date" : "2019-10-21T14:26+0000",
          "moonPhaseDate" : "2019-10-21T12:39+0000",
          "age" : 24
        },
        {
          "signDate" : "2019-10-19T10:42+0000",
          "timeZone" : 9,
          "moonPhaseDate" : "2019-10-21T12:39+0000",
          "moonPhase" : "phase4",
          "sign" : "leo",
          "age" : 25,
          "date" : "2019-10-22T15:33+0000"
        },
        {
          "signDate" : "2019-10-23T19:30+0000",
          "timeZone" : 9,
          "date" : "2019-10-23T16:43+0000",
          "sign" : "virgo",
          "moonPhase" : "phase4",
          "moonPhaseDate" : "2019-10-21T12:39+0000",
          "age" : 26
        },
        {
          "signDate" : "2019-10-23T19:30+0000",
          "timeZone" : 9,
          "moonPhase" : "phase4",
          "sign" : "virgo",
          "date" : "2019-10-24T17:54+0000",
          "moonPhaseDate" : "2019-10-21T12:39+0000",
          "age" : 27
        },
        {
          "date" : "2019-10-25T19:07+0000",
          "timeZone" : 9,
          "signDate" : "2019-10-25T20:20+0000",
          "sign" : "libra",
          "moonPhase" : "phase4",
          "moonPhaseDate" : "2019-10-21T12:39+0000",
          "age" : 28
        },
        {
          "signDate" : "2019-10-25T20:20+0000",
          "timeZone" : 9,
          "date" : "2019-10-26T20:19+0000",
          "sign" : "libra",
          "moonPhase" : "phase4",
          "moonPhaseDate" : "2019-10-21T12:39+0000",
          "age" : 29
        },
        {
          "signDate" : "2019-10-27T20:31+0000",
          "date" : "2019-10-27T21:32+0000",
          "timeZone" : 9,
          "sign" : "scorpio",
          "moonPhase" : "newMoon",
          "moonPhaseDate" : "2019-10-28T03:38+0000",
          "age" : 30
        },
        {
          "signDate" : "2019-10-27T20:31+0000",
          "timeZone" : 9,
          "moonPhaseDate" : "2019-10-28T03:38+0000",
          "sign" : "scorpio",
          "date" : "2019-10-28T03:38+0000",
          "age" : 1,
          "moonPhase" : "newMoon"
        },
        {
          "signDate" : "2019-10-27T20:31+0000",
          "date" : "2019-10-28T22:44+0000",
          "timeZone" : 9,
          "sign" : "scorpio",
          "moonPhase" : "phase1",
          "moonPhaseDate" : "2019-10-28T03:38+0000",
          "age" : 2
        },
        {
          "moonPhase" : "phase1",
          "timeZone" : 9,
          "signDate" : "2019-10-29T22:00+0000",
          "sign" : "sagittarius",
          "date" : "2019-10-29T23:54+0000",
          "moonPhaseDate" : "2019-10-28T03:38+0000",
          "age" : 3
        },
        {
          "age" : 4,
          "timeZone" : 9,
          "signDate" : "2019-10-29T22:00+0000",
          "sign" : "sagittarius",
          "moonPhase" : "phase1",
          "moonPhaseDate" : "2019-10-28T03:38+0000",
          "date" : "2019-10-31T01:02+0000"
        },
        {
          "signDate" : "2019-11-01T02:38+0000",
          "timeZone" : 9,
          "moonPhase" : "phase1",
          "sign" : "capricorn",
          "date" : "2019-11-01T02:05+0000",
          "moonPhaseDate" : null,
          "age" : 5
        },
        {
          "date" : "2019-11-02T03:01+0000",
          "timeZone" : 9,
          "signDate" : "2019-11-01T02:38+0000",
          "sign" : "capricorn",
          "moonPhase" : "phase1",
          "moonPhaseDate" : null,
          "age" : 6
        },
        {
          "signDate" : "2019-11-03T11:21+0000",
          "timeZone" : 9,
          "moonPhase" : "phase1",
          "sign" : "aquarius",
          "date" : "2019-11-03T03:51+0000",
          "moonPhaseDate" : null,
          "age" : 7
        },
        {
          "signDate" : "2019-11-03T11:21+0000",
          "timeZone" : 9,
          "moonPhaseDate" : "2019-11-04T10:23+0000",
          "sign" : "aquarius",
          "moonPhase" : "phase2",
          "age" : 8,
          "date" : "2019-11-04T04:34+0000"
        },
        {
          "signDate" : "2019-11-03T11:21+0000",
          "timeZone" : 9,
          "moonPhaseDate" : "2019-11-04T10:23+0000",
          "sign" : "aquarius",
          "moonPhase" : "phase2",
          "age" : 9,
          "date" : "2019-11-05T05:11+0000"
        },
        {
          "signDate" : "2019-11-05T23:11+0000",
          "timeZone" : 9,
          "date" : "2019-11-06T05:43+0000",
          "sign" : "pisces",
          "moonPhase" : "phase2",
          "moonPhaseDate" : "2019-11-04T10:23+0000",
          "age" : 10
        },
        {
          "signDate" : "2019-11-05T23:11+0000",
          "timeZone" : 9,
          "age" : 11,
          "sign" : "pisces",
          "moonPhase" : "phase2",
          "moonPhaseDate" : "2019-11-04T10:23+0000",
          "date" : "2019-11-07T06:12+0000"
        },
        {
          "date" : "2019-11-08T06:39+0000",
          "timeZone" : 9,
          "signDate" : "2019-11-08T11:50+0000",
          "sign" : "aries",
          "moonPhase" : "phase2",
          "moonPhaseDate" : "2019-11-04T10:23+0000",
          "age" : 12
        },
        {
          "age" : 13,
          "timeZone" : 9,
          "signDate" : "2019-11-08T11:50+0000",
          "sign" : "aries",
          "moonPhase" : "phase2",
          "moonPhaseDate" : "2019-11-04T10:23+0000",
          "date" : "2019-11-09T07:05+0000"
        },
        {
          "signDate" : "2019-11-08T11:50+0000",
          "timeZone" : 9,
          "sign" : "aries",
          "moonPhase" : "phase2",
          "date" : "2019-11-10T07:32+0000",
          "age" : 14,
          "moonPhaseDate" : "2019-11-04T10:23+0000"
        },
        {
          "date" : "2019-11-11T08:00+0000",
          "timeZone" : 9,
          "signDate" : "2019-11-10T23:19+0000",
          "sign" : "taurus",
          "moonPhase" : "phase2",
          "moonPhaseDate" : "2019-11-04T10:23+0000",
          "age" : 15
        },
        {
          "date" : "2019-11-12T08:30+0000",
          "signDate" : "2019-11-10T23:19+0000",
          "timeZone" : 9,
          "sign" : "taurus",
          "moonPhase" : "fullMoon",
          "moonPhaseDate" : "2019-11-12T13:35+0000",
          "age" : 16
        },
        {
          "signDate" : "2019-11-13T08:45+0000",
          "timeZone" : 9,
          "moonPhaseDate" : "2019-11-12T13:35+0000",
          "moonPhase" : "phase3",
          "sign" : "gemini",
          "age" : 17,
          "date" : "2019-11-13T09:04+0000"
        },
        {
          "date" : "2019-11-14T09:42+0000",
          "signDate" : "2019-11-13T08:45+0000",
          "timeZone" : 9,
          "sign" : "gemini",
          "moonPhase" : "phase3",
          "moonPhaseDate" : "2019-11-12T13:35+0000",
          "age" : 18
        },
        {
          "signDate" : "2019-11-13T08:45+0000",
          "timeZone" : 9,
          "date" : "2019-11-15T10:28+0000",
          "sign" : "gemini",
          "moonPhase" : "phase3",
          "moonPhaseDate" : "2019-11-12T13:35+0000",
          "age" : 19
        },
        {
          "moonPhase" : "phase3",
          "timeZone" : 9,
          "signDate" : "2019-11-15T16:12+0000",
          "sign" : "cancer",
          "date" : "2019-11-16T11:20+0000",
          "moonPhaseDate" : "2019-11-12T13:35+0000",
          "age" : 20
        },
        {
          "signDate" : "2019-11-15T16:12+0000",
          "timeZone" : 9,
          "age" : 21,
          "sign" : "cancer",
          "moonPhase" : "phase3",
          "moonPhaseDate" : "2019-11-12T13:35+0000",
          "date" : "2019-11-17T12:19+0000"
        },
        {
          "signDate" : "2019-11-17T21:54+0000",
          "timeZone" : 9,
          "age" : 22,
          "sign" : "leo",
          "moonPhase" : "phase3",
          "moonPhaseDate" : "2019-11-12T13:35+0000",
          "date" : "2019-11-18T13:24+0000"
        },
        {
          "signDate" : "2019-11-17T21:54+0000",
          "timeZone" : 9,
          "moonPhaseDate" : "2019-11-12T13:35+0000",
          "sign" : "leo",
          "date" : "2019-11-19T14:32+0000",
          "age" : 23,
          "moonPhase" : "phase3"
        },
        {
          "signDate" : "2019-11-17T21:54+0000",
          "timeZone" : 9,
          "moonPhaseDate" : "2019-11-19T21:11+0000",
          "sign" : "virgo",
          "moonPhase" : "phase4",
          "age" : 24,
          "date" : "2019-11-20T15:41+0000"
        },
        {
          "age" : 25,
          "timeZone" : 9,
          "signDate" : "2019-11-22T04:22+0000",
          "sign" : "libra",
          "moonPhase" : "phase4",
          "moonPhaseDate" : "2019-11-19T21:11+0000",
          "date" : "2019-11-21T16:50+0000"
        },
        {
          "date" : "2019-11-22T18:00+0000",
          "signDate" : "2019-11-22T04:22+0000",
          "timeZone" : 9,
          "sign" : "libra",
          "moonPhase" : "phase4",
          "moonPhaseDate" : "2019-11-19T21:11+0000",
          "age" : 26
        },
        {
          "signDate" : "2019-11-24T06:01+0000",
          "timeZone" : 9,
          "moonPhaseDate" : "2019-11-19T21:11+0000",
          "sign" : "scorpio",
          "moonPhase" : "phase4",
          "date" : "2019-11-23T19:10+0000",
          "age" : 27
        },
        {
          "signDate" : "2019-11-24T06:01+0000",
          "timeZone" : 9,
          "sign" : "scorpio",
          "moonPhase" : "phase4",
          "date" : "2019-11-24T20:21+0000",
          "moonPhaseDate" : "2019-11-19T21:11+0000",
          "age" : 28
        },
        {
          "signDate" : "2019-11-26T08:12+0000",
          "timeZone" : 9,
          "date" : "2019-11-25T21:31+0000",
          "sign" : "sagittarius",
          "moonPhase" : "phase4",
          "moonPhaseDate" : "2019-11-19T21:11+0000",
          "age" : 29
        },
        {
          "signDate" : "2019-11-26T08:12+0000",
          "timeZone" : 9,
          "moonPhase" : "newMoon",
          "sign" : "sagittarius",
          "date" : "2019-11-26T15:06+0000",
          "moonPhaseDate" : "2019-11-26T15:06+0000",
          "age" : 1
        },
        {
          "signDate" : "2019-11-26T08:12+0000",
          "timeZone" : 9,
          "sign" : "sagittarius",
          "moonPhase" : "newMoon",
          "date" : "2019-11-26T22:40+0000",
          "moonPhaseDate" : "2019-11-26T15:06+0000",
          "age" : 2
        },
        {
          "signDate" : "2019-11-28T12:32+0000",
          "timeZone" : 9,
          "moonPhase" : "phase1",
          "sign" : "capricorn",
          "date" : "2019-11-27T23:47+0000",
          "moonPhaseDate" : "2019-11-26T15:06+0000",
          "age" : 3
        },
        {
          "signDate" : "2019-11-28T12:32+0000",
          "timeZone" : 9,
          "age" : 4,
          "sign" : "capricorn",
          "moonPhase" : "phase1",
          "moonPhaseDate" : "2019-11-26T15:06+0000",
          "date" : "2019-11-29T00:48+0000"
        },
        {
          "signDate" : "2019-11-28T12:32+0000",
          "timeZone" : 9,
          "moonPhaseDate" : "2019-11-26T15:06+0000",
          "date" : "2019-11-30T01:42+0000",
          "sign" : "capricorn",
          "age" : 5,
          "moonPhase" : "phase1"
        },
        {
          "signDate" : "2019-11-30T20:15+0000",
          "timeZone" : 9,
          "moonPhaseDate" : null,
          "moonPhase" : "phase1",
          "sign" : "aquarius",
          "age" : 6,
          "date" : "2019-12-01T02:29+0000"
        },
        {
          "signDate" : "2019-11-30T20:15+0000",
          "timeZone" : 9,
          "moonPhase" : "phase1",
          "sign" : "aquarius",
          "date" : "2019-12-02T03:09+0000",
          "moonPhaseDate" : null,
          "age" : 7
        },
        {
          "signDate" : "2019-12-03T07:14+0000",
          "timeZone" : 9,
          "moonPhase" : "phase1",
          "sign" : "pisces",
          "date" : "2019-12-03T03:43+0000",
          "moonPhaseDate" : null,
          "age" : 8
        },
        {
          "signDate" : "2019-12-03T07:14+0000",
          "timeZone" : 9,
          "age" : 9,
          "sign" : "pisces",
          "moonPhase" : "phase2",
          "moonPhaseDate" : "2019-12-04T06:58+0000",
          "date" : "2019-12-04T04:14+0000"
        },
        {
          "moonPhase" : "phase2",
          "timeZone" : 9,
          "signDate" : "2019-12-03T07:14+0000",
          "sign" : "pisces",
          "date" : "2019-12-05T04:41+0000",
          "moonPhaseDate" : "2019-12-04T06:58+0000",
          "age" : 10
        },
        {
          "signDate" : "2019-12-05T19:46+0000",
          "timeZone" : 9,
          "sign" : "aries",
          "moonPhase" : "phase2",
          "date" : "2019-12-06T05:08+0000",
          "moonPhaseDate" : "2019-12-04T06:58+0000",
          "age" : 11
        },
        {
          "signDate" : "2019-12-05T19:46+0000",
          "timeZone" : 9,
          "moonPhase" : "phase2",
          "sign" : "aries",
          "date" : "2019-12-07T05:34+0000",
          "moonPhaseDate" : "2019-12-04T06:58+0000",
          "age" : 12
        },
        {
          "signDate" : "2019-12-08T07:31+0000",
          "timeZone" : 9,
          "age" : 13,
          "sign" : "taurus",
          "moonPhase" : "phase2",
          "moonPhaseDate" : "2019-12-04T06:58+0000",
          "date" : "2019-12-08T06:01+0000"
        },
        {
          "age" : 14,
          "timeZone" : 9,
          "signDate" : "2019-12-08T07:31+0000",
          "sign" : "taurus",
          "moonPhase" : "phase2",
          "moonPhaseDate" : "2019-12-04T06:58+0000",
          "date" : "2019-12-09T06:29+0000"
        },
        {
          "date" : "2019-12-10T07:01+0000",
          "signDate" : "2019-12-08T07:31+0000",
          "timeZone" : 9,
          "sign" : "taurus",
          "moonPhase" : "phase2",
          "moonPhaseDate" : "2019-12-04T06:58+0000",
          "age" : 15
        },
        {
          "signDate" : "2019-12-10T16:49+0000",
          "timeZone" : 9,
          "age" : 16,
          "sign" : "gemini",
          "moonPhase" : "phase2",
          "moonPhaseDate" : "2019-12-04T06:58+0000",
          "date" : "2019-12-11T07:38+0000"
        },
        {
          "signDate" : "2019-12-10T16:49+0000",
          "timeZone" : 9,
          "moonPhase" : "fullMoon",
          "sign" : "gemini",
          "date" : "2019-12-12T08:22+0000",
          "moonPhaseDate" : "2019-12-12T05:12+0000",
          "age" : 17
        },
        {
          "signDate" : "2019-12-12T23:24+0000",
          "timeZone" : 9,
          "sign" : "cancer",
          "moonPhase" : "phase3",
          "date" : "2019-12-13T09:12+0000",
          "moonPhaseDate" : "2019-12-12T05:12+0000",
          "age" : 18
        },
        {
          "signDate" : "2019-12-12T23:24+0000",
          "date" : "2019-12-14T10:11+0000",
          "timeZone" : 9,
          "sign" : "cancer",
          "moonPhase" : "phase3",
          "moonPhaseDate" : "2019-12-12T05:12+0000",
          "age" : 19
        },
        {
          "signDate" : "2019-12-15T03:53+0000",
          "timeZone" : 9,
          "sign" : "leo",
          "moonPhase" : "phase3",
          "date" : "2019-12-15T11:15+0000",
          "moonPhaseDate" : "2019-12-12T05:12+0000",
          "age" : 20
        },
        {
          "signDate" : "2019-12-15T03:53+0000",
          "timeZone" : 9,
          "date" : "2019-12-16T12:23+0000",
          "sign" : "leo",
          "moonPhase" : "phase3",
          "moonPhaseDate" : "2019-12-12T05:12+0000",
          "age" : 21
        },
        {
          "signDate" : "2019-12-17T07:13+0000",
          "timeZone" : 9,
          "age" : 22,
          "sign" : "virgo",
          "moonPhase" : "phase3",
          "moonPhaseDate" : "2019-12-12T05:12+0000",
          "date" : "2019-12-17T13:33+0000"
        },
        {
          "signDate" : "2019-12-17T07:13+0000",
          "timeZone" : 9,
          "age" : 23,
          "sign" : "virgo",
          "moonPhase" : "phase3",
          "moonPhaseDate" : "2019-12-12T05:12+0000",
          "date" : "2019-12-18T14:42+0000"
        },
        {
          "signDate" : "2019-12-17T07:13+0000",
          "timeZone" : 9,
          "sign" : "libra",
          "moonPhase" : "phase4",
          "date" : "2019-12-19T15:50+0000",
          "moonPhaseDate" : "2019-12-19T04:57+0000",
          "age" : 24
        },
        {
          "signDate" : "2019-12-21T13:01+0000",
          "timeZone" : 9,
          "age" : 25,
          "sign" : "scorpio",
          "moonPhase" : "phase4",
          "moonPhaseDate" : "2019-12-19T04:57+0000",
          "date" : "2019-12-20T16:59+0000"
        },
        {
          "signDate" : "2019-12-21T13:01+0000",
          "timeZone" : 9,
          "sign" : "scorpio",
          "date" : "2019-12-21T18:07+0000",
          "moonPhase" : "phase4",
          "moonPhaseDate" : "2019-12-19T04:57+0000",
          "age" : 26
        },
        {
          "signDate" : "2019-12-21T13:01+0000",
          "timeZone" : 9,
          "age" : 27,
          "sign" : "scorpio",
          "moonPhase" : "phase4",
          "moonPhaseDate" : "2019-12-19T04:57+0000",
          "date" : "2019-12-22T19:15+0000"
        },
        {
          "signDate" : "2019-12-23T16:37+0000",
          "date" : "2019-12-23T20:23+0000",
          "timeZone" : 9,
          "sign" : "sagittarius",
          "moonPhase" : "phase4",
          "moonPhaseDate" : "2019-12-19T04:57+0000",
          "age" : 28
        },
        {
          "date" : "2019-12-24T21:30+0000",
          "signDate" : "2019-12-23T16:37+0000",
          "timeZone" : 9,
          "sign" : "sagittarius",
          "moonPhase" : "phase4",
          "moonPhaseDate" : "2019-12-19T04:57+0000",
          "age" : 29
        },
        {
          "signDate" : "2019-12-25T21:46+0000",
          "timeZone" : 9,
          "moonPhase" : "newMoon",
          "sign" : "capricorn",
          "date" : "2019-12-25T22:33+0000",
          "moonPhaseDate" : "2019-12-26T05:13+0000",
          "age" : 30
        },
        {
          "signDate" : "2019-12-25T21:46+0000",
          "timeZone" : 9,
          "sign" : "capricorn",
          "moonPhase" : "newMoon",
          "date" : "2019-12-26T05:13+0000",
          "moonPhaseDate" : "2019-12-26T05:13+0000",
          "age" : 1
        },
        {
          "signDate" : "2019-12-25T21:46+0000",
          "timeZone" : 9,
          "date" : "2019-12-26T23:30+0000",
          "sign" : "capricorn",
          "moonPhase" : "phase1",
          "moonPhaseDate" : "2019-12-26T05:13+0000",
          "age" : 2
        },
        {
          "signDate" : "2019-12-28T05:21+0000",
          "timeZone" : 9,
          "moonPhase" : "phase1",
          "sign" : "aquarius",
          "date" : "2019-12-28T00:20+0000",
          "moonPhaseDate" : "2019-12-26T05:13+0000",
          "age" : 3
        },
        {
          "signDate" : "2019-12-28T05:21+0000",
          "timeZone" : 9,
          "moonPhase" : "phase1",
          "sign" : "aquarius",
          "date" : "2019-12-29T01:04+0000",
          "moonPhaseDate" : "2019-12-26T05:13+0000",
          "age" : 4
        },
        {
          "age" : 5,
          "timeZone" : 9,
          "signDate" : "2019-12-28T05:21+0000",
          "sign" : "aquarius",
          "moonPhase" : "phase1",
          "moonPhaseDate" : "2019-12-26T05:13+0000",
          "date" : "2019-12-30T01:41+0000"
        },
        {
          "signDate" : "2019-12-30T15:43+0000",
          "timeZone" : 9,
          "age" : 6,
          "sign" : "pisces",
          "moonPhase" : "phase1",
          "moonPhaseDate" : "2019-12-26T05:13+0000",
          "date" : "2019-12-31T02:14+0000"
        },
        {
          "signDate" : "2019-12-30T15:43+0000",
          "timeZone" : 9,
          "moonPhase" : "phase1",
          "sign" : "pisces",
          "date" : "2020-01-01T02:43+0000",
          "moonPhaseDate" : null,
          "age" : 7
        },
        {
          "signDate" : "2020-01-02T04:01+0000",
          "date" : "2020-01-02T03:09+0000",
          "timeZone" : 9,
          "sign" : "aries",
          "moonPhase" : "phase1",
          "moonPhaseDate" : null,
          "age" : 8
        },
        {
          "signDate" : "2020-01-02T04:01+0000",
          "timeZone" : 9,
          "moonPhase" : "phase2",
          "sign" : "aries",
          "date" : "2020-01-03T03:35+0000",
          "moonPhaseDate" : "2020-01-03T04:45+0000",
          "age" : 9
        },
        {
          "signDate" : "2020-01-02T04:01+0000",
          "timeZone" : 9,
          "moonPhaseDate" : "2020-01-03T04:45+0000",
          "sign" : "aries",
          "moonPhase" : "phase2",
          "age" : 10,
          "date" : "2020-01-04T04:01+0000"
        },
        {
          "signDate" : "2020-01-04T16:15+0000",
          "timeZone" : 9,
          "date" : "2020-01-05T04:28+0000",
          "sign" : "taurus",
          "moonPhase" : "phase2",
          "moonPhaseDate" : "2020-01-03T04:45+0000",
          "age" : 11
        },
        {
          "signDate" : "2020-01-04T16:15+0000",
          "timeZone" : 9,
          "sign" : "taurus",
          "date" : "2020-01-06T04:58+0000",
          "moonPhase" : "phase2",
          "moonPhaseDate" : "2020-01-03T04:45+0000",
          "age" : 12
        },
        {
          "signDate" : "2020-01-07T02:13+0000",
          "timeZone" : 9,
          "sign" : "gemini",
          "date" : "2020-01-07T05:33+0000",
          "moonPhase" : "phase2",
          "moonPhaseDate" : "2020-01-03T04:45+0000",
          "age" : 13
        },
        {
          "moonPhase" : "phase2",
          "timeZone" : 9,
          "signDate" : "2020-01-07T02:13+0000",
          "sign" : "gemini",
          "date" : "2020-01-08T06:13+0000",
          "moonPhaseDate" : "2020-01-03T04:45+0000",
          "age" : 14
        },
        {
          "signDate" : "2020-01-09T08:45+0000",
          "timeZone" : 9,
          "moonPhaseDate" : "2020-01-03T04:45+0000",
          "sign" : "cancer",
          "moonPhase" : "phase2",
          "age" : 15,
          "date" : "2020-01-09T07:00+0000"
        },
        {
          "date" : "2020-01-10T07:56+0000",
          "timeZone" : 9,
          "signDate" : "2020-01-09T08:45+0000",
          "sign" : "cancer",
          "moonPhase" : "phase2",
          "moonPhaseDate" : "2020-01-03T04:45+0000",
          "age" : 16
        },
        {
          "moonPhase" : "fullMoon",
          "timeZone" : 9,
          "signDate" : "2020-01-11T12:16+0000",
          "sign" : "leo",
          "date" : "2020-01-11T08:59+0000",
          "moonPhaseDate" : "2020-01-10T19:21+0000",
          "age" : 17
        },
        {
          "signDate" : "2020-01-11T12:16+0000",
          "timeZone" : 9,
          "date" : "2020-01-12T10:08+0000",
          "sign" : "leo",
          "moonPhase" : "phase3",
          "moonPhaseDate" : "2020-01-10T19:21+0000",
          "age" : 18
        },
        {
          "signDate" : "2020-01-13T14:05+0000",
          "timeZone" : 9,
          "age" : 19,
          "sign" : "virgo",
          "moonPhase" : "phase3",
          "moonPhaseDate" : "2020-01-10T19:21+0000",
          "date" : "2020-01-13T11:20+0000"
        },
        {
          "signDate" : "2020-01-13T14:05+0000",
          "timeZone" : 9,
          "moonPhaseDate" : "2020-01-10T19:21+0000",
          "date" : "2020-01-14T12:31+0000",
          "sign" : "virgo",
          "moonPhase" : "phase3",
          "age" : 20
        },
        {
          "signDate" : "2020-01-13T14:05+0000",
          "timeZone" : 9,
          "sign" : "virgo",
          "date" : "2020-01-15T13:42+0000",
          "moonPhase" : "phase3",
          "moonPhaseDate" : "2020-01-10T19:21+0000",
          "age" : 21
        },
        {
          "signDate" : "2020-01-15T15:42+0000",
          "timeZone" : 9,
          "sign" : "libra",
          "moonPhase" : "phase3",
          "date" : "2020-01-16T14:51+0000",
          "moonPhaseDate" : "2020-01-10T19:21+0000",
          "age" : 22
        },
        {
          "signDate" : "2020-01-17T18:21+0000",
          "timeZone" : 9,
          "moonPhaseDate" : "2020-01-17T12:58+0000",
          "date" : "2020-01-17T15:59+0000",
          "sign" : "scorpio",
          "moonPhase" : "phase4",
          "age" : 23
        },
        {
          "signDate" : "2020-01-17T18:21+0000",
          "timeZone" : 9,
          "moonPhase" : "phase4",
          "sign" : "scorpio",
          "date" : "2020-01-18T17:07+0000",
          "moonPhaseDate" : "2020-01-17T12:58+0000",
          "age" : 24
        },
        {
          "signDate" : "2020-01-19T22:43+0000",
          "timeZone" : 9,
          "date" : "2020-01-19T18:14+0000",
          "sign" : "sagittarius",
          "moonPhase" : "phase4",
          "moonPhaseDate" : "2020-01-17T12:58+0000",
          "age" : 25
        },
        {
          "date" : "2020-01-20T19:19+0000",
          "signDate" : "2020-01-19T22:43+0000",
          "timeZone" : 9,
          "sign" : "sagittarius",
          "moonPhase" : "phase4",
          "moonPhaseDate" : "2020-01-17T12:58+0000",
          "age" : 26
        },
        {
          "date" : "2020-01-21T20:22+0000",
          "signDate" : "2020-01-22T05:02+0000",
          "timeZone" : 9,
          "sign" : "capricorn",
          "moonPhase" : "phase4",
          "moonPhaseDate" : "2020-01-17T12:58+0000",
          "age" : 27
        },
        {
          "date" : "2020-01-22T21:21+0000",
          "timeZone" : 9,
          "signDate" : "2020-01-22T05:02+0000",
          "sign" : "capricorn",
          "moonPhase" : "phase4",
          "moonPhaseDate" : "2020-01-17T12:58+0000",
          "age" : 28
        },
        {
          "signDate" : "2020-01-24T13:22+0000",
          "timeZone" : 9,
          "sign" : "aquarius",
          "moonPhase" : "phase4",
          "date" : "2020-01-23T22:13+0000",
          "moonPhaseDate" : "2020-01-17T12:58+0000",
          "age" : 29
        },
        {
          "signDate" : "2020-01-24T13:22+0000",
          "timeZone" : 9,
          "moonPhase" : "newMoon",
          "sign" : "aquarius",
          "date" : "2020-01-24T21:42+0000",
          "moonPhaseDate" : "2020-01-24T21:42+0000",
          "age" : 1
        },
        {
          "signDate" : "2020-01-24T13:22+0000",
          "timeZone" : 9,
          "sign" : "aquarius",
          "moonPhase" : "newMoon",
          "date" : "2020-01-24T22:59+0000",
          "age" : 2,
          "moonPhaseDate" : "2020-01-24T21:42+0000"
        },
        {
          "signDate" : "2020-01-24T13:22+0000",
          "timeZone" : 9,
          "moonPhaseDate" : "2020-01-24T21:42+0000",
          "date" : "2020-01-25T23:39+0000",
          "sign" : "aquarius",
          "age" : 3,
          "moonPhase" : "phase1"
        },
        {
          "signDate" : "2020-01-26T23:45+0000",
          "timeZone" : 9,
          "moonPhaseDate" : "2020-01-24T21:42+0000",
          "sign" : "pisces",
          "moonPhase" : "phase1",
          "age" : 4,
          "date" : "2020-01-27T00:13+0000"
        },
        {
          "signDate" : "2020-01-26T23:45+0000",
          "timeZone" : 9,
          "date" : "2020-01-28T00:43+0000",
          "sign" : "pisces",
          "moonPhase" : "phase1",
          "moonPhaseDate" : "2020-01-24T21:42+0000",
          "age" : 5
        },
        {
          "signDate" : "2020-01-29T11:51+0000",
          "timeZone" : 9,
          "age" : 6,
          "sign" : "aries",
          "moonPhase" : "phase1",
          "moonPhaseDate" : "2020-01-24T21:42+0000",
          "date" : "2020-01-29T01:11+0000"
        },
        {
          "signDate" : "2020-01-29T11:51+0000",
          "timeZone" : 9,
          "moonPhase" : "phase1",
          "sign" : "aries",
          "date" : "2020-01-30T01:37+0000",
          "moonPhaseDate" : "2020-01-24T21:42+0000",
          "age" : 7
        },
        {
          "signDate" : "2020-01-29T11:51+0000",
          "timeZone" : 9,
          "moonPhaseDate" : "2020-01-24T21:42+0000",
          "moonPhase" : "phase1",
          "sign" : "aries",
          "age" : 8,
          "date" : "2020-01-31T02:02+0000"
        },
        {
          "age" : 8,
          "timeZone" : 9,
          "signDate" : "2020-01-29T11:51+0000",
          "sign" : "aries",
          "moonPhase" : "phase1",
          "moonPhaseDate" : "2020-01-24T21:42+0000",
          "date" : "2020-01-31T02:02+0000"
        }
      ]
    }
  ],
  "countryName" : "Южная Корея"
}