{
  "cities" : [
    {
      "moonDays" : [
        {
          "moonPhaseDate" : null,
          "timeZone" : 2,
          "date" : "2019-05-01T02:45+0000",
          "signDate" : "2019-05-01T10:23+0000",
          "age" : 26,
          "moonPhase" : null,
          "sign" : "aries"
        },
        {
          "moonPhaseDate" : null,
          "timeZone" : 2,
          "date" : "2019-05-02T02:55+0000",
          "signDate" : "2019-05-01T10:23+0000",
          "age" : 27,
          "moonPhase" : null,
          "sign" : "aries"
        },
        {
          "moonPhaseDate" : null,
          "date" : "2019-05-03T03:06+0000",
          "timeZone" : 2,
          "signDate" : "2019-05-03T20:21+0000",
          "age" : 28,
          "sign" : "taurus",
          "moonPhase" : null
        },
        {
          "moonPhaseDate" : null,
          "timeZone" : 2,
          "date" : "2019-05-04T03:18+0000",
          "signDate" : "2019-05-03T20:21+0000",
          "age" : 29,
          "moonPhase" : null,
          "sign" : "taurus"
        },
        {
          "moonPhaseDate" : "2019-05-04T22:45+0000",
          "date" : "2019-05-04T22:45+0000",
          "timeZone" : 2,
          "signDate" : "2019-05-03T20:21+0000",
          "age" : 1,
          "moonPhase" : "newMoon",
          "sign" : "taurus"
        },
        {
          "moonPhaseDate" : "2019-05-04T22:45+0000",
          "timeZone" : 2,
          "date" : "2019-05-05T03:32+0000",
          "signDate" : "2019-05-03T20:21+0000",
          "age" : 2,
          "sign" : "taurus",
          "moonPhase" : "newMoon"
        },
        {
          "moonPhaseDate" : "2019-05-04T22:45+0000",
          "date" : "2019-05-06T03:49+0000",
          "timeZone" : 2,
          "signDate" : "2019-05-06T03:42+0000",
          "age" : 3,
          "sign" : "gemini",
          "moonPhase" : "phase1"
        },
        {
          "moonPhaseDate" : "2019-05-04T22:45+0000",
          "date" : "2019-05-07T04:13+0000",
          "timeZone" : 2,
          "signDate" : "2019-05-06T03:42+0000",
          "age" : 4,
          "sign" : "gemini",
          "moonPhase" : "phase1"
        },
        {
          "timeZone" : 2,
          "date" : "2019-05-08T04:48+0000",
          "moonPhaseDate" : "2019-05-04T22:45+0000",
          "signDate" : "2019-05-08T09:05+0000",
          "age" : 5,
          "moonPhase" : "phase1",
          "sign" : "cancer"
        },
        {
          "moonPhaseDate" : "2019-05-04T22:45+0000",
          "date" : "2019-05-09T05:38+0000",
          "timeZone" : 2,
          "signDate" : "2019-05-08T09:05+0000",
          "age" : 6,
          "moonPhase" : "phase1",
          "sign" : "cancer"
        },
        {
          "moonPhaseDate" : "2019-05-04T22:45+0000",
          "timeZone" : 2,
          "date" : "2019-05-10T06:44+0000",
          "signDate" : "2019-05-10T13:12+0000",
          "age" : 7,
          "sign" : "leo",
          "moonPhase" : "phase1"
        },
        {
          "moonPhaseDate" : "2019-05-04T22:45+0000",
          "date" : "2019-05-11T08:04+0000",
          "timeZone" : 2,
          "signDate" : "2019-05-10T13:12+0000",
          "age" : 8,
          "sign" : "leo",
          "moonPhase" : "phase1"
        },
        {
          "moonPhaseDate" : "2019-05-12T01:12+0000",
          "timeZone" : 2,
          "date" : "2019-05-12T09:33+0000",
          "signDate" : "2019-05-12T16:23+0000",
          "age" : 9,
          "moonPhase" : "phase2",
          "sign" : "virgo"
        },
        {
          "moonPhaseDate" : "2019-05-12T01:12+0000",
          "timeZone" : 2,
          "date" : "2019-05-13T11:03+0000",
          "signDate" : "2019-05-12T16:23+0000",
          "age" : 10,
          "moonPhase" : "phase2",
          "sign" : "virgo"
        },
        {
          "moonPhaseDate" : "2019-05-12T01:12+0000",
          "timeZone" : 2,
          "date" : "2019-05-14T12:34+0000",
          "signDate" : "2019-05-14T18:53+0000",
          "age" : 11,
          "sign" : "libra",
          "moonPhase" : "phase2"
        },
        {
          "moonPhaseDate" : "2019-05-12T01:12+0000",
          "timeZone" : 2,
          "date" : "2019-05-15T14:05+0000",
          "signDate" : "2019-05-14T18:53+0000",
          "age" : 12,
          "sign" : "libra",
          "moonPhase" : "phase2"
        },
        {
          "moonPhaseDate" : "2019-05-12T01:12+0000",
          "timeZone" : 2,
          "date" : "2019-05-16T15:35+0000",
          "signDate" : "2019-05-16T21:25+0000",
          "age" : 13,
          "moonPhase" : "phase2",
          "sign" : "scorpio"
        },
        {
          "moonPhaseDate" : "2019-05-12T01:12+0000",
          "timeZone" : 2,
          "date" : "2019-05-17T17:04+0000",
          "signDate" : "2019-05-16T21:25+0000",
          "age" : 14,
          "sign" : "scorpio",
          "moonPhase" : "phase2"
        },
        {
          "moonPhaseDate" : "2019-05-18T21:11+0000",
          "timeZone" : 2,
          "date" : "2019-05-18T18:32+0000",
          "signDate" : "2019-05-16T21:25+0000",
          "age" : 15,
          "sign" : "scorpio",
          "moonPhase" : "fullMoon"
        },
        {
          "date" : "2019-05-19T19:56+0000",
          "moonPhaseDate" : "2019-05-18T21:11+0000",
          "timeZone" : 2,
          "signDate" : "2019-05-19T01:19+0000",
          "age" : 16,
          "moonPhase" : "phase3",
          "sign" : "sagittarius"
        },
        {
          "timeZone" : 2,
          "moonPhaseDate" : "2019-05-18T21:11+0000",
          "date" : "2019-05-20T21:13+0000",
          "signDate" : "2019-05-19T01:19+0000",
          "age" : 17,
          "moonPhase" : "phase3",
          "sign" : "sagittarius"
        },
        {
          "moonPhaseDate" : "2019-05-18T21:11+0000",
          "timeZone" : 2,
          "date" : "2019-05-21T22:17+0000",
          "signDate" : "2019-05-19T01:19+0000",
          "age" : 18,
          "sign" : "capricorn",
          "moonPhase" : "phase3"
        },
        {
          "moonPhaseDate" : "2019-05-18T21:11+0000",
          "timeZone" : 2,
          "date" : "2019-05-22T23:07+0000",
          "signDate" : "2019-05-23T17:51+0000",
          "age" : 19,
          "sign" : "aquarius",
          "moonPhase" : "phase3"
        },
        {
          "moonPhaseDate" : "2019-05-18T21:11+0000",
          "timeZone" : 2,
          "date" : "2019-05-23T23:43+0000",
          "signDate" : "2019-05-23T17:51+0000",
          "age" : 20,
          "moonPhase" : "phase3",
          "sign" : "aquarius"
        },
        {
          "moonPhaseDate" : "2019-05-18T21:11+0000",
          "timeZone" : 2,
          "date" : "2019-05-25T00:09+0000",
          "signDate" : "2019-05-23T17:51+0000",
          "age" : 21,
          "sign" : "aquarius",
          "moonPhase" : "phase3"
        },
        {
          "date" : "2019-05-26T00:28+0000",
          "timeZone" : 2,
          "moonPhaseDate" : "2019-05-26T16:33+0000",
          "signDate" : "2019-05-26T06:07+0000",
          "age" : 22,
          "sign" : "pisces",
          "moonPhase" : "phase4"
        },
        {
          "moonPhaseDate" : "2019-05-26T16:33+0000",
          "date" : "2019-05-27T00:42+0000",
          "timeZone" : 2,
          "signDate" : "2019-05-26T06:07+0000",
          "age" : 23,
          "moonPhase" : "phase4",
          "sign" : "pisces"
        },
        {
          "moonPhaseDate" : "2019-05-26T16:33+0000",
          "timeZone" : 2,
          "date" : "2019-05-28T00:54+0000",
          "signDate" : "2019-05-28T18:29+0000",
          "age" : 24,
          "moonPhase" : "phase4",
          "sign" : "aries"
        },
        {
          "timeZone" : 2,
          "moonPhaseDate" : "2019-05-26T16:33+0000",
          "date" : "2019-05-29T01:05+0000",
          "signDate" : "2019-05-28T18:29+0000",
          "age" : 25,
          "moonPhase" : "phase4",
          "sign" : "aries"
        },
        {
          "moonPhaseDate" : "2019-05-26T16:33+0000",
          "date" : "2019-05-30T01:15+0000",
          "timeZone" : 2,
          "signDate" : "2019-05-28T18:29+0000",
          "age" : 26,
          "moonPhase" : "phase4",
          "sign" : "aries"
        },
        {
          "date" : "2019-05-31T01:26+0000",
          "moonPhaseDate" : "2019-05-26T16:33+0000",
          "timeZone" : 2,
          "signDate" : "2019-05-31T04:44+0000",
          "age" : 27,
          "moonPhase" : "phase4",
          "sign" : "taurus"
        },
        {
          "date" : "2019-06-01T01:38+0000",
          "moonPhaseDate" : null,
          "timeZone" : 2,
          "signDate" : "2019-05-31T04:44+0000",
          "age" : 28,
          "moonPhase" : "phase4",
          "sign" : "taurus"
        },
        {
          "moonPhaseDate" : null,
          "timeZone" : 2,
          "date" : "2019-06-02T01:54+0000",
          "signDate" : "2019-06-02T11:51+0000",
          "age" : 29,
          "moonPhase" : "phase4",
          "sign" : "gemini"
        },
        {
          "moonPhaseDate" : "2019-06-03T10:02+0000",
          "date" : "2019-06-03T02:15+0000",
          "timeZone" : 2,
          "signDate" : "2019-06-02T11:51+0000",
          "age" : 30,
          "moonPhase" : "newMoon",
          "sign" : "gemini"
        },
        {
          "moonPhaseDate" : "2019-06-03T10:02+0000",
          "date" : "2019-06-03T10:02+0000",
          "timeZone" : 2,
          "signDate" : "2019-06-02T11:51+0000",
          "age" : 1,
          "moonPhase" : "newMoon",
          "sign" : "gemini"
        },
        {
          "moonPhaseDate" : "2019-06-03T10:02+0000",
          "date" : "2019-06-04T02:45+0000",
          "timeZone" : 2,
          "signDate" : "2019-06-04T16:18+0000",
          "age" : 2,
          "moonPhase" : "phase1",
          "sign" : "cancer"
        },
        {
          "moonPhaseDate" : "2019-06-03T10:02+0000",
          "date" : "2019-06-05T03:29+0000",
          "timeZone" : 2,
          "signDate" : "2019-06-04T16:18+0000",
          "age" : 3,
          "moonPhase" : "phase1",
          "sign" : "cancer"
        },
        {
          "timeZone" : 2,
          "date" : "2019-06-06T04:31+0000",
          "moonPhaseDate" : "2019-06-03T10:02+0000",
          "signDate" : "2019-06-06T19:14+0000",
          "age" : 4,
          "moonPhase" : "phase1",
          "sign" : "leo"
        },
        {
          "moonPhaseDate" : "2019-06-03T10:02+0000",
          "date" : "2019-06-07T05:49+0000",
          "timeZone" : 2,
          "signDate" : "2019-06-06T19:14+0000",
          "age" : 5,
          "sign" : "leo",
          "moonPhase" : "phase1"
        },
        {
          "date" : "2019-06-08T07:17+0000",
          "timeZone" : 2,
          "moonPhaseDate" : "2019-06-03T10:02+0000",
          "signDate" : "2019-06-08T21:43+0000",
          "age" : 6,
          "sign" : "virgo",
          "moonPhase" : "phase1"
        },
        {
          "timeZone" : 2,
          "date" : "2019-06-09T08:48+0000",
          "moonPhaseDate" : "2019-06-03T10:02+0000",
          "signDate" : "2019-06-08T21:43+0000",
          "age" : 7,
          "sign" : "virgo",
          "moonPhase" : "phase1"
        },
        {
          "moonPhaseDate" : "2019-06-10T05:59+0000",
          "timeZone" : 2,
          "date" : "2019-06-10T10:19+0000",
          "signDate" : "2019-06-08T21:43+0000",
          "age" : 8,
          "moonPhase" : "phase2",
          "sign" : "virgo"
        },
        {
          "moonPhaseDate" : "2019-06-10T05:59+0000",
          "date" : "2019-06-11T11:48+0000",
          "timeZone" : 2,
          "signDate" : "2019-06-11T00:30+0000",
          "age" : 9,
          "moonPhase" : "phase2",
          "sign" : "libra"
        },
        {
          "moonPhaseDate" : "2019-06-10T05:59+0000",
          "date" : "2019-06-12T13:16+0000",
          "timeZone" : 2,
          "signDate" : "2019-06-11T00:30+0000",
          "age" : 10,
          "sign" : "libra",
          "moonPhase" : "phase2"
        },
        {
          "moonPhaseDate" : "2019-06-10T05:59+0000",
          "timeZone" : 2,
          "date" : "2019-06-13T14:44+0000",
          "signDate" : "2019-06-13T04:03+0000",
          "age" : 11,
          "moonPhase" : "phase2",
          "sign" : "scorpio"
        },
        {
          "moonPhaseDate" : "2019-06-10T05:59+0000",
          "timeZone" : 2,
          "date" : "2019-06-14T16:11+0000",
          "signDate" : "2019-06-13T04:03+0000",
          "age" : 12,
          "moonPhase" : "phase2",
          "sign" : "scorpio"
        },
        {
          "moonPhaseDate" : "2019-06-10T05:59+0000",
          "date" : "2019-06-15T17:35+0000",
          "timeZone" : 2,
          "signDate" : "2019-06-15T09:01+0000",
          "age" : 13,
          "moonPhase" : "phase2",
          "sign" : "sagittarius"
        },
        {
          "moonPhaseDate" : "2019-06-10T05:59+0000",
          "date" : "2019-06-16T18:55+0000",
          "timeZone" : 2,
          "signDate" : "2019-06-15T09:01+0000",
          "age" : 14,
          "moonPhase" : "phase2",
          "sign" : "sagittarius"
        },
        {
          "moonPhaseDate" : "2019-06-17T08:31+0000",
          "date" : "2019-06-17T20:04+0000",
          "timeZone" : 2,
          "signDate" : "2019-06-17T16:11+0000",
          "age" : 15,
          "sign" : "capricorn",
          "moonPhase" : "fullMoon"
        },
        {
          "moonPhaseDate" : "2019-06-17T08:31+0000",
          "timeZone" : 2,
          "date" : "2019-06-18T21:00+0000",
          "signDate" : "2019-06-17T16:11+0000",
          "age" : 16,
          "moonPhase" : "phase3",
          "sign" : "capricorn"
        },
        {
          "moonPhaseDate" : "2019-06-17T08:31+0000",
          "date" : "2019-06-19T21:43+0000",
          "timeZone" : 2,
          "signDate" : "2019-06-17T16:11+0000",
          "age" : 17,
          "moonPhase" : "phase3",
          "sign" : "capricorn"
        },
        {
          "moonPhaseDate" : "2019-06-17T08:31+0000",
          "timeZone" : 2,
          "date" : "2019-06-20T22:13+0000",
          "signDate" : "2019-06-17T16:11+0000",
          "age" : 18,
          "sign" : "aquarius",
          "moonPhase" : "phase3"
        },
        {
          "moonPhaseDate" : "2019-06-17T08:31+0000",
          "timeZone" : 2,
          "date" : "2019-06-21T22:33+0000",
          "signDate" : "2019-06-22T14:01+0000",
          "age" : 19,
          "sign" : "pisces",
          "moonPhase" : "phase3"
        },
        {
          "date" : "2019-06-22T22:50+0000",
          "timeZone" : 2,
          "moonPhaseDate" : "2019-06-17T08:31+0000",
          "signDate" : "2019-06-22T14:01+0000",
          "age" : 20,
          "sign" : "pisces",
          "moonPhase" : "phase3"
        },
        {
          "moonPhaseDate" : "2019-06-17T08:31+0000",
          "date" : "2019-06-23T23:03+0000",
          "timeZone" : 2,
          "signDate" : "2019-06-22T14:01+0000",
          "age" : 21,
          "moonPhase" : "phase3",
          "sign" : "pisces"
        },
        {
          "moonPhaseDate" : "2019-06-25T09:46+0000",
          "timeZone" : 2,
          "date" : "2019-06-24T23:14+0000",
          "signDate" : "2019-06-25T02:34+0000",
          "age" : 22,
          "moonPhase" : "phase4",
          "sign" : "aries"
        },
        {
          "moonPhaseDate" : "2019-06-25T09:46+0000",
          "timeZone" : 2,
          "date" : "2019-06-25T23:24+0000",
          "signDate" : "2019-06-25T02:34+0000",
          "age" : 23,
          "moonPhase" : "phase4",
          "sign" : "aries"
        },
        {
          "date" : "2019-06-26T23:34+0000",
          "timeZone" : 2,
          "moonPhaseDate" : "2019-06-25T09:46+0000",
          "signDate" : "2019-06-27T13:30+0000",
          "age" : 24,
          "moonPhase" : "phase4",
          "sign" : "taurus"
        },
        {
          "moonPhaseDate" : "2019-06-25T09:46+0000",
          "timeZone" : 2,
          "date" : "2019-06-27T23:45+0000",
          "signDate" : "2019-06-27T13:30+0000",
          "age" : 25,
          "sign" : "taurus",
          "moonPhase" : "phase4"
        },
        {
          "moonPhaseDate" : "2019-06-25T09:46+0000",
          "date" : "2019-06-28T23:59+0000",
          "timeZone" : 2,
          "signDate" : "2019-06-29T21:10+0000",
          "age" : 26,
          "moonPhase" : "phase4",
          "sign" : "gemini"
        },
        {
          "moonPhaseDate" : "2019-06-25T09:46+0000",
          "date" : "2019-06-30T00:16+0000",
          "timeZone" : 2,
          "signDate" : "2019-06-29T21:10+0000",
          "age" : 27,
          "moonPhase" : "phase4",
          "sign" : "gemini"
        },
        {
          "moonPhaseDate" : null,
          "date" : "2019-07-01T00:42+0000",
          "timeZone" : 2,
          "signDate" : "2019-06-29T21:10+0000",
          "age" : 28,
          "moonPhase" : "phase4",
          "sign" : "gemini"
        },
        {
          "moonPhaseDate" : "2019-07-02T19:16+0000",
          "timeZone" : 2,
          "date" : "2019-07-02T01:19+0000",
          "signDate" : "2019-07-02T01:26+0000",
          "age" : 29,
          "sign" : "cancer",
          "moonPhase" : "newMoon"
        },
        {
          "moonPhaseDate" : "2019-07-02T19:16+0000",
          "timeZone" : 2,
          "date" : "2019-07-02T19:16+0000",
          "signDate" : "2019-07-02T01:26+0000",
          "age" : 1,
          "moonPhase" : "newMoon",
          "sign" : "cancer"
        },
        {
          "moonPhaseDate" : "2019-07-02T19:16+0000",
          "timeZone" : 2,
          "date" : "2019-07-03T02:14+0000",
          "signDate" : "2019-07-02T01:26+0000",
          "age" : 2,
          "sign" : "cancer",
          "moonPhase" : "phase1"
        },
        {
          "date" : "2019-07-04T03:27+0000",
          "moonPhaseDate" : "2019-07-02T19:16+0000",
          "timeZone" : 2,
          "signDate" : "2019-07-04T03:21+0000",
          "age" : 3,
          "moonPhase" : "phase1",
          "sign" : "leo"
        },
        {
          "date" : "2019-07-05T04:55+0000",
          "timeZone" : 2,
          "moonPhaseDate" : "2019-07-02T19:16+0000",
          "signDate" : "2019-07-04T03:21+0000",
          "age" : 4,
          "moonPhase" : "phase1",
          "sign" : "leo"
        },
        {
          "moonPhaseDate" : "2019-07-02T19:16+0000",
          "date" : "2019-07-06T06:28+0000",
          "timeZone" : 2,
          "signDate" : "2019-07-06T04:25+0000",
          "age" : 5,
          "moonPhase" : "phase1",
          "sign" : "virgo"
        },
        {
          "timeZone" : 2,
          "date" : "2019-07-07T08:01+0000",
          "moonPhaseDate" : "2019-07-02T19:16+0000",
          "signDate" : "2019-07-06T04:25+0000",
          "age" : 6,
          "sign" : "virgo",
          "moonPhase" : "phase1"
        },
        {
          "moonPhaseDate" : "2019-07-02T19:16+0000",
          "timeZone" : 2,
          "date" : "2019-07-08T09:33+0000",
          "signDate" : "2019-07-08T06:07+0000",
          "age" : 7,
          "moonPhase" : "phase1",
          "sign" : "libra"
        },
        {
          "moonPhaseDate" : "2019-07-09T10:55+0000",
          "timeZone" : 2,
          "date" : "2019-07-09T11:02+0000",
          "signDate" : "2019-07-08T06:07+0000",
          "age" : 8,
          "moonPhase" : "phase2",
          "sign" : "libra"
        },
        {
          "moonPhaseDate" : "2019-07-09T10:55+0000",
          "timeZone" : 2,
          "date" : "2019-07-10T12:30+0000",
          "signDate" : "2019-07-10T09:28+0000",
          "age" : 9,
          "sign" : "scorpio",
          "moonPhase" : "phase2"
        },
        {
          "moonPhaseDate" : "2019-07-09T10:55+0000",
          "timeZone" : 2,
          "date" : "2019-07-11T13:55+0000",
          "signDate" : "2019-07-10T09:28+0000",
          "age" : 10,
          "moonPhase" : "phase2",
          "sign" : "scorpio"
        },
        {
          "moonPhaseDate" : "2019-07-09T10:55+0000",
          "timeZone" : 2,
          "date" : "2019-07-12T15:20+0000",
          "signDate" : "2019-07-12T15:04+0000",
          "age" : 11,
          "moonPhase" : "phase2",
          "sign" : "sagittarius"
        },
        {
          "moonPhaseDate" : "2019-07-09T10:55+0000",
          "timeZone" : 2,
          "date" : "2019-07-13T16:41+0000",
          "signDate" : "2019-07-12T15:04+0000",
          "age" : 12,
          "moonPhase" : "phase2",
          "sign" : "sagittarius"
        },
        {
          "date" : "2019-07-14T17:53+0000",
          "timeZone" : 2,
          "moonPhaseDate" : "2019-07-09T10:55+0000",
          "signDate" : "2019-07-12T15:04+0000",
          "age" : 13,
          "sign" : "sagittarius",
          "moonPhase" : "phase2"
        },
        {
          "date" : "2019-07-15T18:54+0000",
          "timeZone" : 2,
          "moonPhaseDate" : "2019-07-09T10:55+0000",
          "signDate" : "2019-07-14T23:03+0000",
          "age" : 14,
          "sign" : "capricorn",
          "moonPhase" : "phase2"
        },
        {
          "timeZone" : 2,
          "moonPhaseDate" : "2019-07-16T21:38+0000",
          "date" : "2019-07-16T19:41+0000",
          "signDate" : "2019-07-14T23:03+0000",
          "age" : 15,
          "moonPhase" : "fullMoon",
          "sign" : "capricorn"
        },
        {
          "moonPhaseDate" : "2019-07-16T21:38+0000",
          "timeZone" : 2,
          "date" : "2019-07-17T20:15+0000",
          "signDate" : "2019-07-17T09:18+0000",
          "age" : 16,
          "moonPhase" : "phase3",
          "sign" : "aquarius"
        },
        {
          "moonPhaseDate" : "2019-07-16T21:38+0000",
          "timeZone" : 2,
          "date" : "2019-07-18T20:39+0000",
          "signDate" : "2019-07-17T09:18+0000",
          "age" : 17,
          "moonPhase" : "phase3",
          "sign" : "aquarius"
        },
        {
          "moonPhaseDate" : "2019-07-16T21:38+0000",
          "timeZone" : 2,
          "date" : "2019-07-19T20:57+0000",
          "signDate" : "2019-07-19T21:19+0000",
          "age" : 18,
          "moonPhase" : "phase3",
          "sign" : "pisces"
        },
        {
          "timeZone" : 2,
          "moonPhaseDate" : "2019-07-16T21:38+0000",
          "date" : "2019-07-20T21:11+0000",
          "signDate" : "2019-07-19T21:19+0000",
          "age" : 19,
          "moonPhase" : "phase3",
          "sign" : "pisces"
        },
        {
          "moonPhaseDate" : "2019-07-16T21:38+0000",
          "timeZone" : 2,
          "date" : "2019-07-21T21:22+0000",
          "signDate" : "2019-07-19T21:19+0000",
          "age" : 20,
          "moonPhase" : "phase3",
          "sign" : "pisces"
        },
        {
          "moonPhaseDate" : "2019-07-16T21:38+0000",
          "timeZone" : 2,
          "date" : "2019-07-22T21:32+0000",
          "signDate" : "2019-07-22T10:01+0000",
          "age" : 21,
          "sign" : "aries",
          "moonPhase" : "phase3"
        },
        {
          "moonPhaseDate" : "2019-07-16T21:38+0000",
          "timeZone" : 2,
          "date" : "2019-07-23T21:42+0000",
          "signDate" : "2019-07-22T10:01+0000",
          "age" : 22,
          "moonPhase" : "phase3",
          "sign" : "aries"
        },
        {
          "moonPhaseDate" : "2019-07-16T21:38+0000",
          "timeZone" : 2,
          "date" : "2019-07-24T21:52+0000",
          "signDate" : "2019-07-24T21:40+0000",
          "age" : 23,
          "moonPhase" : "phase3",
          "sign" : "taurus"
        },
        {
          "timeZone" : 2,
          "moonPhaseDate" : "2019-07-25T01:18+0000",
          "date" : "2019-07-25T22:04+0000",
          "signDate" : "2019-07-24T21:40+0000",
          "age" : 24,
          "moonPhase" : "phase4",
          "sign" : "taurus"
        },
        {
          "moonPhaseDate" : "2019-07-25T01:18+0000",
          "timeZone" : 2,
          "date" : "2019-07-26T22:19+0000",
          "signDate" : "2019-07-27T06:28+0000",
          "age" : 25,
          "moonPhase" : "phase4",
          "sign" : "gemini"
        },
        {
          "moonPhaseDate" : "2019-07-25T01:18+0000",
          "timeZone" : 2,
          "date" : "2019-07-27T22:40+0000",
          "signDate" : "2019-07-27T06:28+0000",
          "age" : 26,
          "moonPhase" : "phase4",
          "sign" : "gemini"
        },
        {
          "moonPhaseDate" : "2019-07-25T01:18+0000",
          "date" : "2019-07-28T23:11+0000",
          "timeZone" : 2,
          "signDate" : "2019-07-29T11:30+0000",
          "age" : 27,
          "moonPhase" : "phase4",
          "sign" : "cancer"
        },
        {
          "moonPhaseDate" : "2019-07-25T01:18+0000",
          "timeZone" : 2,
          "date" : "2019-07-29T23:56+0000",
          "signDate" : "2019-07-29T11:30+0000",
          "age" : 28,
          "sign" : "cancer",
          "moonPhase" : "phase4"
        },
        {
          "moonPhaseDate" : "2019-07-25T01:18+0000",
          "date" : "2019-07-31T01:01+0000",
          "timeZone" : 2,
          "signDate" : "2019-07-31T13:18+0000",
          "age" : 29,
          "sign" : "leo",
          "moonPhase" : "phase4"
        },
        {
          "moonPhaseDate" : "2019-08-01T03:12+0000",
          "date" : "2019-08-01T02:23+0000",
          "timeZone" : 2,
          "signDate" : "2019-07-31T13:18+0000",
          "age" : 30,
          "moonPhase" : "newMoon",
          "sign" : "leo"
        },
        {
          "moonPhaseDate" : "2019-08-01T03:12+0000",
          "date" : "2019-08-01T03:12+0000",
          "timeZone" : 2,
          "signDate" : "2019-07-31T13:18+0000",
          "age" : 1,
          "sign" : "leo",
          "moonPhase" : "newMoon"
        },
        {
          "timeZone" : 2,
          "date" : "2019-08-02T03:57+0000",
          "moonPhaseDate" : "2019-08-01T03:12+0000",
          "signDate" : "2019-08-02T13:23+0000",
          "age" : 2,
          "moonPhase" : "phase1",
          "sign" : "virgo"
        },
        {
          "moonPhaseDate" : "2019-08-01T03:12+0000",
          "timeZone" : 2,
          "date" : "2019-08-03T05:34+0000",
          "signDate" : "2019-08-02T13:23+0000",
          "age" : 3,
          "moonPhase" : "phase1",
          "sign" : "virgo"
        },
        {
          "moonPhaseDate" : "2019-08-01T03:12+0000",
          "date" : "2019-08-04T07:10+0000",
          "timeZone" : 2,
          "signDate" : "2019-08-04T13:32+0000",
          "age" : 4,
          "moonPhase" : "phase1",
          "sign" : "libra"
        },
        {
          "moonPhaseDate" : "2019-08-01T03:12+0000",
          "timeZone" : 2,
          "date" : "2019-08-05T08:43+0000",
          "signDate" : "2019-08-04T13:32+0000",
          "age" : 5,
          "moonPhase" : "phase1",
          "sign" : "libra"
        },
        {
          "moonPhaseDate" : "2019-08-01T03:12+0000",
          "timeZone" : 2,
          "date" : "2019-08-06T10:14+0000",
          "signDate" : "2019-08-06T15:31+0000",
          "age" : 6,
          "moonPhase" : "phase1",
          "sign" : "scorpio"
        },
        {
          "moonPhaseDate" : "2019-08-07T17:31+0000",
          "timeZone" : 2,
          "date" : "2019-08-07T11:42+0000",
          "signDate" : "2019-08-06T15:31+0000",
          "age" : 7,
          "sign" : "scorpio",
          "moonPhase" : "phase2"
        },
        {
          "moonPhaseDate" : "2019-08-07T17:31+0000",
          "timeZone" : 2,
          "date" : "2019-08-08T13:08+0000",
          "signDate" : "2019-08-08T20:32+0000",
          "age" : 8,
          "sign" : "sagittarius",
          "moonPhase" : "phase2"
        },
        {
          "moonPhaseDate" : "2019-08-07T17:31+0000",
          "timeZone" : 2,
          "date" : "2019-08-09T14:30+0000",
          "signDate" : "2019-08-08T20:32+0000",
          "age" : 9,
          "moonPhase" : "phase2",
          "sign" : "sagittarius"
        },
        {
          "moonPhaseDate" : "2019-08-07T17:31+0000",
          "timeZone" : 2,
          "date" : "2019-08-10T15:45+0000",
          "signDate" : "2019-08-08T20:32+0000",
          "age" : 10,
          "moonPhase" : "phase2",
          "sign" : "sagittarius"
        },
        {
          "moonPhaseDate" : "2019-08-07T17:31+0000",
          "date" : "2019-08-11T16:49+0000",
          "timeZone" : 2,
          "signDate" : "2019-08-11T04:48+0000",
          "age" : 11,
          "moonPhase" : "phase2",
          "sign" : "capricorn"
        },
        {
          "moonPhaseDate" : "2019-08-07T17:31+0000",
          "date" : "2019-08-12T17:40+0000",
          "timeZone" : 2,
          "signDate" : "2019-08-11T04:48+0000",
          "age" : 12,
          "moonPhase" : "phase2",
          "sign" : "capricorn"
        },
        {
          "moonPhaseDate" : "2019-08-07T17:31+0000",
          "timeZone" : 2,
          "date" : "2019-08-13T18:17+0000",
          "signDate" : "2019-08-13T15:36+0000",
          "age" : 13,
          "moonPhase" : "phase2",
          "sign" : "aquarius"
        },
        {
          "moonPhaseDate" : "2019-08-07T17:31+0000",
          "timeZone" : 2,
          "date" : "2019-08-14T18:44+0000",
          "signDate" : "2019-08-13T15:36+0000",
          "age" : 14,
          "sign" : "aquarius",
          "moonPhase" : "phase2"
        },
        {
          "timeZone" : 2,
          "date" : "2019-08-15T19:03+0000",
          "moonPhaseDate" : "2019-08-15T12:29+0000",
          "signDate" : "2019-08-13T15:36+0000",
          "age" : 15,
          "sign" : "aquarius",
          "moonPhase" : "fullMoon"
        },
        {
          "moonPhaseDate" : "2019-08-15T12:29+0000",
          "date" : "2019-08-16T19:18+0000",
          "timeZone" : 2,
          "signDate" : "2019-08-16T03:50+0000",
          "age" : 16,
          "sign" : "pisces",
          "moonPhase" : "phase3"
        },
        {
          "timeZone" : 2,
          "date" : "2019-08-17T19:30+0000",
          "moonPhaseDate" : "2019-08-15T12:29+0000",
          "signDate" : "2019-08-16T03:50+0000",
          "age" : 17,
          "moonPhase" : "phase3",
          "sign" : "pisces"
        },
        {
          "timeZone" : 2,
          "moonPhaseDate" : "2019-08-15T12:29+0000",
          "date" : "2019-08-18T19:40+0000",
          "signDate" : "2019-08-18T16:32+0000",
          "age" : 18,
          "moonPhase" : "phase3",
          "sign" : "aries"
        },
        {
          "moonPhaseDate" : "2019-08-15T12:29+0000",
          "timeZone" : 2,
          "date" : "2019-08-19T19:50+0000",
          "signDate" : "2019-08-18T16:32+0000",
          "age" : 19,
          "moonPhase" : "phase3",
          "sign" : "aries"
        },
        {
          "moonPhaseDate" : "2019-08-15T12:29+0000",
          "date" : "2019-08-20T20:00+0000",
          "timeZone" : 2,
          "signDate" : "2019-08-18T16:32+0000",
          "age" : 20,
          "moonPhase" : "phase3",
          "sign" : "aries"
        },
        {
          "moonPhaseDate" : "2019-08-15T12:29+0000",
          "date" : "2019-08-21T20:11+0000",
          "timeZone" : 2,
          "signDate" : "2019-08-21T04:36+0000",
          "age" : 21,
          "sign" : "taurus",
          "moonPhase" : "phase3"
        },
        {
          "moonPhaseDate" : "2019-08-15T12:29+0000",
          "date" : "2019-08-22T20:24+0000",
          "timeZone" : 2,
          "signDate" : "2019-08-21T04:36+0000",
          "age" : 22,
          "moonPhase" : "phase3",
          "sign" : "taurus"
        },
        {
          "timeZone" : 2,
          "date" : "2019-08-23T20:42+0000",
          "moonPhaseDate" : "2019-08-23T14:56+0000",
          "signDate" : "2019-08-23T14:34+0000",
          "age" : 23,
          "sign" : "gemini",
          "moonPhase" : "phase4"
        },
        {
          "moonPhaseDate" : "2019-08-23T14:56+0000",
          "timeZone" : 2,
          "date" : "2019-08-24T21:07+0000",
          "signDate" : "2019-08-23T14:34+0000",
          "age" : 24,
          "sign" : "gemini",
          "moonPhase" : "phase4"
        },
        {
          "date" : "2019-08-25T21:43+0000",
          "moonPhaseDate" : "2019-08-23T14:56+0000",
          "timeZone" : 2,
          "signDate" : "2019-08-25T21:05+0000",
          "age" : 25,
          "moonPhase" : "phase4",
          "sign" : "cancer"
        },
        {
          "moonPhaseDate" : "2019-08-23T14:56+0000",
          "date" : "2019-08-26T22:37+0000",
          "timeZone" : 2,
          "signDate" : "2019-08-25T21:05+0000",
          "age" : 26,
          "moonPhase" : "phase4",
          "sign" : "cancer"
        },
        {
          "timeZone" : 2,
          "date" : "2019-08-27T23:50+0000",
          "moonPhaseDate" : "2019-08-23T14:56+0000",
          "signDate" : "2019-08-27T23:51+0000",
          "age" : 27,
          "sign" : "leo",
          "moonPhase" : "phase4"
        },
        {
          "moonPhaseDate" : "2019-08-23T14:56+0000",
          "date" : "2019-08-29T01:19+0000",
          "timeZone" : 2,
          "signDate" : "2019-08-27T23:51+0000",
          "age" : 28,
          "moonPhase" : "phase4",
          "sign" : "leo"
        },
        {
          "date" : "2019-08-30T02:56+0000",
          "timeZone" : 2,
          "moonPhaseDate" : "2019-08-30T10:37+0000",
          "signDate" : "2019-08-29T23:57+0000",
          "age" : 29,
          "sign" : "virgo",
          "moonPhase" : "newMoon"
        },
        {
          "moonPhaseDate" : "2019-08-30T10:37+0000",
          "date" : "2019-08-30T10:37+0000",
          "timeZone" : 2,
          "signDate" : "2019-08-29T23:57+0000",
          "age" : 1,
          "sign" : "virgo",
          "moonPhase" : "newMoon"
        },
        {
          "timeZone" : 2,
          "moonPhaseDate" : "2019-08-30T10:37+0000",
          "date" : "2019-08-31T04:35+0000",
          "signDate" : "2019-08-29T23:57+0000",
          "age" : 2,
          "moonPhase" : "phase1",
          "sign" : "virgo"
        },
        {
          "timeZone" : 2,
          "date" : "2019-09-01T06:13+0000",
          "moonPhaseDate" : null,
          "signDate" : "2019-08-31T23:12+0000",
          "age" : 3,
          "moonPhase" : "phase1",
          "sign" : "libra"
        },
        {
          "moonPhaseDate" : null,
          "timeZone" : 2,
          "date" : "2019-09-02T07:48+0000",
          "signDate" : "2019-08-31T23:12+0000",
          "age" : 4,
          "moonPhase" : "phase1",
          "sign" : "libra"
        },
        {
          "moonPhaseDate" : null,
          "date" : "2019-09-03T09:21+0000",
          "timeZone" : 2,
          "signDate" : "2019-09-02T23:38+0000",
          "age" : 5,
          "moonPhase" : "phase1",
          "sign" : "scorpio"
        },
        {
          "timeZone" : 2,
          "moonPhaseDate" : null,
          "date" : "2019-09-04T10:51+0000",
          "signDate" : "2019-09-02T23:38+0000",
          "age" : 6,
          "moonPhase" : "phase1",
          "sign" : "scorpio"
        },
        {
          "moonPhaseDate" : null,
          "timeZone" : 2,
          "date" : "2019-09-05T12:17+0000",
          "signDate" : "2019-09-05T03:06+0000",
          "age" : 7,
          "moonPhase" : "phase1",
          "sign" : "sagittarius"
        },
        {
          "moonPhaseDate" : "2019-09-06T03:10+0000",
          "timeZone" : 2,
          "date" : "2019-09-06T13:36+0000",
          "signDate" : "2019-09-05T03:06+0000",
          "age" : 8,
          "sign" : "sagittarius",
          "moonPhase" : "phase2"
        },
        {
          "moonPhaseDate" : "2019-09-06T03:10+0000",
          "timeZone" : 2,
          "date" : "2019-09-07T14:45+0000",
          "signDate" : "2019-09-07T10:35+0000",
          "age" : 9,
          "sign" : "capricorn",
          "moonPhase" : "phase2"
        },
        {
          "moonPhaseDate" : "2019-09-06T03:10+0000",
          "timeZone" : 2,
          "date" : "2019-09-08T15:40+0000",
          "signDate" : "2019-09-07T10:35+0000",
          "age" : 10,
          "moonPhase" : "phase2",
          "sign" : "capricorn"
        },
        {
          "moonPhaseDate" : "2019-09-06T03:10+0000",
          "timeZone" : 2,
          "date" : "2019-09-09T16:20+0000",
          "signDate" : "2019-09-09T21:25+0000",
          "age" : 11,
          "moonPhase" : "phase2",
          "sign" : "aquarius"
        },
        {
          "moonPhaseDate" : "2019-09-06T03:10+0000",
          "timeZone" : 2,
          "date" : "2019-09-10T16:50+0000",
          "signDate" : "2019-09-09T21:25+0000",
          "age" : 12,
          "moonPhase" : "phase2",
          "sign" : "aquarius"
        },
        {
          "date" : "2019-09-11T17:11+0000",
          "timeZone" : 2,
          "moonPhaseDate" : "2019-09-06T03:10+0000",
          "signDate" : "2019-09-09T21:25+0000",
          "age" : 13,
          "moonPhase" : "phase2",
          "sign" : "aquarius"
        },
        {
          "moonPhaseDate" : "2019-09-06T03:10+0000",
          "date" : "2019-09-12T17:26+0000",
          "timeZone" : 2,
          "signDate" : "2019-09-12T09:53+0000",
          "age" : 14,
          "moonPhase" : "phase2",
          "sign" : "pisces"
        },
        {
          "moonPhaseDate" : "2019-09-06T03:10+0000",
          "timeZone" : 2,
          "date" : "2019-09-13T17:39+0000",
          "signDate" : "2019-09-12T09:53+0000",
          "age" : 15,
          "moonPhase" : "phase2",
          "sign" : "pisces"
        },
        {
          "moonPhaseDate" : "2019-09-14T04:33+0000",
          "timeZone" : 2,
          "date" : "2019-09-14T17:49+0000",
          "signDate" : "2019-09-12T09:53+0000",
          "age" : 16,
          "moonPhase" : "fullMoon",
          "sign" : "pisces"
        },
        {
          "moonPhaseDate" : "2019-09-14T04:33+0000",
          "timeZone" : 2,
          "date" : "2019-09-15T17:59+0000",
          "signDate" : "2019-09-14T22:32+0000",
          "age" : 17,
          "moonPhase" : "phase3",
          "sign" : "aries"
        },
        {
          "moonPhaseDate" : "2019-09-14T04:33+0000",
          "timeZone" : 2,
          "date" : "2019-09-16T18:08+0000",
          "signDate" : "2019-09-14T22:32+0000",
          "age" : 18,
          "moonPhase" : "phase3",
          "sign" : "aries"
        },
        {
          "moonPhaseDate" : "2019-09-14T04:33+0000",
          "date" : "2019-09-17T18:18+0000",
          "timeZone" : 2,
          "signDate" : "2019-09-17T10:30+0000",
          "age" : 19,
          "sign" : "taurus",
          "moonPhase" : "phase3"
        },
        {
          "date" : "2019-09-18T18:30+0000",
          "timeZone" : 2,
          "moonPhaseDate" : "2019-09-14T04:33+0000",
          "signDate" : "2019-09-17T10:30+0000",
          "age" : 20,
          "sign" : "taurus",
          "moonPhase" : "phase3"
        },
        {
          "moonPhaseDate" : "2019-09-14T04:33+0000",
          "date" : "2019-09-19T18:46+0000",
          "timeZone" : 2,
          "signDate" : "2019-09-19T20:58+0000",
          "age" : 21,
          "sign" : "gemini",
          "moonPhase" : "phase3"
        },
        {
          "moonPhaseDate" : "2019-09-14T04:33+0000",
          "date" : "2019-09-20T19:07+0000",
          "timeZone" : 2,
          "signDate" : "2019-09-19T20:58+0000",
          "age" : 22,
          "moonPhase" : "phase3",
          "sign" : "gemini"
        },
        {
          "moonPhaseDate" : "2019-09-14T04:33+0000",
          "timeZone" : 2,
          "date" : "2019-09-21T19:37+0000",
          "signDate" : "2019-09-19T20:58+0000",
          "age" : 23,
          "moonPhase" : "phase3",
          "sign" : "gemini"
        },
        {
          "moonPhaseDate" : "2019-09-22T02:41+0000",
          "timeZone" : 2,
          "date" : "2019-09-22T20:22+0000",
          "signDate" : "2019-09-22T04:52+0000",
          "age" : 24,
          "moonPhase" : "phase4",
          "sign" : "cancer"
        },
        {
          "timeZone" : 2,
          "date" : "2019-09-23T21:25+0000",
          "moonPhaseDate" : "2019-09-22T02:41+0000",
          "signDate" : "2019-09-22T04:52+0000",
          "age" : 25,
          "sign" : "cancer",
          "moonPhase" : "phase4"
        },
        {
          "date" : "2019-09-24T22:45+0000",
          "timeZone" : 2,
          "moonPhaseDate" : "2019-09-22T02:41+0000",
          "signDate" : "2019-09-22T04:52+0000",
          "age" : 26,
          "sign" : "leo",
          "moonPhase" : "phase4"
        },
        {
          "moonPhaseDate" : "2019-09-22T02:41+0000",
          "date" : "2019-09-26T00:17+0000",
          "timeZone" : 2,
          "signDate" : "2019-09-26T10:35+0000",
          "age" : 27,
          "moonPhase" : "phase4",
          "sign" : "virgo"
        },
        {
          "moonPhaseDate" : "2019-09-22T02:41+0000",
          "date" : "2019-09-27T01:54+0000",
          "timeZone" : 2,
          "signDate" : "2019-09-26T10:35+0000",
          "age" : 28,
          "moonPhase" : "phase4",
          "sign" : "virgo"
        },
        {
          "timeZone" : 2,
          "date" : "2019-09-28T03:33+0000",
          "moonPhaseDate" : "2019-09-28T18:26+0000",
          "signDate" : "2019-09-28T10:04+0000",
          "age" : 29,
          "moonPhase" : "newMoon",
          "sign" : "libra"
        },
        {
          "timeZone" : 2,
          "date" : "2019-09-28T18:26+0000",
          "moonPhaseDate" : "2019-09-28T18:26+0000",
          "signDate" : "2019-09-28T10:04+0000",
          "age" : 1,
          "moonPhase" : "newMoon",
          "sign" : "libra"
        },
        {
          "date" : "2019-09-29T05:11+0000",
          "moonPhaseDate" : "2019-09-28T18:26+0000",
          "timeZone" : 2,
          "signDate" : "2019-09-28T10:04+0000",
          "age" : 2,
          "moonPhase" : "phase1",
          "sign" : "libra"
        },
        {
          "date" : "2019-09-30T06:47+0000",
          "moonPhaseDate" : "2019-09-28T18:26+0000",
          "timeZone" : 2,
          "signDate" : "2019-09-30T09:45+0000",
          "age" : 3,
          "sign" : "scorpio",
          "moonPhase" : "phase1"
        },
        {
          "signDate" : "2019-09-30T09:45+0000",
          "timeZone" : 2,
          "moonPhaseDate" : null,
          "moonPhase" : "phase1",
          "age" : 4,
          "date" : "2019-10-01T08:22+0000",
          "sign" : "scorpio"
        },
        {
          "age" : 5,
          "signDate" : "2019-10-02T11:45+0000",
          "sign" : "sagittarius",
          "moonPhase" : "phase1",
          "date" : "2019-10-02T09:54+0000",
          "moonPhaseDate" : null,
          "timeZone" : 2
        },
        {
          "age" : 6,
          "sign" : "sagittarius",
          "signDate" : "2019-10-02T11:45+0000",
          "moonPhase" : "phase1",
          "date" : "2019-10-03T11:20+0000",
          "moonPhaseDate" : null,
          "timeZone" : 2
        },
        {
          "age" : 7,
          "signDate" : "2019-10-04T17:41+0000",
          "sign" : "capricorn",
          "moonPhase" : "phase1",
          "date" : "2019-10-04T12:35+0000",
          "moonPhaseDate" : null,
          "timeZone" : 2
        },
        {
          "sign" : "capricorn",
          "age" : 8,
          "signDate" : "2019-10-04T17:41+0000",
          "moonPhase" : "phase2",
          "date" : "2019-10-05T13:37+0000",
          "moonPhaseDate" : "2019-10-05T16:47+0000",
          "timeZone" : 2
        },
        {
          "sign" : "capricorn",
          "signDate" : "2019-10-04T17:41+0000",
          "age" : 9,
          "moonPhase" : "phase2",
          "date" : "2019-10-06T14:23+0000",
          "moonPhaseDate" : "2019-10-05T16:47+0000",
          "timeZone" : 2
        },
        {
          "sign" : "aquarius",
          "signDate" : "2019-10-07T03:43+0000",
          "age" : 10,
          "moonPhase" : "phase2",
          "date" : "2019-10-07T14:56+0000",
          "moonPhaseDate" : "2019-10-05T16:47+0000",
          "timeZone" : 2
        },
        {
          "age" : 11,
          "signDate" : "2019-10-07T03:43+0000",
          "sign" : "aquarius",
          "moonPhase" : "phase2",
          "date" : "2019-10-08T15:19+0000",
          "moonPhaseDate" : "2019-10-05T16:47+0000",
          "timeZone" : 2
        },
        {
          "sign" : "pisces",
          "signDate" : "2019-10-09T16:08+0000",
          "age" : 12,
          "moonPhase" : "phase2",
          "date" : "2019-10-09T15:35+0000",
          "moonPhaseDate" : "2019-10-05T16:47+0000",
          "timeZone" : 2
        },
        {
          "age" : 13,
          "signDate" : "2019-10-09T16:08+0000",
          "sign" : "pisces",
          "moonPhase" : "phase2",
          "date" : "2019-10-10T15:48+0000",
          "moonPhaseDate" : "2019-10-05T16:47+0000",
          "timeZone" : 2
        },
        {
          "age" : 14,
          "signDate" : "2019-10-09T16:08+0000",
          "sign" : "pisces",
          "moonPhase" : "phase2",
          "date" : "2019-10-11T15:59+0000",
          "moonPhaseDate" : "2019-10-05T16:47+0000",
          "timeZone" : 2
        },
        {
          "sign" : "aries",
          "signDate" : "2019-10-12T04:46+0000",
          "age" : 15,
          "moonPhase" : "phase2",
          "date" : "2019-10-12T16:08+0000",
          "moonPhaseDate" : "2019-10-05T16:47+0000",
          "timeZone" : 2
        },
        {
          "age" : 16,
          "signDate" : "2019-10-12T04:46+0000",
          "sign" : "aries",
          "moonPhase" : "fullMoon",
          "date" : "2019-10-13T16:17+0000",
          "moonPhaseDate" : "2019-10-13T21:08+0000",
          "timeZone" : 2
        },
        {
          "age" : 17,
          "sign" : "taurus",
          "signDate" : "2019-10-14T16:23+0000",
          "moonPhase" : "phase3",
          "date" : "2019-10-14T16:27+0000",
          "moonPhaseDate" : "2019-10-13T21:08+0000",
          "timeZone" : 2
        },
        {
          "age" : 18,
          "signDate" : "2019-10-14T16:23+0000",
          "sign" : "taurus",
          "moonPhase" : "phase3",
          "date" : "2019-10-15T16:38+0000",
          "moonPhaseDate" : "2019-10-13T21:08+0000",
          "timeZone" : 2
        },
        {
          "sign" : "taurus",
          "signDate" : "2019-10-14T16:23+0000",
          "age" : 19,
          "moonPhase" : "phase3",
          "date" : "2019-10-16T16:51+0000",
          "moonPhaseDate" : "2019-10-13T21:08+0000",
          "timeZone" : 2
        },
        {
          "age" : 20,
          "signDate" : "2019-10-17T02:29+0000",
          "sign" : "gemini",
          "moonPhase" : "phase3",
          "date" : "2019-10-17T17:10+0000",
          "moonPhaseDate" : "2019-10-13T21:08+0000",
          "timeZone" : 2
        },
        {
          "sign" : "gemini",
          "signDate" : "2019-10-17T02:29+0000",
          "age" : 21,
          "moonPhase" : "phase3",
          "date" : "2019-10-18T17:36+0000",
          "moonPhaseDate" : "2019-10-13T21:08+0000",
          "timeZone" : 2
        },
        {
          "age" : 22,
          "signDate" : "2019-10-19T10:42+0000",
          "sign" : "cancer",
          "moonPhase" : "phase3",
          "date" : "2019-10-19T18:15+0000",
          "moonPhaseDate" : "2019-10-13T21:08+0000",
          "timeZone" : 2
        },
        {
          "age" : 23,
          "sign" : "cancer",
          "signDate" : "2019-10-19T10:42+0000",
          "moonPhase" : "phase3",
          "date" : "2019-10-20T19:10+0000",
          "moonPhaseDate" : "2019-10-13T21:08+0000",
          "timeZone" : 2
        },
        {
          "age" : 24,
          "signDate" : "2019-10-21T16:30+0000",
          "sign" : "leo",
          "moonPhase" : "phase4",
          "date" : "2019-10-21T20:23+0000",
          "moonPhaseDate" : "2019-10-21T12:39+0000",
          "timeZone" : 2
        },
        {
          "sign" : "leo",
          "signDate" : "2019-10-21T16:30+0000",
          "age" : 25,
          "moonPhase" : "phase4",
          "date" : "2019-10-22T21:48+0000",
          "moonPhaseDate" : "2019-10-21T12:39+0000",
          "timeZone" : 2
        },
        {
          "sign" : "virgo",
          "signDate" : "2019-10-21T16:30+0000",
          "age" : 26,
          "moonPhase" : "phase4",
          "date" : "2019-10-23T23:21+0000",
          "moonPhaseDate" : "2019-10-21T12:39+0000",
          "timeZone" : 2
        },
        {
          "age" : 27,
          "sign" : "libra",
          "signDate" : "2019-10-25T20:20+0000",
          "moonPhase" : "phase4",
          "date" : "2019-10-25T00:56+0000",
          "moonPhaseDate" : "2019-10-21T12:39+0000",
          "timeZone" : 2
        },
        {
          "sign" : "libra",
          "signDate" : "2019-10-25T20:20+0000",
          "age" : 28,
          "moonPhase" : "phase4",
          "date" : "2019-10-26T02:33+0000",
          "moonPhaseDate" : "2019-10-21T12:39+0000",
          "timeZone" : 2
        },
        {
          "age" : 29,
          "sign" : "scorpio",
          "signDate" : "2019-10-27T19:31+0000",
          "moonPhase" : "phase4",
          "date" : "2019-10-27T03:09+0000",
          "moonPhaseDate" : "2019-10-21T12:39+0000",
          "timeZone" : 2
        },
        {
          "sign" : "scorpio",
          "signDate" : "2019-10-27T19:31+0000",
          "age" : 1,
          "moonPhase" : "newMoon",
          "date" : "2019-10-28T02:38+0000",
          "moonPhaseDate" : "2019-10-28T02:38+0000",
          "timeZone" : 2
        },
        {
          "sign" : "scorpio",
          "age" : 2,
          "signDate" : "2019-10-27T19:31+0000",
          "moonPhase" : "newMoon",
          "date" : "2019-10-28T04:45+0000",
          "moonPhaseDate" : "2019-10-28T02:38+0000",
          "timeZone" : 2
        },
        {
          "sign" : "sagittarius",
          "signDate" : "2019-10-29T21:00+0000",
          "age" : 3,
          "moonPhase" : "phase1",
          "date" : "2019-10-29T06:20+0000",
          "moonPhaseDate" : "2019-10-28T02:38+0000",
          "timeZone" : 2
        },
        {
          "age" : 4,
          "sign" : "sagittarius",
          "signDate" : "2019-10-29T21:00+0000",
          "moonPhase" : "phase1",
          "date" : "2019-10-30T07:52+0000",
          "moonPhaseDate" : "2019-10-28T02:38+0000",
          "timeZone" : 2
        },
        {
          "sign" : "sagittarius",
          "signDate" : "2019-10-29T21:00+0000",
          "age" : 5,
          "moonPhase" : "phase1",
          "date" : "2019-10-31T09:16+0000",
          "moonPhaseDate" : "2019-10-28T02:38+0000",
          "timeZone" : 2
        },
        {
          "age" : 6,
          "signDate" : "2019-11-01T01:38+0000",
          "sign" : "capricorn",
          "moonPhase" : "phase1",
          "date" : "2019-11-01T10:27+0000",
          "moonPhaseDate" : null,
          "timeZone" : 2
        },
        {
          "age" : 7,
          "signDate" : "2019-11-01T01:38+0000",
          "sign" : "capricorn",
          "moonPhase" : "phase1",
          "date" : "2019-11-02T11:21+0000",
          "moonPhaseDate" : null,
          "timeZone" : 2
        },
        {
          "age" : 8,
          "signDate" : "2019-11-03T10:21+0000",
          "sign" : "aquarius",
          "moonPhase" : "phase1",
          "date" : "2019-11-03T11:59+0000",
          "moonPhaseDate" : null,
          "timeZone" : 2
        },
        {
          "age" : 9,
          "signDate" : "2019-11-03T10:21+0000",
          "sign" : "aquarius",
          "moonPhase" : "phase2",
          "date" : "2019-11-04T12:26+0000",
          "moonPhaseDate" : "2019-11-04T09:23+0000",
          "timeZone" : 2
        },
        {
          "age" : 10,
          "signDate" : "2019-11-03T10:21+0000",
          "sign" : "aquarius",
          "moonPhase" : "phase2",
          "date" : "2019-11-05T12:44+0000",
          "moonPhaseDate" : "2019-11-04T09:23+0000",
          "timeZone" : 2
        },
        {
          "age" : 11,
          "signDate" : "2019-11-05T22:11+0000",
          "sign" : "pisces",
          "moonPhase" : "phase2",
          "date" : "2019-11-06T12:58+0000",
          "moonPhaseDate" : "2019-11-04T09:23+0000",
          "timeZone" : 2
        },
        {
          "sign" : "pisces",
          "signDate" : "2019-11-05T22:11+0000",
          "age" : 12,
          "moonPhase" : "phase2",
          "date" : "2019-11-07T13:09+0000",
          "moonPhaseDate" : "2019-11-04T09:23+0000",
          "timeZone" : 2
        },
        {
          "sign" : "aries",
          "signDate" : "2019-11-08T10:50+0000",
          "age" : 13,
          "moonPhase" : "phase2",
          "date" : "2019-11-08T13:18+0000",
          "moonPhaseDate" : "2019-11-04T09:23+0000",
          "timeZone" : 2
        },
        {
          "age" : 14,
          "sign" : "aries",
          "signDate" : "2019-11-08T10:50+0000",
          "moonPhase" : "phase2",
          "date" : "2019-11-09T13:27+0000",
          "moonPhaseDate" : "2019-11-04T09:23+0000",
          "timeZone" : 2
        },
        {
          "sign" : "aries",
          "signDate" : "2019-11-08T10:50+0000",
          "age" : 15,
          "moonPhase" : "phase2",
          "date" : "2019-11-10T13:36+0000",
          "moonPhaseDate" : "2019-11-04T09:23+0000",
          "timeZone" : 2
        },
        {
          "sign" : "taurus",
          "signDate" : "2019-11-10T22:19+0000",
          "age" : 16,
          "moonPhase" : "phase2",
          "date" : "2019-11-11T13:46+0000",
          "moonPhaseDate" : "2019-11-04T09:23+0000",
          "timeZone" : 2
        },
        {
          "sign" : "taurus",
          "signDate" : "2019-11-10T22:19+0000",
          "age" : 17,
          "moonPhase" : "fullMoon",
          "date" : "2019-11-12T13:58+0000",
          "moonPhaseDate" : "2019-11-12T12:35+0000",
          "timeZone" : 2
        },
        {
          "age" : 18,
          "signDate" : "2019-11-13T07:45+0000",
          "sign" : "gemini",
          "moonPhase" : "phase3",
          "date" : "2019-11-13T14:15+0000",
          "moonPhaseDate" : "2019-11-12T12:35+0000",
          "timeZone" : 2
        },
        {
          "sign" : "gemini",
          "signDate" : "2019-11-13T07:45+0000",
          "age" : 19,
          "moonPhase" : "phase3",
          "date" : "2019-11-14T14:38+0000",
          "moonPhaseDate" : "2019-11-12T12:35+0000",
          "timeZone" : 2
        },
        {
          "age" : 20,
          "signDate" : "2019-11-15T15:12+0000",
          "sign" : "cancer",
          "moonPhase" : "phase3",
          "date" : "2019-11-15T15:11+0000",
          "moonPhaseDate" : "2019-11-12T12:35+0000",
          "timeZone" : 2
        },
        {
          "sign" : "cancer",
          "age" : 21,
          "signDate" : "2019-11-15T15:12+0000",
          "moonPhase" : "phase3",
          "date" : "2019-11-16T16:02+0000",
          "moonPhaseDate" : "2019-11-12T12:35+0000",
          "timeZone" : 2
        },
        {
          "sign" : "leo",
          "signDate" : "2019-11-17T20:54+0000",
          "age" : 22,
          "moonPhase" : "phase3",
          "date" : "2019-11-17T17:09+0000",
          "moonPhaseDate" : "2019-11-12T12:35+0000",
          "timeZone" : 2
        },
        {
          "sign" : "leo",
          "signDate" : "2019-11-17T20:54+0000",
          "age" : 23,
          "moonPhase" : "phase3",
          "date" : "2019-11-18T18:31+0000",
          "moonPhaseDate" : "2019-11-12T12:35+0000",
          "timeZone" : 2
        },
        {
          "sign" : "leo",
          "signDate" : "2019-11-17T20:54+0000",
          "age" : 24,
          "moonPhase" : "phase4",
          "date" : "2019-11-19T20:00+0000",
          "moonPhaseDate" : "2019-11-19T20:11+0000",
          "timeZone" : 2
        },
        {
          "age" : 25,
          "signDate" : "2019-11-20T00:54+0000",
          "sign" : "virgo",
          "moonPhase" : "phase4",
          "date" : "2019-11-20T21:33+0000",
          "moonPhaseDate" : "2019-11-19T20:11+0000",
          "timeZone" : 2
        },
        {
          "sign" : "libra",
          "signDate" : "2019-11-22T03:22+0000",
          "age" : 26,
          "moonPhase" : "phase4",
          "date" : "2019-11-21T23:05+0000",
          "moonPhaseDate" : "2019-11-19T20:11+0000",
          "timeZone" : 2
        },
        {
          "age" : 27,
          "sign" : "libra",
          "signDate" : "2019-11-22T03:22+0000",
          "moonPhase" : "phase4",
          "date" : "2019-11-23T00:38+0000",
          "moonPhaseDate" : "2019-11-19T20:11+0000",
          "timeZone" : 2
        },
        {
          "age" : 28,
          "signDate" : "2019-11-24T05:01+0000",
          "sign" : "scorpio",
          "moonPhase" : "phase4",
          "date" : "2019-11-24T02:12+0000",
          "moonPhaseDate" : "2019-11-19T20:11+0000",
          "timeZone" : 2
        },
        {
          "age" : 29,
          "sign" : "scorpio",
          "signDate" : "2019-11-24T05:01+0000",
          "moonPhase" : "phase4",
          "date" : "2019-11-25T03:45+0000",
          "moonPhaseDate" : "2019-11-19T20:11+0000",
          "timeZone" : 2
        },
        {
          "age" : 30,
          "sign" : "sagittarius",
          "signDate" : "2019-11-26T07:12+0000",
          "moonPhase" : "newMoon",
          "date" : "2019-11-26T05:19+0000",
          "moonPhaseDate" : "2019-11-26T14:06+0000",
          "timeZone" : 2
        },
        {
          "sign" : "sagittarius",
          "signDate" : "2019-11-26T07:12+0000",
          "age" : 1,
          "moonPhase" : "newMoon",
          "date" : "2019-11-26T14:06+0000",
          "moonPhaseDate" : "2019-11-26T14:06+0000",
          "timeZone" : 2
        },
        {
          "age" : 2,
          "signDate" : "2019-11-26T07:12+0000",
          "sign" : "sagittarius",
          "moonPhase" : "phase1",
          "date" : "2019-11-27T06:48+0000",
          "moonPhaseDate" : "2019-11-26T14:06+0000",
          "timeZone" : 2
        },
        {
          "sign" : "capricorn",
          "signDate" : "2019-11-28T11:32+0000",
          "age" : 3,
          "moonPhase" : "phase1",
          "date" : "2019-11-28T08:08+0000",
          "moonPhaseDate" : "2019-11-26T14:06+0000",
          "timeZone" : 2
        },
        {
          "age" : 4,
          "sign" : "capricorn",
          "signDate" : "2019-11-28T11:32+0000",
          "moonPhase" : "phase1",
          "date" : "2019-11-29T09:12+0000",
          "moonPhaseDate" : "2019-11-26T14:06+0000",
          "timeZone" : 2
        },
        {
          "age" : 5,
          "signDate" : "2019-11-30T19:15+0000",
          "sign" : "aquarius",
          "moonPhase" : "phase1",
          "date" : "2019-11-30T09:58+0000",
          "moonPhaseDate" : "2019-11-26T14:06+0000",
          "timeZone" : 2
        },
        {
          "sign" : "aquarius",
          "signDate" : "2019-11-30T19:15+0000",
          "age" : 6,
          "moonPhase" : "phase1",
          "date" : "2019-12-01T10:30+0000",
          "moonPhaseDate" : null,
          "timeZone" : 2
        },
        {
          "sign" : "aquarius",
          "age" : 7,
          "signDate" : "2019-11-30T19:15+0000",
          "moonPhase" : "phase1",
          "date" : "2019-12-02T10:52+0000",
          "moonPhaseDate" : null,
          "timeZone" : 2
        },
        {
          "age" : 8,
          "signDate" : "2019-12-03T06:14+0000",
          "sign" : "pisces",
          "moonPhase" : "phase1",
          "date" : "2019-12-03T11:07+0000",
          "moonPhaseDate" : null,
          "timeZone" : 2
        },
        {
          "sign" : "pisces",
          "signDate" : "2019-12-03T06:14+0000",
          "age" : 9,
          "moonPhase" : "phase2",
          "date" : "2019-12-04T11:19+0000",
          "moonPhaseDate" : "2019-12-04T05:58+0000",
          "timeZone" : 2
        },
        {
          "sign" : "aries",
          "signDate" : "2019-12-05T18:46+0000",
          "age" : 10,
          "moonPhase" : "phase2",
          "date" : "2019-12-05T11:28+0000",
          "moonPhaseDate" : "2019-12-04T05:58+0000",
          "timeZone" : 2
        },
        {
          "age" : 11,
          "signDate" : "2019-12-05T18:46+0000",
          "sign" : "aries",
          "moonPhase" : "phase2",
          "date" : "2019-12-06T11:37+0000",
          "moonPhaseDate" : "2019-12-04T05:58+0000",
          "timeZone" : 2
        },
        {
          "sign" : "aries",
          "signDate" : "2019-12-05T18:46+0000",
          "age" : 12,
          "moonPhase" : "phase2",
          "date" : "2019-12-07T11:45+0000",
          "moonPhaseDate" : "2019-12-04T05:58+0000",
          "timeZone" : 2
        },
        {
          "age" : 13,
          "signDate" : "2019-12-08T06:31+0000",
          "sign" : "taurus",
          "moonPhase" : "phase2",
          "date" : "2019-12-08T11:54+0000",
          "moonPhaseDate" : "2019-12-04T05:58+0000",
          "timeZone" : 2
        },
        {
          "age" : 14,
          "signDate" : "2019-12-08T06:31+0000",
          "sign" : "taurus",
          "moonPhase" : "phase2",
          "date" : "2019-12-09T12:05+0000",
          "moonPhaseDate" : "2019-12-04T05:58+0000",
          "timeZone" : 2
        },
        {
          "age" : 15,
          "signDate" : "2019-12-10T15:49+0000",
          "sign" : "gemini",
          "moonPhase" : "phase2",
          "date" : "2019-12-10T12:20+0000",
          "moonPhaseDate" : "2019-12-04T05:58+0000",
          "timeZone" : 2
        },
        {
          "age" : 16,
          "sign" : "gemini",
          "signDate" : "2019-12-10T15:49+0000",
          "moonPhase" : "phase2",
          "date" : "2019-12-11T12:40+0000",
          "moonPhaseDate" : "2019-12-04T05:58+0000",
          "timeZone" : 2
        },
        {
          "sign" : "gemini",
          "signDate" : "2019-12-10T15:49+0000",
          "age" : 17,
          "moonPhase" : "fullMoon",
          "date" : "2019-12-12T13:09+0000",
          "moonPhaseDate" : "2019-12-12T04:12+0000",
          "timeZone" : 2
        },
        {
          "age" : 18,
          "signDate" : "2019-12-12T22:24+0000",
          "sign" : "cancer",
          "moonPhase" : "phase3",
          "date" : "2019-12-13T13:54+0000",
          "moonPhaseDate" : "2019-12-12T04:12+0000",
          "timeZone" : 2
        },
        {
          "sign" : "cancer",
          "signDate" : "2019-12-12T22:24+0000",
          "age" : 19,
          "moonPhase" : "phase3",
          "date" : "2019-12-14T14:57+0000",
          "moonPhaseDate" : "2019-12-12T04:12+0000",
          "timeZone" : 2
        },
        {
          "sign" : "leo",
          "signDate" : "2019-12-15T02:53+0000",
          "age" : 20,
          "moonPhase" : "phase3",
          "date" : "2019-12-15T16:16+0000",
          "moonPhaseDate" : "2019-12-12T04:12+0000",
          "timeZone" : 2
        },
        {
          "sign" : "leo",
          "age" : 21,
          "signDate" : "2019-12-15T02:53+0000",
          "moonPhase" : "phase3",
          "date" : "2019-12-16T17:45+0000",
          "moonPhaseDate" : "2019-12-12T04:12+0000",
          "timeZone" : 2
        },
        {
          "age" : 22,
          "signDate" : "2019-12-17T06:13+0000",
          "sign" : "virgo",
          "moonPhase" : "phase3",
          "date" : "2019-12-17T19:17+0000",
          "moonPhaseDate" : "2019-12-12T04:12+0000",
          "timeZone" : 2
        },
        {
          "sign" : "virgo",
          "signDate" : "2019-12-17T06:13+0000",
          "age" : 23,
          "moonPhase" : "phase3",
          "date" : "2019-12-18T20:49+0000",
          "moonPhaseDate" : "2019-12-12T04:12+0000",
          "timeZone" : 2
        },
        {
          "sign" : "libra",
          "signDate" : "2019-12-17T06:13+0000",
          "age" : 24,
          "moonPhase" : "phase4",
          "date" : "2019-12-19T22:20+0000",
          "moonPhaseDate" : "2019-12-19T03:57+0000",
          "timeZone" : 2
        },
        {
          "sign" : "scorpio",
          "signDate" : "2019-12-21T12:01+0000",
          "age" : 25,
          "moonPhase" : "phase4",
          "date" : "2019-12-20T23:51+0000",
          "moonPhaseDate" : "2019-12-19T03:57+0000",
          "timeZone" : 2
        },
        {
          "sign" : "scorpio",
          "signDate" : "2019-12-21T12:01+0000",
          "age" : 26,
          "moonPhase" : "phase4",
          "date" : "2019-12-22T01:22+0000",
          "moonPhaseDate" : "2019-12-19T03:57+0000",
          "timeZone" : 2
        },
        {
          "age" : 27,
          "sign" : "sagittarius",
          "signDate" : "2019-12-23T15:37+0000",
          "moonPhase" : "phase4",
          "date" : "2019-12-23T02:52+0000",
          "moonPhaseDate" : "2019-12-19T03:57+0000",
          "timeZone" : 2
        },
        {
          "sign" : "sagittarius",
          "signDate" : "2019-12-23T15:37+0000",
          "age" : 28,
          "moonPhase" : "phase4",
          "date" : "2019-12-24T04:22+0000",
          "moonPhaseDate" : "2019-12-19T03:57+0000",
          "timeZone" : 2
        },
        {
          "age" : 29,
          "sign" : "capricorn",
          "signDate" : "2019-12-25T20:46+0000",
          "moonPhase" : "phase4",
          "date" : "2019-12-25T05:45+0000",
          "moonPhaseDate" : "2019-12-19T03:57+0000",
          "timeZone" : 2
        },
        {
          "sign" : "capricorn",
          "signDate" : "2019-12-25T20:46+0000",
          "age" : 1,
          "moonPhase" : "newMoon",
          "date" : "2019-12-26T04:13+0000",
          "moonPhaseDate" : "2019-12-26T04:13+0000",
          "timeZone" : 2
        },
        {
          "sign" : "capricorn",
          "signDate" : "2019-12-25T20:46+0000",
          "age" : 2,
          "moonPhase" : "newMoon",
          "date" : "2019-12-26T06:56+0000",
          "moonPhaseDate" : "2019-12-26T04:13+0000",
          "timeZone" : 2
        },
        {
          "sign" : "capricorn",
          "signDate" : "2019-12-25T20:46+0000",
          "age" : 3,
          "moonPhase" : "phase1",
          "date" : "2019-12-27T07:51+0000",
          "moonPhaseDate" : "2019-12-26T04:13+0000",
          "timeZone" : 2
        },
        {
          "sign" : "aquarius",
          "signDate" : "2019-12-28T04:21+0000",
          "age" : 4,
          "moonPhase" : "phase1",
          "date" : "2019-12-28T08:29+0000",
          "moonPhaseDate" : "2019-12-26T04:13+0000",
          "timeZone" : 2
        },
        {
          "sign" : "aquarius",
          "age" : 5,
          "signDate" : "2019-12-28T04:21+0000",
          "moonPhase" : "phase1",
          "date" : "2019-12-29T08:56+0000",
          "moonPhaseDate" : "2019-12-26T04:13+0000",
          "timeZone" : 2
        },
        {
          "age" : 6,
          "signDate" : "2019-12-30T14:43+0000",
          "sign" : "pisces",
          "moonPhase" : "phase1",
          "date" : "2019-12-30T09:14+0000",
          "moonPhaseDate" : "2019-12-26T04:13+0000",
          "timeZone" : 2
        },
        {
          "sign" : "pisces",
          "age" : 7,
          "signDate" : "2019-12-30T14:43+0000",
          "moonPhase" : "phase1",
          "date" : "2019-12-31T09:27+0000",
          "moonPhaseDate" : "2019-12-26T04:13+0000",
          "timeZone" : 2
        },
        {
          "sign" : "pisces",
          "signDate" : "2019-12-30T14:43+0000",
          "age" : 8,
          "moonPhase" : "phase1",
          "date" : "2020-01-01T09:37+0000",
          "moonPhaseDate" : null,
          "timeZone" : 2
        },
        {
          "age" : 9,
          "signDate" : "2020-01-02T03:01+0000",
          "sign" : "aries",
          "moonPhase" : "phase1",
          "date" : "2020-01-02T09:46+0000",
          "moonPhaseDate" : null,
          "timeZone" : 2
        },
        {
          "sign" : "aries",
          "signDate" : "2020-01-02T03:01+0000",
          "age" : 10,
          "moonPhase" : "phase2",
          "date" : "2020-01-03T09:54+0000",
          "moonPhaseDate" : "2020-01-03T03:45+0000",
          "timeZone" : 2
        },
        {
          "age" : 11,
          "sign" : "taurus",
          "signDate" : "2020-01-04T15:15+0000",
          "moonPhase" : "phase2",
          "date" : "2020-01-04T10:03+0000",
          "moonPhaseDate" : "2020-01-03T03:45+0000",
          "timeZone" : 2
        },
        {
          "sign" : "taurus",
          "signDate" : "2020-01-04T15:15+0000",
          "age" : 12,
          "moonPhase" : "phase2",
          "date" : "2020-01-05T10:12+0000",
          "moonPhaseDate" : "2020-01-03T03:45+0000",
          "timeZone" : 2
        },
        {
          "age" : 13,
          "signDate" : "2020-01-04T15:15+0000",
          "sign" : "taurus",
          "moonPhase" : "phase2",
          "date" : "2020-01-06T10:25+0000",
          "moonPhaseDate" : "2020-01-03T03:45+0000",
          "timeZone" : 2
        },
        {
          "age" : 14,
          "sign" : "gemini",
          "signDate" : "2020-01-07T01:13+0000",
          "moonPhase" : "phase2",
          "date" : "2020-01-07T10:42+0000",
          "moonPhaseDate" : "2020-01-03T03:45+0000",
          "timeZone" : 2
        },
        {
          "age" : 15,
          "signDate" : "2020-01-07T01:13+0000",
          "sign" : "gemini",
          "moonPhase" : "phase2",
          "date" : "2020-01-08T11:06+0000",
          "moonPhaseDate" : "2020-01-03T03:45+0000",
          "timeZone" : 2
        },
        {
          "sign" : "cancer",
          "signDate" : "2020-01-09T07:45+0000",
          "age" : 16,
          "moonPhase" : "phase2",
          "date" : "2020-01-09T11:43+0000",
          "moonPhaseDate" : "2020-01-03T03:45+0000",
          "timeZone" : 2
        },
        {
          "age" : 17,
          "sign" : "cancer",
          "signDate" : "2020-01-09T07:45+0000",
          "moonPhase" : "fullMoon",
          "date" : "2020-01-10T12:38+0000",
          "moonPhaseDate" : "2020-01-10T18:21+0000",
          "timeZone" : 2
        },
        {
          "sign" : "leo",
          "signDate" : "2020-01-11T11:16+0000",
          "age" : 18,
          "moonPhase" : "phase3",
          "date" : "2020-01-11T13:53+0000",
          "moonPhaseDate" : "2020-01-10T18:21+0000",
          "timeZone" : 2
        },
        {
          "age" : 19,
          "sign" : "leo",
          "signDate" : "2020-01-11T11:16+0000",
          "moonPhase" : "phase3",
          "date" : "2020-01-12T15:22+0000",
          "moonPhaseDate" : "2020-01-10T18:21+0000",
          "timeZone" : 2
        },
        {
          "sign" : "virgo",
          "signDate" : "2020-01-13T13:05+0000",
          "age" : 20,
          "moonPhase" : "phase3",
          "date" : "2020-01-13T16:57+0000",
          "moonPhaseDate" : "2020-01-10T18:21+0000",
          "timeZone" : 2
        },
        {
          "sign" : "virgo",
          "signDate" : "2020-01-13T13:05+0000",
          "age" : 21,
          "moonPhase" : "phase3",
          "date" : "2020-01-14T18:32+0000",
          "moonPhaseDate" : "2020-01-10T18:21+0000",
          "timeZone" : 2
        },
        {
          "age" : 22,
          "signDate" : "2020-01-15T14:42+0000",
          "sign" : "libra",
          "moonPhase" : "phase3",
          "date" : "2020-01-15T20:05+0000",
          "moonPhaseDate" : "2020-01-10T18:21+0000",
          "timeZone" : 2
        },
        {
          "age" : 23,
          "signDate" : "2020-01-15T14:42+0000",
          "sign" : "libra",
          "moonPhase" : "phase3",
          "date" : "2020-01-16T21:36+0000",
          "moonPhaseDate" : "2020-01-10T18:21+0000",
          "timeZone" : 2
        },
        {
          "sign" : "scorpio",
          "signDate" : "2020-01-15T14:42+0000",
          "age" : 24,
          "moonPhase" : "phase4",
          "date" : "2020-01-17T23:07+0000",
          "moonPhaseDate" : "2020-01-17T11:58+0000",
          "timeZone" : 2
        },
        {
          "sign" : "sagittarius",
          "signDate" : "2020-01-19T21:43+0000",
          "age" : 25,
          "moonPhase" : "phase4",
          "date" : "2020-01-19T00:37+0000",
          "moonPhaseDate" : "2020-01-17T11:58+0000",
          "timeZone" : 2
        },
        {
          "age" : 26,
          "sign" : "sagittarius",
          "signDate" : "2020-01-19T21:43+0000",
          "moonPhase" : "phase4",
          "date" : "2020-01-20T02:05+0000",
          "moonPhaseDate" : "2020-01-17T11:58+0000",
          "timeZone" : 2
        },
        {
          "age" : 27,
          "signDate" : "2020-01-19T21:43+0000",
          "sign" : "sagittarius",
          "moonPhase" : "phase4",
          "date" : "2020-01-21T03:29+0000",
          "moonPhaseDate" : "2020-01-17T11:58+0000",
          "timeZone" : 2
        },
        {
          "age" : 28,
          "sign" : "capricorn",
          "signDate" : "2020-01-22T04:02+0000",
          "moonPhase" : "phase4",
          "date" : "2020-01-22T04:44+0000",
          "moonPhaseDate" : "2020-01-17T11:58+0000",
          "timeZone" : 2
        },
        {
          "sign" : "capricorn",
          "signDate" : "2020-01-22T04:02+0000",
          "age" : 29,
          "moonPhase" : "phase4",
          "date" : "2020-01-23T05:44+0000",
          "moonPhaseDate" : "2020-01-17T11:58+0000",
          "timeZone" : 2
        },
        {
          "sign" : "aquarius",
          "signDate" : "2020-01-24T12:22+0000",
          "age" : 30,
          "moonPhase" : "newMoon",
          "date" : "2020-01-24T06:28+0000",
          "moonPhaseDate" : "2020-01-24T20:42+0000",
          "timeZone" : 2
        },
        {
          "age" : 1,
          "signDate" : "2020-01-24T12:22+0000",
          "sign" : "aquarius",
          "moonPhase" : "newMoon",
          "date" : "2020-01-24T20:42+0000",
          "moonPhaseDate" : "2020-01-24T20:42+0000",
          "timeZone" : 2
        },
        {
          "age" : 2,
          "signDate" : "2020-01-24T12:22+0000",
          "sign" : "aquarius",
          "moonPhase" : "phase1",
          "date" : "2020-01-25T06:58+0000",
          "moonPhaseDate" : "2020-01-24T20:42+0000",
          "timeZone" : 2
        },
        {
          "sign" : "aquarius",
          "age" : 3,
          "signDate" : "2020-01-24T12:22+0000",
          "moonPhase" : "phase1",
          "date" : "2020-01-26T07:19+0000",
          "moonPhaseDate" : "2020-01-24T20:42+0000",
          "timeZone" : 2
        },
        {
          "sign" : "pisces",
          "signDate" : "2020-01-26T22:45+0000",
          "age" : 4,
          "moonPhase" : "phase1",
          "date" : "2020-01-27T07:33+0000",
          "moonPhaseDate" : "2020-01-24T20:42+0000",
          "timeZone" : 2
        },
        {
          "sign" : "pisces",
          "signDate" : "2020-01-26T22:45+0000",
          "age" : 5,
          "moonPhase" : "phase1",
          "date" : "2020-01-28T07:45+0000",
          "moonPhaseDate" : "2020-01-24T20:42+0000",
          "timeZone" : 2
        },
        {
          "age" : 6,
          "sign" : "aries",
          "signDate" : "2020-01-29T10:51+0000",
          "moonPhase" : "phase1",
          "date" : "2020-01-29T07:54+0000",
          "moonPhaseDate" : "2020-01-24T20:42+0000",
          "timeZone" : 2
        },
        {
          "age" : 7,
          "signDate" : "2020-01-29T10:51+0000",
          "sign" : "aries",
          "moonPhase" : "phase1",
          "date" : "2020-01-30T08:02+0000",
          "moonPhaseDate" : "2020-01-24T20:42+0000",
          "timeZone" : 2
        },
        {
          "age" : 8,
          "signDate" : "2020-01-29T10:51+0000",
          "sign" : "aries",
          "moonPhase" : "phase1",
          "date" : "2020-01-31T08:11+0000",
          "moonPhaseDate" : "2020-01-24T20:42+0000",
          "timeZone" : 2
        },
        {
          "age" : 8,
          "signDate" : "2020-01-29T10:51+0000",
          "sign" : "aries",
          "moonPhase" : "phase1",
          "date" : "2020-01-31T08:11+0000",
          "moonPhaseDate" : "2020-01-24T20:42+0000",
          "timeZone" : 2
        }
      ],
      "timeZone" : 2,
      "cityName" : "Стокгольм"
    }
  ],
  "countryName" : "Швеция"
}