{
  "countryName" : "Армения",
  "cities" : [
    {
      "moonDays" : [
        {
          "age" : 26,
          "sign" : "aries",
          "moonPhase" : null,
          "signDate" : "2019-05-01T10:23+0000",
          "date" : "2019-05-01T00:37+0000",
          "moonPhaseDate" : null,
          "timeZone" : 4
        },
        {
          "age" : 27,
          "sign" : "aries",
          "moonPhase" : null,
          "signDate" : "2019-05-01T10:23+0000",
          "moonPhaseDate" : null,
          "date" : "2019-05-02T01:04+0000",
          "timeZone" : 4
        },
        {
          "age" : 28,
          "sign" : "aries",
          "moonPhase" : null,
          "signDate" : "2019-05-01T10:23+0000",
          "moonPhaseDate" : null,
          "date" : "2019-05-03T01:30+0000",
          "timeZone" : 4
        },
        {
          "age" : 29,
          "sign" : "taurus",
          "moonPhase" : null,
          "signDate" : "2019-05-03T20:21+0000",
          "date" : "2019-05-04T01:58+0000",
          "moonPhaseDate" : null,
          "timeZone" : 4
        },
        {
          "age" : 1,
          "sign" : "taurus",
          "moonPhase" : "newMoon",
          "signDate" : "2019-05-03T20:21+0000",
          "date" : "2019-05-04T22:45+0000",
          "moonPhaseDate" : "2019-05-04T22:45+0000",
          "timeZone" : 4
        },
        {
          "age" : 2,
          "sign" : "taurus",
          "moonPhase" : "newMoon",
          "signDate" : "2019-05-03T20:21+0000",
          "moonPhaseDate" : "2019-05-04T22:45+0000",
          "date" : "2019-05-05T02:29+0000",
          "timeZone" : 4
        },
        {
          "age" : 3,
          "sign" : "gemini",
          "moonPhase" : "phase1",
          "signDate" : "2019-05-06T03:42+0000",
          "moonPhaseDate" : "2019-05-04T22:45+0000",
          "date" : "2019-05-06T03:03+0000",
          "timeZone" : 4
        },
        {
          "age" : 4,
          "sign" : "gemini",
          "moonPhase" : "phase1",
          "signDate" : "2019-05-06T03:42+0000",
          "moonPhaseDate" : "2019-05-04T22:45+0000",
          "date" : "2019-05-07T03:43+0000",
          "timeZone" : 4
        },
        {
          "age" : 5,
          "sign" : "cancer",
          "moonPhase" : "phase1",
          "signDate" : "2019-05-08T09:05+0000",
          "moonPhaseDate" : "2019-05-04T22:45+0000",
          "date" : "2019-05-08T04:30+0000",
          "timeZone" : 4
        },
        {
          "age" : 6,
          "sign" : "cancer",
          "moonPhase" : "phase1",
          "signDate" : "2019-05-08T09:05+0000",
          "moonPhaseDate" : "2019-05-04T22:45+0000",
          "date" : "2019-05-09T05:24+0000",
          "timeZone" : 4
        },
        {
          "age" : 7,
          "sign" : "leo",
          "moonPhase" : "phase1",
          "signDate" : "2019-05-10T13:12+0000",
          "moonPhaseDate" : "2019-05-04T22:45+0000",
          "date" : "2019-05-10T06:26+0000",
          "timeZone" : 4
        },
        {
          "age" : 8,
          "sign" : "leo",
          "moonPhase" : "phase1",
          "signDate" : "2019-05-10T13:12+0000",
          "moonPhaseDate" : "2019-05-04T22:45+0000",
          "date" : "2019-05-11T07:32+0000",
          "timeZone" : 4
        },
        {
          "age" : 9,
          "sign" : "virgo",
          "moonPhase" : "phase2",
          "signDate" : "2019-05-12T16:23+0000",
          "date" : "2019-05-12T08:42+0000",
          "moonPhaseDate" : "2019-05-12T01:12+0000",
          "timeZone" : 4
        },
        {
          "age" : 10,
          "sign" : "virgo",
          "moonPhase" : "phase2",
          "signDate" : "2019-05-12T16:23+0000",
          "moonPhaseDate" : "2019-05-12T01:12+0000",
          "date" : "2019-05-13T09:53+0000",
          "timeZone" : 4
        },
        {
          "age" : 11,
          "sign" : "libra",
          "moonPhase" : "phase2",
          "signDate" : "2019-05-14T18:53+0000",
          "moonPhaseDate" : "2019-05-12T01:12+0000",
          "date" : "2019-05-14T11:04+0000",
          "timeZone" : 4
        },
        {
          "age" : 12,
          "sign" : "libra",
          "moonPhase" : "phase2",
          "signDate" : "2019-05-14T18:53+0000",
          "moonPhaseDate" : "2019-05-12T01:12+0000",
          "date" : "2019-05-15T12:14+0000",
          "timeZone" : 4
        },
        {
          "age" : 13,
          "sign" : "libra",
          "moonPhase" : "phase2",
          "signDate" : "2019-05-14T18:53+0000",
          "date" : "2019-05-16T13:24+0000",
          "moonPhaseDate" : "2019-05-12T01:12+0000",
          "timeZone" : 4
        },
        {
          "age" : 14,
          "sign" : "scorpio",
          "moonPhase" : "phase2",
          "signDate" : "2019-05-16T21:25+0000",
          "moonPhaseDate" : "2019-05-12T01:12+0000",
          "date" : "2019-05-17T14:34+0000",
          "timeZone" : 4
        },
        {
          "age" : 15,
          "sign" : "scorpio",
          "moonPhase" : "phase2",
          "signDate" : "2019-05-16T21:25+0000",
          "date" : "2019-05-18T15:43+0000",
          "moonPhaseDate" : "2019-05-12T01:12+0000",
          "timeZone" : 4
        },
        {
          "age" : 16,
          "sign" : "sagittarius",
          "moonPhase" : "fullMoon",
          "signDate" : "2019-05-19T01:19+0000",
          "date" : "2019-05-19T16:49+0000",
          "moonPhaseDate" : "2019-05-18T21:11+0000",
          "timeZone" : 4
        },
        {
          "age" : 17,
          "sign" : "sagittarius",
          "moonPhase" : "phase3",
          "signDate" : "2019-05-19T01:19+0000",
          "moonPhaseDate" : "2019-05-18T21:11+0000",
          "date" : "2019-05-20T17:53+0000",
          "timeZone" : 4
        },
        {
          "age" : 18,
          "sign" : "capricorn",
          "moonPhase" : "phase3",
          "signDate" : "2019-05-21T07:56+0000",
          "moonPhaseDate" : "2019-05-18T21:11+0000",
          "date" : "2019-05-21T18:51+0000",
          "timeZone" : 4
        },
        {
          "age" : 19,
          "sign" : "capricorn",
          "moonPhase" : "phase3",
          "signDate" : "2019-05-21T07:56+0000",
          "moonPhaseDate" : "2019-05-18T21:11+0000",
          "date" : "2019-05-22T19:43+0000",
          "timeZone" : 4
        },
        {
          "age" : 20,
          "sign" : "aquarius",
          "moonPhase" : "phase3",
          "signDate" : "2019-05-21T07:56+0000",
          "moonPhaseDate" : "2019-05-18T21:11+0000",
          "date" : "2019-05-23T20:28+0000",
          "timeZone" : 4
        },
        {
          "age" : 21,
          "sign" : "aquarius",
          "moonPhase" : "phase3",
          "signDate" : "2019-05-21T07:56+0000",
          "moonPhaseDate" : "2019-05-18T21:11+0000",
          "date" : "2019-05-24T21:08+0000",
          "timeZone" : 4
        },
        {
          "age" : 22,
          "sign" : "pisces",
          "moonPhase" : "phase4",
          "signDate" : "2019-05-26T06:07+0000",
          "date" : "2019-05-25T21:42+0000",
          "moonPhaseDate" : "2019-05-26T16:33+0000",
          "timeZone" : 4
        },
        {
          "age" : 23,
          "sign" : "pisces",
          "moonPhase" : "phase4",
          "signDate" : "2019-05-26T06:07+0000",
          "moonPhaseDate" : "2019-05-26T16:33+0000",
          "date" : "2019-05-26T22:12+0000",
          "timeZone" : 4
        },
        {
          "age" : 24,
          "sign" : "aries",
          "moonPhase" : "phase4",
          "signDate" : "2019-05-28T18:29+0000",
          "moonPhaseDate" : "2019-05-26T16:33+0000",
          "date" : "2019-05-27T22:40+0000",
          "timeZone" : 4
        },
        {
          "age" : 25,
          "sign" : "aries",
          "moonPhase" : "phase4",
          "signDate" : "2019-05-28T18:29+0000",
          "moonPhaseDate" : "2019-05-26T16:33+0000",
          "date" : "2019-05-28T23:06+0000",
          "timeZone" : 4
        },
        {
          "age" : 26,
          "sign" : "aries",
          "moonPhase" : "phase4",
          "signDate" : "2019-05-28T18:29+0000",
          "moonPhaseDate" : "2019-05-26T16:33+0000",
          "date" : "2019-05-29T23:32+0000",
          "timeZone" : 4
        },
        {
          "age" : 27,
          "sign" : "taurus",
          "moonPhase" : "phase4",
          "signDate" : "2019-05-31T04:44+0000",
          "date" : "2019-05-30T23:59+0000",
          "moonPhaseDate" : "2019-05-26T16:33+0000",
          "timeZone" : 4
        },
        {
          "age" : 28,
          "sign" : "taurus",
          "moonPhase" : "phase4",
          "signDate" : "2019-05-31T04:44+0000",
          "moonPhaseDate" : null,
          "date" : "2019-06-01T00:28+0000",
          "timeZone" : 4
        },
        {
          "age" : 29,
          "sign" : "gemini",
          "moonPhase" : "phase4",
          "signDate" : "2019-06-02T11:51+0000",
          "moonPhaseDate" : null,
          "date" : "2019-06-02T01:01+0000",
          "timeZone" : 4
        },
        {
          "age" : 30,
          "sign" : "gemini",
          "moonPhase" : "newMoon",
          "signDate" : "2019-06-02T11:51+0000",
          "moonPhaseDate" : "2019-06-03T10:02+0000",
          "date" : "2019-06-03T01:38+0000",
          "timeZone" : 4
        },
        {
          "age" : 1,
          "sign" : "gemini",
          "moonPhase" : "newMoon",
          "signDate" : "2019-06-02T11:51+0000",
          "moonPhaseDate" : "2019-06-03T10:02+0000",
          "date" : "2019-06-03T10:02+0000",
          "timeZone" : 4
        },
        {
          "age" : 2,
          "sign" : "cancer",
          "moonPhase" : "phase1",
          "signDate" : "2019-06-04T16:18+0000",
          "moonPhaseDate" : "2019-06-03T10:02+0000",
          "date" : "2019-06-04T02:23+0000",
          "timeZone" : 4
        },
        {
          "age" : 3,
          "sign" : "cancer",
          "moonPhase" : "phase1",
          "signDate" : "2019-06-04T16:18+0000",
          "moonPhaseDate" : "2019-06-03T10:02+0000",
          "date" : "2019-06-05T03:16+0000",
          "timeZone" : 4
        },
        {
          "age" : 4,
          "sign" : "leo",
          "moonPhase" : "phase1",
          "signDate" : "2019-06-06T19:14+0000",
          "moonPhaseDate" : "2019-06-03T10:02+0000",
          "date" : "2019-06-06T04:16+0000",
          "timeZone" : 4
        },
        {
          "age" : 5,
          "sign" : "leo",
          "moonPhase" : "phase1",
          "signDate" : "2019-06-06T19:14+0000",
          "moonPhaseDate" : "2019-06-03T10:02+0000",
          "date" : "2019-06-07T05:23+0000",
          "timeZone" : 4
        },
        {
          "age" : 6,
          "sign" : "leo",
          "moonPhase" : "phase1",
          "signDate" : "2019-06-06T19:14+0000",
          "moonPhaseDate" : "2019-06-03T10:02+0000",
          "date" : "2019-06-08T06:33+0000",
          "timeZone" : 4
        },
        {
          "age" : 7,
          "sign" : "virgo",
          "moonPhase" : "phase1",
          "signDate" : "2019-06-08T21:43+0000",
          "moonPhaseDate" : "2019-06-03T10:02+0000",
          "date" : "2019-06-09T07:44+0000",
          "timeZone" : 4
        },
        {
          "age" : 8,
          "sign" : "virgo",
          "moonPhase" : "phase2",
          "signDate" : "2019-06-08T21:43+0000",
          "moonPhaseDate" : "2019-06-10T05:59+0000",
          "date" : "2019-06-10T08:55+0000",
          "timeZone" : 4
        },
        {
          "age" : 9,
          "sign" : "libra",
          "moonPhase" : "phase2",
          "signDate" : "2019-06-11T00:30+0000",
          "moonPhaseDate" : "2019-06-10T05:59+0000",
          "date" : "2019-06-11T10:05+0000",
          "timeZone" : 4
        },
        {
          "age" : 10,
          "sign" : "libra",
          "moonPhase" : "phase2",
          "signDate" : "2019-06-11T00:30+0000",
          "date" : "2019-06-12T11:13+0000",
          "moonPhaseDate" : "2019-06-10T05:59+0000",
          "timeZone" : 4
        },
        {
          "age" : 11,
          "sign" : "scorpio",
          "moonPhase" : "phase2",
          "signDate" : "2019-06-13T04:03+0000",
          "moonPhaseDate" : "2019-06-10T05:59+0000",
          "date" : "2019-06-13T12:21+0000",
          "timeZone" : 4
        },
        {
          "age" : 12,
          "sign" : "scorpio",
          "moonPhase" : "phase2",
          "signDate" : "2019-06-13T04:03+0000",
          "moonPhaseDate" : "2019-06-10T05:59+0000",
          "date" : "2019-06-14T13:29+0000",
          "timeZone" : 4
        },
        {
          "age" : 13,
          "sign" : "sagittarius",
          "moonPhase" : "phase2",
          "signDate" : "2019-06-15T09:01+0000",
          "moonPhaseDate" : "2019-06-10T05:59+0000",
          "date" : "2019-06-15T14:35+0000",
          "timeZone" : 4
        },
        {
          "age" : 14,
          "sign" : "sagittarius",
          "moonPhase" : "phase2",
          "signDate" : "2019-06-15T09:01+0000",
          "date" : "2019-06-16T15:39+0000",
          "moonPhaseDate" : "2019-06-10T05:59+0000",
          "timeZone" : 4
        },
        {
          "age" : 15,
          "sign" : "capricorn",
          "moonPhase" : "fullMoon",
          "signDate" : "2019-06-17T16:11+0000",
          "date" : "2019-06-17T16:40+0000",
          "moonPhaseDate" : "2019-06-17T08:31+0000",
          "timeZone" : 4
        },
        {
          "age" : 16,
          "sign" : "capricorn",
          "moonPhase" : "phase3",
          "signDate" : "2019-06-17T16:11+0000",
          "moonPhaseDate" : "2019-06-17T08:31+0000",
          "date" : "2019-06-18T17:35+0000",
          "timeZone" : 4
        },
        {
          "age" : 17,
          "sign" : "capricorn",
          "moonPhase" : "phase3",
          "signDate" : "2019-06-17T16:11+0000",
          "moonPhaseDate" : "2019-06-17T08:31+0000",
          "date" : "2019-06-19T18:23+0000",
          "timeZone" : 4
        },
        {
          "age" : 18,
          "sign" : "aquarius",
          "moonPhase" : "phase3",
          "signDate" : "2019-06-20T02:01+0000",
          "moonPhaseDate" : "2019-06-17T08:31+0000",
          "date" : "2019-06-20T19:05+0000",
          "timeZone" : 4
        },
        {
          "age" : 19,
          "sign" : "aquarius",
          "moonPhase" : "phase3",
          "signDate" : "2019-06-20T02:01+0000",
          "date" : "2019-06-21T19:41+0000",
          "moonPhaseDate" : "2019-06-17T08:31+0000",
          "timeZone" : 4
        },
        {
          "age" : 20,
          "sign" : "pisces",
          "moonPhase" : "phase3",
          "signDate" : "2019-06-20T02:01+0000",
          "moonPhaseDate" : "2019-06-17T08:31+0000",
          "date" : "2019-06-22T20:13+0000",
          "timeZone" : 4
        },
        {
          "age" : 21,
          "sign" : "pisces",
          "moonPhase" : "phase3",
          "signDate" : "2019-06-20T02:01+0000",
          "date" : "2019-06-23T20:42+0000",
          "moonPhaseDate" : "2019-06-17T08:31+0000",
          "timeZone" : 4
        },
        {
          "age" : 22,
          "sign" : "aries",
          "moonPhase" : "phase4",
          "signDate" : "2019-06-25T02:34+0000",
          "moonPhaseDate" : "2019-06-25T09:46+0000",
          "date" : "2019-06-24T21:08+0000",
          "timeZone" : 4
        },
        {
          "age" : 23,
          "sign" : "aries",
          "moonPhase" : "phase4",
          "signDate" : "2019-06-25T02:34+0000",
          "moonPhaseDate" : "2019-06-25T09:46+0000",
          "date" : "2019-06-25T21:34+0000",
          "timeZone" : 4
        },
        {
          "age" : 24,
          "sign" : "taurus",
          "moonPhase" : "phase4",
          "signDate" : "2019-06-27T13:30+0000",
          "moonPhaseDate" : "2019-06-25T09:46+0000",
          "date" : "2019-06-26T22:00+0000",
          "timeZone" : 4
        },
        {
          "age" : 25,
          "sign" : "taurus",
          "moonPhase" : "phase4",
          "signDate" : "2019-06-27T13:30+0000",
          "moonPhaseDate" : "2019-06-25T09:46+0000",
          "date" : "2019-06-27T22:27+0000",
          "timeZone" : 4
        },
        {
          "age" : 26,
          "sign" : "taurus",
          "moonPhase" : "phase4",
          "signDate" : "2019-06-27T13:30+0000",
          "moonPhaseDate" : "2019-06-25T09:46+0000",
          "date" : "2019-06-28T22:57+0000",
          "timeZone" : 4
        },
        {
          "age" : 27,
          "sign" : "gemini",
          "moonPhase" : "phase4",
          "signDate" : "2019-06-29T21:10+0000",
          "moonPhaseDate" : "2019-06-25T09:46+0000",
          "date" : "2019-06-29T23:32+0000",
          "timeZone" : 4
        },
        {
          "age" : 28,
          "sign" : "gemini",
          "moonPhase" : "phase4",
          "signDate" : "2019-06-29T21:10+0000",
          "date" : "2019-07-01T00:13+0000",
          "moonPhaseDate" : null,
          "timeZone" : 4
        },
        {
          "age" : 29,
          "sign" : "cancer",
          "moonPhase" : "newMoon",
          "signDate" : "2019-07-02T01:26+0000",
          "moonPhaseDate" : "2019-07-02T19:16+0000",
          "date" : "2019-07-02T01:03+0000",
          "timeZone" : 4
        },
        {
          "age" : 1,
          "sign" : "cancer",
          "moonPhase" : "newMoon",
          "signDate" : "2019-07-02T01:26+0000",
          "moonPhaseDate" : "2019-07-02T19:16+0000",
          "date" : "2019-07-02T19:16+0000",
          "timeZone" : 4
        },
        {
          "age" : 2,
          "sign" : "cancer",
          "moonPhase" : "phase1",
          "signDate" : "2019-07-02T01:26+0000",
          "moonPhaseDate" : "2019-07-02T19:16+0000",
          "date" : "2019-07-03T02:01+0000",
          "timeZone" : 4
        },
        {
          "age" : 3,
          "sign" : "leo",
          "moonPhase" : "phase1",
          "signDate" : "2019-07-04T03:21+0000",
          "moonPhaseDate" : "2019-07-02T19:16+0000",
          "date" : "2019-07-04T03:07+0000",
          "timeZone" : 4
        },
        {
          "age" : 4,
          "sign" : "leo",
          "moonPhase" : "phase1",
          "signDate" : "2019-07-04T03:21+0000",
          "moonPhaseDate" : "2019-07-02T19:16+0000",
          "date" : "2019-07-05T04:18+0000",
          "timeZone" : 4
        },
        {
          "age" : 5,
          "sign" : "virgo",
          "moonPhase" : "phase1",
          "signDate" : "2019-07-06T04:25+0000",
          "moonPhaseDate" : "2019-07-02T19:16+0000",
          "date" : "2019-07-06T05:32+0000",
          "timeZone" : 4
        },
        {
          "age" : 6,
          "sign" : "virgo",
          "moonPhase" : "phase1",
          "signDate" : "2019-07-06T04:25+0000",
          "moonPhaseDate" : "2019-07-02T19:16+0000",
          "date" : "2019-07-07T06:44+0000",
          "timeZone" : 4
        },
        {
          "age" : 7,
          "sign" : "libra",
          "moonPhase" : "phase1",
          "signDate" : "2019-07-08T06:07+0000",
          "moonPhaseDate" : "2019-07-02T19:16+0000",
          "date" : "2019-07-08T07:56+0000",
          "timeZone" : 4
        },
        {
          "age" : 8,
          "sign" : "libra",
          "moonPhase" : "phase2",
          "signDate" : "2019-07-08T06:07+0000",
          "moonPhaseDate" : "2019-07-09T10:55+0000",
          "date" : "2019-07-09T09:05+0000",
          "timeZone" : 4
        },
        {
          "age" : 9,
          "sign" : "scorpio",
          "moonPhase" : "phase2",
          "signDate" : "2019-07-10T09:28+0000",
          "moonPhaseDate" : "2019-07-09T10:55+0000",
          "date" : "2019-07-10T10:13+0000",
          "timeZone" : 4
        },
        {
          "age" : 10,
          "sign" : "scorpio",
          "moonPhase" : "phase2",
          "signDate" : "2019-07-10T09:28+0000",
          "moonPhaseDate" : "2019-07-09T10:55+0000",
          "date" : "2019-07-11T11:20+0000",
          "timeZone" : 4
        },
        {
          "age" : 11,
          "sign" : "sagittarius",
          "moonPhase" : "phase2",
          "signDate" : "2019-07-12T15:04+0000",
          "moonPhaseDate" : "2019-07-09T10:55+0000",
          "date" : "2019-07-12T12:26+0000",
          "timeZone" : 4
        },
        {
          "age" : 12,
          "sign" : "sagittarius",
          "moonPhase" : "phase2",
          "signDate" : "2019-07-12T15:04+0000",
          "date" : "2019-07-13T13:30+0000",
          "moonPhaseDate" : "2019-07-09T10:55+0000",
          "timeZone" : 4
        },
        {
          "age" : 13,
          "sign" : "sagittarius",
          "moonPhase" : "phase2",
          "signDate" : "2019-07-12T15:04+0000",
          "moonPhaseDate" : "2019-07-09T10:55+0000",
          "date" : "2019-07-14T14:31+0000",
          "timeZone" : 4
        },
        {
          "age" : 14,
          "sign" : "capricorn",
          "moonPhase" : "phase2",
          "signDate" : "2019-07-14T23:03+0000",
          "moonPhaseDate" : "2019-07-09T10:55+0000",
          "date" : "2019-07-15T15:27+0000",
          "timeZone" : 4
        },
        {
          "age" : 15,
          "sign" : "capricorn",
          "moonPhase" : "phase2",
          "signDate" : "2019-07-14T23:03+0000",
          "moonPhaseDate" : "2019-07-09T10:55+0000",
          "date" : "2019-07-16T16:18+0000",
          "timeZone" : 4
        },
        {
          "age" : 16,
          "sign" : "aquarius",
          "moonPhase" : "fullMoon",
          "signDate" : "2019-07-17T09:18+0000",
          "date" : "2019-07-17T17:01+0000",
          "moonPhaseDate" : "2019-07-16T21:38+0000",
          "timeZone" : 4
        },
        {
          "age" : 17,
          "sign" : "aquarius",
          "moonPhase" : "phase3",
          "signDate" : "2019-07-17T09:18+0000",
          "date" : "2019-07-18T17:40+0000",
          "moonPhaseDate" : "2019-07-16T21:38+0000",
          "timeZone" : 4
        },
        {
          "age" : 18,
          "sign" : "aquarius",
          "moonPhase" : "phase3",
          "signDate" : "2019-07-17T09:18+0000",
          "moonPhaseDate" : "2019-07-16T21:38+0000",
          "date" : "2019-07-19T18:14+0000",
          "timeZone" : 4
        },
        {
          "age" : 19,
          "sign" : "pisces",
          "moonPhase" : "phase3",
          "signDate" : "2019-07-19T21:19+0000",
          "moonPhaseDate" : "2019-07-16T21:38+0000",
          "date" : "2019-07-20T18:43+0000",
          "timeZone" : 4
        },
        {
          "age" : 20,
          "sign" : "pisces",
          "moonPhase" : "phase3",
          "signDate" : "2019-07-19T21:19+0000",
          "date" : "2019-07-21T19:10+0000",
          "moonPhaseDate" : "2019-07-16T21:38+0000",
          "timeZone" : 4
        },
        {
          "age" : 21,
          "sign" : "aries",
          "moonPhase" : "phase3",
          "signDate" : "2019-07-22T10:01+0000",
          "date" : "2019-07-22T19:36+0000",
          "moonPhaseDate" : "2019-07-16T21:38+0000",
          "timeZone" : 4
        },
        {
          "age" : 22,
          "sign" : "aries",
          "moonPhase" : "phase3",
          "signDate" : "2019-07-22T10:01+0000",
          "moonPhaseDate" : "2019-07-16T21:38+0000",
          "date" : "2019-07-23T20:01+0000",
          "timeZone" : 4
        },
        {
          "age" : 23,
          "sign" : "taurus",
          "moonPhase" : "phase4",
          "signDate" : "2019-07-24T21:40+0000",
          "moonPhaseDate" : "2019-07-25T01:18+0000",
          "date" : "2019-07-24T20:28+0000",
          "timeZone" : 4
        },
        {
          "age" : 24,
          "sign" : "taurus",
          "moonPhase" : "phase4",
          "signDate" : "2019-07-24T21:40+0000",
          "date" : "2019-07-25T20:56+0000",
          "moonPhaseDate" : "2019-07-25T01:18+0000",
          "timeZone" : 4
        },
        {
          "age" : 25,
          "sign" : "gemini",
          "moonPhase" : "phase4",
          "signDate" : "2019-07-27T06:28+0000",
          "moonPhaseDate" : "2019-07-25T01:18+0000",
          "date" : "2019-07-26T21:28+0000",
          "timeZone" : 4
        },
        {
          "age" : 26,
          "sign" : "gemini",
          "moonPhase" : "phase4",
          "signDate" : "2019-07-27T06:28+0000",
          "moonPhaseDate" : "2019-07-25T01:18+0000",
          "date" : "2019-07-27T22:05+0000",
          "timeZone" : 4
        },
        {
          "age" : 27,
          "sign" : "cancer",
          "moonPhase" : "phase4",
          "signDate" : "2019-07-29T11:30+0000",
          "moonPhaseDate" : "2019-07-25T01:18+0000",
          "date" : "2019-07-28T22:49+0000",
          "timeZone" : 4
        },
        {
          "age" : 28,
          "sign" : "cancer",
          "moonPhase" : "phase4",
          "signDate" : "2019-07-29T11:30+0000",
          "moonPhaseDate" : "2019-07-25T01:18+0000",
          "date" : "2019-07-29T23:43+0000",
          "timeZone" : 4
        },
        {
          "age" : 29,
          "sign" : "leo",
          "moonPhase" : "phase4",
          "signDate" : "2019-07-31T13:18+0000",
          "moonPhaseDate" : "2019-07-25T01:18+0000",
          "date" : "2019-07-31T00:45+0000",
          "timeZone" : 4
        },
        {
          "age" : 30,
          "sign" : "leo",
          "moonPhase" : "newMoon",
          "signDate" : "2019-07-31T13:18+0000",
          "moonPhaseDate" : "2019-08-01T03:12+0000",
          "date" : "2019-08-01T01:55+0000",
          "timeZone" : 4
        },
        {
          "age" : 1,
          "sign" : "leo",
          "moonPhase" : "newMoon",
          "signDate" : "2019-07-31T13:18+0000",
          "moonPhaseDate" : "2019-08-01T03:12+0000",
          "date" : "2019-08-01T03:12+0000",
          "timeZone" : 4
        },
        {
          "age" : 2,
          "sign" : "virgo",
          "moonPhase" : "phase1",
          "signDate" : "2019-08-02T13:23+0000",
          "moonPhaseDate" : "2019-08-01T03:12+0000",
          "date" : "2019-08-02T03:10+0000",
          "timeZone" : 4
        },
        {
          "age" : 3,
          "sign" : "virgo",
          "moonPhase" : "phase1",
          "signDate" : "2019-08-02T13:23+0000",
          "moonPhaseDate" : "2019-08-01T03:12+0000",
          "date" : "2019-08-03T04:26+0000",
          "timeZone" : 4
        },
        {
          "age" : 4,
          "sign" : "libra",
          "moonPhase" : "phase1",
          "signDate" : "2019-08-04T13:32+0000",
          "moonPhaseDate" : "2019-08-01T03:12+0000",
          "date" : "2019-08-04T05:40+0000",
          "timeZone" : 4
        },
        {
          "age" : 5,
          "sign" : "libra",
          "moonPhase" : "phase1",
          "signDate" : "2019-08-04T13:32+0000",
          "moonPhaseDate" : "2019-08-01T03:12+0000",
          "date" : "2019-08-05T06:53+0000",
          "timeZone" : 4
        },
        {
          "age" : 6,
          "sign" : "scorpio",
          "moonPhase" : "phase1",
          "signDate" : "2019-08-06T15:31+0000",
          "moonPhaseDate" : "2019-08-01T03:12+0000",
          "date" : "2019-08-06T08:03+0000",
          "timeZone" : 4
        },
        {
          "age" : 7,
          "sign" : "scorpio",
          "moonPhase" : "phase2",
          "signDate" : "2019-08-06T15:31+0000",
          "moonPhaseDate" : "2019-08-07T17:31+0000",
          "date" : "2019-08-07T09:12+0000",
          "timeZone" : 4
        },
        {
          "age" : 8,
          "sign" : "scorpio",
          "moonPhase" : "phase2",
          "signDate" : "2019-08-06T15:31+0000",
          "date" : "2019-08-08T10:19+0000",
          "moonPhaseDate" : "2019-08-07T17:31+0000",
          "timeZone" : 4
        },
        {
          "age" : 9,
          "sign" : "sagittarius",
          "moonPhase" : "phase2",
          "signDate" : "2019-08-08T20:32+0000",
          "moonPhaseDate" : "2019-08-07T17:31+0000",
          "date" : "2019-08-09T11:24+0000",
          "timeZone" : 4
        },
        {
          "age" : 10,
          "sign" : "sagittarius",
          "moonPhase" : "phase2",
          "signDate" : "2019-08-08T20:32+0000",
          "moonPhaseDate" : "2019-08-07T17:31+0000",
          "date" : "2019-08-10T12:26+0000",
          "timeZone" : 4
        },
        {
          "age" : 11,
          "sign" : "capricorn",
          "moonPhase" : "phase2",
          "signDate" : "2019-08-11T04:48+0000",
          "moonPhaseDate" : "2019-08-07T17:31+0000",
          "date" : "2019-08-11T13:23+0000",
          "timeZone" : 4
        },
        {
          "age" : 12,
          "sign" : "capricorn",
          "moonPhase" : "phase2",
          "signDate" : "2019-08-11T04:48+0000",
          "moonPhaseDate" : "2019-08-07T17:31+0000",
          "date" : "2019-08-12T14:15+0000",
          "timeZone" : 4
        },
        {
          "age" : 13,
          "sign" : "aquarius",
          "moonPhase" : "phase2",
          "signDate" : "2019-08-13T15:36+0000",
          "moonPhaseDate" : "2019-08-07T17:31+0000",
          "date" : "2019-08-13T15:00+0000",
          "timeZone" : 4
        },
        {
          "age" : 14,
          "sign" : "aquarius",
          "moonPhase" : "phase2",
          "signDate" : "2019-08-13T15:36+0000",
          "moonPhaseDate" : "2019-08-07T17:31+0000",
          "date" : "2019-08-14T15:40+0000",
          "timeZone" : 4
        },
        {
          "age" : 15,
          "sign" : "aquarius",
          "moonPhase" : "fullMoon",
          "signDate" : "2019-08-13T15:36+0000",
          "date" : "2019-08-15T16:15+0000",
          "moonPhaseDate" : "2019-08-15T12:29+0000",
          "timeZone" : 4
        },
        {
          "age" : 16,
          "sign" : "pisces",
          "moonPhase" : "phase3",
          "signDate" : "2019-08-16T03:50+0000",
          "moonPhaseDate" : "2019-08-15T12:29+0000",
          "date" : "2019-08-16T16:46+0000",
          "timeZone" : 4
        },
        {
          "age" : 17,
          "sign" : "pisces",
          "moonPhase" : "phase3",
          "signDate" : "2019-08-16T03:50+0000",
          "moonPhaseDate" : "2019-08-15T12:29+0000",
          "date" : "2019-08-17T17:13+0000",
          "timeZone" : 4
        },
        {
          "age" : 18,
          "sign" : "aries",
          "moonPhase" : "phase3",
          "signDate" : "2019-08-18T16:32+0000",
          "date" : "2019-08-18T17:39+0000",
          "moonPhaseDate" : "2019-08-15T12:29+0000",
          "timeZone" : 4
        },
        {
          "age" : 19,
          "sign" : "aries",
          "moonPhase" : "phase3",
          "signDate" : "2019-08-18T16:32+0000",
          "date" : "2019-08-19T18:05+0000",
          "moonPhaseDate" : "2019-08-15T12:29+0000",
          "timeZone" : 4
        },
        {
          "age" : 20,
          "sign" : "aries",
          "moonPhase" : "phase3",
          "signDate" : "2019-08-18T16:32+0000",
          "moonPhaseDate" : "2019-08-15T12:29+0000",
          "date" : "2019-08-20T18:30+0000",
          "timeZone" : 4
        },
        {
          "age" : 21,
          "sign" : "taurus",
          "moonPhase" : "phase3",
          "signDate" : "2019-08-21T04:36+0000",
          "moonPhaseDate" : "2019-08-15T12:29+0000",
          "date" : "2019-08-21T18:57+0000",
          "timeZone" : 4
        },
        {
          "age" : 22,
          "sign" : "taurus",
          "moonPhase" : "phase3",
          "signDate" : "2019-08-21T04:36+0000",
          "moonPhaseDate" : "2019-08-15T12:29+0000",
          "date" : "2019-08-22T19:26+0000",
          "timeZone" : 4
        },
        {
          "age" : 23,
          "sign" : "gemini",
          "moonPhase" : "phase4",
          "signDate" : "2019-08-21T04:36+0000",
          "moonPhaseDate" : "2019-08-23T14:56+0000",
          "date" : "2019-08-23T20:00+0000",
          "timeZone" : 4
        },
        {
          "age" : 24,
          "sign" : "gemini",
          "moonPhase" : "phase4",
          "signDate" : "2019-08-21T04:36+0000",
          "date" : "2019-08-24T20:39+0000",
          "moonPhaseDate" : "2019-08-23T14:56+0000",
          "timeZone" : 4
        },
        {
          "age" : 25,
          "sign" : "cancer",
          "moonPhase" : "phase4",
          "signDate" : "2019-08-25T21:05+0000",
          "date" : "2019-08-25T21:28+0000",
          "moonPhaseDate" : "2019-08-23T14:56+0000",
          "timeZone" : 4
        },
        {
          "age" : 26,
          "sign" : "cancer",
          "moonPhase" : "phase4",
          "signDate" : "2019-08-25T21:05+0000",
          "date" : "2019-08-26T22:24+0000",
          "moonPhaseDate" : "2019-08-23T14:56+0000",
          "timeZone" : 4
        },
        {
          "age" : 27,
          "sign" : "leo",
          "moonPhase" : "phase4",
          "signDate" : "2019-08-27T23:51+0000",
          "moonPhaseDate" : "2019-08-23T14:56+0000",
          "date" : "2019-08-27T23:30+0000",
          "timeZone" : 4
        },
        {
          "age" : 28,
          "sign" : "leo",
          "moonPhase" : "phase4",
          "signDate" : "2019-08-27T23:51+0000",
          "moonPhaseDate" : "2019-08-23T14:56+0000",
          "date" : "2019-08-29T00:42+0000",
          "timeZone" : 4
        },
        {
          "age" : 29,
          "sign" : "virgo",
          "moonPhase" : "newMoon",
          "signDate" : "2019-08-29T23:57+0000",
          "moonPhaseDate" : "2019-08-30T10:37+0000",
          "date" : "2019-08-30T01:59+0000",
          "timeZone" : 4
        },
        {
          "age" : 1,
          "sign" : "virgo",
          "moonPhase" : "newMoon",
          "signDate" : "2019-08-29T23:57+0000",
          "moonPhaseDate" : "2019-08-30T10:37+0000",
          "date" : "2019-08-30T10:37+0000",
          "timeZone" : 4
        },
        {
          "age" : 2,
          "sign" : "virgo",
          "moonPhase" : "phase1",
          "signDate" : "2019-08-29T23:57+0000",
          "date" : "2019-08-31T03:15+0000",
          "moonPhaseDate" : "2019-08-30T10:37+0000",
          "timeZone" : 4
        },
        {
          "age" : 3,
          "sign" : "libra",
          "moonPhase" : "phase1",
          "signDate" : "2019-08-31T23:12+0000",
          "moonPhaseDate" : null,
          "date" : "2019-09-01T04:31+0000",
          "timeZone" : 4
        },
        {
          "age" : 4,
          "sign" : "libra",
          "moonPhase" : "phase1",
          "signDate" : "2019-08-31T23:12+0000",
          "moonPhaseDate" : null,
          "date" : "2019-09-02T05:45+0000",
          "timeZone" : 4
        },
        {
          "age" : 5,
          "sign" : "scorpio",
          "moonPhase" : "phase1",
          "signDate" : "2019-09-02T23:38+0000",
          "moonPhaseDate" : null,
          "date" : "2019-09-03T06:57+0000",
          "timeZone" : 4
        },
        {
          "age" : 6,
          "sign" : "scorpio",
          "moonPhase" : "phase1",
          "signDate" : "2019-09-02T23:38+0000",
          "moonPhaseDate" : null,
          "date" : "2019-09-04T08:08+0000",
          "timeZone" : 4
        },
        {
          "age" : 7,
          "sign" : "sagittarius",
          "moonPhase" : "phase1",
          "signDate" : "2019-09-05T03:06+0000",
          "moonPhaseDate" : null,
          "date" : "2019-09-05T09:15+0000",
          "timeZone" : 4
        },
        {
          "age" : 8,
          "sign" : "sagittarius",
          "moonPhase" : "phase2",
          "signDate" : "2019-09-05T03:06+0000",
          "moonPhaseDate" : "2019-09-06T03:10+0000",
          "date" : "2019-09-06T10:19+0000",
          "timeZone" : 4
        },
        {
          "age" : 9,
          "sign" : "capricorn",
          "moonPhase" : "phase2",
          "signDate" : "2019-09-07T10:35+0000",
          "moonPhaseDate" : "2019-09-06T03:10+0000",
          "date" : "2019-09-07T11:19+0000",
          "timeZone" : 4
        },
        {
          "age" : 10,
          "sign" : "capricorn",
          "moonPhase" : "phase2",
          "signDate" : "2019-09-07T10:35+0000",
          "date" : "2019-09-08T12:12+0000",
          "moonPhaseDate" : "2019-09-06T03:10+0000",
          "timeZone" : 4
        },
        {
          "age" : 11,
          "sign" : "capricorn",
          "moonPhase" : "phase2",
          "signDate" : "2019-09-07T10:35+0000",
          "moonPhaseDate" : "2019-09-06T03:10+0000",
          "date" : "2019-09-09T13:00+0000",
          "timeZone" : 4
        },
        {
          "age" : 12,
          "sign" : "aquarius",
          "moonPhase" : "phase2",
          "signDate" : "2019-09-09T21:25+0000",
          "moonPhaseDate" : "2019-09-06T03:10+0000",
          "date" : "2019-09-10T13:41+0000",
          "timeZone" : 4
        },
        {
          "age" : 13,
          "sign" : "aquarius",
          "moonPhase" : "phase2",
          "signDate" : "2019-09-09T21:25+0000",
          "date" : "2019-09-11T14:17+0000",
          "moonPhaseDate" : "2019-09-06T03:10+0000",
          "timeZone" : 4
        },
        {
          "age" : 14,
          "sign" : "pisces",
          "moonPhase" : "phase2",
          "signDate" : "2019-09-12T09:53+0000",
          "moonPhaseDate" : "2019-09-06T03:10+0000",
          "date" : "2019-09-12T14:49+0000",
          "timeZone" : 4
        },
        {
          "age" : 15,
          "sign" : "pisces",
          "moonPhase" : "phase2",
          "signDate" : "2019-09-12T09:53+0000",
          "date" : "2019-09-13T15:17+0000",
          "moonPhaseDate" : "2019-09-06T03:10+0000",
          "timeZone" : 4
        },
        {
          "age" : 16,
          "sign" : "pisces",
          "moonPhase" : "fullMoon",
          "signDate" : "2019-09-12T09:53+0000",
          "moonPhaseDate" : "2019-09-14T04:33+0000",
          "date" : "2019-09-14T15:43+0000",
          "timeZone" : 4
        },
        {
          "age" : 17,
          "sign" : "aries",
          "moonPhase" : "phase3",
          "signDate" : "2019-09-14T22:32+0000",
          "moonPhaseDate" : "2019-09-14T04:33+0000",
          "date" : "2019-09-15T16:08+0000",
          "timeZone" : 4
        },
        {
          "age" : 18,
          "sign" : "aries",
          "moonPhase" : "phase3",
          "signDate" : "2019-09-14T22:32+0000",
          "date" : "2019-09-16T16:34+0000",
          "moonPhaseDate" : "2019-09-14T04:33+0000",
          "timeZone" : 4
        },
        {
          "age" : 19,
          "sign" : "taurus",
          "moonPhase" : "phase3",
          "signDate" : "2019-09-17T10:30+0000",
          "moonPhaseDate" : "2019-09-14T04:33+0000",
          "date" : "2019-09-17T17:00+0000",
          "timeZone" : 4
        },
        {
          "age" : 20,
          "sign" : "taurus",
          "moonPhase" : "phase3",
          "signDate" : "2019-09-17T10:30+0000",
          "date" : "2019-09-18T17:28+0000",
          "moonPhaseDate" : "2019-09-14T04:33+0000",
          "timeZone" : 4
        },
        {
          "age" : 21,
          "sign" : "taurus",
          "moonPhase" : "phase3",
          "signDate" : "2019-09-17T10:30+0000",
          "moonPhaseDate" : "2019-09-14T04:33+0000",
          "date" : "2019-09-19T18:00+0000",
          "timeZone" : 4
        },
        {
          "age" : 22,
          "sign" : "gemini",
          "moonPhase" : "phase3",
          "signDate" : "2019-09-19T20:58+0000",
          "moonPhaseDate" : "2019-09-14T04:33+0000",
          "date" : "2019-09-20T18:36+0000",
          "timeZone" : 4
        },
        {
          "age" : 23,
          "sign" : "gemini",
          "moonPhase" : "phase3",
          "signDate" : "2019-09-19T20:58+0000",
          "moonPhaseDate" : "2019-09-14T04:33+0000",
          "date" : "2019-09-21T19:20+0000",
          "timeZone" : 4
        },
        {
          "age" : 24,
          "sign" : "cancer",
          "moonPhase" : "phase4",
          "signDate" : "2019-09-19T20:58+0000",
          "moonPhaseDate" : "2019-09-22T02:41+0000",
          "date" : "2019-09-22T20:11+0000",
          "timeZone" : 4
        },
        {
          "age" : 25,
          "sign" : "leo",
          "moonPhase" : "phase4",
          "signDate" : "2019-09-24T09:19+0000",
          "moonPhaseDate" : "2019-09-22T02:41+0000",
          "date" : "2019-09-23T21:11+0000",
          "timeZone" : 4
        },
        {
          "age" : 26,
          "sign" : "leo",
          "moonPhase" : "phase4",
          "signDate" : "2019-09-24T09:19+0000",
          "moonPhaseDate" : "2019-09-22T02:41+0000",
          "date" : "2019-09-24T22:18+0000",
          "timeZone" : 4
        },
        {
          "age" : 27,
          "sign" : "virgo",
          "moonPhase" : "phase4",
          "signDate" : "2019-09-26T10:35+0000",
          "moonPhaseDate" : "2019-09-22T02:41+0000",
          "date" : "2019-09-25T23:30+0000",
          "timeZone" : 4
        },
        {
          "age" : 28,
          "sign" : "virgo",
          "moonPhase" : "phase4",
          "signDate" : "2019-09-26T10:35+0000",
          "moonPhaseDate" : "2019-09-22T02:41+0000",
          "date" : "2019-09-27T00:47+0000",
          "timeZone" : 4
        },
        {
          "age" : 29,
          "sign" : "libra",
          "moonPhase" : "newMoon",
          "signDate" : "2019-09-28T10:04+0000",
          "moonPhaseDate" : "2019-09-28T18:26+0000",
          "date" : "2019-09-28T02:03+0000",
          "timeZone" : 4
        },
        {
          "age" : 1,
          "sign" : "libra",
          "moonPhase" : "newMoon",
          "signDate" : "2019-09-28T10:04+0000",
          "date" : "2019-09-28T18:26+0000",
          "moonPhaseDate" : "2019-09-28T18:26+0000",
          "timeZone" : 4
        },
        {
          "age" : 2,
          "sign" : "libra",
          "moonPhase" : "phase1",
          "signDate" : "2019-09-28T10:04+0000",
          "moonPhaseDate" : "2019-09-28T18:26+0000",
          "date" : "2019-09-29T03:19+0000",
          "timeZone" : 4
        },
        {
          "age" : 3,
          "sign" : "scorpio",
          "moonPhase" : "phase1",
          "signDate" : "2019-09-30T09:45+0000",
          "moonPhaseDate" : "2019-09-28T18:26+0000",
          "date" : "2019-09-30T04:34+0000",
          "timeZone" : 4
        },
        {
          "age" : 4,
          "sign" : "scorpio",
          "moonPhase" : "phase1",
          "signDate" : "2019-09-30T09:45+0000",
          "moonPhaseDate" : null,
          "date" : "2019-10-01T05:47+0000",
          "timeZone" : 4
        },
        {
          "age" : 5,
          "sign" : "sagittarius",
          "moonPhase" : "phase1",
          "signDate" : "2019-10-02T11:45+0000",
          "moonPhaseDate" : null,
          "date" : "2019-10-02T06:58+0000",
          "timeZone" : 4
        },
        {
          "age" : 6,
          "sign" : "sagittarius",
          "moonPhase" : "phase1",
          "signDate" : "2019-10-02T11:45+0000",
          "moonPhaseDate" : null,
          "date" : "2019-10-03T08:07+0000",
          "timeZone" : 4
        },
        {
          "age" : 7,
          "sign" : "capricorn",
          "moonPhase" : "phase1",
          "signDate" : "2019-10-04T17:41+0000",
          "date" : "2019-10-04T09:10+0000",
          "moonPhaseDate" : null,
          "timeZone" : 4
        },
        {
          "age" : 8,
          "sign" : "capricorn",
          "moonPhase" : "phase2",
          "signDate" : "2019-10-04T17:41+0000",
          "moonPhaseDate" : "2019-10-05T16:47+0000",
          "date" : "2019-10-05T10:08+0000",
          "timeZone" : 4
        },
        {
          "age" : 9,
          "sign" : "capricorn",
          "moonPhase" : "phase2",
          "signDate" : "2019-10-04T17:41+0000",
          "moonPhaseDate" : "2019-10-05T16:47+0000",
          "date" : "2019-10-06T10:58+0000",
          "timeZone" : 4
        },
        {
          "age" : 10,
          "sign" : "aquarius",
          "moonPhase" : "phase2",
          "signDate" : "2019-10-07T03:43+0000",
          "moonPhaseDate" : "2019-10-05T16:47+0000",
          "date" : "2019-10-07T11:42+0000",
          "timeZone" : 4
        },
        {
          "age" : 11,
          "sign" : "aquarius",
          "moonPhase" : "phase2",
          "signDate" : "2019-10-07T03:43+0000",
          "moonPhaseDate" : "2019-10-05T16:47+0000",
          "date" : "2019-10-08T12:19+0000",
          "timeZone" : 4
        },
        {
          "age" : 12,
          "sign" : "pisces",
          "moonPhase" : "phase2",
          "signDate" : "2019-10-09T16:08+0000",
          "moonPhaseDate" : "2019-10-05T16:47+0000",
          "date" : "2019-10-09T12:52+0000",
          "timeZone" : 4
        },
        {
          "age" : 13,
          "sign" : "pisces",
          "moonPhase" : "phase2",
          "signDate" : "2019-10-09T16:08+0000",
          "moonPhaseDate" : "2019-10-05T16:47+0000",
          "date" : "2019-10-10T13:21+0000",
          "timeZone" : 4
        },
        {
          "age" : 14,
          "sign" : "pisces",
          "moonPhase" : "phase2",
          "signDate" : "2019-10-09T16:08+0000",
          "moonPhaseDate" : "2019-10-05T16:47+0000",
          "date" : "2019-10-11T13:47+0000",
          "timeZone" : 4
        },
        {
          "age" : 15,
          "sign" : "aries",
          "moonPhase" : "phase2",
          "signDate" : "2019-10-12T04:46+0000",
          "moonPhaseDate" : "2019-10-05T16:47+0000",
          "date" : "2019-10-12T14:13+0000",
          "timeZone" : 4
        },
        {
          "age" : 16,
          "sign" : "aries",
          "moonPhase" : "phase2",
          "signDate" : "2019-10-12T04:46+0000",
          "moonPhaseDate" : "2019-10-05T16:47+0000",
          "date" : "2019-10-13T14:38+0000",
          "timeZone" : 4
        },
        {
          "age" : 17,
          "sign" : "taurus",
          "moonPhase" : "fullMoon",
          "signDate" : "2019-10-14T16:23+0000",
          "moonPhaseDate" : "2019-10-13T21:08+0000",
          "date" : "2019-10-14T15:03+0000",
          "timeZone" : 4
        },
        {
          "age" : 18,
          "sign" : "taurus",
          "moonPhase" : "phase3",
          "signDate" : "2019-10-14T16:23+0000",
          "moonPhaseDate" : "2019-10-13T21:08+0000",
          "date" : "2019-10-15T15:31+0000",
          "timeZone" : 4
        },
        {
          "age" : 19,
          "sign" : "taurus",
          "moonPhase" : "phase3",
          "signDate" : "2019-10-14T16:23+0000",
          "moonPhaseDate" : "2019-10-13T21:08+0000",
          "date" : "2019-10-16T16:01+0000",
          "timeZone" : 4
        },
        {
          "age" : 20,
          "sign" : "gemini",
          "moonPhase" : "phase3",
          "signDate" : "2019-10-17T02:29+0000",
          "moonPhaseDate" : "2019-10-13T21:08+0000",
          "date" : "2019-10-17T16:36+0000",
          "timeZone" : 4
        },
        {
          "age" : 21,
          "sign" : "gemini",
          "moonPhase" : "phase3",
          "signDate" : "2019-10-17T02:29+0000",
          "moonPhaseDate" : "2019-10-13T21:08+0000",
          "date" : "2019-10-18T17:17+0000",
          "timeZone" : 4
        },
        {
          "age" : 22,
          "sign" : "cancer",
          "moonPhase" : "phase3",
          "signDate" : "2019-10-19T10:42+0000",
          "moonPhaseDate" : "2019-10-13T21:08+0000",
          "date" : "2019-10-19T18:05+0000",
          "timeZone" : 4
        },
        {
          "age" : 23,
          "sign" : "cancer",
          "moonPhase" : "phase3",
          "signDate" : "2019-10-19T10:42+0000",
          "moonPhaseDate" : "2019-10-13T21:08+0000",
          "date" : "2019-10-20T19:01+0000",
          "timeZone" : 4
        },
        {
          "age" : 24,
          "sign" : "leo",
          "moonPhase" : "phase4",
          "signDate" : "2019-10-19T10:42+0000",
          "moonPhaseDate" : "2019-10-21T12:39+0000",
          "date" : "2019-10-21T20:03+0000",
          "timeZone" : 4
        },
        {
          "age" : 25,
          "sign" : "virgo",
          "moonPhase" : "phase4",
          "signDate" : "2019-10-23T19:30+0000",
          "date" : "2019-10-22T21:11+0000",
          "moonPhaseDate" : "2019-10-21T12:39+0000",
          "timeZone" : 4
        },
        {
          "age" : 26,
          "sign" : "virgo",
          "moonPhase" : "phase4",
          "signDate" : "2019-10-23T19:30+0000",
          "date" : "2019-10-23T22:24+0000",
          "moonPhaseDate" : "2019-10-21T12:39+0000",
          "timeZone" : 4
        },
        {
          "age" : 27,
          "sign" : "virgo",
          "moonPhase" : "phase4",
          "signDate" : "2019-10-23T19:30+0000",
          "moonPhaseDate" : "2019-10-21T12:39+0000",
          "date" : "2019-10-24T23:38+0000",
          "timeZone" : 4
        },
        {
          "age" : 28,
          "sign" : "libra",
          "moonPhase" : "phase4",
          "signDate" : "2019-10-25T20:20+0000",
          "moonPhaseDate" : "2019-10-21T12:39+0000",
          "date" : "2019-10-26T00:52+0000",
          "timeZone" : 4
        },
        {
          "age" : 29,
          "sign" : "libra",
          "moonPhase" : "phase4",
          "signDate" : "2019-10-25T20:20+0000",
          "moonPhaseDate" : "2019-10-21T12:39+0000",
          "date" : "2019-10-27T02:06+0000",
          "timeZone" : 4
        },
        {
          "age" : 30,
          "sign" : "scorpio",
          "moonPhase" : "newMoon",
          "signDate" : "2019-10-27T20:31+0000",
          "moonPhaseDate" : "2019-10-28T03:38+0000",
          "date" : "2019-10-28T03:21+0000",
          "timeZone" : 4
        },
        {
          "age" : 1,
          "sign" : "scorpio",
          "moonPhase" : "newMoon",
          "signDate" : "2019-10-27T20:31+0000",
          "moonPhaseDate" : "2019-10-28T03:38+0000",
          "date" : "2019-10-28T03:38+0000",
          "timeZone" : 4
        },
        {
          "age" : 2,
          "sign" : "scorpio",
          "moonPhase" : "phase1",
          "signDate" : "2019-10-27T20:31+0000",
          "moonPhaseDate" : "2019-10-28T03:38+0000",
          "date" : "2019-10-29T04:34+0000",
          "timeZone" : 4
        },
        {
          "age" : 3,
          "sign" : "sagittarius",
          "moonPhase" : "phase1",
          "signDate" : "2019-10-29T22:00+0000",
          "moonPhaseDate" : "2019-10-28T03:38+0000",
          "date" : "2019-10-30T05:46+0000",
          "timeZone" : 4
        },
        {
          "age" : 4,
          "sign" : "sagittarius",
          "moonPhase" : "phase1",
          "signDate" : "2019-10-29T22:00+0000",
          "moonPhaseDate" : "2019-10-28T03:38+0000",
          "date" : "2019-10-31T06:54+0000",
          "timeZone" : 4
        },
        {
          "age" : 5,
          "sign" : "capricorn",
          "moonPhase" : "phase1",
          "signDate" : "2019-11-01T02:38+0000",
          "moonPhaseDate" : null,
          "date" : "2019-11-01T07:56+0000",
          "timeZone" : 4
        },
        {
          "age" : 6,
          "sign" : "capricorn",
          "moonPhase" : "phase1",
          "signDate" : "2019-11-01T02:38+0000",
          "moonPhaseDate" : null,
          "date" : "2019-11-02T08:51+0000",
          "timeZone" : 4
        },
        {
          "age" : 7,
          "sign" : "aquarius",
          "moonPhase" : "phase1",
          "signDate" : "2019-11-03T11:21+0000",
          "moonPhaseDate" : null,
          "date" : "2019-11-03T09:39+0000",
          "timeZone" : 4
        },
        {
          "age" : 8,
          "sign" : "aquarius",
          "moonPhase" : "phase2",
          "signDate" : "2019-11-03T11:21+0000",
          "moonPhaseDate" : "2019-11-04T10:23+0000",
          "date" : "2019-11-04T10:19+0000",
          "timeZone" : 4
        },
        {
          "age" : 9,
          "sign" : "aquarius",
          "moonPhase" : "phase2",
          "signDate" : "2019-11-03T11:21+0000",
          "moonPhaseDate" : "2019-11-04T10:23+0000",
          "date" : "2019-11-05T10:54+0000",
          "timeZone" : 4
        },
        {
          "age" : 10,
          "sign" : "pisces",
          "moonPhase" : "phase2",
          "signDate" : "2019-11-05T23:11+0000",
          "moonPhaseDate" : "2019-11-04T10:23+0000",
          "date" : "2019-11-06T11:24+0000",
          "timeZone" : 4
        },
        {
          "age" : 11,
          "sign" : "pisces",
          "moonPhase" : "phase2",
          "signDate" : "2019-11-05T23:11+0000",
          "date" : "2019-11-07T11:51+0000",
          "moonPhaseDate" : "2019-11-04T10:23+0000",
          "timeZone" : 4
        },
        {
          "age" : 12,
          "sign" : "aries",
          "moonPhase" : "phase2",
          "signDate" : "2019-11-08T11:50+0000",
          "moonPhaseDate" : "2019-11-04T10:23+0000",
          "date" : "2019-11-08T12:17+0000",
          "timeZone" : 4
        },
        {
          "age" : 13,
          "sign" : "aries",
          "moonPhase" : "phase2",
          "signDate" : "2019-11-08T11:50+0000",
          "moonPhaseDate" : "2019-11-04T10:23+0000",
          "date" : "2019-11-09T12:41+0000",
          "timeZone" : 4
        },
        {
          "age" : 14,
          "sign" : "aries",
          "moonPhase" : "phase2",
          "signDate" : "2019-11-08T11:50+0000",
          "moonPhaseDate" : "2019-11-04T10:23+0000",
          "date" : "2019-11-10T13:06+0000",
          "timeZone" : 4
        },
        {
          "age" : 15,
          "sign" : "taurus",
          "moonPhase" : "phase2",
          "signDate" : "2019-11-10T23:19+0000",
          "moonPhaseDate" : "2019-11-04T10:23+0000",
          "date" : "2019-11-11T13:33+0000",
          "timeZone" : 4
        },
        {
          "age" : 16,
          "sign" : "taurus",
          "moonPhase" : "fullMoon",
          "signDate" : "2019-11-10T23:19+0000",
          "moonPhaseDate" : "2019-11-12T13:35+0000",
          "date" : "2019-11-12T14:02+0000",
          "timeZone" : 4
        },
        {
          "age" : 17,
          "sign" : "gemini",
          "moonPhase" : "phase3",
          "signDate" : "2019-11-13T08:45+0000",
          "moonPhaseDate" : "2019-11-12T13:35+0000",
          "date" : "2019-11-13T14:36+0000",
          "timeZone" : 4
        },
        {
          "age" : 18,
          "sign" : "gemini",
          "moonPhase" : "phase3",
          "signDate" : "2019-11-13T08:45+0000",
          "moonPhaseDate" : "2019-11-12T13:35+0000",
          "date" : "2019-11-14T15:15+0000",
          "timeZone" : 4
        },
        {
          "age" : 19,
          "sign" : "cancer",
          "moonPhase" : "phase3",
          "signDate" : "2019-11-15T16:12+0000",
          "moonPhaseDate" : "2019-11-12T13:35+0000",
          "date" : "2019-11-15T16:01+0000",
          "timeZone" : 4
        },
        {
          "age" : 20,
          "sign" : "cancer",
          "moonPhase" : "phase3",
          "signDate" : "2019-11-15T16:12+0000",
          "moonPhaseDate" : "2019-11-12T13:35+0000",
          "date" : "2019-11-16T16:55+0000",
          "timeZone" : 4
        },
        {
          "age" : 21,
          "sign" : "cancer",
          "moonPhase" : "phase3",
          "signDate" : "2019-11-15T16:12+0000",
          "moonPhaseDate" : "2019-11-12T13:35+0000",
          "date" : "2019-11-17T17:56+0000",
          "timeZone" : 4
        },
        {
          "age" : 22,
          "sign" : "leo",
          "moonPhase" : "phase3",
          "signDate" : "2019-11-17T21:54+0000",
          "date" : "2019-11-18T19:02+0000",
          "moonPhaseDate" : "2019-11-12T13:35+0000",
          "timeZone" : 4
        },
        {
          "age" : 23,
          "sign" : "virgo",
          "moonPhase" : "phase4",
          "signDate" : "2019-11-20T01:54+0000",
          "moonPhaseDate" : "2019-11-19T21:11+0000",
          "date" : "2019-11-19T20:12+0000",
          "timeZone" : 4
        },
        {
          "moonPhaseDate" : "2019-11-19T21:11+0000",
          "timeZone" : 4,
          "sign" : "virgo",
          "moonPhase" : "phase4",
          "date" : "2019-11-20T21:23+0000",
          "age" : 24,
          "signDate" : "2019-11-20T01:54+0000"
        },
        {
          "age" : 25,
          "sign" : "libra",
          "moonPhase" : "phase4",
          "signDate" : "2019-11-22T04:22+0000",
          "moonPhaseDate" : "2019-11-19T21:11+0000",
          "date" : "2019-11-21T22:34+0000",
          "timeZone" : 4
        },
        {
          "age" : 26,
          "sign" : "libra",
          "moonPhase" : "phase4",
          "signDate" : "2019-11-22T04:22+0000",
          "moonPhaseDate" : "2019-11-19T21:11+0000",
          "date" : "2019-11-22T23:46+0000",
          "timeZone" : 4
        },
        {
          "age" : 27,
          "sign" : "scorpio",
          "moonPhase" : "phase4",
          "signDate" : "2019-11-24T06:01+0000",
          "moonPhaseDate" : "2019-11-19T21:11+0000",
          "date" : "2019-11-24T00:58+0000",
          "timeZone" : 4
        },
        {
          "age" : 28,
          "sign" : "scorpio",
          "moonPhase" : "phase4",
          "signDate" : "2019-11-24T06:01+0000",
          "moonPhaseDate" : "2019-11-19T21:11+0000",
          "date" : "2019-11-25T02:10+0000",
          "timeZone" : 4
        },
        {
          "age" : 29,
          "sign" : "sagittarius",
          "moonPhase" : "newMoon",
          "signDate" : "2019-11-26T08:12+0000",
          "moonPhaseDate" : "2019-11-26T15:06+0000",
          "date" : "2019-11-26T03:22+0000",
          "timeZone" : 4
        },
        {
          "age" : 1,
          "sign" : "sagittarius",
          "moonPhase" : "newMoon",
          "signDate" : "2019-11-26T08:12+0000",
          "date" : "2019-11-26T15:06+0000",
          "moonPhaseDate" : "2019-11-26T15:06+0000",
          "timeZone" : 4
        },
        {
          "age" : 2,
          "sign" : "sagittarius",
          "moonPhase" : "phase1",
          "signDate" : "2019-11-26T08:12+0000",
          "moonPhaseDate" : "2019-11-26T15:06+0000",
          "date" : "2019-11-27T04:33+0000",
          "timeZone" : 4
        },
        {
          "age" : 3,
          "sign" : "capricorn",
          "moonPhase" : "phase1",
          "signDate" : "2019-11-28T12:32+0000",
          "moonPhaseDate" : "2019-11-26T15:06+0000",
          "date" : "2019-11-28T05:39+0000",
          "timeZone" : 4
        },
        {
          "age" : 4,
          "sign" : "capricorn",
          "moonPhase" : "phase1",
          "signDate" : "2019-11-28T12:32+0000",
          "moonPhaseDate" : "2019-11-26T15:06+0000",
          "date" : "2019-11-29T06:39+0000",
          "timeZone" : 4
        },
        {
          "age" : 5,
          "sign" : "capricorn",
          "moonPhase" : "phase1",
          "signDate" : "2019-11-28T12:32+0000",
          "moonPhaseDate" : "2019-11-26T15:06+0000",
          "date" : "2019-11-30T07:31+0000",
          "timeZone" : 4
        },
        {
          "age" : 6,
          "sign" : "aquarius",
          "moonPhase" : "phase1",
          "signDate" : "2019-11-30T20:15+0000",
          "moonPhaseDate" : null,
          "date" : "2019-12-01T08:16+0000",
          "timeZone" : 4
        },
        {
          "age" : 7,
          "sign" : "aquarius",
          "moonPhase" : "phase1",
          "signDate" : "2019-11-30T20:15+0000",
          "moonPhaseDate" : null,
          "date" : "2019-12-02T08:53+0000",
          "timeZone" : 4
        },
        {
          "age" : 8,
          "sign" : "pisces",
          "moonPhase" : "phase1",
          "signDate" : "2019-12-03T07:14+0000",
          "moonPhaseDate" : null,
          "date" : "2019-12-03T09:25+0000",
          "timeZone" : 4
        },
        {
          "age" : 9,
          "sign" : "pisces",
          "moonPhase" : "phase2",
          "signDate" : "2019-12-03T07:14+0000",
          "moonPhaseDate" : "2019-12-04T06:58+0000",
          "date" : "2019-12-04T09:54+0000",
          "timeZone" : 4
        },
        {
          "age" : 10,
          "sign" : "aries",
          "moonPhase" : "phase2",
          "signDate" : "2019-12-05T19:46+0000",
          "moonPhaseDate" : "2019-12-04T06:58+0000",
          "date" : "2019-12-05T10:19+0000",
          "timeZone" : 4
        },
        {
          "age" : 11,
          "sign" : "aries",
          "moonPhase" : "phase2",
          "signDate" : "2019-12-05T19:46+0000",
          "moonPhaseDate" : "2019-12-04T06:58+0000",
          "date" : "2019-12-06T10:44+0000",
          "timeZone" : 4
        },
        {
          "age" : 12,
          "sign" : "aries",
          "moonPhase" : "phase2",
          "signDate" : "2019-12-05T19:46+0000",
          "moonPhaseDate" : "2019-12-04T06:58+0000",
          "date" : "2019-12-07T11:09+0000",
          "timeZone" : 4
        },
        {
          "age" : 13,
          "sign" : "taurus",
          "moonPhase" : "phase2",
          "signDate" : "2019-12-08T07:31+0000",
          "date" : "2019-12-08T11:34+0000",
          "moonPhaseDate" : "2019-12-04T06:58+0000",
          "timeZone" : 4
        },
        {
          "age" : 14,
          "sign" : "taurus",
          "moonPhase" : "phase2",
          "signDate" : "2019-12-08T07:31+0000",
          "moonPhaseDate" : "2019-12-04T06:58+0000",
          "date" : "2019-12-09T12:02+0000",
          "timeZone" : 4
        },
        {
          "age" : 15,
          "sign" : "gemini",
          "moonPhase" : "phase2",
          "signDate" : "2019-12-10T16:49+0000",
          "moonPhaseDate" : "2019-12-04T06:58+0000",
          "date" : "2019-12-10T12:34+0000",
          "timeZone" : 4
        },
        {
          "age" : 16,
          "sign" : "gemini",
          "moonPhase" : "phase2",
          "signDate" : "2019-12-10T16:49+0000",
          "moonPhaseDate" : "2019-12-04T06:58+0000",
          "date" : "2019-12-11T13:11+0000",
          "timeZone" : 4
        },
        {
          "age" : 17,
          "sign" : "gemini",
          "moonPhase" : "fullMoon",
          "signDate" : "2019-12-10T16:49+0000",
          "moonPhaseDate" : "2019-12-12T05:12+0000",
          "date" : "2019-12-12T13:55+0000",
          "timeZone" : 4
        },
        {
          "age" : 18,
          "sign" : "cancer",
          "moonPhase" : "phase3",
          "signDate" : "2019-12-12T23:24+0000",
          "moonPhaseDate" : "2019-12-12T05:12+0000",
          "date" : "2019-12-13T14:47+0000",
          "timeZone" : 4
        },
        {
          "age" : 19,
          "sign" : "cancer",
          "moonPhase" : "phase3",
          "signDate" : "2019-12-12T23:24+0000",
          "moonPhaseDate" : "2019-12-12T05:12+0000",
          "date" : "2019-12-14T15:47+0000",
          "timeZone" : 4
        },
        {
          "age" : 20,
          "sign" : "leo",
          "moonPhase" : "phase3",
          "signDate" : "2019-12-15T03:53+0000",
          "moonPhaseDate" : "2019-12-12T05:12+0000",
          "date" : "2019-12-15T16:53+0000",
          "timeZone" : 4
        },
        {
          "age" : 21,
          "sign" : "leo",
          "moonPhase" : "phase3",
          "signDate" : "2019-12-15T03:53+0000",
          "moonPhaseDate" : "2019-12-12T05:12+0000",
          "date" : "2019-12-16T18:03+0000",
          "timeZone" : 4
        },
        {
          "age" : 22,
          "sign" : "virgo",
          "moonPhase" : "phase3",
          "signDate" : "2019-12-17T07:13+0000",
          "moonPhaseDate" : "2019-12-12T05:12+0000",
          "date" : "2019-12-17T19:14+0000",
          "timeZone" : 4
        },
        {
          "age" : 23,
          "sign" : "libra",
          "moonPhase" : "phase4",
          "signDate" : "2019-12-19T10:05+0000",
          "date" : "2019-12-18T20:25+0000",
          "moonPhaseDate" : "2019-12-19T04:57+0000",
          "timeZone" : 4
        },
        {
          "age" : 24,
          "sign" : "libra",
          "moonPhase" : "phase4",
          "signDate" : "2019-12-19T10:05+0000",
          "moonPhaseDate" : "2019-12-19T04:57+0000",
          "date" : "2019-12-19T21:35+0000",
          "timeZone" : 4
        },
        {
          "age" : 25,
          "sign" : "scorpio",
          "moonPhase" : "phase4",
          "signDate" : "2019-12-21T13:01+0000",
          "moonPhaseDate" : "2019-12-19T04:57+0000",
          "date" : "2019-12-20T22:45+0000",
          "timeZone" : 4
        },
        {
          "age" : 26,
          "sign" : "scorpio",
          "moonPhase" : "phase4",
          "signDate" : "2019-12-21T13:01+0000",
          "moonPhaseDate" : "2019-12-19T04:57+0000",
          "date" : "2019-12-21T23:55+0000",
          "timeZone" : 4
        },
        {
          "age" : 27,
          "sign" : "sagittarius",
          "moonPhase" : "phase4",
          "signDate" : "2019-12-23T16:37+0000",
          "moonPhaseDate" : "2019-12-19T04:57+0000",
          "date" : "2019-12-23T01:05+0000",
          "timeZone" : 4
        },
        {
          "age" : 28,
          "sign" : "sagittarius",
          "moonPhase" : "phase4",
          "signDate" : "2019-12-23T16:37+0000",
          "moonPhaseDate" : "2019-12-19T04:57+0000",
          "date" : "2019-12-24T02:15+0000",
          "timeZone" : 4
        },
        {
          "age" : 29,
          "sign" : "sagittarius",
          "moonPhase" : "phase4",
          "signDate" : "2019-12-23T16:37+0000",
          "date" : "2019-12-25T03:22+0000",
          "moonPhaseDate" : "2019-12-19T04:57+0000",
          "timeZone" : 4
        },
        {
          "age" : 30,
          "sign" : "capricorn",
          "moonPhase" : "newMoon",
          "signDate" : "2019-12-25T21:46+0000",
          "moonPhaseDate" : "2019-12-26T05:13+0000",
          "date" : "2019-12-26T04:24+0000",
          "timeZone" : 4
        },
        {
          "age" : 1,
          "sign" : "capricorn",
          "moonPhase" : "newMoon",
          "signDate" : "2019-12-25T21:46+0000",
          "moonPhaseDate" : "2019-12-26T05:13+0000",
          "date" : "2019-12-26T05:13+0000",
          "timeZone" : 4
        },
        {
          "age" : 2,
          "sign" : "capricorn",
          "moonPhase" : "phase1",
          "signDate" : "2019-12-25T21:46+0000",
          "moonPhaseDate" : "2019-12-26T05:13+0000",
          "date" : "2019-12-27T05:20+0000",
          "timeZone" : 4
        },
        {
          "age" : 3,
          "sign" : "aquarius",
          "moonPhase" : "phase1",
          "signDate" : "2019-12-28T05:21+0000",
          "moonPhaseDate" : "2019-12-26T05:13+0000",
          "date" : "2019-12-28T06:09+0000",
          "timeZone" : 4
        },
        {
          "age" : 4,
          "sign" : "aquarius",
          "moonPhase" : "phase1",
          "signDate" : "2019-12-28T05:21+0000",
          "moonPhaseDate" : "2019-12-26T05:13+0000",
          "date" : "2019-12-29T06:49+0000",
          "timeZone" : 4
        },
        {
          "age" : 5,
          "sign" : "pisces",
          "moonPhase" : "phase1",
          "signDate" : "2019-12-30T15:43+0000",
          "moonPhaseDate" : "2019-12-26T05:13+0000",
          "date" : "2019-12-30T07:24+0000",
          "timeZone" : 4
        },
        {
          "age" : 6,
          "sign" : "pisces",
          "moonPhase" : "phase1",
          "signDate" : "2019-12-30T15:43+0000",
          "moonPhaseDate" : "2019-12-26T05:13+0000",
          "date" : "2019-12-31T07:54+0000",
          "timeZone" : 4
        },
        {
          "age" : 7,
          "sign" : "pisces",
          "moonPhase" : "phase1",
          "signDate" : "2019-12-30T15:43+0000",
          "moonPhaseDate" : null,
          "date" : "2020-01-01T08:21+0000",
          "timeZone" : 4
        },
        {
          "age" : 8,
          "sign" : "aries",
          "moonPhase" : "phase1",
          "signDate" : "2020-01-02T04:01+0000",
          "moonPhaseDate" : null,
          "date" : "2020-01-02T08:46+0000",
          "timeZone" : 4
        },
        {
          "age" : 9,
          "sign" : "aries",
          "moonPhase" : "phase2",
          "signDate" : "2020-01-02T04:01+0000",
          "moonPhaseDate" : "2020-01-03T04:45+0000",
          "date" : "2020-01-03T09:11+0000",
          "timeZone" : 4
        },
        {
          "age" : 10,
          "sign" : "taurus",
          "moonPhase" : "phase2",
          "signDate" : "2020-01-04T16:15+0000",
          "moonPhaseDate" : "2020-01-03T04:45+0000",
          "date" : "2020-01-04T09:35+0000",
          "timeZone" : 4
        },
        {
          "age" : 11,
          "sign" : "taurus",
          "moonPhase" : "phase2",
          "signDate" : "2020-01-04T16:15+0000",
          "moonPhaseDate" : "2020-01-03T04:45+0000",
          "date" : "2020-01-05T10:02+0000",
          "timeZone" : 4
        },
        {
          "age" : 12,
          "sign" : "taurus",
          "moonPhase" : "phase2",
          "signDate" : "2020-01-04T16:15+0000",
          "moonPhaseDate" : "2020-01-03T04:45+0000",
          "date" : "2020-01-06T10:30+0000",
          "timeZone" : 4
        },
        {
          "age" : 13,
          "sign" : "gemini",
          "moonPhase" : "phase2",
          "signDate" : "2020-01-07T02:13+0000",
          "moonPhaseDate" : "2020-01-03T04:45+0000",
          "date" : "2020-01-07T11:05+0000",
          "timeZone" : 4
        },
        {
          "age" : 14,
          "sign" : "gemini",
          "moonPhase" : "phase2",
          "signDate" : "2020-01-07T02:13+0000",
          "date" : "2020-01-08T11:45+0000",
          "moonPhaseDate" : "2020-01-03T04:45+0000",
          "timeZone" : 4
        },
        {
          "age" : 15,
          "sign" : "cancer",
          "moonPhase" : "phase2",
          "signDate" : "2020-01-09T08:45+0000",
          "moonPhaseDate" : "2020-01-03T04:45+0000",
          "date" : "2020-01-09T12:34+0000",
          "timeZone" : 4
        },
        {
          "age" : 16,
          "sign" : "cancer",
          "moonPhase" : "fullMoon",
          "signDate" : "2020-01-09T08:45+0000",
          "moonPhaseDate" : "2020-01-10T19:21+0000",
          "date" : "2020-01-10T13:31+0000",
          "timeZone" : 4
        },
        {
          "age" : 17,
          "sign" : "leo",
          "moonPhase" : "phase3",
          "signDate" : "2020-01-11T12:16+0000",
          "moonPhaseDate" : "2020-01-10T19:21+0000",
          "date" : "2020-01-11T14:37+0000",
          "timeZone" : 4
        },
        {
          "age" : 18,
          "sign" : "leo",
          "moonPhase" : "phase3",
          "signDate" : "2020-01-11T12:16+0000",
          "moonPhaseDate" : "2020-01-10T19:21+0000",
          "date" : "2020-01-12T15:48+0000",
          "timeZone" : 4
        },
        {
          "age" : 19,
          "sign" : "virgo",
          "moonPhase" : "phase3",
          "signDate" : "2020-01-13T14:05+0000",
          "moonPhaseDate" : "2020-01-10T19:21+0000",
          "date" : "2020-01-13T17:01+0000",
          "timeZone" : 4
        },
        {
          "age" : 20,
          "sign" : "virgo",
          "moonPhase" : "phase3",
          "signDate" : "2020-01-13T14:05+0000",
          "moonPhaseDate" : "2020-01-10T19:21+0000",
          "date" : "2020-01-14T18:14+0000",
          "timeZone" : 4
        },
        {
          "age" : 21,
          "sign" : "libra",
          "moonPhase" : "phase3",
          "signDate" : "2020-01-15T15:42+0000",
          "moonPhaseDate" : "2020-01-10T19:21+0000",
          "date" : "2020-01-15T19:26+0000",
          "timeZone" : 4
        },
        {
          "age" : 22,
          "sign" : "scorpio",
          "moonPhase" : "phase4",
          "signDate" : "2020-01-17T18:21+0000",
          "moonPhaseDate" : "2020-01-17T12:58+0000",
          "date" : "2020-01-16T20:37+0000",
          "timeZone" : 4
        },
        {
          "age" : 23,
          "sign" : "scorpio",
          "moonPhase" : "phase4",
          "signDate" : "2020-01-17T18:21+0000",
          "date" : "2020-01-17T21:47+0000",
          "moonPhaseDate" : "2020-01-17T12:58+0000",
          "timeZone" : 4
        },
        {
          "age" : 24,
          "sign" : "scorpio",
          "moonPhase" : "phase4",
          "signDate" : "2020-01-17T18:21+0000",
          "moonPhaseDate" : "2020-01-17T12:58+0000",
          "date" : "2020-01-18T22:56+0000",
          "timeZone" : 4
        },
        {
          "age" : 25,
          "sign" : "sagittarius",
          "moonPhase" : "phase4",
          "signDate" : "2020-01-19T22:43+0000",
          "moonPhaseDate" : "2020-01-17T12:58+0000",
          "date" : "2020-01-20T00:04+0000",
          "timeZone" : 4
        },
        {
          "age" : 26,
          "sign" : "sagittarius",
          "moonPhase" : "phase4",
          "signDate" : "2020-01-19T22:43+0000",
          "moonPhaseDate" : "2020-01-17T12:58+0000",
          "date" : "2020-01-21T01:11+0000",
          "timeZone" : 4
        },
        {
          "age" : 27,
          "sign" : "capricorn",
          "moonPhase" : "phase4",
          "signDate" : "2020-01-22T05:02+0000",
          "moonPhaseDate" : "2020-01-17T12:58+0000",
          "date" : "2020-01-22T02:14+0000",
          "timeZone" : 4
        },
        {
          "age" : 28,
          "sign" : "capricorn",
          "moonPhase" : "phase4",
          "signDate" : "2020-01-22T05:02+0000",
          "moonPhaseDate" : "2020-01-17T12:58+0000",
          "date" : "2020-01-23T03:11+0000",
          "timeZone" : 4
        },
        {
          "age" : 29,
          "sign" : "aquarius",
          "moonPhase" : "phase4",
          "signDate" : "2020-01-24T13:22+0000",
          "moonPhaseDate" : "2020-01-17T12:58+0000",
          "date" : "2020-01-24T04:02+0000",
          "timeZone" : 4
        },
        {
          "age" : 1,
          "sign" : "aquarius",
          "moonPhase" : "newMoon",
          "signDate" : "2020-01-24T13:22+0000",
          "moonPhaseDate" : "2020-01-24T21:42+0000",
          "date" : "2020-01-24T21:42+0000",
          "timeZone" : 4
        },
        {
          "age" : 2,
          "sign" : "aquarius",
          "moonPhase" : "newMoon",
          "signDate" : "2020-01-24T13:22+0000",
          "moonPhaseDate" : "2020-01-24T21:42+0000",
          "date" : "2020-01-25T04:46+0000",
          "timeZone" : 4
        },
        {
          "age" : 3,
          "sign" : "aquarius",
          "moonPhase" : "phase1",
          "signDate" : "2020-01-24T13:22+0000",
          "moonPhaseDate" : "2020-01-24T21:42+0000",
          "date" : "2020-01-26T05:23+0000",
          "timeZone" : 4
        },
        {
          "age" : 4,
          "sign" : "pisces",
          "moonPhase" : "phase1",
          "signDate" : "2020-01-26T23:45+0000",
          "moonPhaseDate" : "2020-01-24T21:42+0000",
          "date" : "2020-01-27T05:55+0000",
          "timeZone" : 4
        },
        {
          "age" : 5,
          "sign" : "pisces",
          "moonPhase" : "phase1",
          "signDate" : "2020-01-26T23:45+0000",
          "date" : "2020-01-28T06:23+0000",
          "moonPhaseDate" : "2020-01-24T21:42+0000",
          "timeZone" : 4
        },
        {
          "age" : 6,
          "sign" : "aries",
          "moonPhase" : "phase1",
          "signDate" : "2020-01-29T11:51+0000",
          "moonPhaseDate" : "2020-01-24T21:42+0000",
          "date" : "2020-01-29T06:48+0000",
          "timeZone" : 4
        },
        {
          "age" : 7,
          "sign" : "aries",
          "moonPhase" : "phase1",
          "signDate" : "2020-01-29T11:51+0000",
          "moonPhaseDate" : "2020-01-24T21:42+0000",
          "date" : "2020-01-30T07:13+0000",
          "timeZone" : 4
        },
        {
          "age" : 8,
          "sign" : "aries",
          "moonPhase" : "phase1",
          "signDate" : "2020-01-29T11:51+0000",
          "moonPhaseDate" : "2020-01-24T21:42+0000",
          "date" : "2020-01-31T07:37+0000",
          "timeZone" : 4
        },
        {
          "age" : 8,
          "sign" : "aries",
          "moonPhase" : "phase1",
          "signDate" : "2020-01-29T11:51+0000",
          "moonPhaseDate" : "2020-01-24T21:42+0000",
          "date" : "2020-01-31T07:37+0000",
          "timeZone" : 4
        }
      ],
      "timeZone" : 4,
      "cityName" : "Ереван"
    }
  ]
}