{
  "countryName" : "Молдова",
  "cities" : [
    {
      "moonDays" : [
        {
          "signDate" : "2019-05-01T10:23+0000",
          "moonPhase" : null,
          "sign" : "aries",
          "age" : 26,
          "timeZone" : 3,
          "date" : "2019-05-01T01:47+0000",
          "moonPhaseDate" : null
        },
        {
          "signDate" : "2019-05-01T10:23+0000",
          "moonPhase" : null,
          "sign" : "aries",
          "age" : 27,
          "timeZone" : 3,
          "date" : "2019-05-02T02:09+0000",
          "moonPhaseDate" : null
        },
        {
          "signDate" : "2019-05-03T20:21+0000",
          "moonPhase" : null,
          "sign" : "taurus",
          "age" : 28,
          "timeZone" : 3,
          "date" : "2019-05-03T02:31+0000",
          "moonPhaseDate" : null
        },
        {
          "signDate" : "2019-05-03T20:21+0000",
          "moonPhase" : null,
          "sign" : "taurus",
          "age" : 29,
          "timeZone" : 3,
          "date" : "2019-05-04T02:55+0000",
          "moonPhaseDate" : null
        },
        {
          "signDate" : "2019-05-03T20:21+0000",
          "moonPhase" : "newMoon",
          "sign" : "taurus",
          "age" : 1,
          "timeZone" : 3,
          "moonPhaseDate" : "2019-05-04T22:45+0000",
          "date" : "2019-05-04T22:45+0000"
        },
        {
          "signDate" : "2019-05-03T20:21+0000",
          "moonPhase" : "newMoon",
          "sign" : "taurus",
          "age" : 2,
          "timeZone" : 3,
          "date" : "2019-05-05T03:21+0000",
          "moonPhaseDate" : "2019-05-04T22:45+0000"
        },
        {
          "signDate" : "2019-05-06T03:42+0000",
          "moonPhase" : "phase1",
          "sign" : "gemini",
          "age" : 3,
          "timeZone" : 3,
          "date" : "2019-05-06T03:51+0000",
          "moonPhaseDate" : "2019-05-04T22:45+0000"
        },
        {
          "signDate" : "2019-05-06T03:42+0000",
          "moonPhase" : "phase1",
          "sign" : "gemini",
          "age" : 4,
          "timeZone" : 3,
          "date" : "2019-05-07T04:28+0000",
          "moonPhaseDate" : "2019-05-04T22:45+0000"
        },
        {
          "signDate" : "2019-05-08T09:05+0000",
          "moonPhase" : "phase1",
          "sign" : "cancer",
          "age" : 5,
          "timeZone" : 3,
          "date" : "2019-05-08T05:12+0000",
          "moonPhaseDate" : "2019-05-04T22:45+0000"
        },
        {
          "signDate" : "2019-05-08T09:05+0000",
          "moonPhase" : "phase1",
          "sign" : "cancer",
          "age" : 6,
          "timeZone" : 3,
          "date" : "2019-05-09T06:05+0000",
          "moonPhaseDate" : "2019-05-04T22:45+0000"
        },
        {
          "signDate" : "2019-05-10T13:12+0000",
          "moonPhase" : "phase1",
          "sign" : "leo",
          "age" : 7,
          "timeZone" : 3,
          "date" : "2019-05-10T07:08+0000",
          "moonPhaseDate" : "2019-05-04T22:45+0000"
        },
        {
          "signDate" : "2019-05-10T13:12+0000",
          "moonPhase" : "phase1",
          "sign" : "leo",
          "age" : 8,
          "timeZone" : 3,
          "date" : "2019-05-11T08:18+0000",
          "moonPhaseDate" : "2019-05-04T22:45+0000"
        },
        {
          "signDate" : "2019-05-12T16:23+0000",
          "moonPhase" : "phase2",
          "sign" : "virgo",
          "age" : 9,
          "timeZone" : 3,
          "date" : "2019-05-12T09:32+0000",
          "moonPhaseDate" : "2019-05-12T01:12+0000"
        },
        {
          "signDate" : "2019-05-12T16:23+0000",
          "moonPhase" : "phase2",
          "sign" : "virgo",
          "age" : 10,
          "timeZone" : 3,
          "moonPhaseDate" : "2019-05-12T01:12+0000",
          "date" : "2019-05-13T10:48+0000"
        },
        {
          "signDate" : "2019-05-14T18:53+0000",
          "moonPhase" : "phase2",
          "sign" : "libra",
          "age" : 11,
          "timeZone" : 3,
          "date" : "2019-05-14T12:04+0000",
          "moonPhaseDate" : "2019-05-12T01:12+0000"
        },
        {
          "signDate" : "2019-05-14T18:53+0000",
          "moonPhase" : "phase2",
          "sign" : "libra",
          "age" : 12,
          "timeZone" : 3,
          "date" : "2019-05-15T13:20+0000",
          "moonPhaseDate" : "2019-05-12T01:12+0000"
        },
        {
          "signDate" : "2019-05-14T18:53+0000",
          "moonPhase" : "phase2",
          "sign" : "libra",
          "age" : 13,
          "timeZone" : 3,
          "date" : "2019-05-16T14:35+0000",
          "moonPhaseDate" : "2019-05-12T01:12+0000"
        },
        {
          "signDate" : "2019-05-16T21:25+0000",
          "moonPhase" : "phase2",
          "sign" : "scorpio",
          "age" : 14,
          "timeZone" : 3,
          "date" : "2019-05-17T15:50+0000",
          "moonPhaseDate" : "2019-05-12T01:12+0000"
        },
        {
          "signDate" : "2019-05-16T21:25+0000",
          "moonPhase" : "phase2",
          "sign" : "scorpio",
          "age" : 15,
          "timeZone" : 3,
          "date" : "2019-05-18T17:03+0000",
          "moonPhaseDate" : "2019-05-12T01:12+0000"
        },
        {
          "signDate" : "2019-05-19T01:19+0000",
          "moonPhase" : "fullMoon",
          "sign" : "sagittarius",
          "age" : 16,
          "timeZone" : 3,
          "date" : "2019-05-19T18:15+0000",
          "moonPhaseDate" : "2019-05-18T21:11+0000"
        },
        {
          "signDate" : "2019-05-19T01:19+0000",
          "moonPhase" : "phase3",
          "sign" : "sagittarius",
          "age" : 17,
          "timeZone" : 3,
          "date" : "2019-05-20T19:21+0000",
          "moonPhaseDate" : "2019-05-18T21:11+0000"
        },
        {
          "signDate" : "2019-05-21T07:56+0000",
          "moonPhase" : "phase3",
          "sign" : "capricorn",
          "age" : 18,
          "timeZone" : 3,
          "date" : "2019-05-21T20:20+0000",
          "moonPhaseDate" : "2019-05-18T21:11+0000"
        },
        {
          "signDate" : "2019-05-23T17:51+0000",
          "moonPhase" : "phase3",
          "sign" : "aquarius",
          "age" : 19,
          "timeZone" : 3,
          "date" : "2019-05-22T21:12+0000",
          "moonPhaseDate" : "2019-05-18T21:11+0000"
        },
        {
          "signDate" : "2019-05-23T17:51+0000",
          "moonPhase" : "phase3",
          "sign" : "aquarius",
          "age" : 20,
          "timeZone" : 3,
          "date" : "2019-05-23T21:55+0000",
          "moonPhaseDate" : "2019-05-18T21:11+0000"
        },
        {
          "signDate" : "2019-05-23T17:51+0000",
          "moonPhase" : "phase3",
          "sign" : "aquarius",
          "age" : 21,
          "timeZone" : 3,
          "date" : "2019-05-24T22:31+0000",
          "moonPhaseDate" : "2019-05-18T21:11+0000"
        },
        {
          "signDate" : "2019-05-26T06:07+0000",
          "moonPhase" : "phase4",
          "sign" : "pisces",
          "age" : 22,
          "timeZone" : 3,
          "date" : "2019-05-25T23:01+0000",
          "moonPhaseDate" : "2019-05-26T16:33+0000"
        },
        {
          "signDate" : "2019-05-26T06:07+0000",
          "moonPhase" : "phase4",
          "sign" : "pisces",
          "age" : 23,
          "timeZone" : 3,
          "date" : "2019-05-26T23:27+0000",
          "moonPhaseDate" : "2019-05-26T16:33+0000"
        },
        {
          "signDate" : "2019-05-28T18:29+0000",
          "moonPhase" : "phase4",
          "sign" : "aries",
          "age" : 24,
          "timeZone" : 3,
          "date" : "2019-05-27T23:51+0000",
          "moonPhaseDate" : "2019-05-26T16:33+0000"
        },
        {
          "signDate" : "2019-05-28T18:29+0000",
          "moonPhase" : "phase4",
          "sign" : "aries",
          "age" : 25,
          "timeZone" : 3,
          "date" : "2019-05-29T00:13+0000",
          "moonPhaseDate" : "2019-05-26T16:33+0000"
        },
        {
          "signDate" : "2019-05-28T18:29+0000",
          "moonPhase" : "phase4",
          "sign" : "aries",
          "age" : 26,
          "timeZone" : 3,
          "date" : "2019-05-30T00:35+0000",
          "moonPhaseDate" : "2019-05-26T16:33+0000"
        },
        {
          "signDate" : "2019-05-31T04:44+0000",
          "moonPhase" : "phase4",
          "sign" : "taurus",
          "age" : 27,
          "timeZone" : 3,
          "moonPhaseDate" : "2019-05-26T16:33+0000",
          "date" : "2019-05-31T00:57+0000"
        },
        {
          "signDate" : "2019-05-31T04:44+0000",
          "moonPhase" : "phase4",
          "sign" : "taurus",
          "age" : 28,
          "timeZone" : 3,
          "date" : "2019-06-01T01:22+0000",
          "moonPhaseDate" : null
        },
        {
          "signDate" : "2019-06-02T11:51+0000",
          "moonPhase" : "phase4",
          "sign" : "gemini",
          "age" : 29,
          "timeZone" : 3,
          "date" : "2019-06-02T01:50+0000",
          "moonPhaseDate" : null
        },
        {
          "signDate" : "2019-06-02T11:51+0000",
          "moonPhase" : "newMoon",
          "sign" : "gemini",
          "age" : 30,
          "timeZone" : 3,
          "moonPhaseDate" : "2019-06-03T10:02+0000",
          "date" : "2019-06-03T02:23+0000"
        },
        {
          "signDate" : "2019-06-02T11:51+0000",
          "moonPhase" : "newMoon",
          "sign" : "gemini",
          "age" : 1,
          "timeZone" : 3,
          "date" : "2019-06-03T10:02+0000",
          "moonPhaseDate" : "2019-06-03T10:02+0000"
        },
        {
          "signDate" : "2019-06-04T16:18+0000",
          "moonPhase" : "phase1",
          "sign" : "cancer",
          "age" : 2,
          "timeZone" : 3,
          "date" : "2019-06-04T03:06+0000",
          "moonPhaseDate" : "2019-06-03T10:02+0000"
        },
        {
          "signDate" : "2019-06-04T16:18+0000",
          "moonPhase" : "phase1",
          "sign" : "cancer",
          "age" : 3,
          "timeZone" : 3,
          "date" : "2019-06-05T03:57+0000",
          "moonPhaseDate" : "2019-06-03T10:02+0000"
        },
        {
          "signDate" : "2019-06-06T19:14+0000",
          "moonPhase" : "phase1",
          "sign" : "leo",
          "age" : 4,
          "timeZone" : 3,
          "date" : "2019-06-06T04:58+0000",
          "moonPhaseDate" : "2019-06-03T10:02+0000"
        },
        {
          "signDate" : "2019-06-06T19:14+0000",
          "moonPhase" : "phase1",
          "sign" : "leo",
          "age" : 5,
          "timeZone" : 3,
          "moonPhaseDate" : "2019-06-03T10:02+0000",
          "date" : "2019-06-07T06:07+0000"
        },
        {
          "signDate" : "2019-06-06T19:14+0000",
          "moonPhase" : "phase1",
          "sign" : "leo",
          "age" : 6,
          "timeZone" : 3,
          "date" : "2019-06-08T07:21+0000",
          "moonPhaseDate" : "2019-06-03T10:02+0000"
        },
        {
          "signDate" : "2019-06-08T21:43+0000",
          "moonPhase" : "phase1",
          "sign" : "virgo",
          "age" : 7,
          "timeZone" : 3,
          "date" : "2019-06-09T08:37+0000",
          "moonPhaseDate" : "2019-06-03T10:02+0000"
        },
        {
          "signDate" : "2019-06-08T21:43+0000",
          "moonPhase" : "phase2",
          "sign" : "virgo",
          "age" : 8,
          "timeZone" : 3,
          "date" : "2019-06-10T09:53+0000",
          "moonPhaseDate" : "2019-06-10T05:59+0000"
        },
        {
          "signDate" : "2019-06-11T00:30+0000",
          "moonPhase" : "phase2",
          "sign" : "libra",
          "age" : 9,
          "timeZone" : 3,
          "moonPhaseDate" : "2019-06-10T05:59+0000",
          "date" : "2019-06-11T11:08+0000"
        },
        {
          "signDate" : "2019-06-11T00:30+0000",
          "moonPhase" : "phase2",
          "sign" : "libra",
          "age" : 10,
          "timeZone" : 3,
          "date" : "2019-06-12T12:22+0000",
          "moonPhaseDate" : "2019-06-10T05:59+0000"
        },
        {
          "signDate" : "2019-06-13T04:03+0000",
          "moonPhase" : "phase2",
          "sign" : "scorpio",
          "age" : 11,
          "timeZone" : 3,
          "date" : "2019-06-13T13:35+0000",
          "moonPhaseDate" : "2019-06-10T05:59+0000"
        },
        {
          "signDate" : "2019-06-13T04:03+0000",
          "moonPhase" : "phase2",
          "sign" : "scorpio",
          "age" : 12,
          "timeZone" : 3,
          "date" : "2019-06-14T14:48+0000",
          "moonPhaseDate" : "2019-06-10T05:59+0000"
        },
        {
          "signDate" : "2019-06-15T09:01+0000",
          "moonPhase" : "phase2",
          "sign" : "sagittarius",
          "age" : 13,
          "timeZone" : 3,
          "date" : "2019-06-15T15:59+0000",
          "moonPhaseDate" : "2019-06-10T05:59+0000"
        },
        {
          "signDate" : "2019-06-15T09:01+0000",
          "moonPhase" : "phase2",
          "sign" : "sagittarius",
          "age" : 14,
          "timeZone" : 3,
          "moonPhaseDate" : "2019-06-10T05:59+0000",
          "date" : "2019-06-16T17:06+0000"
        },
        {
          "signDate" : "2019-06-17T16:11+0000",
          "moonPhase" : "fullMoon",
          "sign" : "capricorn",
          "age" : 15,
          "timeZone" : 3,
          "date" : "2019-06-17T18:09+0000",
          "moonPhaseDate" : "2019-06-17T08:31+0000"
        },
        {
          "signDate" : "2019-06-17T16:11+0000",
          "moonPhase" : "phase3",
          "sign" : "capricorn",
          "age" : 16,
          "timeZone" : 3,
          "date" : "2019-06-18T19:04+0000",
          "moonPhaseDate" : "2019-06-17T08:31+0000"
        },
        {
          "signDate" : "2019-06-17T16:11+0000",
          "moonPhase" : "phase3",
          "sign" : "capricorn",
          "age" : 17,
          "timeZone" : 3,
          "date" : "2019-06-19T19:51+0000",
          "moonPhaseDate" : "2019-06-17T08:31+0000"
        },
        {
          "signDate" : "2019-06-20T02:01+0000",
          "moonPhase" : "phase3",
          "sign" : "aquarius",
          "age" : 18,
          "timeZone" : 3,
          "date" : "2019-06-20T20:30+0000",
          "moonPhaseDate" : "2019-06-17T08:31+0000"
        },
        {
          "signDate" : "2019-06-22T14:01+0000",
          "moonPhase" : "phase3",
          "sign" : "pisces",
          "age" : 19,
          "timeZone" : 3,
          "date" : "2019-06-21T21:02+0000",
          "moonPhaseDate" : "2019-06-17T08:31+0000"
        },
        {
          "signDate" : "2019-06-22T14:01+0000",
          "moonPhase" : "phase3",
          "sign" : "pisces",
          "age" : 20,
          "timeZone" : 3,
          "moonPhaseDate" : "2019-06-17T08:31+0000",
          "date" : "2019-06-22T21:30+0000"
        },
        {
          "signDate" : "2019-06-22T14:01+0000",
          "moonPhase" : "phase3",
          "sign" : "pisces",
          "age" : 21,
          "timeZone" : 3,
          "date" : "2019-06-23T21:55+0000",
          "moonPhaseDate" : "2019-06-17T08:31+0000"
        },
        {
          "signDate" : "2019-06-25T02:34+0000",
          "moonPhase" : "phase4",
          "sign" : "aries",
          "age" : 22,
          "timeZone" : 3,
          "date" : "2019-06-24T22:17+0000",
          "moonPhaseDate" : "2019-06-25T09:46+0000"
        },
        {
          "signDate" : "2019-06-25T02:34+0000",
          "moonPhase" : "phase4",
          "sign" : "aries",
          "age" : 23,
          "timeZone" : 3,
          "date" : "2019-06-25T22:38+0000",
          "moonPhaseDate" : "2019-06-25T09:46+0000"
        },
        {
          "signDate" : "2019-06-27T13:30+0000",
          "moonPhase" : "phase4",
          "sign" : "taurus",
          "age" : 24,
          "timeZone" : 3,
          "moonPhaseDate" : "2019-06-25T09:46+0000",
          "date" : "2019-06-26T23:00+0000"
        },
        {
          "signDate" : "2019-06-27T13:30+0000",
          "moonPhase" : "phase4",
          "sign" : "taurus",
          "age" : 25,
          "timeZone" : 3,
          "date" : "2019-06-27T23:23+0000",
          "moonPhaseDate" : "2019-06-25T09:46+0000"
        },
        {
          "signDate" : "2019-06-27T13:30+0000",
          "moonPhase" : "phase4",
          "sign" : "taurus",
          "age" : 26,
          "timeZone" : 3,
          "date" : "2019-06-28T23:49+0000",
          "moonPhaseDate" : "2019-06-25T09:46+0000"
        },
        {
          "signDate" : "2019-06-29T21:10+0000",
          "moonPhase" : "phase4",
          "sign" : "gemini",
          "age" : 27,
          "timeZone" : 3,
          "date" : "2019-06-30T00:20+0000",
          "moonPhaseDate" : "2019-06-25T09:46+0000"
        },
        {
          "signDate" : "2019-06-29T21:10+0000",
          "moonPhase" : "phase4",
          "sign" : "gemini",
          "age" : 28,
          "timeZone" : 3,
          "date" : "2019-07-01T00:57+0000",
          "moonPhaseDate" : null
        },
        {
          "signDate" : "2019-07-02T01:26+0000",
          "moonPhase" : "newMoon",
          "sign" : "cancer",
          "age" : 29,
          "timeZone" : 3,
          "date" : "2019-07-02T01:44+0000",
          "moonPhaseDate" : "2019-07-02T19:16+0000"
        },
        {
          "signDate" : "2019-07-02T01:26+0000",
          "moonPhase" : "newMoon",
          "sign" : "cancer",
          "age" : 1,
          "timeZone" : 3,
          "date" : "2019-07-02T19:16+0000",
          "moonPhaseDate" : "2019-07-02T19:16+0000"
        },
        {
          "signDate" : "2019-07-02T01:26+0000",
          "moonPhase" : "phase1",
          "sign" : "cancer",
          "age" : 2,
          "timeZone" : 3,
          "date" : "2019-07-03T02:42+0000",
          "moonPhaseDate" : "2019-07-02T19:16+0000"
        },
        {
          "signDate" : "2019-07-04T03:21+0000",
          "moonPhase" : "phase1",
          "sign" : "leo",
          "age" : 3,
          "timeZone" : 3,
          "date" : "2019-07-04T03:50+0000",
          "moonPhaseDate" : "2019-07-02T19:16+0000"
        },
        {
          "signDate" : "2019-07-04T03:21+0000",
          "moonPhase" : "phase1",
          "sign" : "leo",
          "age" : 4,
          "timeZone" : 3,
          "date" : "2019-07-05T05:05+0000",
          "moonPhaseDate" : "2019-07-02T19:16+0000"
        },
        {
          "signDate" : "2019-07-06T04:25+0000",
          "moonPhase" : "phase1",
          "sign" : "virgo",
          "age" : 5,
          "timeZone" : 3,
          "date" : "2019-07-06T06:23+0000",
          "moonPhaseDate" : "2019-07-02T19:16+0000"
        },
        {
          "signDate" : "2019-07-06T04:25+0000",
          "moonPhase" : "phase1",
          "sign" : "virgo",
          "age" : 6,
          "timeZone" : 3,
          "date" : "2019-07-07T07:41+0000",
          "moonPhaseDate" : "2019-07-02T19:16+0000"
        },
        {
          "signDate" : "2019-07-08T06:07+0000",
          "moonPhase" : "phase1",
          "sign" : "libra",
          "age" : 7,
          "timeZone" : 3,
          "date" : "2019-07-08T08:58+0000",
          "moonPhaseDate" : "2019-07-02T19:16+0000"
        },
        {
          "signDate" : "2019-07-08T06:07+0000",
          "moonPhase" : "phase2",
          "sign" : "libra",
          "age" : 8,
          "timeZone" : 3,
          "date" : "2019-07-09T10:12+0000",
          "moonPhaseDate" : "2019-07-09T10:55+0000"
        },
        {
          "signDate" : "2019-07-10T09:28+0000",
          "moonPhase" : "phase2",
          "sign" : "scorpio",
          "age" : 9,
          "timeZone" : 3,
          "date" : "2019-07-10T11:26+0000",
          "moonPhaseDate" : "2019-07-09T10:55+0000"
        },
        {
          "signDate" : "2019-07-10T09:28+0000",
          "moonPhase" : "phase2",
          "sign" : "scorpio",
          "age" : 10,
          "timeZone" : 3,
          "date" : "2019-07-11T12:38+0000",
          "moonPhaseDate" : "2019-07-09T10:55+0000"
        },
        {
          "signDate" : "2019-07-12T15:04+0000",
          "moonPhase" : "phase2",
          "sign" : "sagittarius",
          "age" : 11,
          "timeZone" : 3,
          "date" : "2019-07-12T13:48+0000",
          "moonPhaseDate" : "2019-07-09T10:55+0000"
        },
        {
          "signDate" : "2019-07-12T15:04+0000",
          "moonPhase" : "phase2",
          "sign" : "sagittarius",
          "age" : 12,
          "timeZone" : 3,
          "date" : "2019-07-13T14:56+0000",
          "moonPhaseDate" : "2019-07-09T10:55+0000"
        },
        {
          "signDate" : "2019-07-12T15:04+0000",
          "moonPhase" : "phase2",
          "sign" : "sagittarius",
          "age" : 13,
          "timeZone" : 3,
          "date" : "2019-07-14T15:59+0000",
          "moonPhaseDate" : "2019-07-09T10:55+0000"
        },
        {
          "signDate" : "2019-07-14T23:03+0000",
          "moonPhase" : "phase2",
          "sign" : "capricorn",
          "age" : 14,
          "timeZone" : 3,
          "date" : "2019-07-15T16:57+0000",
          "moonPhaseDate" : "2019-07-09T10:55+0000"
        },
        {
          "signDate" : "2019-07-14T23:03+0000",
          "moonPhase" : "phase2",
          "sign" : "capricorn",
          "age" : 15,
          "timeZone" : 3,
          "moonPhaseDate" : "2019-07-09T10:55+0000",
          "date" : "2019-07-16T17:46+0000"
        },
        {
          "signDate" : "2019-07-17T09:18+0000",
          "moonPhase" : "fullMoon",
          "sign" : "aquarius",
          "age" : 16,
          "timeZone" : 3,
          "date" : "2019-07-17T18:28+0000",
          "moonPhaseDate" : "2019-07-16T21:38+0000"
        },
        {
          "signDate" : "2019-07-17T09:18+0000",
          "moonPhase" : "phase3",
          "sign" : "aquarius",
          "age" : 17,
          "timeZone" : 3,
          "date" : "2019-07-18T19:03+0000",
          "moonPhaseDate" : "2019-07-16T21:38+0000"
        },
        {
          "signDate" : "2019-07-17T09:18+0000",
          "moonPhase" : "phase3",
          "sign" : "aquarius",
          "age" : 18,
          "timeZone" : 3,
          "date" : "2019-07-19T19:33+0000",
          "moonPhaseDate" : "2019-07-16T21:38+0000"
        },
        {
          "signDate" : "2019-07-19T21:19+0000",
          "moonPhase" : "phase3",
          "sign" : "pisces",
          "age" : 19,
          "timeZone" : 3,
          "date" : "2019-07-20T19:58+0000",
          "moonPhaseDate" : "2019-07-16T21:38+0000"
        },
        {
          "signDate" : "2019-07-19T21:19+0000",
          "moonPhase" : "phase3",
          "sign" : "pisces",
          "age" : 20,
          "timeZone" : 3,
          "date" : "2019-07-21T20:21+0000",
          "moonPhaseDate" : "2019-07-16T21:38+0000"
        },
        {
          "signDate" : "2019-07-22T10:01+0000",
          "moonPhase" : "phase3",
          "sign" : "aries",
          "age" : 21,
          "timeZone" : 3,
          "date" : "2019-07-22T20:42+0000",
          "moonPhaseDate" : "2019-07-16T21:38+0000"
        },
        {
          "signDate" : "2019-07-22T10:01+0000",
          "moonPhase" : "phase3",
          "sign" : "aries",
          "age" : 22,
          "timeZone" : 3,
          "date" : "2019-07-23T21:03+0000",
          "moonPhaseDate" : "2019-07-16T21:38+0000"
        },
        {
          "signDate" : "2019-07-24T21:40+0000",
          "moonPhase" : "phase4",
          "sign" : "taurus",
          "age" : 23,
          "timeZone" : 3,
          "date" : "2019-07-24T21:25+0000",
          "moonPhaseDate" : "2019-07-25T01:18+0000"
        },
        {
          "signDate" : "2019-07-24T21:40+0000",
          "moonPhase" : "phase4",
          "sign" : "taurus",
          "age" : 24,
          "timeZone" : 3,
          "date" : "2019-07-25T21:49+0000",
          "moonPhaseDate" : "2019-07-25T01:18+0000"
        },
        {
          "signDate" : "2019-07-27T06:28+0000",
          "moonPhase" : "phase4",
          "sign" : "gemini",
          "age" : 25,
          "timeZone" : 3,
          "date" : "2019-07-26T22:17+0000",
          "moonPhaseDate" : "2019-07-25T01:18+0000"
        },
        {
          "signDate" : "2019-07-27T06:28+0000",
          "moonPhase" : "phase4",
          "sign" : "gemini",
          "age" : 26,
          "timeZone" : 3,
          "date" : "2019-07-27T22:50+0000",
          "moonPhaseDate" : "2019-07-25T01:18+0000"
        },
        {
          "signDate" : "2019-07-29T11:30+0000",
          "moonPhase" : "phase4",
          "sign" : "cancer",
          "age" : 27,
          "timeZone" : 3,
          "date" : "2019-07-28T23:32+0000",
          "moonPhaseDate" : "2019-07-25T01:18+0000"
        },
        {
          "signDate" : "2019-07-29T11:30+0000",
          "moonPhase" : "phase4",
          "sign" : "cancer",
          "age" : 28,
          "timeZone" : 3,
          "date" : "2019-07-30T00:24+0000",
          "moonPhaseDate" : "2019-07-25T01:18+0000"
        },
        {
          "signDate" : "2019-07-31T13:18+0000",
          "moonPhase" : "phase4",
          "sign" : "leo",
          "age" : 29,
          "timeZone" : 3,
          "date" : "2019-07-31T01:27+0000",
          "moonPhaseDate" : "2019-07-25T01:18+0000"
        },
        {
          "signDate" : "2019-07-31T13:18+0000",
          "moonPhase" : "newMoon",
          "sign" : "leo",
          "age" : 30,
          "timeZone" : 3,
          "date" : "2019-08-01T02:40+0000",
          "moonPhaseDate" : "2019-08-01T03:12+0000"
        },
        {
          "signDate" : "2019-07-31T13:18+0000",
          "moonPhase" : "newMoon",
          "sign" : "leo",
          "age" : 1,
          "timeZone" : 3,
          "date" : "2019-08-01T03:12+0000",
          "moonPhaseDate" : "2019-08-01T03:12+0000"
        },
        {
          "signDate" : "2019-08-02T13:23+0000",
          "moonPhase" : "phase1",
          "sign" : "virgo",
          "age" : 2,
          "timeZone" : 3,
          "date" : "2019-08-02T03:59+0000",
          "moonPhaseDate" : "2019-08-01T03:12+0000"
        },
        {
          "signDate" : "2019-08-02T13:23+0000",
          "moonPhase" : "phase1",
          "sign" : "virgo",
          "age" : 3,
          "timeZone" : 3,
          "date" : "2019-08-03T05:20+0000",
          "moonPhaseDate" : "2019-08-01T03:12+0000"
        },
        {
          "signDate" : "2019-08-04T13:32+0000",
          "moonPhase" : "phase1",
          "sign" : "libra",
          "age" : 4,
          "timeZone" : 3,
          "date" : "2019-08-04T06:40+0000",
          "moonPhaseDate" : "2019-08-01T03:12+0000"
        },
        {
          "signDate" : "2019-08-04T13:32+0000",
          "moonPhase" : "phase1",
          "sign" : "libra",
          "age" : 5,
          "timeZone" : 3,
          "date" : "2019-08-05T07:58+0000",
          "moonPhaseDate" : "2019-08-01T03:12+0000"
        },
        {
          "signDate" : "2019-08-06T15:31+0000",
          "moonPhase" : "phase1",
          "sign" : "scorpio",
          "age" : 6,
          "timeZone" : 3,
          "date" : "2019-08-06T09:14+0000",
          "moonPhaseDate" : "2019-08-01T03:12+0000"
        },
        {
          "signDate" : "2019-08-06T15:31+0000",
          "moonPhase" : "phase2",
          "sign" : "scorpio",
          "age" : 7,
          "timeZone" : 3,
          "moonPhaseDate" : "2019-08-07T17:31+0000",
          "date" : "2019-08-07T10:28+0000"
        },
        {
          "signDate" : "2019-08-08T20:32+0000",
          "moonPhase" : "phase2",
          "sign" : "sagittarius",
          "age" : 8,
          "timeZone" : 3,
          "date" : "2019-08-08T11:40+0000",
          "moonPhaseDate" : "2019-08-07T17:31+0000"
        },
        {
          "signDate" : "2019-08-08T20:32+0000",
          "moonPhase" : "phase2",
          "sign" : "sagittarius",
          "age" : 9,
          "timeZone" : 3,
          "date" : "2019-08-09T12:49+0000",
          "moonPhaseDate" : "2019-08-07T17:31+0000"
        },
        {
          "signDate" : "2019-08-08T20:32+0000",
          "moonPhase" : "phase2",
          "sign" : "sagittarius",
          "age" : 10,
          "timeZone" : 3,
          "moonPhaseDate" : "2019-08-07T17:31+0000",
          "date" : "2019-08-10T13:53+0000"
        },
        {
          "signDate" : "2019-08-11T04:48+0000",
          "moonPhase" : "phase2",
          "sign" : "capricorn",
          "age" : 11,
          "timeZone" : 3,
          "date" : "2019-08-11T14:52+0000",
          "moonPhaseDate" : "2019-08-07T17:31+0000"
        },
        {
          "signDate" : "2019-08-11T04:48+0000",
          "moonPhase" : "phase2",
          "sign" : "capricorn",
          "age" : 12,
          "timeZone" : 3,
          "date" : "2019-08-12T15:44+0000",
          "moonPhaseDate" : "2019-08-07T17:31+0000"
        },
        {
          "signDate" : "2019-08-13T15:36+0000",
          "moonPhase" : "phase2",
          "sign" : "aquarius",
          "age" : 13,
          "timeZone" : 3,
          "date" : "2019-08-13T16:27+0000",
          "moonPhaseDate" : "2019-08-07T17:31+0000"
        },
        {
          "signDate" : "2019-08-13T15:36+0000",
          "moonPhase" : "phase2",
          "sign" : "aquarius",
          "age" : 14,
          "timeZone" : 3,
          "date" : "2019-08-14T17:04+0000",
          "moonPhaseDate" : "2019-08-07T17:31+0000"
        },
        {
          "signDate" : "2019-08-13T15:36+0000",
          "moonPhase" : "fullMoon",
          "sign" : "aquarius",
          "age" : 15,
          "timeZone" : 3,
          "date" : "2019-08-15T17:35+0000",
          "moonPhaseDate" : "2019-08-15T12:29+0000"
        },
        {
          "signDate" : "2019-08-16T03:50+0000",
          "moonPhase" : "phase3",
          "sign" : "pisces",
          "age" : 16,
          "timeZone" : 3,
          "date" : "2019-08-16T18:02+0000",
          "moonPhaseDate" : "2019-08-15T12:29+0000"
        },
        {
          "signDate" : "2019-08-16T03:50+0000",
          "moonPhase" : "phase3",
          "sign" : "pisces",
          "age" : 17,
          "timeZone" : 3,
          "date" : "2019-08-17T18:25+0000",
          "moonPhaseDate" : "2019-08-15T12:29+0000"
        },
        {
          "signDate" : "2019-08-18T16:32+0000",
          "moonPhase" : "phase3",
          "sign" : "aries",
          "age" : 18,
          "timeZone" : 3,
          "date" : "2019-08-18T18:47+0000",
          "moonPhaseDate" : "2019-08-15T12:29+0000"
        },
        {
          "signDate" : "2019-08-18T16:32+0000",
          "moonPhase" : "phase3",
          "sign" : "aries",
          "age" : 19,
          "timeZone" : 3,
          "date" : "2019-08-19T19:08+0000",
          "moonPhaseDate" : "2019-08-15T12:29+0000"
        },
        {
          "signDate" : "2019-08-18T16:32+0000",
          "moonPhase" : "phase3",
          "sign" : "aries",
          "age" : 20,
          "timeZone" : 3,
          "moonPhaseDate" : "2019-08-15T12:29+0000",
          "date" : "2019-08-20T19:29+0000"
        },
        {
          "signDate" : "2019-08-21T04:36+0000",
          "moonPhase" : "phase3",
          "sign" : "taurus",
          "age" : 21,
          "timeZone" : 3,
          "date" : "2019-08-21T19:52+0000",
          "moonPhaseDate" : "2019-08-15T12:29+0000"
        },
        {
          "signDate" : "2019-08-21T04:36+0000",
          "moonPhase" : "phase3",
          "sign" : "taurus",
          "age" : 22,
          "timeZone" : 3,
          "date" : "2019-08-22T20:17+0000",
          "moonPhaseDate" : "2019-08-15T12:29+0000"
        },
        {
          "signDate" : "2019-08-23T14:34+0000",
          "moonPhase" : "phase4",
          "sign" : "gemini",
          "age" : 23,
          "timeZone" : 3,
          "date" : "2019-08-23T20:47+0000",
          "moonPhaseDate" : "2019-08-23T14:56+0000"
        },
        {
          "signDate" : "2019-08-23T14:34+0000",
          "moonPhase" : "phase4",
          "sign" : "gemini",
          "age" : 24,
          "timeZone" : 3,
          "date" : "2019-08-24T21:23+0000",
          "moonPhaseDate" : "2019-08-23T14:56+0000"
        },
        {
          "signDate" : "2019-08-25T21:05+0000",
          "moonPhase" : "phase4",
          "sign" : "cancer",
          "age" : 25,
          "timeZone" : 3,
          "date" : "2019-08-25T22:09+0000",
          "moonPhaseDate" : "2019-08-23T14:56+0000"
        },
        {
          "signDate" : "2019-08-25T21:05+0000",
          "moonPhase" : "phase4",
          "sign" : "cancer",
          "age" : 26,
          "timeZone" : 3,
          "date" : "2019-08-26T23:05+0000",
          "moonPhaseDate" : "2019-08-23T14:56+0000"
        },
        {
          "signDate" : "2019-08-27T23:51+0000",
          "moonPhase" : "phase4",
          "sign" : "leo",
          "age" : 27,
          "timeZone" : 3,
          "date" : "2019-08-28T00:13+0000",
          "moonPhaseDate" : "2019-08-23T14:56+0000"
        },
        {
          "signDate" : "2019-08-27T23:51+0000",
          "moonPhase" : "phase4",
          "sign" : "leo",
          "age" : 28,
          "timeZone" : 3,
          "date" : "2019-08-29T01:29+0000",
          "moonPhaseDate" : "2019-08-23T14:56+0000"
        },
        {
          "signDate" : "2019-08-29T23:57+0000",
          "moonPhase" : "newMoon",
          "sign" : "virgo",
          "age" : 29,
          "timeZone" : 3,
          "date" : "2019-08-30T02:50+0000",
          "moonPhaseDate" : "2019-08-30T10:37+0000"
        },
        {
          "signDate" : "2019-08-29T23:57+0000",
          "moonPhase" : "newMoon",
          "sign" : "virgo",
          "age" : 1,
          "timeZone" : 3,
          "moonPhaseDate" : "2019-08-30T10:37+0000",
          "date" : "2019-08-30T10:37+0000"
        },
        {
          "signDate" : "2019-08-29T23:57+0000",
          "moonPhase" : "phase1",
          "sign" : "virgo",
          "age" : 2,
          "timeZone" : 3,
          "date" : "2019-08-31T04:13+0000",
          "moonPhaseDate" : "2019-08-30T10:37+0000"
        },
        {
          "signDate" : "2019-08-31T23:12+0000",
          "moonPhase" : "phase1",
          "sign" : "libra",
          "age" : 3,
          "timeZone" : 3,
          "date" : "2019-09-01T05:34+0000",
          "moonPhaseDate" : null
        },
        {
          "signDate" : "2019-08-31T23:12+0000",
          "moonPhase" : "phase1",
          "sign" : "libra",
          "age" : 4,
          "timeZone" : 3,
          "date" : "2019-09-02T06:54+0000",
          "moonPhaseDate" : null
        },
        {
          "signDate" : "2019-09-02T23:38+0000",
          "moonPhase" : "phase1",
          "sign" : "scorpio",
          "age" : 5,
          "timeZone" : 3,
          "moonPhaseDate" : null,
          "date" : "2019-09-03T08:12+0000"
        },
        {
          "signDate" : "2019-09-02T23:38+0000",
          "moonPhase" : "phase1",
          "sign" : "scorpio",
          "age" : 6,
          "timeZone" : 3,
          "moonPhaseDate" : null,
          "date" : "2019-09-04T09:27+0000"
        },
        {
          "signDate" : "2019-09-05T03:06+0000",
          "moonPhase" : "phase1",
          "sign" : "sagittarius",
          "age" : 7,
          "timeZone" : 3,
          "date" : "2019-09-05T10:39+0000",
          "moonPhaseDate" : null
        },
        {
          "signDate" : "2019-09-05T03:06+0000",
          "moonPhase" : "phase2",
          "sign" : "sagittarius",
          "age" : 8,
          "timeZone" : 3,
          "date" : "2019-09-06T11:47+0000",
          "moonPhaseDate" : "2019-09-06T03:10+0000"
        },
        {
          "signDate" : "2019-09-07T10:35+0000",
          "moonPhase" : "phase2",
          "sign" : "capricorn",
          "age" : 9,
          "timeZone" : 3,
          "date" : "2019-09-07T12:48+0000",
          "moonPhaseDate" : "2019-09-06T03:10+0000"
        },
        {
          "signDate" : "2019-09-07T10:35+0000",
          "moonPhase" : "phase2",
          "sign" : "capricorn",
          "age" : 10,
          "timeZone" : 3,
          "date" : "2019-09-08T13:42+0000",
          "moonPhaseDate" : "2019-09-06T03:10+0000"
        },
        {
          "signDate" : "2019-09-07T10:35+0000",
          "moonPhase" : "phase2",
          "sign" : "capricorn",
          "age" : 11,
          "timeZone" : 3,
          "date" : "2019-09-09T14:28+0000",
          "moonPhaseDate" : "2019-09-06T03:10+0000"
        },
        {
          "signDate" : "2019-09-09T21:25+0000",
          "moonPhase" : "phase2",
          "sign" : "aquarius",
          "age" : 12,
          "timeZone" : 3,
          "moonPhaseDate" : "2019-09-06T03:10+0000",
          "date" : "2019-09-10T15:06+0000"
        },
        {
          "signDate" : "2019-09-09T21:25+0000",
          "moonPhase" : "phase2",
          "sign" : "aquarius",
          "age" : 13,
          "timeZone" : 3,
          "date" : "2019-09-11T15:39+0000",
          "moonPhaseDate" : "2019-09-06T03:10+0000"
        },
        {
          "signDate" : "2019-09-12T09:53+0000",
          "moonPhase" : "phase2",
          "sign" : "pisces",
          "age" : 14,
          "timeZone" : 3,
          "date" : "2019-09-12T16:06+0000",
          "moonPhaseDate" : "2019-09-06T03:10+0000"
        },
        {
          "signDate" : "2019-09-12T09:53+0000",
          "moonPhase" : "phase2",
          "sign" : "pisces",
          "age" : 15,
          "timeZone" : 3,
          "date" : "2019-09-13T16:30+0000",
          "moonPhaseDate" : "2019-09-06T03:10+0000"
        },
        {
          "signDate" : "2019-09-12T09:53+0000",
          "moonPhase" : "fullMoon",
          "sign" : "pisces",
          "age" : 16,
          "timeZone" : 3,
          "moonPhaseDate" : "2019-09-14T04:33+0000",
          "date" : "2019-09-14T16:52+0000"
        },
        {
          "signDate" : "2019-09-14T22:32+0000",
          "moonPhase" : "phase3",
          "sign" : "aries",
          "age" : 17,
          "timeZone" : 3,
          "date" : "2019-09-15T17:13+0000",
          "moonPhaseDate" : "2019-09-14T04:33+0000"
        },
        {
          "signDate" : "2019-09-14T22:32+0000",
          "moonPhase" : "phase3",
          "sign" : "aries",
          "age" : 18,
          "timeZone" : 3,
          "date" : "2019-09-16T17:34+0000",
          "moonPhaseDate" : "2019-09-14T04:33+0000"
        },
        {
          "signDate" : "2019-09-17T10:30+0000",
          "moonPhase" : "phase3",
          "sign" : "taurus",
          "age" : 19,
          "timeZone" : 3,
          "date" : "2019-09-17T17:56+0000",
          "moonPhaseDate" : "2019-09-14T04:33+0000"
        },
        {
          "signDate" : "2019-09-17T10:30+0000",
          "moonPhase" : "phase3",
          "sign" : "taurus",
          "age" : 20,
          "timeZone" : 3,
          "date" : "2019-09-18T18:20+0000",
          "moonPhaseDate" : "2019-09-14T04:33+0000"
        },
        {
          "signDate" : "2019-09-19T20:58+0000",
          "moonPhase" : "phase3",
          "sign" : "gemini",
          "age" : 21,
          "timeZone" : 3,
          "date" : "2019-09-19T18:47+0000",
          "moonPhaseDate" : "2019-09-14T04:33+0000"
        },
        {
          "signDate" : "2019-09-19T20:58+0000",
          "moonPhase" : "phase3",
          "sign" : "gemini",
          "age" : 22,
          "timeZone" : 3,
          "date" : "2019-09-20T19:20+0000",
          "moonPhaseDate" : "2019-09-14T04:33+0000"
        },
        {
          "signDate" : "2019-09-19T20:58+0000",
          "moonPhase" : "phase3",
          "sign" : "gemini",
          "age" : 23,
          "timeZone" : 3,
          "date" : "2019-09-21T20:01+0000",
          "moonPhaseDate" : "2019-09-14T04:33+0000"
        },
        {
          "signDate" : "2019-09-22T04:52+0000",
          "moonPhase" : "phase4",
          "sign" : "cancer",
          "age" : 24,
          "timeZone" : 3,
          "date" : "2019-09-22T20:51+0000",
          "moonPhaseDate" : "2019-09-22T02:41+0000"
        },
        {
          "signDate" : "2019-09-24T09:19+0000",
          "moonPhase" : "phase4",
          "sign" : "leo",
          "age" : 25,
          "timeZone" : 3,
          "moonPhaseDate" : "2019-09-22T02:41+0000",
          "date" : "2019-09-23T21:52+0000"
        },
        {
          "signDate" : "2019-09-24T09:19+0000",
          "moonPhase" : "phase4",
          "sign" : "leo",
          "age" : 26,
          "timeZone" : 3,
          "date" : "2019-09-24T23:02+0000",
          "moonPhaseDate" : "2019-09-22T02:41+0000"
        },
        {
          "signDate" : "2019-09-26T10:35+0000",
          "moonPhase" : "phase4",
          "sign" : "virgo",
          "age" : 27,
          "timeZone" : 3,
          "moonPhaseDate" : "2019-09-22T02:41+0000",
          "date" : "2019-09-26T00:20+0000"
        },
        {
          "signDate" : "2019-09-26T10:35+0000",
          "moonPhase" : "phase4",
          "sign" : "virgo",
          "age" : 28,
          "timeZone" : 3,
          "date" : "2019-09-27T01:41+0000",
          "moonPhaseDate" : "2019-09-22T02:41+0000"
        },
        {
          "signDate" : "2019-09-28T10:04+0000",
          "moonPhase" : "newMoon",
          "sign" : "libra",
          "age" : 29,
          "timeZone" : 3,
          "moonPhaseDate" : "2019-09-28T18:26+0000",
          "date" : "2019-09-28T03:03+0000"
        },
        {
          "signDate" : "2019-09-28T10:04+0000",
          "moonPhase" : "newMoon",
          "sign" : "libra",
          "age" : 1,
          "timeZone" : 3,
          "date" : "2019-09-28T18:26+0000",
          "moonPhaseDate" : "2019-09-28T18:26+0000"
        },
        {
          "signDate" : "2019-09-28T10:04+0000",
          "moonPhase" : "phase1",
          "sign" : "libra",
          "age" : 2,
          "timeZone" : 3,
          "moonPhaseDate" : "2019-09-28T18:26+0000",
          "date" : "2019-09-29T04:25+0000"
        },
        {
          "signDate" : "2019-09-30T09:45+0000",
          "moonPhase" : "phase1",
          "sign" : "scorpio",
          "age" : 3,
          "timeZone" : 3,
          "date" : "2019-09-30T05:45+0000",
          "moonPhaseDate" : "2019-09-28T18:26+0000"
        },
        {
          "signDate" : "2019-09-30T09:45+0000",
          "moonPhase" : "phase1",
          "sign" : "scorpio",
          "age" : 4,
          "timeZone" : 3,
          "date" : "2019-10-01T07:04+0000",
          "moonPhaseDate" : null
        },
        {
          "signDate" : "2019-10-02T11:45+0000",
          "moonPhase" : "phase1",
          "sign" : "sagittarius",
          "age" : 5,
          "timeZone" : 3,
          "date" : "2019-10-02T08:21+0000",
          "moonPhaseDate" : null
        },
        {
          "signDate" : "2019-10-02T11:45+0000",
          "moonPhase" : "phase1",
          "sign" : "sagittarius",
          "age" : 6,
          "timeZone" : 3,
          "date" : "2019-10-03T09:33+0000",
          "moonPhaseDate" : null
        },
        {
          "signDate" : "2019-10-04T17:41+0000",
          "moonPhase" : "phase1",
          "sign" : "capricorn",
          "age" : 7,
          "timeZone" : 3,
          "moonPhaseDate" : null,
          "date" : "2019-10-04T10:39+0000"
        },
        {
          "signDate" : "2019-10-04T17:41+0000",
          "moonPhase" : "phase2",
          "sign" : "capricorn",
          "age" : 8,
          "timeZone" : 3,
          "date" : "2019-10-05T11:37+0000",
          "moonPhaseDate" : "2019-10-05T16:47+0000"
        },
        {
          "signDate" : "2019-10-04T17:41+0000",
          "moonPhase" : "phase2",
          "sign" : "capricorn",
          "age" : 9,
          "timeZone" : 3,
          "date" : "2019-10-06T12:27+0000",
          "moonPhaseDate" : "2019-10-05T16:47+0000"
        },
        {
          "signDate" : "2019-10-07T03:43+0000",
          "moonPhase" : "phase2",
          "sign" : "aquarius",
          "age" : 10,
          "timeZone" : 3,
          "moonPhaseDate" : "2019-10-05T16:47+0000",
          "date" : "2019-10-07T13:08+0000"
        },
        {
          "signDate" : "2019-10-07T03:43+0000",
          "moonPhase" : "phase2",
          "sign" : "aquarius",
          "age" : 11,
          "timeZone" : 3,
          "date" : "2019-10-08T13:42+0000",
          "moonPhaseDate" : "2019-10-05T16:47+0000"
        },
        {
          "signDate" : "2019-10-09T16:08+0000",
          "moonPhase" : "phase2",
          "sign" : "pisces",
          "age" : 12,
          "timeZone" : 3,
          "date" : "2019-10-09T14:11+0000",
          "moonPhaseDate" : "2019-10-05T16:47+0000"
        },
        {
          "signDate" : "2019-10-09T16:08+0000",
          "moonPhase" : "phase2",
          "sign" : "pisces",
          "age" : 13,
          "timeZone" : 3,
          "date" : "2019-10-10T14:36+0000",
          "moonPhaseDate" : "2019-10-05T16:47+0000"
        },
        {
          "signDate" : "2019-10-09T16:08+0000",
          "moonPhase" : "phase2",
          "sign" : "pisces",
          "age" : 14,
          "timeZone" : 3,
          "date" : "2019-10-11T14:58+0000",
          "moonPhaseDate" : "2019-10-05T16:47+0000"
        },
        {
          "signDate" : "2019-10-12T04:46+0000",
          "moonPhase" : "phase2",
          "sign" : "aries",
          "age" : 15,
          "timeZone" : 3,
          "date" : "2019-10-12T15:19+0000",
          "moonPhaseDate" : "2019-10-05T16:47+0000"
        },
        {
          "signDate" : "2019-10-12T04:46+0000",
          "moonPhase" : "phase2",
          "sign" : "aries",
          "age" : 16,
          "timeZone" : 3,
          "date" : "2019-10-13T15:39+0000",
          "moonPhaseDate" : "2019-10-05T16:47+0000"
        },
        {
          "signDate" : "2019-10-14T16:23+0000",
          "moonPhase" : "fullMoon",
          "sign" : "taurus",
          "age" : 17,
          "timeZone" : 3,
          "date" : "2019-10-14T16:01+0000",
          "moonPhaseDate" : "2019-10-13T21:08+0000"
        },
        {
          "signDate" : "2019-10-14T16:23+0000",
          "moonPhase" : "phase3",
          "sign" : "taurus",
          "age" : 18,
          "timeZone" : 3,
          "date" : "2019-10-15T16:24+0000",
          "moonPhaseDate" : "2019-10-13T21:08+0000"
        },
        {
          "signDate" : "2019-10-14T16:23+0000",
          "moonPhase" : "phase3",
          "sign" : "taurus",
          "age" : 19,
          "timeZone" : 3,
          "moonPhaseDate" : "2019-10-13T21:08+0000",
          "date" : "2019-10-16T16:50+0000"
        },
        {
          "signDate" : "2019-10-17T02:29+0000",
          "moonPhase" : "phase3",
          "sign" : "gemini",
          "age" : 20,
          "timeZone" : 3,
          "date" : "2019-10-17T17:21+0000",
          "moonPhaseDate" : "2019-10-13T21:08+0000"
        },
        {
          "signDate" : "2019-10-17T02:29+0000",
          "moonPhase" : "phase3",
          "sign" : "gemini",
          "age" : 21,
          "timeZone" : 3,
          "date" : "2019-10-18T17:59+0000",
          "moonPhaseDate" : "2019-10-13T21:08+0000"
        },
        {
          "signDate" : "2019-10-19T10:42+0000",
          "moonPhase" : "phase3",
          "sign" : "cancer",
          "age" : 22,
          "timeZone" : 3,
          "date" : "2019-10-19T18:45+0000",
          "moonPhaseDate" : "2019-10-13T21:08+0000"
        },
        {
          "signDate" : "2019-10-19T10:42+0000",
          "moonPhase" : "phase3",
          "sign" : "cancer",
          "age" : 23,
          "timeZone" : 3,
          "date" : "2019-10-20T19:41+0000",
          "moonPhaseDate" : "2019-10-13T21:08+0000"
        },
        {
          "signDate" : "2019-10-21T16:30+0000",
          "moonPhase" : "phase4",
          "sign" : "leo",
          "age" : 24,
          "timeZone" : 3,
          "date" : "2019-10-21T20:46+0000",
          "moonPhaseDate" : "2019-10-21T12:39+0000"
        },
        {
          "signDate" : "2019-10-23T19:30+0000",
          "moonPhase" : "phase4",
          "sign" : "virgo",
          "age" : 25,
          "timeZone" : 3,
          "date" : "2019-10-22T21:58+0000",
          "moonPhaseDate" : "2019-10-21T12:39+0000"
        },
        {
          "signDate" : "2019-10-23T19:30+0000",
          "moonPhase" : "phase4",
          "sign" : "virgo",
          "age" : 26,
          "timeZone" : 3,
          "date" : "2019-10-23T23:15+0000",
          "moonPhaseDate" : "2019-10-21T12:39+0000"
        },
        {
          "signDate" : "2019-10-25T20:20+0000",
          "moonPhase" : "phase4",
          "sign" : "libra",
          "age" : 27,
          "timeZone" : 3,
          "date" : "2019-10-25T00:35+0000",
          "moonPhaseDate" : "2019-10-21T12:39+0000"
        },
        {
          "signDate" : "2019-10-25T20:20+0000",
          "moonPhase" : "phase4",
          "sign" : "libra",
          "age" : 28,
          "timeZone" : 3,
          "date" : "2019-10-26T01:55+0000",
          "moonPhaseDate" : "2019-10-21T12:39+0000"
        },
        {
          "signDate" : "2019-10-27T19:31+0000",
          "moonPhase" : "phase4",
          "sign" : "scorpio",
          "age" : 29,
          "timeZone" : 3,
          "date" : "2019-10-27T02:15+0000",
          "moonPhaseDate" : "2019-10-21T12:39+0000"
        },
        {
          "signDate" : "2019-10-27T19:31+0000",
          "moonPhase" : "newMoon",
          "sign" : "scorpio",
          "age" : 1,
          "timeZone" : 3,
          "moonPhaseDate" : "2019-10-28T02:38+0000",
          "date" : "2019-10-28T02:38+0000"
        },
        {
          "signDate" : "2019-10-27T19:31+0000",
          "moonPhase" : "newMoon",
          "sign" : "scorpio",
          "age" : 2,
          "timeZone" : 3,
          "date" : "2019-10-28T03:35+0000",
          "moonPhaseDate" : "2019-10-28T02:38+0000"
        },
        {
          "signDate" : "2019-10-28T21:00+0000",
          "moonPhase" : "phase1",
          "sign" : "sagittarius",
          "age" : 3,
          "timeZone" : 3,
          "date" : "2019-10-29T04:54+0000",
          "moonPhaseDate" : "2019-10-28T02:38+0000"
        },
        {
          "signDate" : "2019-10-28T21:00+0000",
          "moonPhase" : "phase1",
          "sign" : "sagittarius",
          "age" : 4,
          "timeZone" : 3,
          "moonPhaseDate" : "2019-10-28T02:38+0000",
          "date" : "2019-10-30T06:11+0000"
        },
        {
          "signDate" : "2019-10-28T21:00+0000",
          "moonPhase" : "phase1",
          "sign" : "sagittarius",
          "age" : 5,
          "timeZone" : 3,
          "date" : "2019-10-31T07:22+0000",
          "moonPhaseDate" : "2019-10-28T02:38+0000"
        },
        {
          "signDate" : "2019-11-01T01:38+0000",
          "moonPhase" : "phase1",
          "sign" : "capricorn",
          "age" : 6,
          "timeZone" : 3,
          "moonPhaseDate" : null,
          "date" : "2019-11-01T08:27+0000"
        },
        {
          "signDate" : "2019-11-01T01:38+0000",
          "moonPhase" : "phase1",
          "sign" : "capricorn",
          "age" : 7,
          "timeZone" : 3,
          "moonPhaseDate" : null,
          "date" : "2019-11-02T09:21+0000"
        },
        {
          "signDate" : "2019-11-03T10:21+0000",
          "moonPhase" : "phase1",
          "sign" : "aquarius",
          "age" : 8,
          "timeZone" : 3,
          "date" : "2019-11-03T10:07+0000",
          "moonPhaseDate" : null
        },
        {
          "signDate" : "2019-11-03T10:21+0000",
          "moonPhase" : "phase2",
          "sign" : "aquarius",
          "age" : 9,
          "timeZone" : 3,
          "date" : "2019-11-04T10:44+0000",
          "moonPhaseDate" : "2019-11-04T09:23+0000"
        },
        {
          "signDate" : "2019-11-03T10:21+0000",
          "moonPhase" : "phase2",
          "sign" : "aquarius",
          "age" : 10,
          "timeZone" : 3,
          "date" : "2019-11-05T11:15+0000",
          "moonPhaseDate" : "2019-11-04T09:23+0000"
        },
        {
          "signDate" : "2019-11-05T22:11+0000",
          "moonPhase" : "phase2",
          "sign" : "pisces",
          "age" : 11,
          "timeZone" : 3,
          "moonPhaseDate" : "2019-11-04T09:23+0000",
          "date" : "2019-11-06T11:40+0000"
        },
        {
          "signDate" : "2019-11-05T22:11+0000",
          "moonPhase" : "phase2",
          "sign" : "pisces",
          "age" : 12,
          "timeZone" : 3,
          "date" : "2019-11-07T12:03+0000",
          "moonPhaseDate" : "2019-11-04T09:23+0000"
        },
        {
          "signDate" : "2019-11-08T10:50+0000",
          "moonPhase" : "phase2",
          "sign" : "aries",
          "age" : 13,
          "timeZone" : 3,
          "date" : "2019-11-08T12:24+0000",
          "moonPhaseDate" : "2019-11-04T09:23+0000"
        },
        {
          "signDate" : "2019-11-08T10:50+0000",
          "moonPhase" : "phase2",
          "sign" : "aries",
          "age" : 14,
          "timeZone" : 3,
          "date" : "2019-11-09T12:45+0000",
          "moonPhaseDate" : "2019-11-04T09:23+0000"
        },
        {
          "signDate" : "2019-11-08T10:50+0000",
          "moonPhase" : "phase2",
          "sign" : "aries",
          "age" : 15,
          "timeZone" : 3,
          "date" : "2019-11-10T13:05+0000",
          "moonPhaseDate" : "2019-11-04T09:23+0000"
        },
        {
          "signDate" : "2019-11-10T22:19+0000",
          "moonPhase" : "phase2",
          "sign" : "taurus",
          "age" : 16,
          "timeZone" : 3,
          "date" : "2019-11-11T13:28+0000",
          "moonPhaseDate" : "2019-11-04T09:23+0000"
        },
        {
          "signDate" : "2019-11-10T22:19+0000",
          "moonPhase" : "fullMoon",
          "sign" : "taurus",
          "age" : 17,
          "timeZone" : 3,
          "moonPhaseDate" : "2019-11-12T12:35+0000",
          "date" : "2019-11-12T13:53+0000"
        },
        {
          "signDate" : "2019-11-13T07:45+0000",
          "moonPhase" : "phase3",
          "sign" : "gemini",
          "age" : 18,
          "timeZone" : 3,
          "date" : "2019-11-13T14:22+0000",
          "moonPhaseDate" : "2019-11-12T12:35+0000"
        },
        {
          "signDate" : "2019-11-13T07:45+0000",
          "moonPhase" : "phase3",
          "sign" : "gemini",
          "age" : 19,
          "timeZone" : 3,
          "date" : "2019-11-14T14:58+0000",
          "moonPhaseDate" : "2019-11-12T12:35+0000"
        },
        {
          "signDate" : "2019-11-15T15:12+0000",
          "moonPhase" : "phase3",
          "sign" : "cancer",
          "age" : 20,
          "timeZone" : 3,
          "date" : "2019-11-15T15:41+0000",
          "moonPhaseDate" : "2019-11-12T12:35+0000"
        },
        {
          "signDate" : "2019-11-15T15:12+0000",
          "moonPhase" : "phase3",
          "sign" : "cancer",
          "age" : 21,
          "timeZone" : 3,
          "date" : "2019-11-16T16:35+0000",
          "moonPhaseDate" : "2019-11-12T12:35+0000"
        },
        {
          "signDate" : "2019-11-17T20:54+0000",
          "moonPhase" : "phase3",
          "sign" : "leo",
          "age" : 22,
          "timeZone" : 3,
          "date" : "2019-11-17T17:37+0000",
          "moonPhaseDate" : "2019-11-12T12:35+0000"
        },
        {
          "sign" : "leo",
          "moonPhaseDate" : "2019-11-12T12:35+0000",
          "date" : "2019-11-18T18:47+0000",
          "signDate" : "2019-11-17T20:54+0000",
          "age" : 23,
          "moonPhase" : "phase3",
          "timeZone" : 3
        },
        {
          "sign" : "leo",
          "moonPhaseDate" : "2019-11-19T20:11+0000",
          "date" : "2019-11-19T20:01+0000",
          "signDate" : "2019-11-17T20:54+0000",
          "age" : 24,
          "moonPhase" : "phase4",
          "timeZone" : 3
        },
        {
          "timeZone" : 3,
          "sign" : "virgo",
          "date" : "2019-11-20T21:17+0000",
          "signDate" : "2019-11-17T20:54+0000",
          "age" : 25,
          "moonPhase" : "phase4",
          "moonPhaseDate" : "2019-11-19T20:11+0000"
        },
        {
          "sign" : "libra",
          "moonPhaseDate" : "2019-11-19T20:11+0000",
          "date" : "2019-11-21T22:35+0000",
          "signDate" : "2019-11-22T03:22+0000",
          "age" : 26,
          "moonPhase" : "phase4",
          "timeZone" : 3
        },
        {
          "sign" : "libra",
          "moonPhaseDate" : "2019-11-19T20:11+0000",
          "date" : "2019-11-22T23:52+0000",
          "signDate" : "2019-11-22T03:22+0000",
          "age" : 27,
          "moonPhase" : "phase4",
          "timeZone" : 3
        },
        {
          "timeZone" : 3,
          "sign" : "scorpio",
          "date" : "2019-11-24T01:10+0000",
          "signDate" : "2019-11-24T05:01+0000",
          "age" : 28,
          "moonPhase" : "phase4",
          "moonPhaseDate" : "2019-11-19T20:11+0000"
        },
        {
          "sign" : "scorpio",
          "moonPhaseDate" : "2019-11-19T20:11+0000",
          "date" : "2019-11-25T02:28+0000",
          "signDate" : "2019-11-24T05:01+0000",
          "age" : 29,
          "moonPhase" : "phase4",
          "timeZone" : 3
        },
        {
          "sign" : "sagittarius",
          "moonPhaseDate" : "2019-11-26T14:06+0000",
          "date" : "2019-11-26T03:45+0000",
          "signDate" : "2019-11-26T07:12+0000",
          "age" : 30,
          "moonPhase" : "newMoon",
          "timeZone" : 3
        },
        {
          "sign" : "sagittarius",
          "moonPhaseDate" : "2019-11-26T14:06+0000",
          "date" : "2019-11-26T14:06+0000",
          "signDate" : "2019-11-26T07:12+0000",
          "age" : 1,
          "moonPhase" : "newMoon",
          "timeZone" : 3
        },
        {
          "sign" : "sagittarius",
          "moonPhaseDate" : "2019-11-26T14:06+0000",
          "date" : "2019-11-27T05:00+0000",
          "signDate" : "2019-11-26T07:12+0000",
          "age" : 2,
          "moonPhase" : "phase1",
          "timeZone" : 3
        },
        {
          "moonPhaseDate" : "2019-11-26T14:06+0000",
          "timeZone" : 3,
          "date" : "2019-11-28T06:09+0000",
          "signDate" : "2019-11-28T11:32+0000",
          "age" : 3,
          "moonPhase" : "phase1",
          "sign" : "capricorn"
        },
        {
          "sign" : "capricorn",
          "timeZone" : 3,
          "date" : "2019-11-29T07:10+0000",
          "signDate" : "2019-11-28T11:32+0000",
          "age" : 4,
          "moonPhase" : "phase1",
          "moonPhaseDate" : "2019-11-26T14:06+0000"
        },
        {
          "moonPhaseDate" : "2019-11-26T14:06+0000",
          "timeZone" : 3,
          "date" : "2019-11-30T08:00+0000",
          "signDate" : "2019-11-30T19:15+0000",
          "age" : 5,
          "moonPhase" : "phase1",
          "sign" : "aquarius"
        },
        {
          "moonPhaseDate" : null,
          "sign" : "aquarius",
          "date" : "2019-12-01T08:42+0000",
          "signDate" : "2019-11-30T19:15+0000",
          "age" : 6,
          "moonPhase" : "phase1",
          "timeZone" : 3
        },
        {
          "sign" : "aquarius",
          "moonPhaseDate" : null,
          "date" : "2019-12-02T09:16+0000",
          "signDate" : "2019-11-30T19:15+0000",
          "age" : 7,
          "moonPhase" : "phase1",
          "timeZone" : 3
        },
        {
          "moonPhaseDate" : null,
          "sign" : "pisces",
          "date" : "2019-12-03T09:44+0000",
          "signDate" : "2019-12-03T06:14+0000",
          "age" : 8,
          "moonPhase" : "phase1",
          "timeZone" : 3
        },
        {
          "sign" : "pisces",
          "moonPhaseDate" : "2019-12-04T05:58+0000",
          "date" : "2019-12-04T10:08+0000",
          "signDate" : "2019-12-03T06:14+0000",
          "age" : 9,
          "moonPhase" : "phase2",
          "timeZone" : 3
        },
        {
          "moonPhaseDate" : "2019-12-04T05:58+0000",
          "sign" : "aries",
          "date" : "2019-12-05T10:29+0000",
          "signDate" : "2019-12-05T18:46+0000",
          "age" : 10,
          "moonPhase" : "phase2",
          "timeZone" : 3
        },
        {
          "sign" : "aries",
          "moonPhaseDate" : "2019-12-04T05:58+0000",
          "date" : "2019-12-06T10:49+0000",
          "signDate" : "2019-12-05T18:46+0000",
          "age" : 11,
          "moonPhase" : "phase2",
          "timeZone" : 3
        },
        {
          "timeZone" : 3,
          "sign" : "aries",
          "date" : "2019-12-07T11:10+0000",
          "signDate" : "2019-12-05T18:46+0000",
          "age" : 12,
          "moonPhase" : "phase2",
          "moonPhaseDate" : "2019-12-04T05:58+0000"
        },
        {
          "timeZone" : 3,
          "sign" : "taurus",
          "date" : "2019-12-08T11:31+0000",
          "signDate" : "2019-12-08T06:31+0000",
          "age" : 13,
          "moonPhase" : "phase2",
          "moonPhaseDate" : "2019-12-04T05:58+0000"
        },
        {
          "timeZone" : 3,
          "sign" : "taurus",
          "date" : "2019-12-09T11:54+0000",
          "signDate" : "2019-12-08T06:31+0000",
          "age" : 14,
          "moonPhase" : "phase2",
          "moonPhaseDate" : "2019-12-04T05:58+0000"
        },
        {
          "sign" : "gemini",
          "moonPhaseDate" : "2019-12-04T05:58+0000",
          "date" : "2019-12-10T12:22+0000",
          "signDate" : "2019-12-10T15:49+0000",
          "age" : 15,
          "moonPhase" : "phase2",
          "timeZone" : 3
        },
        {
          "timeZone" : 3,
          "sign" : "gemini",
          "date" : "2019-12-11T12:55+0000",
          "signDate" : "2019-12-10T15:49+0000",
          "age" : 16,
          "moonPhase" : "phase2",
          "moonPhaseDate" : "2019-12-04T05:58+0000"
        },
        {
          "sign" : "gemini",
          "moonPhaseDate" : "2019-12-12T04:12+0000",
          "date" : "2019-12-12T13:36+0000",
          "signDate" : "2019-12-10T15:49+0000",
          "age" : 17,
          "moonPhase" : "fullMoon",
          "timeZone" : 3
        },
        {
          "timeZone" : 3,
          "sign" : "cancer",
          "date" : "2019-12-13T14:27+0000",
          "signDate" : "2019-12-12T22:24+0000",
          "age" : 18,
          "moonPhase" : "phase3",
          "moonPhaseDate" : "2019-12-12T04:12+0000"
        },
        {
          "moonPhaseDate" : "2019-12-12T04:12+0000",
          "timeZone" : 3,
          "date" : "2019-12-14T15:27+0000",
          "signDate" : "2019-12-12T22:24+0000",
          "age" : 19,
          "moonPhase" : "phase3",
          "sign" : "cancer"
        },
        {
          "moonPhaseDate" : "2019-12-12T04:12+0000",
          "sign" : "leo",
          "date" : "2019-12-15T16:36+0000",
          "signDate" : "2019-12-15T02:53+0000",
          "age" : 20,
          "moonPhase" : "phase3",
          "timeZone" : 3
        },
        {
          "moonPhaseDate" : "2019-12-12T04:12+0000",
          "sign" : "leo",
          "date" : "2019-12-16T17:50+0000",
          "signDate" : "2019-12-15T02:53+0000",
          "age" : 21,
          "moonPhase" : "phase3",
          "timeZone" : 3
        },
        {
          "timeZone" : 3,
          "sign" : "virgo",
          "date" : "2019-12-17T19:07+0000",
          "signDate" : "2019-12-17T06:13+0000",
          "age" : 22,
          "moonPhase" : "phase3",
          "moonPhaseDate" : "2019-12-12T04:12+0000"
        },
        {
          "timeZone" : 3,
          "sign" : "virgo",
          "date" : "2019-12-18T20:23+0000",
          "signDate" : "2019-12-17T06:13+0000",
          "age" : 23,
          "moonPhase" : "phase3",
          "moonPhaseDate" : "2019-12-12T04:12+0000"
        },
        {
          "timeZone" : 3,
          "sign" : "libra",
          "date" : "2019-12-19T21:39+0000",
          "signDate" : "2019-12-17T06:13+0000",
          "age" : 24,
          "moonPhase" : "phase4",
          "moonPhaseDate" : "2019-12-19T03:57+0000"
        },
        {
          "sign" : "scorpio",
          "moonPhaseDate" : "2019-12-19T03:57+0000",
          "date" : "2019-12-20T22:55+0000",
          "signDate" : "2019-12-21T12:01+0000",
          "age" : 25,
          "moonPhase" : "phase4",
          "timeZone" : 3
        },
        {
          "timeZone" : 3,
          "sign" : "scorpio",
          "date" : "2019-12-22T00:10+0000",
          "signDate" : "2019-12-21T12:01+0000",
          "age" : 26,
          "moonPhase" : "phase4",
          "moonPhaseDate" : "2019-12-19T03:57+0000"
        },
        {
          "sign" : "sagittarius",
          "moonPhaseDate" : "2019-12-19T03:57+0000",
          "date" : "2019-12-23T01:26+0000",
          "signDate" : "2019-12-23T15:37+0000",
          "age" : 27,
          "moonPhase" : "phase4",
          "timeZone" : 3
        },
        {
          "moonPhaseDate" : "2019-12-19T03:57+0000",
          "timeZone" : 3,
          "date" : "2019-12-24T02:40+0000",
          "signDate" : "2019-12-23T15:37+0000",
          "age" : 28,
          "moonPhase" : "phase4",
          "sign" : "sagittarius"
        },
        {
          "timeZone" : 3,
          "sign" : "capricorn",
          "date" : "2019-12-25T03:51+0000",
          "signDate" : "2019-12-25T20:46+0000",
          "age" : 29,
          "moonPhase" : "phase4",
          "moonPhaseDate" : "2019-12-19T03:57+0000"
        },
        {
          "sign" : "capricorn",
          "moonPhaseDate" : "2019-12-26T04:13+0000",
          "date" : "2019-12-26T04:13+0000",
          "signDate" : "2019-12-25T20:46+0000",
          "age" : 1,
          "moonPhase" : "newMoon",
          "timeZone" : 3
        },
        {
          "timeZone" : 3,
          "sign" : "capricorn",
          "date" : "2019-12-26T04:55+0000",
          "signDate" : "2019-12-25T20:46+0000",
          "age" : 2,
          "moonPhase" : "newMoon",
          "moonPhaseDate" : "2019-12-26T04:13+0000"
        },
        {
          "sign" : "capricorn",
          "moonPhaseDate" : "2019-12-26T04:13+0000",
          "date" : "2019-12-27T05:51+0000",
          "signDate" : "2019-12-25T20:46+0000",
          "age" : 3,
          "moonPhase" : "phase1",
          "timeZone" : 3
        },
        {
          "sign" : "aquarius",
          "timeZone" : 3,
          "date" : "2019-12-28T06:37+0000",
          "signDate" : "2019-12-28T04:21+0000",
          "age" : 4,
          "moonPhase" : "phase1",
          "moonPhaseDate" : "2019-12-26T04:13+0000"
        },
        {
          "timeZone" : 3,
          "sign" : "aquarius",
          "date" : "2019-12-29T07:14+0000",
          "signDate" : "2019-12-28T04:21+0000",
          "age" : 5,
          "moonPhase" : "phase1",
          "moonPhaseDate" : "2019-12-26T04:13+0000"
        },
        {
          "sign" : "pisces",
          "moonPhaseDate" : "2019-12-26T04:13+0000",
          "date" : "2019-12-30T07:45+0000",
          "signDate" : "2019-12-30T14:43+0000",
          "age" : 6,
          "moonPhase" : "phase1",
          "timeZone" : 3
        },
        {
          "timeZone" : 3,
          "sign" : "pisces",
          "date" : "2019-12-31T08:10+0000",
          "signDate" : "2019-12-30T14:43+0000",
          "age" : 7,
          "moonPhase" : "phase1",
          "moonPhaseDate" : "2019-12-26T04:13+0000"
        },
        {
          "sign" : "pisces",
          "moonPhaseDate" : null,
          "date" : "2020-01-01T08:33+0000",
          "signDate" : "2019-12-30T14:43+0000",
          "age" : 8,
          "moonPhase" : "phase1",
          "timeZone" : 3
        },
        {
          "sign" : "aries",
          "moonPhaseDate" : null,
          "date" : "2020-01-02T08:53+0000",
          "signDate" : "2020-01-02T03:01+0000",
          "age" : 9,
          "moonPhase" : "phase1",
          "timeZone" : 3
        },
        {
          "sign" : "aries",
          "moonPhaseDate" : "2020-01-03T03:45+0000",
          "date" : "2020-01-03T09:13+0000",
          "signDate" : "2020-01-02T03:01+0000",
          "age" : 10,
          "moonPhase" : "phase2",
          "timeZone" : 3
        },
        {
          "sign" : "taurus",
          "moonPhaseDate" : "2020-01-03T03:45+0000",
          "date" : "2020-01-04T09:34+0000",
          "signDate" : "2020-01-04T15:15+0000",
          "age" : 11,
          "moonPhase" : "phase2",
          "timeZone" : 3
        },
        {
          "moonPhaseDate" : "2020-01-03T03:45+0000",
          "timeZone" : 3,
          "date" : "2020-01-05T09:56+0000",
          "signDate" : "2020-01-04T15:15+0000",
          "age" : 12,
          "moonPhase" : "phase2",
          "sign" : "taurus"
        },
        {
          "sign" : "taurus",
          "timeZone" : 3,
          "date" : "2020-01-06T10:21+0000",
          "signDate" : "2020-01-04T15:15+0000",
          "age" : 13,
          "moonPhase" : "phase2",
          "moonPhaseDate" : "2020-01-03T03:45+0000"
        },
        {
          "sign" : "gemini",
          "moonPhaseDate" : "2020-01-03T03:45+0000",
          "date" : "2020-01-07T10:50+0000",
          "signDate" : "2020-01-07T01:13+0000",
          "age" : 14,
          "moonPhase" : "phase2",
          "timeZone" : 3
        },
        {
          "timeZone" : 3,
          "sign" : "gemini",
          "date" : "2020-01-08T11:28+0000",
          "signDate" : "2020-01-07T01:13+0000",
          "age" : 15,
          "moonPhase" : "phase2",
          "moonPhaseDate" : "2020-01-03T03:45+0000"
        },
        {
          "sign" : "cancer",
          "moonPhaseDate" : "2020-01-03T03:45+0000",
          "date" : "2020-01-09T12:14+0000",
          "signDate" : "2020-01-09T07:45+0000",
          "age" : 16,
          "moonPhase" : "phase2",
          "timeZone" : 3
        },
        {
          "sign" : "cancer",
          "moonPhaseDate" : "2020-01-10T18:21+0000",
          "date" : "2020-01-10T13:11+0000",
          "signDate" : "2020-01-09T07:45+0000",
          "age" : 17,
          "moonPhase" : "fullMoon",
          "timeZone" : 3
        },
        {
          "sign" : "leo",
          "moonPhaseDate" : "2020-01-10T18:21+0000",
          "date" : "2020-01-11T14:19+0000",
          "signDate" : "2020-01-11T11:16+0000",
          "age" : 18,
          "moonPhase" : "phase3",
          "timeZone" : 3
        },
        {
          "timeZone" : 3,
          "sign" : "leo",
          "date" : "2020-01-12T15:34+0000",
          "signDate" : "2020-01-11T11:16+0000",
          "age" : 19,
          "moonPhase" : "phase3",
          "moonPhaseDate" : "2020-01-10T18:21+0000"
        },
        {
          "sign" : "virgo",
          "moonPhaseDate" : "2020-01-10T18:21+0000",
          "date" : "2020-01-13T16:52+0000",
          "signDate" : "2020-01-13T13:05+0000",
          "age" : 20,
          "moonPhase" : "phase3",
          "timeZone" : 3
        },
        {
          "timeZone" : 3,
          "sign" : "virgo",
          "date" : "2020-01-14T18:11+0000",
          "signDate" : "2020-01-13T13:05+0000",
          "age" : 21,
          "moonPhase" : "phase3",
          "moonPhaseDate" : "2020-01-10T18:21+0000"
        },
        {
          "timeZone" : 3,
          "sign" : "libra",
          "date" : "2020-01-15T19:29+0000",
          "signDate" : "2020-01-15T14:42+0000",
          "age" : 22,
          "moonPhase" : "phase3",
          "moonPhaseDate" : "2020-01-10T18:21+0000"
        },
        {
          "sign" : "libra",
          "moonPhaseDate" : "2020-01-10T18:21+0000",
          "date" : "2020-01-16T20:45+0000",
          "signDate" : "2020-01-15T14:42+0000",
          "age" : 23,
          "moonPhase" : "phase3",
          "timeZone" : 3
        },
        {
          "sign" : "scorpio",
          "moonPhaseDate" : "2020-01-17T11:58+0000",
          "date" : "2020-01-17T22:00+0000",
          "signDate" : "2020-01-15T14:42+0000",
          "age" : 24,
          "moonPhase" : "phase4",
          "timeZone" : 3
        },
        {
          "timeZone" : 3,
          "sign" : "scorpio",
          "date" : "2020-01-18T23:15+0000",
          "signDate" : "2020-01-15T14:42+0000",
          "age" : 25,
          "moonPhase" : "phase4",
          "moonPhaseDate" : "2020-01-17T11:58+0000"
        },
        {
          "moonPhaseDate" : "2020-01-17T11:58+0000",
          "sign" : "sagittarius",
          "date" : "2020-01-20T00:27+0000",
          "signDate" : "2020-01-19T21:43+0000",
          "age" : 26,
          "moonPhase" : "phase4",
          "timeZone" : 3
        },
        {
          "sign" : "sagittarius",
          "moonPhaseDate" : "2020-01-17T11:58+0000",
          "date" : "2020-01-21T01:39+0000",
          "signDate" : "2020-01-19T21:43+0000",
          "age" : 27,
          "moonPhase" : "phase4",
          "timeZone" : 3
        },
        {
          "sign" : "capricorn",
          "moonPhaseDate" : "2020-01-17T11:58+0000",
          "date" : "2020-01-22T02:44+0000",
          "signDate" : "2020-01-22T04:02+0000",
          "age" : 28,
          "moonPhase" : "phase4",
          "timeZone" : 3
        },
        {
          "sign" : "capricorn",
          "moonPhaseDate" : "2020-01-17T11:58+0000",
          "date" : "2020-01-23T03:42+0000",
          "signDate" : "2020-01-22T04:02+0000",
          "age" : 29,
          "moonPhase" : "phase4",
          "timeZone" : 3
        },
        {
          "moonPhaseDate" : "2020-01-24T20:42+0000",
          "sign" : "aquarius",
          "date" : "2020-01-24T04:31+0000",
          "signDate" : "2020-01-24T12:22+0000",
          "age" : 30,
          "moonPhase" : "newMoon",
          "timeZone" : 3
        },
        {
          "moonPhaseDate" : "2020-01-24T20:42+0000",
          "timeZone" : 3,
          "date" : "2020-01-24T20:42+0000",
          "signDate" : "2020-01-24T12:22+0000",
          "age" : 1,
          "moonPhase" : "newMoon",
          "sign" : "aquarius"
        },
        {
          "sign" : "aquarius",
          "moonPhaseDate" : "2020-01-24T20:42+0000",
          "date" : "2020-01-25T05:12+0000",
          "signDate" : "2020-01-24T12:22+0000",
          "age" : 2,
          "moonPhase" : "phase1",
          "timeZone" : 3
        },
        {
          "sign" : "aquarius",
          "moonPhaseDate" : "2020-01-24T20:42+0000",
          "date" : "2020-01-26T05:45+0000",
          "signDate" : "2020-01-24T12:22+0000",
          "age" : 3,
          "moonPhase" : "phase1",
          "timeZone" : 3
        },
        {
          "timeZone" : 3,
          "sign" : "pisces",
          "date" : "2020-01-27T06:12+0000",
          "signDate" : "2020-01-26T22:45+0000",
          "age" : 4,
          "moonPhase" : "phase1",
          "moonPhaseDate" : "2020-01-24T20:42+0000"
        },
        {
          "sign" : "pisces",
          "moonPhaseDate" : "2020-01-24T20:42+0000",
          "date" : "2020-01-28T06:36+0000",
          "signDate" : "2020-01-26T22:45+0000",
          "age" : 5,
          "moonPhase" : "phase1",
          "timeZone" : 3
        },
        {
          "moonPhaseDate" : "2020-01-24T20:42+0000",
          "sign" : "aries",
          "date" : "2020-01-29T06:57+0000",
          "signDate" : "2020-01-29T10:51+0000",
          "age" : 6,
          "moonPhase" : "phase1",
          "timeZone" : 3
        },
        {
          "moonPhaseDate" : "2020-01-24T20:42+0000",
          "sign" : "aries",
          "date" : "2020-01-30T07:17+0000",
          "signDate" : "2020-01-29T10:51+0000",
          "age" : 7,
          "moonPhase" : "phase1",
          "timeZone" : 3
        },
        {
          "timeZone" : 3,
          "sign" : "aries",
          "date" : "2020-01-31T07:37+0000",
          "signDate" : "2020-01-29T10:51+0000",
          "age" : 8,
          "moonPhase" : "phase1",
          "moonPhaseDate" : "2020-01-24T20:42+0000"
        },
        {
          "timeZone" : 3,
          "sign" : "aries",
          "date" : "2020-01-31T07:37+0000",
          "signDate" : "2020-01-29T10:51+0000",
          "age" : 8,
          "moonPhase" : "phase1",
          "moonPhaseDate" : "2020-01-24T20:42+0000"
        }
      ],
      "timeZone" : 3,
      "cityName" : "Кишинев"
    }
  ]
}