{
  "countryName" : "Таджикистан",
  "cities" : [
    {
      "timeZone" : 5,
      "moonDays" : [
        {
          "age" : 26,
          "timeZone" : 5,
          "signDate" : "2019-05-01T10:23+0000",
          "date" : "2019-04-30T22:57+0000",
          "moonPhaseDate" : null,
          "moonPhase" : null,
          "sign" : "aries"
        },
        {
          "timeZone" : 5,
          "age" : 27,
          "signDate" : "2019-05-01T10:23+0000",
          "date" : "2019-05-01T23:24+0000",
          "moonPhaseDate" : null,
          "moonPhase" : null,
          "sign" : "aries"
        },
        {
          "timeZone" : 5,
          "age" : 28,
          "signDate" : "2019-05-01T10:23+0000",
          "date" : "2019-05-02T23:52+0000",
          "moonPhaseDate" : null,
          "moonPhase" : null,
          "sign" : "aries"
        },
        {
          "timeZone" : 5,
          "age" : 29,
          "signDate" : "2019-05-03T20:21+0000",
          "date" : "2019-05-04T00:21+0000",
          "moonPhaseDate" : null,
          "moonPhase" : null,
          "sign" : "taurus"
        },
        {
          "timeZone" : 5,
          "age" : 1,
          "signDate" : "2019-05-03T20:21+0000",
          "date" : "2019-05-04T22:45+0000",
          "moonPhaseDate" : "2019-05-04T22:45+0000",
          "moonPhase" : "newMoon",
          "sign" : "taurus"
        },
        {
          "timeZone" : 5,
          "age" : 2,
          "signDate" : "2019-05-03T20:21+0000",
          "date" : "2019-05-05T00:52+0000",
          "moonPhaseDate" : "2019-05-04T22:45+0000",
          "moonPhase" : "newMoon",
          "sign" : "taurus"
        },
        {
          "timeZone" : 5,
          "age" : 3,
          "signDate" : "2019-05-06T03:42+0000",
          "date" : "2019-05-06T01:27+0000",
          "moonPhaseDate" : "2019-05-04T22:45+0000",
          "moonPhase" : "phase1",
          "sign" : "gemini"
        },
        {
          "timeZone" : 5,
          "age" : 4,
          "signDate" : "2019-05-06T03:42+0000",
          "date" : "2019-05-07T02:07+0000",
          "moonPhaseDate" : "2019-05-04T22:45+0000",
          "moonPhase" : "phase1",
          "sign" : "gemini"
        },
        {
          "timeZone" : 5,
          "age" : 5,
          "signDate" : "2019-05-08T09:05+0000",
          "date" : "2019-05-08T02:54+0000",
          "moonPhaseDate" : "2019-05-04T22:45+0000",
          "moonPhase" : "phase1",
          "sign" : "cancer"
        },
        {
          "timeZone" : 5,
          "age" : 6,
          "signDate" : "2019-05-08T09:05+0000",
          "date" : "2019-05-09T03:48+0000",
          "moonPhaseDate" : "2019-05-04T22:45+0000",
          "moonPhase" : "phase1",
          "sign" : "cancer"
        },
        {
          "timeZone" : 5,
          "age" : 7,
          "signDate" : "2019-05-10T13:12+0000",
          "date" : "2019-05-10T04:49+0000",
          "moonPhaseDate" : "2019-05-04T22:45+0000",
          "moonPhase" : "phase1",
          "sign" : "leo"
        },
        {
          "timeZone" : 5,
          "age" : 8,
          "signDate" : "2019-05-10T13:12+0000",
          "date" : "2019-05-11T05:55+0000",
          "moonPhaseDate" : "2019-05-04T22:45+0000",
          "moonPhase" : "phase1",
          "sign" : "leo"
        },
        {
          "timeZone" : 5,
          "age" : 9,
          "signDate" : "2019-05-12T16:23+0000",
          "date" : "2019-05-12T07:04+0000",
          "moonPhaseDate" : "2019-05-12T01:12+0000",
          "moonPhase" : "phase2",
          "sign" : "virgo"
        },
        {
          "timeZone" : 5,
          "age" : 10,
          "signDate" : "2019-05-12T16:23+0000",
          "date" : "2019-05-13T08:13+0000",
          "moonPhaseDate" : "2019-05-12T01:12+0000",
          "moonPhase" : "phase2",
          "sign" : "virgo"
        },
        {
          "timeZone" : 5,
          "age" : 11,
          "signDate" : "2019-05-14T18:53+0000",
          "date" : "2019-05-14T09:23+0000",
          "moonPhaseDate" : "2019-05-12T01:12+0000",
          "moonPhase" : "phase2",
          "sign" : "libra"
        },
        {
          "age" : 12,
          "timeZone" : 5,
          "signDate" : "2019-05-14T18:53+0000",
          "date" : "2019-05-15T10:33+0000",
          "moonPhaseDate" : "2019-05-12T01:12+0000",
          "moonPhase" : "phase2",
          "sign" : "libra"
        },
        {
          "timeZone" : 5,
          "age" : 13,
          "signDate" : "2019-05-14T18:53+0000",
          "date" : "2019-05-16T11:42+0000",
          "moonPhaseDate" : "2019-05-12T01:12+0000",
          "moonPhase" : "phase2",
          "sign" : "libra"
        },
        {
          "age" : 14,
          "timeZone" : 5,
          "signDate" : "2019-05-16T21:25+0000",
          "date" : "2019-05-17T12:50+0000",
          "moonPhaseDate" : "2019-05-12T01:12+0000",
          "moonPhase" : "phase2",
          "sign" : "scorpio"
        },
        {
          "timeZone" : 5,
          "age" : 15,
          "signDate" : "2019-05-16T21:25+0000",
          "date" : "2019-05-18T13:58+0000",
          "moonPhaseDate" : "2019-05-12T01:12+0000",
          "moonPhase" : "phase2",
          "sign" : "scorpio"
        },
        {
          "timeZone" : 5,
          "age" : 16,
          "signDate" : "2019-05-19T01:19+0000",
          "date" : "2019-05-19T15:04+0000",
          "moonPhaseDate" : "2019-05-18T21:11+0000",
          "moonPhase" : "fullMoon",
          "sign" : "sagittarius"
        },
        {
          "timeZone" : 5,
          "age" : 17,
          "signDate" : "2019-05-19T01:19+0000",
          "date" : "2019-05-20T16:07+0000",
          "moonPhaseDate" : "2019-05-18T21:11+0000",
          "moonPhase" : "phase3",
          "sign" : "sagittarius"
        },
        {
          "timeZone" : 5,
          "age" : 18,
          "signDate" : "2019-05-21T07:56+0000",
          "date" : "2019-05-21T17:05+0000",
          "moonPhaseDate" : "2019-05-18T21:11+0000",
          "moonPhase" : "phase3",
          "sign" : "capricorn"
        },
        {
          "age" : 19,
          "timeZone" : 5,
          "signDate" : "2019-05-21T07:56+0000",
          "date" : "2019-05-22T17:58+0000",
          "moonPhaseDate" : "2019-05-18T21:11+0000",
          "moonPhase" : "phase3",
          "sign" : "capricorn"
        },
        {
          "timeZone" : 5,
          "age" : 20,
          "signDate" : "2019-05-23T17:51+0000",
          "date" : "2019-05-23T18:44+0000",
          "moonPhaseDate" : "2019-05-18T21:11+0000",
          "moonPhase" : "phase3",
          "sign" : "aquarius"
        },
        {
          "timeZone" : 5,
          "age" : 21,
          "signDate" : "2019-05-23T17:51+0000",
          "date" : "2019-05-24T19:24+0000",
          "moonPhaseDate" : "2019-05-18T21:11+0000",
          "moonPhase" : "phase3",
          "sign" : "aquarius"
        },
        {
          "timeZone" : 5,
          "age" : 22,
          "signDate" : "2019-05-26T06:07+0000",
          "date" : "2019-05-25T19:59+0000",
          "moonPhaseDate" : "2019-05-26T16:33+0000",
          "moonPhase" : "phase4",
          "sign" : "pisces"
        },
        {
          "timeZone" : 5,
          "age" : 23,
          "signDate" : "2019-05-26T06:07+0000",
          "date" : "2019-05-26T20:30+0000",
          "moonPhaseDate" : "2019-05-26T16:33+0000",
          "moonPhase" : "phase4",
          "sign" : "pisces"
        },
        {
          "timeZone" : 5,
          "age" : 24,
          "signDate" : "2019-05-28T18:29+0000",
          "date" : "2019-05-27T20:59+0000",
          "moonPhaseDate" : "2019-05-26T16:33+0000",
          "moonPhase" : "phase4",
          "sign" : "aries"
        },
        {
          "timeZone" : 5,
          "age" : 25,
          "signDate" : "2019-05-28T18:29+0000",
          "date" : "2019-05-28T21:26+0000",
          "moonPhaseDate" : "2019-05-26T16:33+0000",
          "moonPhase" : "phase4",
          "sign" : "aries"
        },
        {
          "timeZone" : 5,
          "age" : 26,
          "signDate" : "2019-05-28T18:29+0000",
          "date" : "2019-05-29T21:53+0000",
          "moonPhaseDate" : "2019-05-26T16:33+0000",
          "moonPhase" : "phase4",
          "sign" : "aries"
        },
        {
          "timeZone" : 5,
          "age" : 27,
          "signDate" : "2019-05-31T04:44+0000",
          "date" : "2019-05-30T22:21+0000",
          "moonPhaseDate" : "2019-05-26T16:33+0000",
          "moonPhase" : "phase4",
          "sign" : "taurus"
        },
        {
          "timeZone" : 5,
          "age" : 28,
          "signDate" : "2019-05-31T04:44+0000",
          "date" : "2019-05-31T22:51+0000",
          "moonPhaseDate" : null,
          "moonPhase" : "phase4",
          "sign" : "taurus"
        },
        {
          "timeZone" : 5,
          "age" : 29,
          "signDate" : "2019-06-02T11:51+0000",
          "date" : "2019-06-01T23:24+0000",
          "moonPhaseDate" : null,
          "moonPhase" : "phase4",
          "sign" : "gemini"
        },
        {
          "timeZone" : 5,
          "age" : 30,
          "signDate" : "2019-06-02T11:51+0000",
          "date" : "2019-06-03T00:02+0000",
          "moonPhaseDate" : "2019-06-03T10:02+0000",
          "moonPhase" : "newMoon",
          "sign" : "gemini"
        },
        {
          "timeZone" : 5,
          "age" : 1,
          "signDate" : "2019-06-02T11:51+0000",
          "date" : "2019-06-03T10:02+0000",
          "moonPhaseDate" : "2019-06-03T10:02+0000",
          "moonPhase" : "newMoon",
          "sign" : "gemini"
        },
        {
          "timeZone" : 5,
          "age" : 2,
          "signDate" : "2019-06-04T16:18+0000",
          "date" : "2019-06-04T00:46+0000",
          "moonPhaseDate" : "2019-06-03T10:02+0000",
          "moonPhase" : "phase1",
          "sign" : "cancer"
        },
        {
          "timeZone" : 5,
          "age" : 3,
          "signDate" : "2019-06-04T16:18+0000",
          "date" : "2019-06-05T01:39+0000",
          "moonPhaseDate" : "2019-06-03T10:02+0000",
          "moonPhase" : "phase1",
          "sign" : "cancer"
        },
        {
          "timeZone" : 5,
          "age" : 4,
          "signDate" : "2019-06-04T16:18+0000",
          "date" : "2019-06-06T02:39+0000",
          "moonPhaseDate" : "2019-06-03T10:02+0000",
          "moonPhase" : "phase1",
          "sign" : "cancer"
        },
        {
          "timeZone" : 5,
          "age" : 5,
          "signDate" : "2019-06-06T19:14+0000",
          "date" : "2019-06-07T03:45+0000",
          "moonPhaseDate" : "2019-06-03T10:02+0000",
          "moonPhase" : "phase1",
          "sign" : "leo"
        },
        {
          "timeZone" : 5,
          "age" : 6,
          "signDate" : "2019-06-06T19:14+0000",
          "date" : "2019-06-08T04:55+0000",
          "moonPhaseDate" : "2019-06-03T10:02+0000",
          "moonPhase" : "phase1",
          "sign" : "leo"
        },
        {
          "timeZone" : 5,
          "age" : 7,
          "signDate" : "2019-06-08T21:43+0000",
          "date" : "2019-06-09T06:05+0000",
          "moonPhaseDate" : "2019-06-03T10:02+0000",
          "moonPhase" : "phase1",
          "sign" : "virgo"
        },
        {
          "timeZone" : 5,
          "age" : 8,
          "signDate" : "2019-06-08T21:43+0000",
          "date" : "2019-06-10T07:15+0000",
          "moonPhaseDate" : "2019-06-10T05:59+0000",
          "moonPhase" : "phase2",
          "sign" : "virgo"
        },
        {
          "timeZone" : 5,
          "age" : 9,
          "signDate" : "2019-06-11T00:30+0000",
          "date" : "2019-06-11T08:23+0000",
          "moonPhaseDate" : "2019-06-10T05:59+0000",
          "moonPhase" : "phase2",
          "sign" : "libra"
        },
        {
          "timeZone" : 5,
          "age" : 10,
          "signDate" : "2019-06-11T00:30+0000",
          "date" : "2019-06-12T09:31+0000",
          "moonPhaseDate" : "2019-06-10T05:59+0000",
          "moonPhase" : "phase2",
          "sign" : "libra"
        },
        {
          "timeZone" : 5,
          "age" : 11,
          "signDate" : "2019-06-13T04:03+0000",
          "date" : "2019-06-13T10:38+0000",
          "moonPhaseDate" : "2019-06-10T05:59+0000",
          "moonPhase" : "phase2",
          "sign" : "scorpio"
        },
        {
          "timeZone" : 5,
          "age" : 12,
          "signDate" : "2019-06-13T04:03+0000",
          "date" : "2019-06-14T11:44+0000",
          "moonPhaseDate" : "2019-06-10T05:59+0000",
          "moonPhase" : "phase2",
          "sign" : "scorpio"
        },
        {
          "timeZone" : 5,
          "age" : 13,
          "signDate" : "2019-06-15T09:01+0000",
          "date" : "2019-06-15T12:50+0000",
          "moonPhaseDate" : "2019-06-10T05:59+0000",
          "moonPhase" : "phase2",
          "sign" : "sagittarius"
        },
        {
          "timeZone" : 5,
          "age" : 14,
          "signDate" : "2019-06-15T09:01+0000",
          "date" : "2019-06-16T13:54+0000",
          "moonPhaseDate" : "2019-06-10T05:59+0000",
          "moonPhase" : "phase2",
          "sign" : "sagittarius"
        },
        {
          "timeZone" : 5,
          "age" : 15,
          "signDate" : "2019-06-17T16:11+0000",
          "date" : "2019-06-17T14:54+0000",
          "moonPhaseDate" : "2019-06-17T08:31+0000",
          "moonPhase" : "fullMoon",
          "sign" : "capricorn"
        },
        {
          "timeZone" : 5,
          "age" : 16,
          "signDate" : "2019-06-17T16:11+0000",
          "date" : "2019-06-18T15:49+0000",
          "moonPhaseDate" : "2019-06-17T08:31+0000",
          "moonPhase" : "phase3",
          "sign" : "capricorn"
        },
        {
          "age" : 17,
          "timeZone" : 5,
          "signDate" : "2019-06-17T16:11+0000",
          "date" : "2019-06-19T16:38+0000",
          "moonPhaseDate" : "2019-06-17T08:31+0000",
          "moonPhase" : "phase3",
          "sign" : "capricorn"
        },
        {
          "timeZone" : 5,
          "age" : 18,
          "signDate" : "2019-06-20T02:01+0000",
          "date" : "2019-06-20T17:21+0000",
          "moonPhaseDate" : "2019-06-17T08:31+0000",
          "moonPhase" : "phase3",
          "sign" : "aquarius"
        },
        {
          "timeZone" : 5,
          "age" : 19,
          "signDate" : "2019-06-20T02:01+0000",
          "date" : "2019-06-21T17:58+0000",
          "moonPhaseDate" : "2019-06-17T08:31+0000",
          "moonPhase" : "phase3",
          "sign" : "aquarius"
        },
        {
          "timeZone" : 5,
          "age" : 20,
          "signDate" : "2019-06-22T14:01+0000",
          "date" : "2019-06-22T18:31+0000",
          "moonPhaseDate" : "2019-06-17T08:31+0000",
          "moonPhase" : "phase3",
          "sign" : "pisces"
        },
        {
          "age" : 21,
          "timeZone" : 5,
          "signDate" : "2019-06-22T14:01+0000",
          "date" : "2019-06-23T19:00+0000",
          "moonPhaseDate" : "2019-06-17T08:31+0000",
          "moonPhase" : "phase3",
          "sign" : "pisces"
        },
        {
          "timeZone" : 5,
          "age" : 22,
          "signDate" : "2019-06-25T02:34+0000",
          "date" : "2019-06-24T19:28+0000",
          "moonPhaseDate" : "2019-06-25T09:46+0000",
          "moonPhase" : "phase4",
          "sign" : "aries"
        },
        {
          "age" : 23,
          "timeZone" : 5,
          "signDate" : "2019-06-25T02:34+0000",
          "date" : "2019-06-25T19:54+0000",
          "moonPhaseDate" : "2019-06-25T09:46+0000",
          "moonPhase" : "phase4",
          "sign" : "aries"
        },
        {
          "timeZone" : 5,
          "age" : 24,
          "signDate" : "2019-06-27T13:30+0000",
          "date" : "2019-06-26T20:21+0000",
          "moonPhaseDate" : "2019-06-25T09:46+0000",
          "moonPhase" : "phase4",
          "sign" : "taurus"
        },
        {
          "timeZone" : 5,
          "age" : 25,
          "signDate" : "2019-06-27T13:30+0000",
          "date" : "2019-06-27T20:49+0000",
          "moonPhaseDate" : "2019-06-25T09:46+0000",
          "moonPhase" : "phase4",
          "sign" : "taurus"
        },
        {
          "age" : 26,
          "timeZone" : 5,
          "signDate" : "2019-06-27T13:30+0000",
          "date" : "2019-06-28T21:21+0000",
          "moonPhaseDate" : "2019-06-25T09:46+0000",
          "moonPhase" : "phase4",
          "sign" : "taurus"
        },
        {
          "timeZone" : 5,
          "age" : 27,
          "signDate" : "2019-06-29T21:10+0000",
          "date" : "2019-06-29T21:56+0000",
          "moonPhaseDate" : "2019-06-25T09:46+0000",
          "moonPhase" : "phase4",
          "sign" : "gemini"
        },
        {
          "timeZone" : 5,
          "age" : 28,
          "signDate" : "2019-06-29T21:10+0000",
          "date" : "2019-06-30T22:37+0000",
          "moonPhaseDate" : null,
          "moonPhase" : "phase4",
          "sign" : "gemini"
        },
        {
          "timeZone" : 5,
          "age" : 29,
          "signDate" : "2019-07-02T01:26+0000",
          "date" : "2019-07-01T23:27+0000",
          "moonPhaseDate" : null,
          "moonPhase" : "phase4",
          "sign" : "cancer"
        },
        {
          "timeZone" : 5,
          "age" : 1,
          "signDate" : "2019-07-02T01:26+0000",
          "date" : "2019-07-02T19:16+0000",
          "moonPhaseDate" : "2019-07-02T19:16+0000",
          "moonPhase" : "newMoon",
          "sign" : "cancer"
        },
        {
          "timeZone" : 5,
          "age" : 2,
          "signDate" : "2019-07-02T01:26+0000",
          "date" : "2019-07-03T00:24+0000",
          "moonPhaseDate" : "2019-07-02T19:16+0000",
          "moonPhase" : "newMoon",
          "sign" : "cancer"
        },
        {
          "timeZone" : 5,
          "age" : 3,
          "signDate" : "2019-07-04T03:21+0000",
          "date" : "2019-07-04T01:30+0000",
          "moonPhaseDate" : "2019-07-02T19:16+0000",
          "moonPhase" : "phase1",
          "sign" : "leo"
        },
        {
          "timeZone" : 5,
          "age" : 4,
          "signDate" : "2019-07-04T03:21+0000",
          "date" : "2019-07-05T02:40+0000",
          "moonPhaseDate" : "2019-07-02T19:16+0000",
          "moonPhase" : "phase1",
          "sign" : "leo"
        },
        {
          "timeZone" : 5,
          "age" : 5,
          "signDate" : "2019-07-06T04:25+0000",
          "date" : "2019-07-06T03:52+0000",
          "moonPhaseDate" : "2019-07-02T19:16+0000",
          "moonPhase" : "phase1",
          "sign" : "virgo"
        },
        {
          "age" : 6,
          "timeZone" : 5,
          "signDate" : "2019-07-06T04:25+0000",
          "date" : "2019-07-07T05:04+0000",
          "moonPhaseDate" : "2019-07-02T19:16+0000",
          "moonPhase" : "phase1",
          "sign" : "virgo"
        },
        {
          "timeZone" : 5,
          "age" : 7,
          "signDate" : "2019-07-08T06:07+0000",
          "date" : "2019-07-08T06:15+0000",
          "moonPhaseDate" : "2019-07-02T19:16+0000",
          "moonPhase" : "phase1",
          "sign" : "libra"
        },
        {
          "timeZone" : 5,
          "age" : 8,
          "signDate" : "2019-07-08T06:07+0000",
          "date" : "2019-07-09T07:23+0000",
          "moonPhaseDate" : "2019-07-09T10:55+0000",
          "moonPhase" : "phase2",
          "sign" : "libra"
        },
        {
          "timeZone" : 5,
          "age" : 9,
          "signDate" : "2019-07-10T09:28+0000",
          "date" : "2019-07-10T08:30+0000",
          "moonPhaseDate" : "2019-07-09T10:55+0000",
          "moonPhase" : "phase2",
          "sign" : "scorpio"
        },
        {
          "timeZone" : 5,
          "age" : 10,
          "signDate" : "2019-07-10T09:28+0000",
          "date" : "2019-07-11T09:36+0000",
          "moonPhaseDate" : "2019-07-09T10:55+0000",
          "moonPhase" : "phase2",
          "sign" : "scorpio"
        },
        {
          "timeZone" : 5,
          "age" : 11,
          "signDate" : "2019-07-12T15:04+0000",
          "date" : "2019-07-12T10:42+0000",
          "moonPhaseDate" : "2019-07-09T10:55+0000",
          "moonPhase" : "phase2",
          "sign" : "sagittarius"
        },
        {
          "timeZone" : 5,
          "age" : 12,
          "signDate" : "2019-07-12T15:04+0000",
          "date" : "2019-07-13T11:45+0000",
          "moonPhaseDate" : "2019-07-09T10:55+0000",
          "moonPhase" : "phase2",
          "sign" : "sagittarius"
        },
        {
          "timeZone" : 5,
          "age" : 13,
          "signDate" : "2019-07-12T15:04+0000",
          "date" : "2019-07-14T12:46+0000",
          "moonPhaseDate" : "2019-07-09T10:55+0000",
          "moonPhase" : "phase2",
          "sign" : "sagittarius"
        },
        {
          "timeZone" : 5,
          "age" : 14,
          "signDate" : "2019-07-14T23:03+0000",
          "date" : "2019-07-15T13:42+0000",
          "moonPhaseDate" : "2019-07-09T10:55+0000",
          "moonPhase" : "phase2",
          "sign" : "capricorn"
        },
        {
          "timeZone" : 5,
          "age" : 15,
          "signDate" : "2019-07-14T23:03+0000",
          "date" : "2019-07-16T14:33+0000",
          "moonPhaseDate" : "2019-07-09T10:55+0000",
          "moonPhase" : "phase2",
          "sign" : "capricorn"
        },
        {
          "timeZone" : 5,
          "age" : 16,
          "signDate" : "2019-07-17T09:18+0000",
          "date" : "2019-07-17T15:18+0000",
          "moonPhaseDate" : "2019-07-16T21:38+0000",
          "moonPhase" : "fullMoon",
          "sign" : "aquarius"
        },
        {
          "timeZone" : 5,
          "age" : 17,
          "signDate" : "2019-07-17T09:18+0000",
          "date" : "2019-07-18T15:57+0000",
          "moonPhaseDate" : "2019-07-16T21:38+0000",
          "moonPhase" : "phase3",
          "sign" : "aquarius"
        },
        {
          "timeZone" : 5,
          "age" : 18,
          "signDate" : "2019-07-17T09:18+0000",
          "date" : "2019-07-19T16:31+0000",
          "moonPhaseDate" : "2019-07-16T21:38+0000",
          "moonPhase" : "phase3",
          "sign" : "aquarius"
        },
        {
          "timeZone" : 5,
          "age" : 19,
          "signDate" : "2019-07-19T21:19+0000",
          "date" : "2019-07-20T17:02+0000",
          "moonPhaseDate" : "2019-07-16T21:38+0000",
          "moonPhase" : "phase3",
          "sign" : "pisces"
        },
        {
          "timeZone" : 5,
          "age" : 20,
          "signDate" : "2019-07-19T21:19+0000",
          "date" : "2019-07-21T17:30+0000",
          "moonPhaseDate" : "2019-07-16T21:38+0000",
          "moonPhase" : "phase3",
          "sign" : "pisces"
        },
        {
          "timeZone" : 5,
          "age" : 21,
          "signDate" : "2019-07-22T10:01+0000",
          "date" : "2019-07-22T17:57+0000",
          "moonPhaseDate" : "2019-07-16T21:38+0000",
          "moonPhase" : "phase3",
          "sign" : "aries"
        },
        {
          "age" : 22,
          "timeZone" : 5,
          "signDate" : "2019-07-22T10:01+0000",
          "date" : "2019-07-23T18:23+0000",
          "moonPhaseDate" : "2019-07-16T21:38+0000",
          "moonPhase" : "phase3",
          "sign" : "aries"
        },
        {
          "timeZone" : 5,
          "age" : 23,
          "signDate" : "2019-07-22T10:01+0000",
          "date" : "2019-07-24T18:50+0000",
          "moonPhaseDate" : "2019-07-16T21:38+0000",
          "moonPhase" : "phase3",
          "sign" : "aries"
        },
        {
          "timeZone" : 5,
          "age" : 24,
          "signDate" : "2019-07-22T10:01+0000",
          "date" : "2019-07-25T19:19+0000",
          "moonPhaseDate" : "2019-07-25T01:18+0000",
          "moonPhase" : "phase4",
          "sign" : "taurus"
        },
        {
          "timeZone" : 5,
          "age" : 25,
          "signDate" : "2019-07-27T06:28+0000",
          "date" : "2019-07-26T19:51+0000",
          "moonPhaseDate" : "2019-07-25T01:18+0000",
          "moonPhase" : "phase4",
          "sign" : "gemini"
        },
        {
          "timeZone" : 5,
          "age" : 26,
          "signDate" : "2019-07-27T06:28+0000",
          "date" : "2019-07-27T20:29+0000",
          "moonPhaseDate" : "2019-07-25T01:18+0000",
          "moonPhase" : "phase4",
          "sign" : "gemini"
        },
        {
          "timeZone" : 5,
          "age" : 27,
          "signDate" : "2019-07-29T11:30+0000",
          "date" : "2019-07-28T21:13+0000",
          "moonPhaseDate" : "2019-07-25T01:18+0000",
          "moonPhase" : "phase4",
          "sign" : "cancer"
        },
        {
          "timeZone" : 5,
          "age" : 28,
          "signDate" : "2019-07-29T11:30+0000",
          "date" : "2019-07-29T22:06+0000",
          "moonPhaseDate" : "2019-07-25T01:18+0000",
          "moonPhase" : "phase4",
          "sign" : "cancer"
        },
        {
          "timeZone" : 5,
          "age" : 29,
          "signDate" : "2019-07-31T13:18+0000",
          "date" : "2019-07-30T23:08+0000",
          "moonPhaseDate" : "2019-07-25T01:18+0000",
          "moonPhase" : "phase4",
          "sign" : "leo"
        },
        {
          "timeZone" : 5,
          "age" : 30,
          "signDate" : "2019-07-31T13:18+0000",
          "date" : "2019-08-01T00:18+0000",
          "moonPhaseDate" : "2019-08-01T03:12+0000",
          "moonPhase" : "newMoon",
          "sign" : "leo"
        },
        {
          "timeZone" : 5,
          "age" : 1,
          "signDate" : "2019-07-31T13:18+0000",
          "date" : "2019-08-01T03:12+0000",
          "moonPhaseDate" : "2019-08-01T03:12+0000",
          "moonPhase" : "newMoon",
          "sign" : "leo"
        },
        {
          "timeZone" : 5,
          "age" : 2,
          "signDate" : "2019-08-02T13:23+0000",
          "date" : "2019-08-02T01:31+0000",
          "moonPhaseDate" : "2019-08-01T03:12+0000",
          "moonPhase" : "phase1",
          "sign" : "virgo"
        },
        {
          "timeZone" : 5,
          "age" : 3,
          "signDate" : "2019-08-02T13:23+0000",
          "date" : "2019-08-03T02:46+0000",
          "moonPhaseDate" : "2019-08-01T03:12+0000",
          "moonPhase" : "phase1",
          "sign" : "virgo"
        },
        {
          "timeZone" : 5,
          "age" : 4,
          "signDate" : "2019-08-04T13:32+0000",
          "date" : "2019-08-04T04:00+0000",
          "moonPhaseDate" : "2019-08-01T03:12+0000",
          "moonPhase" : "phase1",
          "sign" : "libra"
        },
        {
          "timeZone" : 5,
          "age" : 5,
          "signDate" : "2019-08-04T13:32+0000",
          "date" : "2019-08-05T05:11+0000",
          "moonPhaseDate" : "2019-08-01T03:12+0000",
          "moonPhase" : "phase1",
          "sign" : "libra"
        },
        {
          "timeZone" : 5,
          "age" : 6,
          "signDate" : "2019-08-06T15:31+0000",
          "date" : "2019-08-06T06:21+0000",
          "moonPhaseDate" : "2019-08-01T03:12+0000",
          "moonPhase" : "phase1",
          "sign" : "scorpio"
        },
        {
          "age" : 7,
          "timeZone" : 5,
          "signDate" : "2019-08-06T15:31+0000",
          "date" : "2019-08-07T07:28+0000",
          "moonPhaseDate" : "2019-08-07T17:31+0000",
          "moonPhase" : "phase2",
          "sign" : "scorpio"
        },
        {
          "timeZone" : 5,
          "age" : 8,
          "signDate" : "2019-08-06T15:31+0000",
          "date" : "2019-08-08T08:35+0000",
          "moonPhaseDate" : "2019-08-07T17:31+0000",
          "moonPhase" : "phase2",
          "sign" : "scorpio"
        },
        {
          "timeZone" : 5,
          "age" : 9,
          "signDate" : "2019-08-08T20:32+0000",
          "date" : "2019-08-09T09:39+0000",
          "moonPhaseDate" : "2019-08-07T17:31+0000",
          "moonPhase" : "phase2",
          "sign" : "sagittarius"
        },
        {
          "timeZone" : 5,
          "age" : 10,
          "signDate" : "2019-08-08T20:32+0000",
          "date" : "2019-08-10T10:39+0000",
          "moonPhaseDate" : "2019-08-07T17:31+0000",
          "moonPhase" : "phase2",
          "sign" : "sagittarius"
        },
        {
          "timeZone" : 5,
          "age" : 11,
          "signDate" : "2019-08-11T04:48+0000",
          "date" : "2019-08-11T11:37+0000",
          "moonPhaseDate" : "2019-08-07T17:31+0000",
          "moonPhase" : "phase2",
          "sign" : "capricorn"
        },
        {
          "timeZone" : 5,
          "age" : 12,
          "signDate" : "2019-08-11T04:48+0000",
          "date" : "2019-08-12T12:29+0000",
          "moonPhaseDate" : "2019-08-07T17:31+0000",
          "moonPhase" : "phase2",
          "sign" : "capricorn"
        },
        {
          "timeZone" : 5,
          "age" : 13,
          "signDate" : "2019-08-13T15:36+0000",
          "date" : "2019-08-13T13:16+0000",
          "moonPhaseDate" : "2019-08-07T17:31+0000",
          "moonPhase" : "phase2",
          "sign" : "aquarius"
        },
        {
          "timeZone" : 5,
          "age" : 14,
          "signDate" : "2019-08-13T15:36+0000",
          "date" : "2019-08-14T13:56+0000",
          "moonPhaseDate" : "2019-08-07T17:31+0000",
          "moonPhase" : "phase2",
          "sign" : "aquarius"
        },
        {
          "timeZone" : 5,
          "age" : 15,
          "signDate" : "2019-08-13T15:36+0000",
          "date" : "2019-08-15T14:32+0000",
          "moonPhaseDate" : "2019-08-15T12:29+0000",
          "moonPhase" : "fullMoon",
          "sign" : "aquarius"
        },
        {
          "timeZone" : 5,
          "age" : 16,
          "signDate" : "2019-08-16T03:50+0000",
          "date" : "2019-08-16T15:04+0000",
          "moonPhaseDate" : "2019-08-15T12:29+0000",
          "moonPhase" : "phase3",
          "sign" : "pisces"
        },
        {
          "age" : 17,
          "timeZone" : 5,
          "signDate" : "2019-08-16T03:50+0000",
          "date" : "2019-08-17T15:33+0000",
          "moonPhaseDate" : "2019-08-15T12:29+0000",
          "moonPhase" : "phase3",
          "sign" : "pisces"
        },
        {
          "timeZone" : 5,
          "age" : 18,
          "signDate" : "2019-08-18T16:32+0000",
          "date" : "2019-08-18T16:00+0000",
          "moonPhaseDate" : "2019-08-15T12:29+0000",
          "moonPhase" : "phase3",
          "sign" : "aries"
        },
        {
          "age" : 19,
          "timeZone" : 5,
          "signDate" : "2019-08-18T16:32+0000",
          "date" : "2019-08-19T16:26+0000",
          "moonPhaseDate" : "2019-08-15T12:29+0000",
          "moonPhase" : "phase3",
          "sign" : "aries"
        },
        {
          "age" : 20,
          "timeZone" : 5,
          "signDate" : "2019-08-18T16:32+0000",
          "date" : "2019-08-20T16:52+0000",
          "moonPhaseDate" : "2019-08-15T12:29+0000",
          "moonPhase" : "phase3",
          "sign" : "aries"
        },
        {
          "timeZone" : 5,
          "age" : 21,
          "signDate" : "2019-08-21T04:36+0000",
          "date" : "2019-08-21T17:19+0000",
          "moonPhaseDate" : "2019-08-15T12:29+0000",
          "moonPhase" : "phase3",
          "sign" : "taurus"
        },
        {
          "timeZone" : 5,
          "age" : 22,
          "signDate" : "2019-08-21T04:36+0000",
          "date" : "2019-08-22T17:50+0000",
          "moonPhaseDate" : "2019-08-15T12:29+0000",
          "moonPhase" : "phase3",
          "sign" : "taurus"
        },
        {
          "timeZone" : 5,
          "age" : 23,
          "signDate" : "2019-08-23T14:34+0000",
          "date" : "2019-08-23T18:24+0000",
          "moonPhaseDate" : "2019-08-23T14:56+0000",
          "moonPhase" : "phase4",
          "sign" : "gemini"
        },
        {
          "age" : 24,
          "timeZone" : 5,
          "signDate" : "2019-08-23T14:34+0000",
          "date" : "2019-08-24T19:04+0000",
          "moonPhaseDate" : "2019-08-23T14:56+0000",
          "moonPhase" : "phase4",
          "sign" : "gemini"
        },
        {
          "timeZone" : 5,
          "age" : 25,
          "signDate" : "2019-08-25T21:05+0000",
          "date" : "2019-08-25T19:52+0000",
          "moonPhaseDate" : "2019-08-23T14:56+0000",
          "moonPhase" : "phase4",
          "sign" : "cancer"
        },
        {
          "age" : 26,
          "timeZone" : 5,
          "signDate" : "2019-08-25T21:05+0000",
          "date" : "2019-08-26T20:48+0000",
          "moonPhaseDate" : "2019-08-23T14:56+0000",
          "moonPhase" : "phase4",
          "sign" : "cancer"
        },
        {
          "timeZone" : 5,
          "age" : 27,
          "signDate" : "2019-08-27T23:51+0000",
          "date" : "2019-08-27T21:53+0000",
          "moonPhaseDate" : "2019-08-23T14:56+0000",
          "moonPhase" : "phase4",
          "sign" : "leo"
        },
        {
          "timeZone" : 5,
          "age" : 28,
          "signDate" : "2019-08-27T23:51+0000",
          "date" : "2019-08-28T23:04+0000",
          "moonPhaseDate" : "2019-08-23T14:56+0000",
          "moonPhase" : "phase4",
          "sign" : "leo"
        },
        {
          "timeZone" : 5,
          "age" : 29,
          "signDate" : "2019-08-29T23:57+0000",
          "date" : "2019-08-30T00:19+0000",
          "moonPhaseDate" : "2019-08-30T10:37+0000",
          "moonPhase" : "newMoon",
          "sign" : "virgo"
        },
        {
          "timeZone" : 5,
          "age" : 1,
          "signDate" : "2019-08-29T23:57+0000",
          "date" : "2019-08-30T10:37+0000",
          "moonPhaseDate" : "2019-08-30T10:37+0000",
          "moonPhase" : "newMoon",
          "sign" : "virgo"
        },
        {
          "timeZone" : 5,
          "age" : 2,
          "signDate" : "2019-08-29T23:57+0000",
          "date" : "2019-08-31T01:35+0000",
          "moonPhaseDate" : "2019-08-30T10:37+0000",
          "moonPhase" : "phase1",
          "sign" : "virgo"
        },
        {
          "age" : 3,
          "timeZone" : 5,
          "signDate" : "2019-08-31T23:12+0000",
          "date" : "2019-09-01T02:50+0000",
          "moonPhaseDate" : null,
          "moonPhase" : "phase1",
          "sign" : "libra"
        },
        {
          "timeZone" : 5,
          "age" : 4,
          "signDate" : "2019-08-31T23:12+0000",
          "date" : "2019-09-02T04:03+0000",
          "moonPhaseDate" : null,
          "moonPhase" : "phase1",
          "sign" : "libra"
        },
        {
          "age" : 5,
          "timeZone" : 5,
          "signDate" : "2019-09-02T23:38+0000",
          "date" : "2019-09-03T05:14+0000",
          "moonPhaseDate" : null,
          "moonPhase" : "phase1",
          "sign" : "scorpio"
        },
        {
          "timeZone" : 5,
          "age" : 6,
          "signDate" : "2019-09-02T23:38+0000",
          "date" : "2019-09-04T06:23+0000",
          "moonPhaseDate" : null,
          "moonPhase" : "phase1",
          "sign" : "scorpio"
        },
        {
          "timeZone" : 5,
          "age" : 7,
          "signDate" : "2019-09-05T03:06+0000",
          "date" : "2019-09-05T07:30+0000",
          "moonPhaseDate" : null,
          "moonPhase" : "phase1",
          "sign" : "sagittarius"
        },
        {
          "age" : 8,
          "timeZone" : 5,
          "signDate" : "2019-09-05T03:06+0000",
          "date" : "2019-09-06T08:34+0000",
          "moonPhaseDate" : "2019-09-06T03:10+0000",
          "moonPhase" : "phase2",
          "sign" : "sagittarius"
        },
        {
          "timeZone" : 5,
          "age" : 9,
          "signDate" : "2019-09-07T10:35+0000",
          "date" : "2019-09-07T09:33+0000",
          "moonPhaseDate" : "2019-09-06T03:10+0000",
          "moonPhase" : "phase2",
          "sign" : "capricorn"
        },
        {
          "timeZone" : 5,
          "age" : 10,
          "signDate" : "2019-09-07T10:35+0000",
          "date" : "2019-09-08T10:27+0000",
          "moonPhaseDate" : "2019-09-06T03:10+0000",
          "moonPhase" : "phase2",
          "sign" : "capricorn"
        },
        {
          "timeZone" : 5,
          "age" : 11,
          "signDate" : "2019-09-07T10:35+0000",
          "date" : "2019-09-09T11:15+0000",
          "moonPhaseDate" : "2019-09-06T03:10+0000",
          "moonPhase" : "phase2",
          "sign" : "capricorn"
        },
        {
          "timeZone" : 5,
          "age" : 12,
          "signDate" : "2019-09-09T21:25+0000",
          "date" : "2019-09-10T11:57+0000",
          "moonPhaseDate" : "2019-09-06T03:10+0000",
          "moonPhase" : "phase2",
          "sign" : "aquarius"
        },
        {
          "age" : 13,
          "timeZone" : 5,
          "signDate" : "2019-09-09T21:25+0000",
          "date" : "2019-09-11T12:34+0000",
          "moonPhaseDate" : "2019-09-06T03:10+0000",
          "moonPhase" : "phase2",
          "sign" : "aquarius"
        },
        {
          "timeZone" : 5,
          "age" : 14,
          "signDate" : "2019-09-12T09:53+0000",
          "date" : "2019-09-12T13:07+0000",
          "moonPhaseDate" : "2019-09-06T03:10+0000",
          "moonPhase" : "phase2",
          "sign" : "pisces"
        },
        {
          "timeZone" : 5,
          "age" : 15,
          "signDate" : "2019-09-12T09:53+0000",
          "date" : "2019-09-13T13:36+0000",
          "moonPhaseDate" : "2019-09-06T03:10+0000",
          "moonPhase" : "phase2",
          "sign" : "pisces"
        },
        {
          "timeZone" : 5,
          "age" : 16,
          "signDate" : "2019-09-12T09:53+0000",
          "date" : "2019-09-14T14:03+0000",
          "moonPhaseDate" : "2019-09-14T04:33+0000",
          "moonPhase" : "fullMoon",
          "sign" : "pisces"
        },
        {
          "age" : 17,
          "timeZone" : 5,
          "signDate" : "2019-09-14T22:32+0000",
          "date" : "2019-09-15T14:29+0000",
          "moonPhaseDate" : "2019-09-14T04:33+0000",
          "moonPhase" : "phase3",
          "sign" : "aries"
        },
        {
          "timeZone" : 5,
          "age" : 18,
          "signDate" : "2019-09-14T22:32+0000",
          "date" : "2019-09-16T14:55+0000",
          "moonPhaseDate" : "2019-09-14T04:33+0000",
          "moonPhase" : "phase3",
          "sign" : "aries"
        },
        {
          "age" : 19,
          "timeZone" : 5,
          "signDate" : "2019-09-17T10:30+0000",
          "date" : "2019-09-17T15:22+0000",
          "moonPhaseDate" : "2019-09-14T04:33+0000",
          "moonPhase" : "phase3",
          "sign" : "taurus"
        },
        {
          "timeZone" : 5,
          "age" : 20,
          "signDate" : "2019-09-17T10:30+0000",
          "date" : "2019-09-18T15:51+0000",
          "moonPhaseDate" : "2019-09-14T04:33+0000",
          "moonPhase" : "phase3",
          "sign" : "taurus"
        },
        {
          "timeZone" : 5,
          "age" : 21,
          "signDate" : "2019-09-17T10:30+0000",
          "date" : "2019-09-19T16:23+0000",
          "moonPhaseDate" : "2019-09-14T04:33+0000",
          "moonPhase" : "phase3",
          "sign" : "taurus"
        },
        {
          "timeZone" : 5,
          "age" : 22,
          "signDate" : "2019-09-19T20:58+0000",
          "date" : "2019-09-20T17:01+0000",
          "moonPhaseDate" : "2019-09-14T04:33+0000",
          "moonPhase" : "phase3",
          "sign" : "gemini"
        },
        {
          "timeZone" : 5,
          "age" : 23,
          "signDate" : "2019-09-19T20:58+0000",
          "date" : "2019-09-21T17:44+0000",
          "moonPhaseDate" : "2019-09-14T04:33+0000",
          "moonPhase" : "phase3",
          "sign" : "gemini"
        },
        {
          "timeZone" : 5,
          "age" : 24,
          "signDate" : "2019-09-22T04:52+0000",
          "date" : "2019-09-22T18:35+0000",
          "moonPhaseDate" : "2019-09-22T02:41+0000",
          "moonPhase" : "phase4",
          "sign" : "cancer"
        },
        {
          "date" : "2019-09-23T19:34+0000",
          "timeZone" : 5,
          "moonPhase" : "phase4",
          "sign" : "leo",
          "moonPhaseDate" : "2019-09-22T02:41+0000",
          "age" : 25,
          "signDate" : "2019-09-24T09:19+0000"
        },
        {
          "sign" : "leo",
          "timeZone" : 5,
          "age" : 26,
          "moonPhase" : "phase4",
          "date" : "2019-09-24T20:41+0000",
          "moonPhaseDate" : "2019-09-22T02:41+0000",
          "signDate" : "2019-09-24T09:19+0000"
        },
        {
          "sign" : "virgo",
          "timeZone" : 5,
          "age" : 27,
          "moonPhase" : "phase4",
          "date" : "2019-09-25T21:52+0000",
          "moonPhaseDate" : "2019-09-22T02:41+0000",
          "signDate" : "2019-09-26T10:35+0000"
        },
        {
          "sign" : "virgo",
          "timeZone" : 5,
          "age" : 28,
          "moonPhase" : "phase4",
          "date" : "2019-09-26T23:07+0000",
          "moonPhaseDate" : "2019-09-22T02:41+0000",
          "signDate" : "2019-09-26T10:35+0000"
        },
        {
          "sign" : "libra",
          "timeZone" : 5,
          "age" : 29,
          "moonPhase" : "newMoon",
          "date" : "2019-09-28T00:22+0000",
          "moonPhaseDate" : "2019-09-28T18:26+0000",
          "signDate" : "2019-09-28T10:04+0000"
        },
        {
          "sign" : "libra",
          "timeZone" : 5,
          "age" : 1,
          "moonPhase" : "newMoon",
          "moonPhaseDate" : "2019-09-28T18:26+0000",
          "date" : "2019-09-28T18:26+0000",
          "signDate" : "2019-09-28T10:04+0000"
        },
        {
          "sign" : "libra",
          "timeZone" : 5,
          "age" : 2,
          "moonPhase" : "phase1",
          "date" : "2019-09-29T01:37+0000",
          "moonPhaseDate" : "2019-09-28T18:26+0000",
          "signDate" : "2019-09-28T10:04+0000"
        },
        {
          "sign" : "scorpio",
          "timeZone" : 5,
          "age" : 3,
          "moonPhase" : "phase1",
          "date" : "2019-09-30T02:50+0000",
          "moonPhaseDate" : "2019-09-28T18:26+0000",
          "signDate" : "2019-09-30T09:45+0000"
        },
        {
          "sign" : "scorpio",
          "timeZone" : 5,
          "age" : 4,
          "moonPhase" : "phase1",
          "moonPhaseDate" : null,
          "date" : "2019-10-01T04:03+0000",
          "signDate" : "2019-09-30T09:45+0000"
        },
        {
          "sign" : "sagittarius",
          "timeZone" : 5,
          "age" : 5,
          "moonPhase" : "phase1",
          "date" : "2019-10-02T05:13+0000",
          "moonPhaseDate" : null,
          "signDate" : "2019-10-02T11:45+0000"
        },
        {
          "sign" : "sagittarius",
          "timeZone" : 5,
          "age" : 6,
          "moonPhase" : "phase1",
          "date" : "2019-10-03T06:21+0000",
          "moonPhaseDate" : null,
          "signDate" : "2019-10-02T11:45+0000"
        },
        {
          "sign" : "capricorn",
          "timeZone" : 5,
          "age" : 7,
          "moonPhase" : "phase1",
          "date" : "2019-10-04T07:24+0000",
          "moonPhaseDate" : null,
          "signDate" : "2019-10-04T17:41+0000"
        },
        {
          "sign" : "capricorn",
          "timeZone" : 5,
          "age" : 8,
          "moonPhase" : "phase2",
          "date" : "2019-10-05T08:22+0000",
          "moonPhaseDate" : "2019-10-05T16:47+0000",
          "signDate" : "2019-10-04T17:41+0000"
        },
        {
          "sign" : "capricorn",
          "timeZone" : 5,
          "age" : 9,
          "moonPhase" : "phase2",
          "moonPhaseDate" : "2019-10-05T16:47+0000",
          "date" : "2019-10-06T09:13+0000",
          "signDate" : "2019-10-04T17:41+0000"
        },
        {
          "sign" : "aquarius",
          "timeZone" : 5,
          "age" : 10,
          "moonPhase" : "phase2",
          "date" : "2019-10-07T09:57+0000",
          "moonPhaseDate" : "2019-10-05T16:47+0000",
          "signDate" : "2019-10-07T03:43+0000"
        },
        {
          "sign" : "aquarius",
          "timeZone" : 5,
          "age" : 11,
          "moonPhase" : "phase2",
          "date" : "2019-10-08T10:36+0000",
          "moonPhaseDate" : "2019-10-05T16:47+0000",
          "signDate" : "2019-10-07T03:43+0000"
        },
        {
          "sign" : "pisces",
          "timeZone" : 5,
          "age" : 12,
          "moonPhase" : "phase2",
          "date" : "2019-10-09T11:09+0000",
          "moonPhaseDate" : "2019-10-05T16:47+0000",
          "signDate" : "2019-10-09T16:08+0000"
        },
        {
          "sign" : "pisces",
          "timeZone" : 5,
          "age" : 13,
          "moonPhase" : "phase2",
          "moonPhaseDate" : "2019-10-05T16:47+0000",
          "date" : "2019-10-10T11:39+0000",
          "signDate" : "2019-10-09T16:08+0000"
        },
        {
          "sign" : "pisces",
          "timeZone" : 5,
          "age" : 14,
          "moonPhase" : "phase2",
          "date" : "2019-10-11T12:07+0000",
          "moonPhaseDate" : "2019-10-05T16:47+0000",
          "signDate" : "2019-10-09T16:08+0000"
        },
        {
          "sign" : "aries",
          "timeZone" : 5,
          "age" : 15,
          "moonPhase" : "phase2",
          "date" : "2019-10-12T12:33+0000",
          "moonPhaseDate" : "2019-10-05T16:47+0000",
          "signDate" : "2019-10-12T04:46+0000"
        },
        {
          "sign" : "aries",
          "timeZone" : 5,
          "age" : 16,
          "moonPhase" : "phase2",
          "moonPhaseDate" : "2019-10-05T16:47+0000",
          "date" : "2019-10-13T12:59+0000",
          "signDate" : "2019-10-12T04:46+0000"
        },
        {
          "sign" : "taurus",
          "timeZone" : 5,
          "age" : 17,
          "moonPhase" : "fullMoon",
          "moonPhaseDate" : "2019-10-13T21:08+0000",
          "date" : "2019-10-14T13:26+0000",
          "signDate" : "2019-10-14T16:23+0000"
        },
        {
          "sign" : "taurus",
          "timeZone" : 5,
          "age" : 18,
          "moonPhase" : "phase3",
          "date" : "2019-10-15T13:54+0000",
          "moonPhaseDate" : "2019-10-13T21:08+0000",
          "signDate" : "2019-10-14T16:23+0000"
        },
        {
          "sign" : "taurus",
          "timeZone" : 5,
          "age" : 19,
          "moonPhase" : "phase3",
          "moonPhaseDate" : "2019-10-13T21:08+0000",
          "date" : "2019-10-16T14:25+0000",
          "signDate" : "2019-10-14T16:23+0000"
        },
        {
          "sign" : "gemini",
          "timeZone" : 5,
          "age" : 20,
          "moonPhase" : "phase3",
          "date" : "2019-10-17T15:00+0000",
          "moonPhaseDate" : "2019-10-13T21:08+0000",
          "signDate" : "2019-10-17T02:29+0000"
        },
        {
          "sign" : "gemini",
          "timeZone" : 5,
          "age" : 21,
          "moonPhase" : "phase3",
          "date" : "2019-10-18T15:41+0000",
          "moonPhaseDate" : "2019-10-13T21:08+0000",
          "signDate" : "2019-10-17T02:29+0000"
        },
        {
          "sign" : "cancer",
          "timeZone" : 5,
          "age" : 22,
          "moonPhase" : "phase3",
          "moonPhaseDate" : "2019-10-13T21:08+0000",
          "date" : "2019-10-19T16:29+0000",
          "signDate" : "2019-10-19T10:42+0000"
        },
        {
          "sign" : "cancer",
          "timeZone" : 5,
          "age" : 23,
          "moonPhase" : "phase3",
          "date" : "2019-10-20T17:24+0000",
          "moonPhaseDate" : "2019-10-13T21:08+0000",
          "signDate" : "2019-10-19T10:42+0000"
        },
        {
          "sign" : "leo",
          "timeZone" : 5,
          "age" : 24,
          "moonPhase" : "phase4",
          "date" : "2019-10-21T18:27+0000",
          "moonPhaseDate" : "2019-10-21T12:39+0000",
          "signDate" : "2019-10-21T16:30+0000"
        },
        {
          "sign" : "leo",
          "timeZone" : 5,
          "age" : 25,
          "moonPhase" : "phase4",
          "date" : "2019-10-22T19:34+0000",
          "moonPhaseDate" : "2019-10-21T12:39+0000",
          "signDate" : "2019-10-21T16:30+0000"
        },
        {
          "sign" : "virgo",
          "timeZone" : 5,
          "age" : 26,
          "moonPhase" : "phase4",
          "date" : "2019-10-23T20:45+0000",
          "moonPhaseDate" : "2019-10-21T12:39+0000",
          "signDate" : "2019-10-23T19:30+0000"
        },
        {
          "sign" : "virgo",
          "timeZone" : 5,
          "age" : 27,
          "moonPhase" : "phase4",
          "moonPhaseDate" : "2019-10-21T12:39+0000",
          "date" : "2019-10-24T21:58+0000",
          "signDate" : "2019-10-23T19:30+0000"
        },
        {
          "sign" : "libra",
          "timeZone" : 5,
          "age" : 28,
          "moonPhase" : "phase4",
          "date" : "2019-10-25T23:11+0000",
          "moonPhaseDate" : "2019-10-21T12:39+0000",
          "signDate" : "2019-10-25T20:20+0000"
        },
        {
          "sign" : "libra",
          "timeZone" : 5,
          "age" : 29,
          "moonPhase" : "phase4",
          "date" : "2019-10-27T00:24+0000",
          "moonPhaseDate" : "2019-10-21T12:39+0000",
          "signDate" : "2019-10-25T20:20+0000"
        },
        {
          "sign" : "scorpio",
          "timeZone" : 5,
          "age" : 30,
          "moonPhase" : "newMoon",
          "date" : "2019-10-28T01:37+0000",
          "moonPhaseDate" : "2019-10-28T03:38+0000",
          "signDate" : "2019-10-27T20:31+0000"
        },
        {
          "sign" : "scorpio",
          "timeZone" : 5,
          "age" : 1,
          "moonPhase" : "newMoon",
          "date" : "2019-10-28T03:38+0000",
          "moonPhaseDate" : "2019-10-28T03:38+0000",
          "signDate" : "2019-10-27T20:31+0000"
        },
        {
          "sign" : "scorpio",
          "timeZone" : 5,
          "age" : 2,
          "moonPhase" : "phase1",
          "moonPhaseDate" : "2019-10-28T03:38+0000",
          "date" : "2019-10-29T02:49+0000",
          "signDate" : "2019-10-27T20:31+0000"
        },
        {
          "sign" : "sagittarius",
          "timeZone" : 5,
          "age" : 3,
          "moonPhase" : "phase1",
          "date" : "2019-10-30T04:00+0000",
          "moonPhaseDate" : "2019-10-28T03:38+0000",
          "signDate" : "2019-10-29T22:00+0000"
        },
        {
          "sign" : "sagittarius",
          "timeZone" : 5,
          "age" : 4,
          "moonPhase" : "phase1",
          "moonPhaseDate" : "2019-10-28T03:38+0000",
          "date" : "2019-10-31T05:08+0000",
          "signDate" : "2019-10-29T22:00+0000"
        },
        {
          "sign" : "capricorn",
          "timeZone" : 5,
          "age" : 5,
          "moonPhase" : "phase1",
          "date" : "2019-11-01T06:10+0000",
          "moonPhaseDate" : null,
          "signDate" : "2019-11-01T02:38+0000"
        },
        {
          "sign" : "capricorn",
          "timeZone" : 5,
          "age" : 6,
          "moonPhase" : "phase1",
          "date" : "2019-11-02T07:06+0000",
          "moonPhaseDate" : null,
          "signDate" : "2019-11-01T02:38+0000"
        },
        {
          "sign" : "aquarius",
          "timeZone" : 5,
          "age" : 7,
          "moonPhase" : "phase1",
          "moonPhaseDate" : null,
          "date" : "2019-11-03T07:54+0000",
          "signDate" : "2019-11-03T11:21+0000"
        },
        {
          "sign" : "aquarius",
          "timeZone" : 5,
          "age" : 8,
          "moonPhase" : "phase2",
          "moonPhaseDate" : "2019-11-04T10:23+0000",
          "date" : "2019-11-04T08:35+0000",
          "signDate" : "2019-11-03T11:21+0000"
        },
        {
          "sign" : "aquarius",
          "timeZone" : 5,
          "age" : 9,
          "moonPhase" : "phase2",
          "date" : "2019-11-05T09:11+0000",
          "moonPhaseDate" : "2019-11-04T10:23+0000",
          "signDate" : "2019-11-03T11:21+0000"
        },
        {
          "sign" : "pisces",
          "timeZone" : 5,
          "age" : 10,
          "moonPhase" : "phase2",
          "date" : "2019-11-06T09:42+0000",
          "moonPhaseDate" : "2019-11-04T10:23+0000",
          "signDate" : "2019-11-05T23:11+0000"
        },
        {
          "sign" : "pisces",
          "timeZone" : 5,
          "age" : 11,
          "moonPhase" : "phase2",
          "moonPhaseDate" : "2019-11-04T10:23+0000",
          "date" : "2019-11-07T10:10+0000",
          "signDate" : "2019-11-05T23:11+0000"
        },
        {
          "sign" : "aries",
          "timeZone" : 5,
          "age" : 12,
          "moonPhase" : "phase2",
          "date" : "2019-11-08T10:37+0000",
          "moonPhaseDate" : "2019-11-04T10:23+0000",
          "signDate" : "2019-11-08T11:50+0000"
        },
        {
          "sign" : "aries",
          "timeZone" : 5,
          "age" : 13,
          "moonPhase" : "phase2",
          "date" : "2019-11-09T11:02+0000",
          "moonPhaseDate" : "2019-11-04T10:23+0000",
          "signDate" : "2019-11-08T11:50+0000"
        },
        {
          "sign" : "aries",
          "timeZone" : 5,
          "age" : 14,
          "moonPhase" : "phase2",
          "date" : "2019-11-10T11:28+0000",
          "moonPhaseDate" : "2019-11-04T10:23+0000",
          "signDate" : "2019-11-08T11:50+0000"
        },
        {
          "sign" : "taurus",
          "timeZone" : 5,
          "age" : 15,
          "moonPhase" : "phase2",
          "moonPhaseDate" : "2019-11-04T10:23+0000",
          "date" : "2019-11-11T11:56+0000",
          "signDate" : "2019-11-10T23:19+0000"
        },
        {
          "sign" : "taurus",
          "timeZone" : 5,
          "age" : 16,
          "moonPhase" : "fullMoon",
          "date" : "2019-11-12T12:26+0000",
          "moonPhaseDate" : "2019-11-12T13:35+0000",
          "signDate" : "2019-11-10T23:19+0000"
        },
        {
          "sign" : "gemini",
          "timeZone" : 5,
          "age" : 17,
          "moonPhase" : "phase3",
          "moonPhaseDate" : "2019-11-12T13:35+0000",
          "date" : "2019-11-13T13:00+0000",
          "signDate" : "2019-11-13T08:45+0000"
        },
        {
          "sign" : "gemini",
          "timeZone" : 5,
          "age" : 18,
          "moonPhase" : "phase3",
          "moonPhaseDate" : "2019-11-12T13:35+0000",
          "date" : "2019-11-14T13:39+0000",
          "signDate" : "2019-11-13T08:45+0000"
        },
        {
          "sign" : "cancer",
          "timeZone" : 5,
          "age" : 19,
          "moonPhase" : "phase3",
          "moonPhaseDate" : "2019-11-12T13:35+0000",
          "date" : "2019-11-15T14:26+0000",
          "signDate" : "2019-11-15T16:12+0000"
        },
        {
          "sign" : "cancer",
          "timeZone" : 5,
          "age" : 20,
          "moonPhase" : "phase3",
          "date" : "2019-11-16T15:19+0000",
          "moonPhaseDate" : "2019-11-12T13:35+0000",
          "signDate" : "2019-11-15T16:12+0000"
        },
        {
          "sign" : "cancer",
          "timeZone" : 5,
          "age" : 21,
          "moonPhase" : "phase3",
          "date" : "2019-11-17T16:19+0000",
          "moonPhaseDate" : "2019-11-12T13:35+0000",
          "signDate" : "2019-11-15T16:12+0000"
        },
        {
          "sign" : "leo",
          "timeZone" : 5,
          "age" : 22,
          "moonPhase" : "phase3",
          "date" : "2019-11-18T17:25+0000",
          "moonPhaseDate" : "2019-11-12T13:35+0000",
          "signDate" : "2019-11-17T21:54+0000"
        },
        {
          "sign" : "leo",
          "timeZone" : 5,
          "age" : 23,
          "moonPhase" : "phase3",
          "date" : "2019-11-19T18:33+0000",
          "moonPhaseDate" : "2019-11-12T13:35+0000",
          "signDate" : "2019-11-17T21:54+0000"
        },
        {
          "sign" : "virgo",
          "timeZone" : 5,
          "age" : 24,
          "moonPhase" : "phase4",
          "date" : "2019-11-20T19:43+0000",
          "moonPhaseDate" : "2019-11-19T21:11+0000",
          "signDate" : "2019-11-17T21:54+0000"
        },
        {
          "sign" : "libra",
          "timeZone" : 5,
          "age" : 25,
          "moonPhase" : "phase4",
          "date" : "2019-11-21T20:54+0000",
          "moonPhaseDate" : "2019-11-19T21:11+0000",
          "signDate" : "2019-11-22T04:22+0000"
        },
        {
          "sign" : "libra",
          "timeZone" : 5,
          "age" : 26,
          "moonPhase" : "phase4",
          "moonPhaseDate" : "2019-11-19T21:11+0000",
          "date" : "2019-11-22T22:04+0000",
          "signDate" : "2019-11-22T04:22+0000"
        },
        {
          "sign" : "scorpio",
          "timeZone" : 5,
          "age" : 27,
          "moonPhase" : "phase4",
          "moonPhaseDate" : "2019-11-19T21:11+0000",
          "date" : "2019-11-23T23:14+0000",
          "signDate" : "2019-11-24T06:01+0000"
        },
        {
          "sign" : "scorpio",
          "timeZone" : 5,
          "age" : 28,
          "moonPhase" : "phase4",
          "date" : "2019-11-25T00:26+0000",
          "moonPhaseDate" : "2019-11-19T21:11+0000",
          "signDate" : "2019-11-24T06:01+0000"
        },
        {
          "sign" : "sagittarius",
          "timeZone" : 5,
          "age" : 29,
          "moonPhase" : "newMoon",
          "date" : "2019-11-26T01:37+0000",
          "moonPhaseDate" : "2019-11-26T15:06+0000",
          "signDate" : "2019-11-26T08:12+0000"
        },
        {
          "sign" : "sagittarius",
          "timeZone" : 5,
          "age" : 1,
          "moonPhase" : "newMoon",
          "date" : "2019-11-26T15:06+0000",
          "moonPhaseDate" : "2019-11-26T15:06+0000",
          "signDate" : "2019-11-26T08:12+0000"
        },
        {
          "sign" : "sagittarius",
          "timeZone" : 5,
          "age" : 2,
          "moonPhase" : "phase1",
          "moonPhaseDate" : "2019-11-26T15:06+0000",
          "date" : "2019-11-27T02:47+0000",
          "signDate" : "2019-11-26T08:12+0000"
        },
        {
          "sign" : "capricorn",
          "timeZone" : 5,
          "age" : 3,
          "moonPhase" : "phase1",
          "moonPhaseDate" : "2019-11-26T15:06+0000",
          "date" : "2019-11-28T03:53+0000",
          "signDate" : "2019-11-28T12:32+0000"
        },
        {
          "sign" : "capricorn",
          "timeZone" : 5,
          "age" : 4,
          "moonPhase" : "phase1",
          "date" : "2019-11-29T04:53+0000",
          "moonPhaseDate" : "2019-11-26T15:06+0000",
          "signDate" : "2019-11-28T12:32+0000"
        },
        {
          "sign" : "capricorn",
          "timeZone" : 5,
          "age" : 5,
          "moonPhase" : "phase1",
          "date" : "2019-11-30T05:46+0000",
          "moonPhaseDate" : "2019-11-26T15:06+0000",
          "signDate" : "2019-11-28T12:32+0000"
        },
        {
          "sign" : "aquarius",
          "timeZone" : 5,
          "age" : 6,
          "moonPhase" : "phase1",
          "moonPhaseDate" : null,
          "date" : "2019-12-01T06:31+0000",
          "signDate" : "2019-11-30T20:15+0000"
        },
        {
          "sign" : "aquarius",
          "timeZone" : 5,
          "age" : 7,
          "moonPhase" : "phase1",
          "date" : "2019-12-02T07:10+0000",
          "moonPhaseDate" : null,
          "signDate" : "2019-11-30T20:15+0000"
        },
        {
          "sign" : "pisces",
          "timeZone" : 5,
          "age" : 8,
          "moonPhase" : "phase1",
          "moonPhaseDate" : null,
          "date" : "2019-12-03T07:43+0000",
          "signDate" : "2019-12-03T07:14+0000"
        },
        {
          "sign" : "pisces",
          "timeZone" : 5,
          "age" : 9,
          "moonPhase" : "phase2",
          "moonPhaseDate" : "2019-12-04T06:58+0000",
          "date" : "2019-12-04T08:12+0000",
          "signDate" : "2019-12-03T07:14+0000"
        },
        {
          "sign" : "pisces",
          "timeZone" : 5,
          "age" : 10,
          "moonPhase" : "phase2",
          "moonPhaseDate" : "2019-12-04T06:58+0000",
          "date" : "2019-12-05T08:39+0000",
          "signDate" : "2019-12-03T07:14+0000"
        },
        {
          "sign" : "aries",
          "timeZone" : 5,
          "age" : 11,
          "moonPhase" : "phase2",
          "date" : "2019-12-06T09:05+0000",
          "moonPhaseDate" : "2019-12-04T06:58+0000",
          "signDate" : "2019-12-05T19:46+0000"
        },
        {
          "sign" : "aries",
          "timeZone" : 5,
          "age" : 12,
          "moonPhase" : "phase2",
          "moonPhaseDate" : "2019-12-04T06:58+0000",
          "date" : "2019-12-07T09:30+0000",
          "signDate" : "2019-12-05T19:46+0000"
        },
        {
          "sign" : "taurus",
          "timeZone" : 5,
          "age" : 13,
          "moonPhase" : "phase2",
          "date" : "2019-12-08T09:57+0000",
          "moonPhaseDate" : "2019-12-04T06:58+0000",
          "signDate" : "2019-12-08T07:31+0000"
        },
        {
          "sign" : "taurus",
          "timeZone" : 5,
          "age" : 14,
          "moonPhase" : "phase2",
          "moonPhaseDate" : "2019-12-04T06:58+0000",
          "date" : "2019-12-09T10:25+0000",
          "signDate" : "2019-12-08T07:31+0000"
        },
        {
          "sign" : "gemini",
          "timeZone" : 5,
          "age" : 15,
          "moonPhase" : "phase2",
          "moonPhaseDate" : "2019-12-04T06:58+0000",
          "date" : "2019-12-10T10:58+0000",
          "signDate" : "2019-12-10T16:49+0000"
        },
        {
          "sign" : "gemini",
          "timeZone" : 5,
          "age" : 16,
          "moonPhase" : "phase2",
          "date" : "2019-12-11T11:35+0000",
          "moonPhaseDate" : "2019-12-04T06:58+0000",
          "signDate" : "2019-12-10T16:49+0000"
        },
        {
          "sign" : "gemini",
          "timeZone" : 5,
          "age" : 17,
          "moonPhase" : "fullMoon",
          "date" : "2019-12-12T12:19+0000",
          "moonPhaseDate" : "2019-12-12T05:12+0000",
          "signDate" : "2019-12-10T16:49+0000"
        },
        {
          "sign" : "cancer",
          "timeZone" : 5,
          "age" : 18,
          "moonPhase" : "phase3",
          "date" : "2019-12-13T13:11+0000",
          "moonPhaseDate" : "2019-12-12T05:12+0000",
          "signDate" : "2019-12-12T23:24+0000"
        },
        {
          "sign" : "cancer",
          "timeZone" : 5,
          "age" : 19,
          "moonPhase" : "phase3",
          "moonPhaseDate" : "2019-12-12T05:12+0000",
          "date" : "2019-12-14T14:10+0000",
          "signDate" : "2019-12-12T23:24+0000"
        },
        {
          "sign" : "leo",
          "timeZone" : 5,
          "age" : 20,
          "moonPhase" : "phase3",
          "date" : "2019-12-15T15:16+0000",
          "moonPhaseDate" : "2019-12-12T05:12+0000",
          "signDate" : "2019-12-15T03:53+0000"
        },
        {
          "sign" : "leo",
          "timeZone" : 5,
          "age" : 21,
          "moonPhase" : "phase3",
          "moonPhaseDate" : "2019-12-12T05:12+0000",
          "date" : "2019-12-16T16:25+0000",
          "signDate" : "2019-12-15T03:53+0000"
        },
        {
          "sign" : "virgo",
          "timeZone" : 5,
          "age" : 22,
          "moonPhase" : "phase3",
          "moonPhaseDate" : "2019-12-12T05:12+0000",
          "date" : "2019-12-17T17:35+0000",
          "signDate" : "2019-12-17T07:13+0000"
        },
        {
          "sign" : "virgo",
          "timeZone" : 5,
          "age" : 23,
          "moonPhase" : "phase3",
          "moonPhaseDate" : "2019-12-12T05:12+0000",
          "date" : "2019-12-18T18:45+0000",
          "signDate" : "2019-12-17T07:13+0000"
        },
        {
          "sign" : "libra",
          "timeZone" : 5,
          "age" : 24,
          "moonPhase" : "phase4",
          "date" : "2019-12-19T19:54+0000",
          "moonPhaseDate" : "2019-12-19T04:57+0000",
          "signDate" : "2019-12-17T07:13+0000"
        },
        {
          "sign" : "scorpio",
          "timeZone" : 5,
          "age" : 25,
          "moonPhase" : "phase4",
          "moonPhaseDate" : "2019-12-19T04:57+0000",
          "date" : "2019-12-20T21:03+0000",
          "signDate" : "2019-12-21T13:01+0000"
        },
        {
          "sign" : "scorpio",
          "timeZone" : 5,
          "age" : 26,
          "moonPhase" : "phase4",
          "date" : "2019-12-21T22:12+0000",
          "moonPhaseDate" : "2019-12-19T04:57+0000",
          "signDate" : "2019-12-21T13:01+0000"
        },
        {
          "sign" : "sagittarius",
          "timeZone" : 5,
          "age" : 27,
          "moonPhase" : "phase4",
          "date" : "2019-12-22T23:21+0000",
          "moonPhaseDate" : "2019-12-19T04:57+0000",
          "signDate" : "2019-12-23T16:37+0000"
        },
        {
          "sign" : "sagittarius",
          "timeZone" : 5,
          "age" : 28,
          "moonPhase" : "phase4",
          "date" : "2019-12-24T00:29+0000",
          "moonPhaseDate" : "2019-12-19T04:57+0000",
          "signDate" : "2019-12-23T16:37+0000"
        },
        {
          "sign" : "sagittarius",
          "timeZone" : 5,
          "age" : 29,
          "moonPhase" : "phase4",
          "date" : "2019-12-25T01:36+0000",
          "moonPhaseDate" : "2019-12-19T04:57+0000",
          "signDate" : "2019-12-23T16:37+0000"
        },
        {
          "sign" : "capricorn",
          "timeZone" : 5,
          "age" : 30,
          "moonPhase" : "newMoon",
          "moonPhaseDate" : "2019-12-26T05:13+0000",
          "date" : "2019-12-26T02:38+0000",
          "signDate" : "2019-12-25T21:46+0000"
        },
        {
          "sign" : "capricorn",
          "timeZone" : 5,
          "age" : 1,
          "moonPhase" : "newMoon",
          "moonPhaseDate" : "2019-12-26T05:13+0000",
          "date" : "2019-12-26T05:13+0000",
          "signDate" : "2019-12-25T21:46+0000"
        },
        {
          "sign" : "capricorn",
          "timeZone" : 5,
          "age" : 2,
          "moonPhase" : "phase1",
          "date" : "2019-12-27T03:34+0000",
          "moonPhaseDate" : "2019-12-26T05:13+0000",
          "signDate" : "2019-12-25T21:46+0000"
        },
        {
          "sign" : "aquarius",
          "timeZone" : 5,
          "age" : 3,
          "moonPhase" : "phase1",
          "date" : "2019-12-28T04:23+0000",
          "moonPhaseDate" : "2019-12-26T05:13+0000",
          "signDate" : "2019-12-28T05:21+0000"
        },
        {
          "sign" : "aquarius",
          "timeZone" : 5,
          "age" : 4,
          "moonPhase" : "phase1",
          "date" : "2019-12-29T05:06+0000",
          "moonPhaseDate" : "2019-12-26T05:13+0000",
          "signDate" : "2019-12-28T05:21+0000"
        },
        {
          "sign" : "pisces",
          "timeZone" : 5,
          "age" : 5,
          "moonPhase" : "phase1",
          "date" : "2019-12-30T05:41+0000",
          "moonPhaseDate" : "2019-12-26T05:13+0000",
          "signDate" : "2019-12-30T15:43+0000"
        },
        {
          "sign" : "pisces",
          "timeZone" : 5,
          "age" : 6,
          "moonPhase" : "phase1",
          "date" : "2019-12-31T06:13+0000",
          "moonPhaseDate" : "2019-12-26T05:13+0000",
          "signDate" : "2019-12-30T15:43+0000"
        },
        {
          "sign" : "pisces",
          "timeZone" : 5,
          "age" : 7,
          "moonPhase" : "phase1",
          "moonPhaseDate" : null,
          "date" : "2020-01-01T06:41+0000",
          "signDate" : "2019-12-30T15:43+0000"
        },
        {
          "sign" : "aries",
          "timeZone" : 5,
          "age" : 8,
          "moonPhase" : "phase1",
          "moonPhaseDate" : null,
          "date" : "2020-01-02T07:07+0000",
          "signDate" : "2020-01-02T04:01+0000"
        },
        {
          "sign" : "aries",
          "timeZone" : 5,
          "age" : 9,
          "moonPhase" : "phase2",
          "moonPhaseDate" : "2020-01-03T04:45+0000",
          "date" : "2020-01-03T07:32+0000",
          "signDate" : "2020-01-02T04:01+0000"
        },
        {
          "sign" : "taurus",
          "timeZone" : 5,
          "age" : 10,
          "moonPhase" : "phase2",
          "date" : "2020-01-04T07:57+0000",
          "moonPhaseDate" : "2020-01-03T04:45+0000",
          "signDate" : "2020-01-04T16:15+0000"
        },
        {
          "sign" : "taurus",
          "timeZone" : 5,
          "age" : 11,
          "moonPhase" : "phase2",
          "date" : "2020-01-05T08:24+0000",
          "moonPhaseDate" : "2020-01-03T04:45+0000",
          "signDate" : "2020-01-04T16:15+0000"
        },
        {
          "sign" : "taurus",
          "timeZone" : 5,
          "age" : 12,
          "moonPhase" : "phase2",
          "moonPhaseDate" : "2020-01-03T04:45+0000",
          "date" : "2020-01-06T08:54+0000",
          "signDate" : "2020-01-04T16:15+0000"
        },
        {
          "sign" : "gemini",
          "timeZone" : 5,
          "age" : 13,
          "moonPhase" : "phase2",
          "date" : "2020-01-07T09:29+0000",
          "moonPhaseDate" : "2020-01-03T04:45+0000",
          "signDate" : "2020-01-07T02:13+0000"
        },
        {
          "sign" : "gemini",
          "timeZone" : 5,
          "age" : 14,
          "moonPhase" : "phase2",
          "date" : "2020-01-08T10:10+0000",
          "moonPhaseDate" : "2020-01-03T04:45+0000",
          "signDate" : "2020-01-07T02:13+0000"
        },
        {
          "sign" : "cancer",
          "timeZone" : 5,
          "age" : 15,
          "moonPhase" : "phase2",
          "date" : "2020-01-09T10:58+0000",
          "moonPhaseDate" : "2020-01-03T04:45+0000",
          "signDate" : "2020-01-09T08:45+0000"
        },
        {
          "sign" : "cancer",
          "timeZone" : 5,
          "age" : 16,
          "moonPhase" : "phase2",
          "date" : "2020-01-10T11:55+0000",
          "moonPhaseDate" : "2020-01-03T04:45+0000",
          "signDate" : "2020-01-09T08:45+0000"
        },
        {
          "sign" : "leo",
          "timeZone" : 5,
          "age" : 17,
          "moonPhase" : "fullMoon",
          "date" : "2020-01-11T13:00+0000",
          "moonPhaseDate" : "2020-01-10T19:21+0000",
          "signDate" : "2020-01-11T12:16+0000"
        },
        {
          "sign" : "leo",
          "timeZone" : 5,
          "age" : 18,
          "moonPhase" : "phase3",
          "date" : "2020-01-12T14:10+0000",
          "moonPhaseDate" : "2020-01-10T19:21+0000",
          "signDate" : "2020-01-11T12:16+0000"
        },
        {
          "sign" : "virgo",
          "timeZone" : 5,
          "age" : 19,
          "moonPhase" : "phase3",
          "date" : "2020-01-13T15:22+0000",
          "moonPhaseDate" : "2020-01-10T19:21+0000",
          "signDate" : "2020-01-13T14:05+0000"
        },
        {
          "sign" : "virgo",
          "timeZone" : 5,
          "age" : 20,
          "moonPhase" : "phase3",
          "date" : "2020-01-14T16:34+0000",
          "moonPhaseDate" : "2020-01-10T19:21+0000",
          "signDate" : "2020-01-13T14:05+0000"
        },
        {
          "sign" : "libra",
          "timeZone" : 5,
          "age" : 21,
          "moonPhase" : "phase3",
          "moonPhaseDate" : "2020-01-10T19:21+0000",
          "date" : "2020-01-15T17:45+0000",
          "signDate" : "2020-01-15T15:42+0000"
        },
        {
          "sign" : "libra",
          "timeZone" : 5,
          "age" : 22,
          "moonPhase" : "phase3",
          "moonPhaseDate" : "2020-01-10T19:21+0000",
          "date" : "2020-01-16T18:55+0000",
          "signDate" : "2020-01-15T15:42+0000"
        },
        {
          "sign" : "scorpio",
          "timeZone" : 5,
          "age" : 23,
          "moonPhase" : "phase4",
          "moonPhaseDate" : "2020-01-17T12:58+0000",
          "date" : "2020-01-17T20:04+0000",
          "signDate" : "2020-01-15T15:42+0000"
        },
        {
          "sign" : "scorpio",
          "timeZone" : 5,
          "age" : 24,
          "moonPhase" : "phase4",
          "date" : "2020-01-18T21:12+0000",
          "moonPhaseDate" : "2020-01-17T12:58+0000",
          "signDate" : "2020-01-15T15:42+0000"
        },
        {
          "sign" : "sagittarius",
          "timeZone" : 5,
          "age" : 25,
          "moonPhase" : "phase4",
          "date" : "2020-01-19T22:19+0000",
          "moonPhaseDate" : "2020-01-17T12:58+0000",
          "signDate" : "2020-01-19T22:43+0000"
        },
        {
          "sign" : "sagittarius",
          "timeZone" : 5,
          "age" : 26,
          "moonPhase" : "phase4",
          "date" : "2020-01-20T23:25+0000",
          "moonPhaseDate" : "2020-01-17T12:58+0000",
          "signDate" : "2020-01-19T22:43+0000"
        },
        {
          "sign" : "capricorn",
          "timeZone" : 5,
          "age" : 27,
          "moonPhase" : "phase4",
          "date" : "2020-01-22T00:28+0000",
          "moonPhaseDate" : "2020-01-17T12:58+0000",
          "signDate" : "2020-01-22T05:02+0000"
        },
        {
          "sign" : "capricorn",
          "timeZone" : 5,
          "age" : 28,
          "moonPhase" : "phase4",
          "date" : "2020-01-23T01:25+0000",
          "moonPhaseDate" : "2020-01-17T12:58+0000",
          "signDate" : "2020-01-22T05:02+0000"
        },
        {
          "sign" : "aquarius",
          "timeZone" : 5,
          "age" : 29,
          "moonPhase" : "phase4",
          "moonPhaseDate" : "2020-01-17T12:58+0000",
          "date" : "2020-01-24T02:17+0000",
          "signDate" : "2020-01-24T13:22+0000"
        },
        {
          "sign" : "aquarius",
          "timeZone" : 5,
          "age" : 1,
          "moonPhase" : "newMoon",
          "date" : "2020-01-24T21:42+0000",
          "moonPhaseDate" : "2020-01-24T21:42+0000",
          "signDate" : "2020-01-24T13:22+0000"
        },
        {
          "sign" : "aquarius",
          "timeZone" : 5,
          "age" : 2,
          "moonPhase" : "newMoon",
          "moonPhaseDate" : "2020-01-24T21:42+0000",
          "date" : "2020-01-25T03:01+0000",
          "signDate" : "2020-01-24T13:22+0000"
        },
        {
          "sign" : "aquarius",
          "timeZone" : 5,
          "age" : 3,
          "moonPhase" : "phase1",
          "date" : "2020-01-26T03:39+0000",
          "moonPhaseDate" : "2020-01-24T21:42+0000",
          "signDate" : "2020-01-24T13:22+0000"
        },
        {
          "sign" : "pisces",
          "timeZone" : 5,
          "age" : 4,
          "moonPhase" : "phase1",
          "moonPhaseDate" : "2020-01-24T21:42+0000",
          "date" : "2020-01-27T04:12+0000",
          "signDate" : "2020-01-26T23:45+0000"
        },
        {
          "sign" : "pisces",
          "timeZone" : 5,
          "age" : 5,
          "moonPhase" : "phase1",
          "moonPhaseDate" : "2020-01-24T21:42+0000",
          "date" : "2020-01-28T04:42+0000",
          "signDate" : "2020-01-26T23:45+0000"
        },
        {
          "sign" : "aries",
          "timeZone" : 5,
          "age" : 6,
          "moonPhase" : "phase1",
          "date" : "2020-01-29T05:08+0000",
          "moonPhaseDate" : "2020-01-24T21:42+0000",
          "signDate" : "2020-01-29T11:51+0000"
        },
        {
          "sign" : "aries",
          "timeZone" : 5,
          "age" : 7,
          "moonPhase" : "phase1",
          "moonPhaseDate" : "2020-01-24T21:42+0000",
          "date" : "2020-01-30T05:34+0000",
          "signDate" : "2020-01-29T11:51+0000"
        },
        {
          "sign" : "aries",
          "timeZone" : 5,
          "age" : 8,
          "moonPhase" : "phase1",
          "date" : "2020-01-31T05:59+0000",
          "moonPhaseDate" : "2020-01-24T21:42+0000",
          "signDate" : "2020-01-29T11:51+0000"
        },
        {
          "sign" : "aries",
          "timeZone" : 5,
          "age" : 8,
          "moonPhase" : "phase1",
          "date" : "2020-01-31T05:59+0000",
          "moonPhaseDate" : "2020-01-24T21:42+0000",
          "signDate" : "2020-01-29T11:51+0000"
        }
      ],
      "cityName" : "Душанбе"
    }
  ]
}